sym,t,clv,volx,eff,cvds,ret10,keep,rng,fwd,state
AGI,0930,0.10204081632652871,1.9486552567237163,0.5640316460460864,-0.22749661872477284,1.9684794119479168,0.49751655629139063,0.30523889615648736,-1.6819286114744907,DOWN-LEG
AGI,0930,-1.0,0.9795347210075215,0.5583209049023046,-0.7474193786736026,0.193859045713208,0.4554334554334548,0.3627040210118305,-1.3882809080107448,DOWN-LEG
AGI,0931,0.11764705882355302,0.6044148563419762,0.5385637740240063,-0.421548247082605,0.1940046310782988,0.45543345543345615,0.21277927279554984,-1.7522998936103633,DOWN-LEG
AGI,0931,-0.03225806451610064,0.4303886925795053,0.49222300282307496,-0.3646683195916339,0.18768768768768768,0.460097719869707,0.19394394394393824,-1.8768768768768769,DOWN-LEG
AGI,0932,-0.5555555555554432,0.800071275837491,0.45310941034251573,-0.4238720076412652,0.21271271271271838,0.459657701711492,0.11261261261260977,-1.5578078078078135,DOWN-LEG
AGI,0932,-1.0,1.6685512367491167,0.4487759853177644,-0.9499505522422392,-0.8582884350332066,0.4277360066833753,0.11903270266882995,-1.6852524746272455,DOWN-LEG
AGI,0933,0.7894736842104886,0.35388453314326446,0.46260572566584013,-0.7627644437576433,-0.9200726043687829,0.474134245404019,0.11892094886399766,-1.7838142329598798,DOWN-LEG
AGI,0933,0.024390243902471485,0.9001070281840885,0.4581832336386229,-0.6261273255903436,-0.8258258258258143,0.4839262751821689,0.256506506506515,-1.8268268268268297,DOWN-LEG
AGI,0934,-1.0,0.6042857142857143,0.44978202844237536,-0.6565113794153481,-0.9076682316118936,0.4980527909995661,0.1564945226917058,-1.8967136150234714,DOWN-LEG
AGI,0934,-0.9166666666666798,1.445594006421691,0.4703426316511558,-0.5415735695253134,-0.8233297718559573,0.4397564158329694,0.4525171265162495,-1.5398152221733392,DOWN-LEG
AGI,0935,0.1111111111110924,1.1122594440484677,0.4704787891532272,-0.5565182226793478,-0.708908406524464,0.4102564102564088,0.33877038895860045,-1.631116687578419,DOWN-LEG
AGI,0935,-1.0,0.277916518016411,0.3830933627552068,-0.4688318078073004,-0.5280694034072964,0.35184298707515466,0.20745583705286696,-1.2635946438674883,DOWN-LEG
AGI,0936,-0.599999999999909,0.3964285714285714,0.45722539394631684,-0.5063322669738216,-0.47157947686116697,0.3145161290322577,0.12575452716297786,-1.3958752515090571,DOWN-LEG
AGI,0936,-1.0,0.8982865475756471,0.49003071158667155,-0.6037150872731084,-0.7373794668179269,0.22737068965517193,0.2079788239742834,-1.1029180059242452,DOWN-LEG
AGI,0937,-0.20833333333332543,1.5425,0.4819225849416986,-0.6246349512339174,-0.781841109709968,0.1186853317102856,0.30264817150064194,-0.9079445145018973,DOWN-LEG
AGI,0937,-1.0,1.9975026757046022,0.41599974664617106,-0.6444131716917754,-0.9167351583739014,0.03582652419861738,0.2718593917936369,-0.7333881266991299,DOWN-LEG
AGI,0938,0.0410958904109828,2.5791161796151103,0.4469338195737594,-0.6867974077322657,-1.2548323721401835,0.061171925305859375,0.4626402180112923,-0.5386906648076557,DOWN-LEG
AGI,0938,0.900000000000091,0.3221548341063147,0.4915864072733133,-0.6611645111885142,-1.299195132771405,0.09647371922820984,0.12675074466062486,-0.8302173775271016,DOWN-LEG
AGI,0939,1.0,1.9918032786885247,0.5005648683589685,-0.3150849208762956,-0.9925401441395907,0.03345195729537383,0.30977367555948054,-0.777595144771776,DOWN-LEG
AGI,0939,-1.0,0.9447021048876204,0.4977747114948735,-0.2707457608701641,-0.9005009829412022,0.08252788104089123,0.36146870442005313,-0.18390513031898603,FLAT
AGI,0940,-0.1538461538461942,0.15892857142857142,0.546852305523054,-0.30283057341603725,-0.9947411772159949,0.04176157934700067,0.16473420769181454,-0.24710131153772183,drift
AGI,0940,-1.0,0.3087860007291287,0.5114231138970017,-0.31259437006314605,-0.8751347580696274,0.0007930214115791937,0.14585579301160218,-0.29805314224110885,drift
AGI,0941,-1.0,2.7585714285714285,0.5220468861438223,-0.6162612301958097,-1.3058156570482196,0.014832162373144898,0.4522581056118166,0.3312312886170978,drift
AGI,0941,-0.24999999999998224,1.1780235462004995,0.5149157463168418,-0.5476610736959453,-1.1667941851568446,0.09735973597359694,0.4080591685794498,0.27416475388931105,drift
AGI,0942,0.9436619718309742,1.4575908766928012,0.5506264420292913,-0.31825925095000046,-0.7944073721004131,0.01725554642563609,0.4512233873530433,-0.09532888465204957,FLAT
AGI,0942,-0.5272727272727438,0.3307170888333928,0.6067477471455437,-0.09040689668146186,-0.7901612183776264,0.04701195219123579,0.3504747339578156,0.17205123303383965,FLAT
AGI,0943,-0.607142857142818,1.0420527441197434,0.57389193598425,-0.1821176290560534,-0.5544226357379586,0.04701195219123406,0.35686974254398013,0.15931684934998724,FLAT
AGI,0943,0.599999999999909,0.4562968248305387,0.578412478324694,-0.18467963464436807,-0.5544226357379586,0.05797101449275418,0.06372673973999489,0.04460871781799933,FLAT
AGI,0944,-0.5384615384614577,0.14535714285714285,0.6027748425409074,-0.4455022511393145,-0.9315977539560942,0.05797101449275418,0.16590096988260186,0.19142419601837674,FLAT
AGI,0944,-1.0,0.18045935107546482,0.576172175317875,-0.34753920878421046,-0.6574747861611249,0.06849315068493156,0.25533001404315075,0.031916251755393844,FLAT
AGI,0945,0.3333333333332772,0.16679076693968728,0.5876344233053925,-0.34134373761955666,-0.6568877551020379,0.04593070104754262,0.1721938775510233,-0.07015306122448399,FLAT
AGI,0945,1.0,0.15185601799775028,0.5838842862763268,-0.3122371803880046,-0.4011205908570089,0.2432950191570888,0.16554183114732646,0.038201961034008435,FLAT
AGI,0946,-0.9166666666665562,0.038897280966767374,0.6208847028074125,0.06865994981982701,-0.10840454023721753,0.2518939393939387,0.15304170386430882,0.1275347532202525,FLAT
AGI,0946,0.8181818181819686,0.09127828273061303,0.6146498946134636,0.12485841902159912,0.05098139179199302,0.2471698113207557,0.07009941371398859,0.06372673973999489,FLAT
AGI,0947,0.1707317073170326,0.5703527546571542,0.6753537846296435,-0.07098343608023812,-0.12089590226521323,0.21666666666666842,0.2608806312038629,-0.08908119114277575,FLAT
AGI,0947,-0.8750000000001066,0.20521042084168337,0.7152080254946004,-0.0756660969393756,0.050952168651675345,0.42071881606765765,0.10190433730335069,-0.15285650595502603,FLAT
AGI,0948,0.12000000000007276,0.503850830968788,0.7798447125413979,0.04069696664361663,0.012743723716072733,0.4633620689655209,0.15929654645087293,0.05097489486427645,FLAT
AGI,0948,-0.913043478260884,1.4372745490981964,0.8017689392455172,-0.21004936553535583,-0.2811860940695355,0.4844720496894444,0.44095092024540467,0.3131390593047093,drift
AGI,0949,1.0,2.949266745937376,0.7781685986622652,0.23992705452631372,0.14654348518636218,0.4212091179385564,0.47785919082510353,-0.07645747053201947,FLAT
AGI,0949,0.3939393939393856,0.6324649298597195,0.7929852637839899,0.326436361308098,0.4701397712833603,0.30942622950819965,0.41931385006352667,-0.06353240152477764,FLAT
AGI,0950,-0.599999999999909,0.14633157681394407,0.7785914206370819,0.30590129113043346,0.40650406504065617,0.3188854489164092,0.12703252032520324,0.06351626016260162,FLAT
AGI,0950,-0.19999999999996967,0.39099574122895964,0.7892441673879375,0.2806316687583658,0.10176822287241677,0.28955866523143203,0.38163083577153034,0.20353644574481908,drift
AGI,0951,1.0,0.29180194805194803,0.878924243910275,0.32952665559240957,0.4380674242905126,0.24101479915433735,0.22220811377055427,0.05079042600470967,FLAT
AGI,0951,0.17948717948719742,0.5775423728813559,0.9534289443154068,0.3316984309317521,0.22254721180136072,0.26632124352331843,0.24798117886436472,0.5976982259807887,UP-LEG
AGI,0952,-1.0,0.02127659574468085,0.9933817479870746,0.3192847225626158,0.025445292620870925,0.27160493827160764,0.012722646310435463,0.400763358778623,drift
AGI,0952,0.8181818181817806,0.10131081981781827,0.9164982896676385,0.38795130498549524,0.1208651399491152,0.2547368421052655,0.13994910941476116,0.2798982188295223,drift
AGI,0953,0.0,0.09933184855233854,1.0292728482103863,0.3828436959586863,0.14633835973786055,0.27718550106610024,0.038175224279436856,0.2926767194757211,drift
AGI,0953,-1.0,0.10882817791826598,1.1297699018245162,0.5928411845829126,0.3248614561437121,0.30031612223393306,0.11465698452130417,0.40766927829797206,drift
AGI,0954,0.8571428571429731,0.0695970695970696,1.0931845670559137,0.0861537356895832,0.0445803082409913,0.28950159066808306,0.08916061648196813,0.36937969685390104,drift
AGI,0954,-1.0,0.7741463414634147,1.1107316090995734,-0.07477251692365769,-0.44030374577245174,0.26373626373626635,0.24248612086019924,0.5679280199093927,UP-LEG
AGI,0955,0.7272727272727743,0.13465553235908143,1.0863045110717555,-0.04482766461506262,-0.47865211564235116,0.3069082672706713,0.1404046205884259,0.5233263131022923,UP-LEG
AGI,0955,1.0,0.1625926943147487,1.1394425477015644,-0.008426025832780475,-0.06364562118126273,0.21836506159014846,0.38823828920571135,0.2800407331975473,drift
AGI,0956,1.0335167065601244e-13,1.120563674321503,1.0085605698019176,-0.06336507608746564,-0.31206215768691015,0.22444444444444778,0.14010954018596647,1.1909310915806932,UP-LEG
AGI,0956,0.0,0.15270530074155453,0.9810051472698207,-0.0860648612148746,-0.1592153865749586,0.19119351100811385,0.0,1.146350783339702,UP-LEG
AGI,0957,0.0,0.06318840579710144,0.9714753072077931,-0.08373106783577529,-0.1146350783339673,0.18457943925233858,0.0,1.2609858616736693,UP-LEG
AGI,0957,-1.0,0.17676324261047702,1.0079460525135107,-0.13848535605692347,-0.2742871722906139,0.16706443914081381,0.16584805766408808,1.4224660330420331,UP-LEG
AGI,0958,1.0,0.24231678486997635,1.0970287584231162,-0.1007750151285556,-0.09552923194497516,0.09333333333333517,0.16558400203796564,0.9043433957457677,UP-LEG
AGI,0958,1.0,0.1610698365527489,1.1505442377729442,-0.05480276637019961,-0.012741288144234279,0.09879518072289346,0.09555966108173536,0.9619672548894636,UP-LEG
AGI,0959,-0.8666666666667879,0.22295277943813507,1.656938994100658,-0.11000062850067532,-0.12115029012306898,0.16770186335403917,0.09564496588662884,1.0520946247529173,UP-LEG
AGI,0959,1.0,0.5496932515337424,1.769088958032694,0.1579784525630208,0.3750794659885627,0.04856787048568028,0.29879211697393804,0.7565162110616714,UP-LEG
AGI,1000,1.0,0.0945179584120983,1.9182160894281042,0.1534917835915453,0.5395455122508569,0.035670356703565574,0.15234226228260067,0.5395455122508569,UP-LEG
AGI,1000,1.0,0.038546603475513426,1.9511310483143716,0.13050134644025882,0.26659895899454394,0.018773466833542012,0.006347594261783446,0.4189412212771301,drift
AGI,1001,1.0,0.17300380228136883,1.8835054037917074,0.20373704470291962,0.36169807728917097,0.08174386920980967,0.13960276667301513,0.4441906212323116,drift
AGI,1001,0.5199999999999515,2.1320695102685625,1.7640461809242594,0.43826204772908095,0.7521648441944165,0.17541613316261093,0.47405347323178054,0.21490424119841295,drift
AGI,1002,-0.4647887323943978,0.867553865652725,1.7357384550326191,0.39452389789726117,0.5132104162706652,0.06249999999999981,0.4498511056199651,0.3167965532535006,drift
AGI,1002,-0.29411764705868193,0.2174895127460471,1.813260569678474,0.43237133953933,0.5518903831514872,0.09530201342282149,0.10784064958132741,0.4377061659477204,drift
AGI,1003,1.0,0.1111111111111111,1.8109989937901838,0.4210946096959272,0.38698217344413555,0.09530201342281815,0.13956734124215223,1.0213791790902835,UP-LEG
AGI,1003,0.0769230769229962,0.047972972972972976,1.7458976962454578,0.3890530823923813,0.4187020237264422,0.09530201342281815,0.08247161073400888,1.23707416100996,UP-LEG
AGI,1004,-0.6296296296296359,1.3353057199211045,1.5236212496131638,0.2140489891337618,0.48857868020304857,0.12087912087912109,0.1713197969543176,2.2017766497461957,UP-LEG
AGI,1004,0.0,0.01418918918918919,1.5545256621451087,0.06729849353772414,0.1903553299492386,0.13019390581717694,0.0,1.9733502538071008,UP-LEG
AGI,1005,-1.0,0.14176511466296038,1.5946790721388362,0.007535291008907659,-0.019046409751773342,0.0990237099023706,0.057139229255291156,2.0570122531902797,UP-LEG
AGI,1005,1.0,0.007122507122507123,1.4419609584244426,-0.0010701442863299338,0.01269357705000115,0.07183908045977068,0.031733942625031736,2.183295252602189,UP-LEG
AGI,1006,1.0,1.0896455872133426,2.1399005759040404,0.20758128286053734,0.8181760966706525,0.25714285714285845,0.9377556800302154,1.4538359871609232,UP-LEG
AGI,1006,-0.307692307692301,1.6114864864864864,1.8570849489412546,-0.18910011173659608,0.38408260924317694,0.23690773067331725,0.3274146832892468,1.4985518196700638,UP-LEG
AGI,1007,1.0,1.0,1.7695828012246007,0.13490229113910546,0.7358490566037764,0.23115577889447378,0.25157232704402516,1.4716981132075528,UP-LEG
AGI,1007,-1.0,1.5840322039584032,1.4751990848102923,-0.19159014722433124,0.8553459119496799,0.2548015364916788,0.23899371069182104,1.2955974842767237,UP-LEG
AGI,1008,-1.0,1.3668639053254439,1.4484919921935473,-0.474922990677948,0.5112345367331568,0.18072289156626506,0.4291845493562203,1.6788689724816908,UP-LEG
AGI,1008,-0.5555555555555696,0.7453874538745388,1.3853058769323097,-0.6100313547812205,0.5363452801615346,0.25380710659898564,0.2271580010095854,1.463907117617368,UP-LEG
AGI,1009,-1.0,0.2547945205479452,1.3414037469747522,-0.6431238570744268,0.5552751135789976,0.20647773279352255,0.07571933366986658,1.444977284199905,UP-LEG
AGI,1009,1.0,0.002069679199724043,1.2524268723158487,-0.6623333089003435,0.5615496245819983,0.1563845050215225,0.006309546343626501,1.0284560540097136,UP-LEG
AGI,1010,-0.07692307692300517,1.0013698630136987,1.1300749737661648,-0.6474615736560732,0.5555906307216479,0.13513513513513567,0.2462276658880037,1.0227918429193648,UP-LEG
AGI,1010,-1.0,1.863791923340178,1.0527859945007607,-1.0602798160011677,0.4045512010113837,0.1399999999999998,0.2085967130214889,1.2579013906447591,UP-LEG
AGI,1011,-0.43749999999995115,0.12945205479452054,1.0673673787429567,-1.3929356031413551,-0.379051108724493,0.11470588235294385,0.20216059131973246,1.2066460294396304,UP-LEG
AGI,1011,0.466666666666697,0.2890651948947913,1.1103820170300696,-1.2257568414283184,-0.1702932828760672,0.1876832844574772,0.1892147587511826,1.0406811731315044,UP-LEG
AGI,1012,0.7999999999997272,0.5538568450312717,1.0910105647702368,-1.3402622989017081,-0.42316680351165575,0.162123385939741,0.06315922440472431,1.2252889534516576,UP-LEG
AGI,1012,-1.0,0.12321937321937322,1.0386670256209378,-0.9504223901522415,-0.42316680351165575,0.162123385939741,0.09473883660708647,1.1810774963683475,UP-LEG
AGI,1013,0.9782608695652373,0.9415631848064281,1.2551808133673608,-0.33522737506100725,0.5023863350916855,0.2636942675159234,0.5777442853554412,0.5777442853554269,UP-LEG
AGI,1013,0.12499999999995559,1.5128205128205128,1.235590215776069,-0.18582978645257772,0.6893094372728412,0.32334581772783794,0.2005263817521021,0.35718761749592964,drift
AGI,1014,0.7653631284916285,10.511466296038916,1.0371351807594467,1.2350208573310955,1.607996523250766,0.4276663146779291,1.1113180604705943,-0.5773887129819305,DOWN-LEG
AGI,1014,-0.14285714285719442,1.881338392549155,1.022454032446536,1.2323266622028064,1.3813701698711853,0.42016806722688954,0.39201045361209347,-0.4417895588326744,drift
AGI,1015,-0.7777777777778152,0.9047949965253649,0.9860323281208264,1.0994992028255808,1.4681181959564484,0.42557651991613915,0.16796267496112258,-0.6967340590979811,DOWN-LEG
AGI,1015,1.0,1.7550879613659882,0.9561097831202913,1.6019484838963254,1.7391304347826086,0.41452991452991145,0.2484472049689441,-1.2298136645962705,DOWN-LEG
AGI,1016,1.0,1.2068493150684931,0.7836102230369921,1.7194548862716121,1.8052109181141383,0.4418604651162758,0.12406947890818859,-1.197270471464017,DOWN-LEG
AGI,1016,0.6842105263158147,0.531907554329079,0.8038091828052081,1.7301649333910436,1.6439205955334986,0.4418604651162758,0.11786600496277069,-1.1166253101736971,DOWN-LEG
AGI,1017,0.5555555555556959,1.1794520547945206,0.7922410626942281,1.7207524250139037,1.8656253873806952,0.4499999999999973,0.11156563778355984,-1.0598735589438537,DOWN-LEG
AGI,1017,-0.12000000000007276,4.0013689253935665,0.7692851894447846,1.651845453896553,1.695020489258659,0.4454828660436083,0.3104433130510369,-0.856823544020859,DOWN-LEG
AGI,1018,-0.4666666666665454,0.928082191780822,0.7069987359719996,1.4576031813665262,1.1545623836126573,0.4331210191082754,0.0931098696461825,-0.9869646182495402,DOWN-LEG
AGI,1018,-0.8787878787878496,1.212183436002738,0.7327795821880229,1.2403400910704572,0.7587064676616944,0.3960703205791063,0.2052238805970121,-0.808457711442786,DOWN-LEG
AGI,1019,-1.0,0.24315068493150685,0.7372568478398028,0.10832834429358164,-0.1866019779809666,0.41213389121338656,0.0933009889904833,-0.5598059339428998,DOWN-LEG
AGI,1019,0.2340425531914976,3.2614647501711156,0.7471211937744309,0.24967679226278724,-0.36847364476641664,0.2895277207392179,0.5870597052210756,-0.3372470647014796,drift
AGI,1020,0.20512820512816551,3.631326949384405,0.6940191721050725,0.4381757603472918,-0.46247109555653343,0.2570239334027014,0.48746953315417507,-0.3124804699706269,drift
AGI,1020,-0.2941176470587711,0.9972621492128679,0.7094870512033232,0.16254571748597874,-0.505649541169855,0.27068437180796456,0.3183719333291801,-0.28091641176103377,drift
AGI,1021,0.21951219512197828,1.5348837209302326,0.6730179921819087,0.04617930986579919,-0.6242197253433208,0.2676923076923043,0.2559300873907559,-0.4119850187265861,drift
AGI,1021,-1.0,0.2621492128678987,0.6429999216012604,-0.03788794572976829,-0.6242197253433208,0.21796276013143323,0.12484394506866417,-0.24968789013732834,drift
AGI,1022,1.0,0.4267123287671233,0.6273263086418858,-0.0692616133850522,-0.6676233855369093,0.27664399092970254,0.1622262432145839,-0.3057340737505516,drift
AGI,1022,0.4615384615384548,0.07336304422351732,0.6362538840237438,0.0013185789387428768,-0.5368289637952502,0.2942528735632127,0.16229712858927195,-0.29962546816479113,drift
AGI,1023,1.0,0.10501029512697323,0.5458349788705057,0.07524792321140977,-0.5869130869130926,0.28980526918670757,0.09365634365634366,-0.41208791208790646,drift
AGI,1023,-1.0,0.034530386740331494,0.5272514483613259,0.21682220967123403,-0.4058694973462379,0.2883295194507974,0.006244146113013365,-0.393381205120197,drift
AGI,1024,0.8666666666667879,0.02571230020847811,0.49231978425547374,0.2608672441092593,-0.3934057699512898,0.29128440366972186,0.09366804046459348,-0.46209566629200016,drift
AGI,1024,-1.0,0.01282051282051282,0.49135688625773893,0.15101826051565528,-0.07500000000000284,0.270880361173811,0.06874999999999432,-0.5250000000000057,DOWN-LEG
AGI,1025,-1.0,0.3557341124908692,0.5691138156677905,-0.0015862188757323349,-0.23805049176219725,0.23194748358861883,0.2317860051368819,-0.1754056255089867,FLAT
AGI,1025,-0.9459459459458729,3.2236467236467234,0.6033515934028345,-0.33747835964134454,-0.7357565086152713,0.1505154639175254,0.23267513520312194,0.056596654508858237,FLAT
AGI,1026,0.7419354838710482,0.8100803506208911,0.6252010669997068,-0.3137752225634627,-0.5839141081182868,0.044083526682133556,0.19463803603942417,-0.043950524266970895,FLAT
AGI,1026,-0.38461538461539807,0.16544655929721816,0.6607323003003865,-0.2917079144330495,-0.5018820577164366,0.06682027649769466,0.1631116687578362,-0.12547051442910914,FLAT
AGI,1027,0.07407407407405069,0.8620689655172413,0.6899396935298988,-0.35074662021714115,-0.40092714402055324,0.072164948453607,0.33828227776732844,-0.21299254526090736,drift
AGI,1027,-0.05263157894736002,3.2481698389458273,0.6751219189067816,-0.3965825216739454,-0.32565130260521324,0.0774487471526183,0.3569639278557143,-0.45716432865731177,drift
AGI,1028,-1.0,0.061628760088041086,0.732276744775149,-0.44120676260565456,-0.4074979625101875,0.12753277711561015,0.11911478904144512,-0.4200363613566434,drift
AGI,1028,-1.0,0.02207505518763797,0.713125995749848,-0.44587208601383366,-0.40752351097178685,0.12200956937798944,0.006269592476483325,-0.3134796238244514,drift
AGI,1029,0.8000000000000304,0.28044280442804426,0.7895734706131832,-0.41827684499022716,-0.16888722086695723,0.159221076746849,0.18765246762994933,-0.5441921561268559,DOWN-LEG
AGI,1029,-1.0,0.017068645640074213,0.8552822956999147,-0.41858031016090314,-0.26319087604963315,0.12097669256381506,0.18172703346284566,-0.48878305552073914,drift
AGI,1030,-1.0,0.26791044776119405,1.0778104557069224,-0.40263649292282755,-0.07523039307880669,0.12472160356347084,0.11284558961821717,-0.4451131590495837,drift
AGI,1030,1.0,0.08024224072672217,1.1848525538039647,0.055982053155945274,0.45073244021535275,0.17073170731707193,0.09390259171153123,-0.70739952422688,DOWN-LEG
AGI,1031,-1.0,0.016129032258064516,1.4517082372414856,-0.037922023034712704,0.16923655509590355,0.1369112814895931,0.12536041118214866,-0.5265137269650301,DOWN-LEG
AGI,1031,1.0,0.6761868004631416,1.5131732423861668,0.06805808131688137,0.2503128911138924,0.1369112814895931,0.16270337922402434,-0.688360450563204,DOWN-LEG
AGI,1032,-1.0,0.07757951900698215,1.5467162202189904,0.048319622893953806,0.0938790837401427,0.16237402015677294,0.012517211165355207,-0.5695331080235266,DOWN-LEG
AGI,1032,-1.0,0.09501557632398754,1.5408151691265326,0.06078043289305332,0.025043826696724954,0.15461624026696258,0.037565740045073195,-0.5447032306536468,DOWN-LEG
AGI,1033,-1.0,0.5175918686473807,1.5641011938090186,-0.003502879368576437,-0.006269592476483325,0.031325301204817836,0.1818181818181875,-0.47648902821316047,drift
AGI,1033,-0.8181818181817806,0.5156435643564357,1.5072543372256904,-0.05984720503194555,0.012537612838518399,0.0075187969924799605,0.13791374122367386,-0.4513540621865625,drift
AGI,1034,0.14285714285714285,0.8162118780096308,1.4593092141702841,-0.11427290732688082,-0.2948557089084094,0.25264750378214496,0.21957340025094102,-0.3701380175658777,drift
AGI,1034,-0.6153846153846355,1.2087128712871287,1.3718100941714813,-0.2595861059546617,-0.26388539834129465,0.2388289676425233,0.1633576275446178,0.018848957024389414,FLAT
AGI,1035,1.0,0.10272873194221509,1.335756082867272,-0.18768797883413751,-0.10040790712268019,0.21084337349397272,0.10668340131785663,-0.42045811107625014,drift
AGI,1035,-1.0,0.2804339092004821,1.5787758951077544,-0.29052109874806037,-0.3959524857017272,0.2850678733031641,0.13826912199107821,-0.08798944126703938,FLAT
AGI,1036,1.0,0.03700724054706356,1.6334847625133628,-0.3020542518150697,-0.21356783919598563,0.30674846625766317,0.05653266331658863,-0.25125628140703515,drift
AGI,1036,0.0,0.012190166598943519,1.5945904816098473,-0.49029149043982395,-0.37688442211055273,0.30674846625766317,0.0,-0.1695979899497516,FLAT
AGI,1037,1.0,0.41707717569786534,1.6110036937555383,-0.37394661636362164,-0.30761504174774706,0.31684698608963874,0.056500721953675115,-0.2260028878146862,drift
AGI,1037,-1.0,1.4603819585534337,2.3017947087742594,-0.6867730130057423,-0.48442906574394745,0.32312404287901314,0.15728216420257943,-0.031456432840515886,FLAT
AGI,1038,-1.0,0.022988505747126436,2.2738506759934753,-0.5780269102812291,-0.4155124653739554,0.3424242424242363,0.05036514731805304,-0.4029211785444529,drift
AGI,1038,1.0,0.3033848725449227,2.294386217285244,-0.42004242392235996,-0.3270440251572356,0.27863777089782926,0.044025157232707265,-0.4088050314465409,drift
AGI,1039,0.0,0.11063829787234042,2.097174947342859,-0.46071297304046654,-0.25157232704402516,0.27527216174183217,0.0,-0.4905660377358462,drift
AGI,1039,-1.0,1.3539490179690765,1.7223655764961319,-0.595658724770875,-0.22670025188916304,0.22073578595317483,0.12594458438287154,-0.4408060453400504,drift
AGI,1040,1.0,1.1001642036124795,1.5357382560078294,-0.328573097740638,-0.34634760705289674,0.20613287904599248,0.11964735516373369,-0.27078085642317096,drift
AGI,1040,-1.0,0.1521103217718345,1.5044997722891498,-0.29678283269105526,-0.31523863564718496,0.26870748299319747,0.119790681545936,-0.16392409053653043,FLAT
AGI,1041,1.0,0.44,1.3848764735996402,-0.19449302922509498,-0.315059861373661,0.2516778523489898,0.05671077504726471,-0.2205419029615627,drift
AGI,1041,0.0,0.012776831345826235,1.3457747150110333,-0.1986071594218835,-0.315059861373661,0.2516778523489898,0.0,-0.315059861373661,drift
AGI,1042,0.5757575757575716,1.1446808510638298,1.286669112526968,-0.13859651335063078,-0.2643670925914298,0.2310231023102279,0.2077170013218469,-0.4028450934726563,drift
AGI,1042,-1.0,0.04770017035775128,1.273262662973901,0.24274805906002786,-0.06295247088448222,0.2246256239600635,0.025180988353798613,-0.24551463644948637,drift
AGI,1043,-1.0,0.021312872975277068,1.2839604677560614,0.2451229766244733,-0.06299609424215699,0.23355263157894193,0.06929570366636695,-0.17638906387805103,FLAT
AGI,1043,1.0,0.04115586690017513,1.3769557407149937,0.17545676601692795,-0.12594458438287154,0.2202283849918411,0.03778337531485573,-0.5037783375314862,DOWN-LEG
AGI,1044,1.0,5.351236146632566,0.8907082259544166,1.1604533850159355,-0.11963982116995726,0.2169657422512242,0.006296832693149617,-0.28335747119199045,drift
AGI,1044,1.0,0.3134851138353765,1.0174423644617723,1.4645813299837362,0.24499026320749362,0.12715855572998142,0.2387084615867945,-0.5967711539669577,DOWN-LEG
AGI,1045,-1.0,0.207020702070207,1.1432223100731165,1.223234139494003,-0.07562389715150274,0.14592933947772474,0.3214015628938831,-0.1953617343080356,FLAT
AGI,1045,-1.0,4.558669001751314,0.8827509042647529,0.3870518144187873,0.22645782223061814,0.008077544426494216,0.1572623765490344,-0.45291564446122196,drift
AGI,1046,-0.09999999999990905,0.30243024302430244,0.8949698094793532,0.3099295489755984,0.06297229219143577,0.07692307692307634,0.12594458438287154,-0.2644836272040331,drift
AGI,1046,0.18181818181811604,0.40522287257991896,0.9155487009064024,0.3233023226464588,0.14471780028943276,0.07692307692307634,0.13842572201598474,-0.5599949663373727,DOWN-LEG
AGI,1047,0.0,0.0,0.910632428911702,0.19804137694198823,0.03775246964071661,0.11904761904761683,0.0,-0.5537028880639246,DOWN-LEG
AGI,1047,-1.0,0.03785488958990536,0.8916697782809964,0.20190477779791624,0.031466331025802395,0.13310580204777842,0.031466331025802395,-0.5349276274386406,DOWN-LEG
AGI,1048,-1.0,3.5252252252252254,0.9036117387663458,-0.37819624424694975,-0.3413400758533559,0.20500782472612994,0.4424778761061947,-0.09481668773704172,FLAT
AGI,1048,1.0,1.1094101755965782,0.8674100664278096,-0.20117111741695473,-0.2841806125670982,0.17611026033690363,0.2147142406062577,-0.19576886643510638,FLAT
AGI,1049,1.0,0.9108108108108108,0.869783939862172,-0.8973843389137476,-0.3728984957653813,0.2623211446740817,0.06952344836304743,-0.11376564277587882,FLAT
AGI,1049,-1.0,0.2830103650292925,0.89754010968938,-0.9773683961475481,-0.6894370651486459,0.2418300653594726,0.1518026565464953,0.07590132827324765,FLAT
AGI,1050,0.8620689655172143,0.13345356176735798,1.0253845695597945,-0.9373766190011809,-0.19574414346150842,0.18037974683543814,0.18311548904464803,-0.19574414346152277,FLAT
AGI,1050,0.1904761904761776,0.6312323612417686,0.9545055817933904,-0.22864386878573525,-0.39153773287022703,0.22749590834697062,0.2652352383959612,-0.18313861698769124,FLAT
AGI,1051,0.0,0.0,0.9511088128007045,-0.22433987395123983,-0.2841806125670982,0.20135363790186,0.0,-0.19576886643510638,FLAT
AGI,1051,-1.0,0.027613412228796843,0.9942552217086303,-0.2458519708156513,-0.46144121365360014,0.2758620689655129,0.09481668773704172,-0.006321112515797032,FLAT
AGI,1052,1.0,0.043521266073194856,1.0145154819294078,-0.24029744139928846,-0.44239398344182523,0.26678141135972083,0.01895974214750392,-0.1327181950325418,FLAT
AGI,1052,1.0,0.21157684630738524,1.0713350421745043,-0.20488018217265952,-0.2776725987631006,0.210702341137123,0.14514704026252395,-0.1767007446674211,FLAT
AGI,1053,-1.0,0.24672708962739173,1.0266109646392478,0.3001911643838713,0.16407926290545938,0.18055555555555458,0.02524296352392345,-0.14514704026252395,FLAT
AGI,1053,-1.0,1.1966067864271457,1.0882509911336018,-0.035686614714160535,-0.22151898734177217,0.2451612903225787,0.22151898734177217,0.14556962025316167,FLAT
AGI,1054,1.0,0.08862034239677745,1.6570510417418685,-0.16095395712005844,0.08840616317250971,0.16149068322981372,0.13260924475877173,-0.08209143723162128,FLAT
AGI,1054,-0.8461538461536309,0.2616249361267246,1.563628728125388,-0.1514549792242578,0.08847320525784194,0.14556962025316106,0.0821536905965593,-0.0063195146612826355,FLAT
AGI,1055,1.0,0.025933609958506226,1.4292182740023998,-0.16631498889328894,0.0,0.1565495207667721,0.08208625370966437,-0.17680116183620348,FLAT
AGI,1055,-1.0,0.20145379023883697,2.015045739432238,-0.21237149945574244,-0.0631911532385466,0.14006514657980287,0.08214849921010771,-0.11374407582938101,FLAT
AGI,1056,1.0,0.056133056133056136,2.04650185632817,-0.2047374453330256,0.018941785578984374,0.13268608414239566,0.0820810708422752,-0.10733678494759727,FLAT
AGI,1056,-1.0,0.24351508734780308,2.226555795397009,-0.23120681835948184,-0.10124019235635971,0.17791411042944696,0.10124019235635971,0.1075677043786268,FLAT
AGI,1057,-0.7000000000000455,0.162891046386192,2.1994166079285997,-0.2556141614378215,-0.11388801012337581,0.19254658385093418,0.12654223347042076,-0.006327111673515283,FLAT
AGI,1057,0.0,0.01092896174863388,2.187604472796323,-0.3048593824121333,-0.2594115786143568,0.14754098360655848,0.0,-0.006327111673515283,FLAT
AGI,1058,-1.0,0.19158361018826134,2.7853549846811765,-0.2924137770451937,-0.2594115786143568,0.13188647746243973,0.10123378677633085,0.012654223347044951,FLAT
AGI,1058,-1.0,0.08560311284046693,3.2401486336036784,-0.12562280572672704,0.025310048089097124,0.16438356164383508,0.006327512022267087,-0.21513540875728238,drift
AGI,1059,0.0,0.0,3.835960606216443,-0.13895284531001484,-0.20248038471271942,0.16438356164383508,0.0,-0.13920526449000542,FLAT
AGI,1059,1.0,0.022573363431151242,4.229794740400481,-0.10976145161648691,-0.012640626975100839,0.09965635738831607,0.11376564277587882,-0.3665781822778381,drift
AGI,1100,-1.0,0.014840182648401826,4.196848334911252,-0.12243860196986112,-0.19612805263824729,0.1237458193979954,0.10122738200684148,-0.24674174364164644,drift
AGI,1100,0.0,0.11375507835171213,4.927836978295871,-0.09008682934625609,-0.12020751613311977,0.09499136442141683,0.0,-0.08224724788054882,FLAT
AGI,1101,0.0,0.10035419126328217,4.8365453159879985,-0.1016131181871954,-0.215135408757268,0.11538461538461509,0.0,-0.23411794482409803,drift
AGI,1101,0.5,0.13381995133819952,4.715797210803138,-0.0514461607834113,0.09482268158543523,0.08688245315161779,0.12643024211391365,-0.366647702130361,drift
AGI,1102,-0.749999999999929,0.5169385194479298,4.4832677456206245,-0.088868507356106,-0.018984938615362264,0.14480408858603225,0.10125300594860834,-0.24047588912795562,drift
AGI,1102,1.0,0.030456852791878174,4.5995754283369354,-0.08469822941897662,0.08218485269945344,0.11148086522462781,0.10115058793778663,-0.3540270577822676,drift
AGI,1103,1.0,0.0410783055198973,4.998131339962348,-0.047974660864330526,0.11375845288503789,0.08571428571428899,0.1327181950325418,-0.27807621816342437,drift
AGI,1103,0.0,0.08387096774193549,6.3002043368702685,-0.034262963938319846,0.12007836693420108,0.09677419354838884,0.0,-0.34127535865511366,drift
AGI,1104,0.0,0.0,5.453046447724257,-0.047687025416884486,0.12007836693420108,0.09863945578231299,0.0,-0.34759527270429125,drift
AGI,1104,0.0,0.0,5.812684423620841,-0.05388450698380053,0.006319914049163184,0.1745454545454592,0.0,-0.2717563041142612,drift
AGI,1105,-1.0,0.0458970792767733,5.822907611388234,-0.05974345502017627,0.01897653235499917,0.11500974658869344,0.0885571509899338,-0.08223164020495805,FLAT
AGI,1105,-1.0,0.014388489208633094,6.098203406123676,-0.09386444630919921,0.006326311127989904,0.185185185185189,0.012652622255965426,-0.06326311127981274,FLAT
AGI,1106,0.8666666666664847,0.19672131147540983,5.852489521108058,-0.048923143561605084,0.1074521205991921,0.12215320910973572,0.09481069464635612,-0.15169711143416117,FLAT
AGI,1106,0.0,0.0,5.295201287393299,-0.07073640472311209,0.012641425952835983,0.1531914893617068,0.0,-0.23386638012766692,drift
AGI,1107,-1.0,0.03927492447129909,6.563614990404873,0.039397340684966836,0.012655024044548562,0.18275154004106992,0.1075677043786268,-0.04429258415591277,FLAT
AGI,1107,0.0,0.0,6.613718921629338,0.030195712941925013,-0.08858516831181115,0.17768595041322593,0.0,-0.04429258415591277,FLAT
AGI,1108,-0.6470588235294275,0.3763440860215054,6.406484168722027,-0.06963266319668884,-0.10122097804769463,0.031175059952038266,0.10754728917567015,-0.14550515594356642,FLAT
AGI,1108,-1.0,1.2947448591012947,5.167848266481495,-0.6298420889700805,-0.33608116677234967,0.1480637813211888,0.23462270133164523,0.05707038681040526,FLAT
AGI,1109,0.5172413793103287,0.7465437788018433,4.50476066564006,-0.5314522798267306,-0.25978963375997394,0.09132420091324447,0.18375364339121092,-0.006336332530739857,FLAT
AGI,1109,-1.0,0.5956112852664577,3.965764299311607,-0.8052709627830723,-0.37427048972341176,0.10360360360360453,0.107840649581313,0.006343567622425085,FLAT
AGI,1110,1.0,8.493087557603687,1.300840162142121,1.651910871704211,-0.26637914631826254,0.16666666666667207,0.019027081879872804,-0.012684721253253343,FLAT
AGI,1110,0.0,0.02037617554858934,1.5091976582292739,1.6753883669758636,-0.08864686886595903,0.09459459459459882,0.0,-0.1646298993224789,FLAT
AGI,1111,-1.0,0.224,1.6788050166921642,1.55983998594459,-0.34248747383775374,0.14468085106383372,0.1649013762922502,0.0,FLAT
AGI,1111,-1.0,0.45032051282051283,1.5800967735591984,1.422897606128211,-0.3806865046634097,0.12798264642083032,0.12055072647675216,-0.057102975699502796,FLAT
AGI,1112,1.0,0.024077046548956663,1.548840540605802,1.4414556936825036,-0.25374270489723416,0.12798264642082474,0.019030702867304104,-0.14590205531592118,FLAT
AGI,1112,-1.0,0.2339688041594454,1.4226413374818205,1.402396826826,-0.2664636467453398,0.19090909090909275,0.10785433320644876,-0.08882121558178473,FLAT
AGI,1113,1.0,0.448210922787194,1.4772369905053275,1.5477907484297173,-0.17745104252487195,0.14660831509846778,0.09506305849546866,-0.22181380315609353,drift
AGI,1113,-1.0,0.2366412213740458,1.5405690084918706,2.0091165880421924,-0.0063415562178901035,0.07363420427553403,0.06341556217895872,-0.272686917369534,drift
AGI,1114,-1.0,0.027079303675048357,1.5454067865347245,1.9162312065958755,-0.08878741755454661,0.17616580310881064,0.06976154236429075,-0.2663622526636254,drift
AGI,1114,1.0,0.1652089407191448,1.6174187710709922,2.1340739878685056,0.1013941698352287,0.11398963730570345,0.07604562737642874,-0.3422053231939221,drift
AGI,1115,1.0,0.05859375,1.6325562276556191,-0.13441901119293553,0.18359078247656774,0.10539845758355267,0.10129146619396741,-0.2848822486705495,drift
AGI,1115,0.6842105263158524,0.5490196078431373,1.5765734169037633,-0.05543943395164374,0.02532126353105596,0.07407407407407385,0.1202760017724942,-0.4051402164968089,drift
AGI,1116,0.0,0.1968503937007874,1.4835570901443926,0.0023138147776265035,0.18990947648287648,0.11232876712328659,0.0,-0.39880990061403776,drift
AGI,1116,-1.0,0.06779661016949153,1.5694180466653587,0.1069277044163339,0.14571718195642305,0.05813953488372155,0.08236188545362104,-0.27876330461227133,drift
AGI,1117,1.0,0.14343434343434344,1.5336876830049047,0.13111647735883877,0.20890042413116125,0.022471910112358474,0.10128505412420943,-0.3608280053174682,drift
AGI,1117,0.0,0.002036659877800407,1.533518233476344,0.1884785384922863,0.22156105589668926,0.022471910112358474,0.0,-0.35449768943471144,drift
AGI,1118,0.0,0.12525667351129363,1.6368222681731353,0.08898666652878068,0.03167764825139382,0.05691056910568915,0.0,-0.2470856563608775,drift
AGI,1118,-1.0,0.4419321685508736,1.5165637633899782,0.048866753246791475,0.06337537233031243,0.06702412868632757,0.031687686165156215,-0.21547626592306807,drift
AGI,1119,1.0,0.20987654320987653,1.5100315593124172,0.09728158603154738,0.08237754261453359,0.06133333333333893,0.012673468094532547,0.16475508522908158,FLAT
AGI,1119,1.0,0.561965811965812,1.5164651330693297,0.16807226132441538,-0.09514747859181732,0.152815013404829,0.03805899143672116,0.47573739295908657,drift
AGI,1120,1.0,1.0,4.301947454293271,0.33663921534176316,-0.19663812242308337,0.11484593837534963,0.006343165239448718,1.3701236917221635,UP-LEG
AGI,1120,0.0,0.19590958019375673,3.6296010671504177,0.26143565919569084,-0.1902708187987569,0.1086350974930342,0.0,1.2874992072049187,UP-LEG
AGI,1121,0.0,0.07777777777777778,3.1518672122628115,0.26143565919569084,-0.1902708187987569,0.10364145658263552,0.0,0.7040020295553947,UP-LEG
AGI,1121,-1.0,2.396124865446717,2.563576909682824,-0.1468720215336823,-0.2031488065007647,0.18767507002801462,0.15871000507872016,0.8506856272219313,UP-LEG
AGI,1122,-1.0,0.30444444444444446,2.6178309584390544,-0.2242709635675713,-0.35575884632489274,0.17378917378917924,0.06988120195668232,1.0609237024331393,UP-LEG
AGI,1122,-0.2222222222222503,0.25389755011135856,2.721702686428428,-0.23339187082005616,-0.3111506223012504,0.20467836257310051,0.11430022860046876,0.9334518669037367,UP-LEG
AGI,1123,-1.0,0.4575892857142857,2.5153154888164746,-0.30269035003689215,-0.25406504065040647,0.23167155425219757,0.025406504065031983,0.8447662601625987,UP-LEG
AGI,1123,-0.5000000000000947,2.1247216035634744,2.1555376192242437,-0.37974327696784327,-0.33702149306881485,0.2701949860724257,0.15261350629531292,1.0682945440671616,UP-LEG
AGI,1124,0.0,0.0,2.147930741123906,-0.41453412809124157,-0.34973928526007886,0.2701949860724257,0.0,0.8775276611980276,UP-LEG
AGI,1124,0.0,0.0,2.0130690933365654,-0.504239950105494,-0.24799694772987987,0.2701949860724257,0.0,0.9093221416762167,UP-LEG
AGI,1125,1.0,0.34606741573033706,2.0867061047072633,-0.608811511164597,-0.08888324550822749,0.15675675675676168,0.15872008126468162,0.8697860453304581,UP-LEG
AGI,1125,-1.0,0.17592592592592593,2.444964588032057,-0.6309546659878024,-0.21610627343800234,0.1917098445595883,0.10805313671900117,0.9343418292760469,UP-LEG
AGI,1126,1.0,1.0112359550561798,2.2710499937719617,-0.46672790827078625,-0.2097368755561176,0.23324396782841222,0.02542265158256584,0.7753908732680703,UP-LEG
AGI,1126,-0.4545454545454921,0.17824074074074073,2.1535903167124153,-0.1143959145202123,-0.07623888182973605,0.21372031662268837,0.13977128335449926,0.7369758576874148,UP-LEG
AGI,1127,0.0,0.0,2.0055814472022493,-0.0699360348876212,-0.006353240152471986,0.17679558011049842,0.0,0.6861499364675956,UP-LEG
AGI,1127,1.0,0.05535499398315283,2.0098473459880593,-0.054063644132933054,-0.0444698557906134,0.1735537190082686,0.006352836541510009,0.533638269487332,UP-LEG
AGI,1128,-0.578947368420977,0.25,1.867398306856377,-0.006773933861216566,0.006351222610346716,0.17032967032967009,0.12067322959670314,0.7303906001905367,UP-LEG
AGI,1128,0.0,0.0,1.8867341785023004,0.16107703695052047,0.12067322959670314,0.07645259938837856,0.0,0.6033661479834868,UP-LEG
AGI,1129,1.0,4.745145631067961,1.9348092765338192,0.7398796635099933,0.5124312013664918,0.06631299734747963,0.39223128993484185,0.2214208894793446,drift
AGI,1129,1.0,0.878345498783455,2.0737085314603765,0.8518867924528244,0.7196969696969755,0.1938775510204045,0.20833333333333046,0.05050505050504763,FLAT
AGI,1130,1.0,10.553398058252426,2.1521509576379274,2.3541900418418527,1.4392090607596522,0.40377358490565607,0.9824166197359251,-0.8822977285526507,DOWN-LEG
AGI,1130,-0.48717948717949916,14.007220216606498,1.4132041089843819,1.146947741144363,1.4840325610519753,0.3436893203883489,0.24420788979336827,-0.8390732623669437,DOWN-LEG
AGI,1131,-1.0,2.083532219570406,1.688209512787648,0.748847048616135,0.9069152286182053,0.19104991394147744,0.5794180627283062,-0.491245748834863,drift
AGI,1131,1.0,0.8062575210589651,1.7423074192899501,0.8419687848153566,0.9190482185572146,0.21440823327615713,0.13219186705274513,-0.6043056779554268,DOWN-LEG
AGI,1132,1.0,0.279126213592233,1.787566500760051,0.8661223196890134,1.056072416394264,0.2392026578073065,0.1382951973849664,-0.6537591149107281,DOWN-LEG
AGI,1132,0.13333333333336364,0.9562043795620438,1.779847950774798,0.8783436746383783,0.9688581314878949,0.21696574225122292,0.1887385970430953,-0.5725070776973834,DOWN-LEG
AGI,1133,0.4205607476635709,13.055825242718447,1.3909199109665262,1.307437744262974,0.8313913207784873,0.15960912052117227,0.6739308433583199,0.32121937393713607,drift
AGI,1133,-1.0,2.454873646209386,1.3831545258049804,1.0219781645860249,0.9374606769850314,0.20128824476650592,0.04404177677109715,0.1950421542720466,FLAT
AGI,1134,-0.9354838709676567,0.23058252427184467,1.4647077746419102,0.575233343718498,0.3593040847201239,0.14769230769231032,0.19541099344428495,0.2395360564800778,drift
AGI,1134,-0.5238095238095032,0.21654501216545013,1.4732336088164142,0.48797696116058065,0.18274623479740945,0.13841368584759142,0.132333480370528,0.2772701493477764,drift
AGI,1135,1.0,0.04390243902439024,1.464363662501315,-0.4519356608904734,-0.5853474320241663,0.14241486068111595,0.11958710976837006,0.20770392749244426,drift
AGI,1135,-1.0,0.08567931456548347,1.437360321808208,0.15748775467479628,-0.5667506297229219,0.12710566615620242,0.05037783375314575,0.4785894206549062,drift
AGI,1136,0.8461538461537564,8.182926829268293,1.3256334315737899,0.8398603418879232,-0.13874873864783335,0.08714918759231757,0.24596367305752342,1.2739656912209918,UP-LEG
AGI,1136,0.0,0.0,1.3141550158597863,0.7776159449998113,-0.18920282542885974,0.10843373493975689,0.0,1.0910696266397693,UP-LEG
AGI,1137,0.9199999999998909,0.32923832923832924,1.3275981791526514,0.7772592591818107,-0.37859666834931854,0.07738998482549223,0.15774861181221606,1.022211004543163,UP-LEG
AGI,1137,-1.0,0.23645320197044334,1.380320145063323,0.7457656837094371,-0.4423380726698263,0.041055718475072896,0.1769352290679276,1.889415481832549,UP-LEG
AGI,1138,1.0,0.6222222222222222,1.4511300578355908,0.3624920046791391,-0.10718789407314283,0.10795454545454472,0.17023959646910752,1.5384615384615443,UP-LEG
AGI,1138,-1.0,0.5914786967418546,1.4880709052793688,0.5080623100966964,-0.34090909090909666,0.08484005563282253,0.12626262626262627,1.3510101010101068,UP-LEG
AGI,1139,0.0,0.05343511450381679,1.4481084642559259,0.5271054896889863,-0.13887135462694392,0.08484005563282543,0.0,1.2498421916424665,UP-LEG
AGI,1139,1.0,0.6932989690721649,1.3794325613466702,0.5859668751184977,-0.13250883392227011,0.1170662905500701,0.05678950025238917,1.337708228167595,UP-LEG
AGI,1140,-1.0,0.35509138381201044,1.2451196251309424,0.5662527388158607,-0.30303030303030015,0.1046025104602513,0.044191919191922065,1.3888888888888888,UP-LEG
AGI,1140,1.0,2.402061855670103,1.6550407077140787,0.7181959249892824,-0.27784794139934904,0.09596662030597881,0.14523869664056294,1.3324071735286775,UP-LEG
AGI,1141,-1.0,2.7989821882951653,1.377282402555193,0.0014347872334177039,-0.3544303797468297,0.04370860927152271,0.22784810126581703,1.6455696202531647,UP-LEG
AGI,1141,0.75,20.924812030075188,0.8820128322630459,0.8883480756665569,-0.4179860671310899,0.050666666666666214,0.506649778340722,1.6149461684610515,UP-LEG
AGI,1142,1.0,1.2148148148148148,0.8449779173710957,0.928908602477174,-0.2784105289799964,0.08366533864542104,0.21513540875728238,1.1958997722095586,UP-LEG
AGI,1142,-1.0,1.9507389162561577,0.7943194330340585,0.8098050456293395,-0.13287775246772393,0.07506702412868847,0.08858516831181115,1.3034674765881997,UP-LEG
AGI,1143,1.0,14.572481572481573,1.0603717147423075,1.3251718450756818,0.4269211451531865,0.21247113163972206,0.7785032646911014,0.6906077348066298,UP-LEG
AGI,1143,-0.460317460317442,4.438188494492044,0.9890493816893711,1.244239442644298,0.5337519623233908,0.23384253819036685,0.39560439560439276,0.9607535321821008,UP-LEG
AGI,1144,-0.642857142857137,0.6928746928746928,0.9631712205878622,1.2175483367613413,0.37731103005911204,0.2013729977116734,0.17607848069424942,0.9935857124889922,UP-LEG
AGI,1144,-0.5510204081632899,2.3011015911872703,0.9455609396601671,1.112987909030546,0.4084710613963426,0.21129943502825074,0.3079243385910805,0.8169421227926852,UP-LEG
AGI,1145,-0.03703703703708694,2.4073170731707316,0.8840115878600278,1.1276603628610467,0.5087620124363991,0.19585253456221363,0.3391746749576089,0.7474404874065756,UP-LEG
AGI,1145,1.0,0.32068543451652387,0.9451548659620297,1.03712449149801,0.7520681875156681,0.25197740112994493,0.21935322135873656,0.5828528453246542,UP-LEG
AGI,1146,1.0,23.70731707317073,0.9090478156639998,1.7795734927973637,1.6066758002241845,0.3286004056795144,0.7099265163781208,0.02490970232906283,FLAT
AGI,1146,-0.7681159420289358,3.9245742092457423,0.919067293857679,1.0889911286614562,1.4910474764489419,0.2864222001982193,0.43046977353547267,0.012477384740147113,FLAT
AGI,1147,-0.3333333333333333,0.08048780487804878,0.9417717192044357,1.0455201431256544,1.2866958151155472,0.262645914396889,0.09369144284821987,0.17489069331667423,FLAT
AGI,1147,0.7910447761194213,31.420924574209245,0.8042683530581131,1.633583539143392,1.9846192011907713,0.3356704645048235,0.831059290498627,-0.551972215331189,DOWN-LEG
AGI,1148,-0.19999999999996967,8.526699029126213,0.732807887522586,1.1529697904322807,1.0928961748633963,0.31028522039758244,0.37257824143070045,-0.5216095380029863,DOWN-LEG
AGI,1148,-1.0,2.064981949458484,0.7602752434488128,1.134377973921429,0.8035380590507094,0.2560066280033161,0.33636476890493733,-0.3052198828952342,drift
AGI,1149,-1.0,1.7136038186157518,0.7644803445571321,1.1213354270136484,0.860349127182042,0.20103537532355542,0.2431421446384097,-0.19950124688279586,FLAT
AGI,1149,0.18181818181817713,3.076388888888889,0.7655526336785873,1.1770898397556673,0.9153175591531785,0.19197207678883163,0.2739726027397175,-0.3486924034869184,drift
AGI,1150,0.4193548387096443,1.0134831460674156,0.7514462480938916,1.2870323480279902,0.8655043586550494,0.07860696517413061,0.19302615193027,-0.311332503113325,drift
AGI,1150,-1.0,0.2800925925925926,0.7738501903687427,1.3367193023362152,0.5670841901913215,0.07646474677259261,0.04362186078394999,0.04362186078394999,FLAT
AGI,1151,1.0,0.3412887828162291,0.7596033319220252,0.5793696163688403,0.012453300124535834,0.19612068965517396,0.08094645080946168,-0.22415940224158837,drift
AGI,1151,-1.0,2.1689814814814814,0.895285164336666,0.5965877741646705,0.0997195387971274,0.17005347593583067,0.037394827048919235,-0.22436896229354372,drift
AGI,1152,-1.0,8.552808988764045,0.8824980359902777,0.27221315579463107,-0.1062965047208182,0.08808290155440456,0.3251422497342616,0.19383480272620124,FLAT
AGI,1152,-0.6,4.351623740201568,0.8834544129874558,-0.5656080557579961,-0.7120549656464766,0.11867905056759591,0.1561524047470331,0.08744534665834422,FLAT
AGI,1153,1.0,0.28314606741573034,0.8619638711541128,-0.525539305413294,-0.41152263374486453,0.16445352400408547,0.17458535977054213,-0.08729267988526397,FLAT
AGI,1153,1.0,2.6920492721164613,0.9296284988643481,-0.36750379061085864,0.14927229754943797,0.1836327345309375,0.2550068416469654,-0.4042791391964175,drift
AGI,1154,-0.2631578947368295,0.946067415730337,0.9187761078297921,-0.32132185815254055,0.12453300124533001,0.19797979797979798,0.11830635118306917,-0.006226650062260838,FLAT
AGI,1154,-0.8333333333333017,2.32026875699888,0.925447003480375,-0.398909332990464,-0.10596521847535034,0.17365269461077779,0.1495979554946139,0.3490618961540944,drift
AGI,1155,1.0,0.9370786516853933,0.9305651781038361,-0.3790762775891259,-0.12468827930174563,0.15415821501014296,0.006234413965081611,0.2743142144638461,drift
AGI,1155,-0.3571428571427817,0.48498845265588914,0.8894612716843318,-0.3753896461488879,0.012461835628390896,0.17122593718338522,0.17446569879743,0.08723284939870793,FLAT
AGI,1156,1.0,0.665083135391924,0.9784483324679835,-0.3834061774961408,0.012451749470803478,0.2110655737704939,0.1182916199726118,0.006225874735394662,FLAT
AGI,1156,-1.0,0.9,1.0216743104208292,-0.3374797381956451,-0.08733079658162879,0.17378351539225453,0.23080281953714965,0.4927952092820218,drift
AGI,1157,-0.05263157894738102,0.39618138424821003,0.9930593225317437,-0.044591981356511295,0.28058361391694725,0.18886679920477153,0.23693727397430817,0.2868188053373324,drift
AGI,1157,1.0,0.07177033492822966,1.319930273389648,0.047938097157583355,0.1559089491736826,0.2129817444219069,0.11225444340504862,0.25569067664483375,drift
AGI,1158,-0.7837837837837373,1.1933174224343674,1.563517855017987,0.007818180453214718,-0.11235955056179492,0.16563146997929623,0.23096129837703155,0.2933832709113636,drift
AGI,1158,1.0,0.37320574162679426,1.488382716258421,-0.0730644468651103,-0.4561074664167419,0.17169614984391277,0.006248047485155206,0.4686035613870665,drift
AGI,1159,-0.7692307692307961,2.162291169451074,1.4220805038035977,-0.11682028608558136,-0.32483758120939815,0.17255717255717193,0.16241879060469197,0.45602198900549445,drift
AGI,1159,-1.0,0.007177033492822967,1.4893633220632168,-0.05143011023075107,-0.2436890777305588,0.1625000000000018,0.024993751562100947,0.7123219195201114,UP-LEG
AGI,1200,1.0,0.7386091127098321,1.5342670371253198,-0.05959367169537912,-0.18738288569643974,0.17745302713987524,0.03747657713928226,0.24359775140537732,drift
AGI,1200,1.0,1.4210526315789473,1.6231124425664825,-0.008506198821303507,0.0311448860097172,0.2184368737474974,0.17441136165442767,0.01245795440387555,FLAT
AGI,1201,-1.0,1.045346062052506,1.6652506423052154,-0.06457362911724693,-0.23714428357463518,0.22580645161290455,0.18721917124313528,0.22466300549175666,drift
AGI,1201,-0.5384615384613232,2.407142857142857,1.656555913208983,-0.08726153089393586,-0.1374226997313897,0.2196589769307937,0.08120432256856655,0.2935848585170727,drift
AGI,1202,1.0,0.2720763723150358,2.0277521033096404,-0.07713613661593073,-0.08736894658012129,0.22044088176352766,0.11233150274589253,0.1684972541188104,FLAT
AGI,1202,0.0,0.0,2.374676643383263,-0.08121137564684579,-0.0686470294558106,0.22044088176352766,0.0,0.1684972541188104,FLAT
AGI,1203,0.0,0.0,2.1976087926318395,-0.05301057658227667,0.024962556165757044,0.10983981693364017,0.0,0.39316025961058126,drift
AGI,1203,0.08333333333325438,0.8347406513872135,2.2085772586432966,-0.0676358520255753,0.04995940798101259,0.09977324263038492,0.14987822394305197,0.418410041841007,drift
AGI,1204,1.0,6.460431654676259,1.8668169860899295,0.2738857730352123,0.3175789277040997,0.1734806629834255,0.40475745687776327,0.13076779376050246,FLAT
AGI,1204,0.9672131147541277,5.145933014354067,1.8054708124836119,0.4631337639578236,0.5900987638983788,0.19914346895075025,0.3789055220821112,-0.11801975277968141,FLAT
AGI,1205,7.105427357600901e-14,0.4580335731414868,1.9155899242210848,0.43402266308032555,0.46008455608058263,0.17321997874601613,0.1989554837105226,0.031086794329768713,FLAT
AGI,1205,-1.0,1.4425837320574162,1.9150142371129037,0.31573946677824977,0.05602938429931293,0.11542610571736772,0.1680881528979671,0.04357841001058616,FLAT
AGI,1206,1.0,0.4052757793764988,1.8595395080477908,0.4824148559114715,0.24279399863038434,0.006060606060606027,0.11828425574300339,0.08715682002117232,FLAT
AGI,1206,0.7142857142857143,9.631578947368421,1.4569356696478086,0.8582751803088816,0.6269397889509565,0.09608540925266723,0.4345127250155183,-0.2482929857231533,drift
AGI,1207,-1.0,2.2649164677804294,1.4595210456690937,0.7147505360955979,0.37304153195722456,0.08705882352941237,0.062173588659537427,-0.23004227804029131,drift
AGI,1207,-1.0,3.2357142857142858,1.3608917938961724,0.748650644709174,0.32346354814629374,0.06451612903226003,0.26747947250560977,-0.18661358546902215,FLAT
AGI,1208,1.0,0.60381861575179,1.3584312837075792,0.8006623557572763,0.26762930229663,0.050477489768076735,0.03734362357628284,0.09335905894068587,FLAT
AGI,1208,1.0,1.6738095238095239,1.306593293249771,0.9101062873740968,0.4166666666666695,0.03735632183907896,0.08084577114427578,0.08084577114427578,FLAT
AGI,1209,-0.894736842105364,0.5322195704057279,1.3541409914168818,0.47050372851633127,0.1368074124743373,0.060029282576865274,0.11815185622785218,0.3668926061812133,drift
AGI,1209,1.0,2.073809523809524,1.405322446091083,0.2721606229082744,0.11788063035115173,0.08285714285714194,0.11167638664846473,0.14890184886462904,FLAT
AGI,1210,-1.0,5.9002375296912115,1.4505065473323768,-0.10260144787277559,-0.21808212349679104,0.014304291287385017,0.42993332917937965,0.5981681101626213,UP-LEG
AGI,1210,-1.0,0.2261904761904762,1.3658720124793888,-0.030520216332612107,-0.04359740906826392,0.011795543905633869,0.1183358246138572,0.3736920777279522,drift
AGI,1211,1.0,0.002386634844868735,1.309618126578652,-0.05466515959157167,-0.01867995018679667,0.0,0.024906600249071667,0.49813200498132004,drift
AGI,1211,-1.0,0.23444976076555024,1.3389220185965918,-0.4941080296441094,-0.33632286995516264,0.014804845222071417,0.03736920777280372,0.5854509217737974,UP-LEG
AGI,1212,-1.0,0.05995203836930456,1.30960673959015,-0.4159691893164243,-0.2055946669989522,0.08333333333333251,0.1308329699084254,0.9282910722073447,UP-LEG
AGI,1212,1.0,0.49215922798552475,1.2942923357565939,-0.1550675862694362,-0.15575353560525826,0.060382916053017724,0.05607127281788447,1.29586941623576,UP-LEG
AGI,1213,1.0,2.630695443645084,1.3384080243187182,-0.004363359303996678,0.1243239883135451,0.07132459970888022,0.26108037545844753,1.0754024989121622,UP-LEG
AGI,1213,-1.0,0.2943305186972256,1.3410384927537524,-0.15241991504263583,0.0,0.0030581039755358487,0.14303482587064395,1.3308457711442843,UP-LEG
AGI,1214,0.0,1.2733812949640289,1.3432810723075341,-0.11724543940542667,-0.00621890547263116,0.031446540880502964,0.0,1.324626865671639,UP-LEG
AGI,1214,-1.0,0.14475271411338964,1.3663310117192295,-0.295611342641737,-0.23631840796019618,0.059773828756058585,0.10572139303482869,1.2499999999999944,UP-LEG
AGI,1215,0.12500000000017764,0.03398058252427184,1.3568707367278776,0.17221472996830686,0.24861706756168808,0.07840000000000089,0.09944682702466957,0.7209894959288898,UP-LEG
AGI,1215,-1.0,0.5450121654501217,1.3856854411168444,0.1465924994202024,0.08711885500933982,0.03307086614173062,0.11823273179838775,0.8587429993777197,UP-LEG
AGI,1216,1.0,0.04878048780487805,1.433733329882123,0.15205766998153597,0.10574112085588389,0.023847376788553053,0.043540461528895034,0.7899483734527615,UP-LEG
AGI,1216,0.0,0.4283965728274174,1.753407156783225,0.1739810252816093,0.08711885500933982,0.0644628099173564,0.0,0.70317361543248,UP-LEG
AGI,1217,-0.882352941176447,1.0,1.8387611969465272,0.10679263022459407,-0.024926777590818443,0.014492753623189785,0.2118776095220347,0.8412787436904094,UP-LEG
AGI,1217,0.0,0.12269938650306748,2.096220456088101,0.0677599861973077,-0.031160413810295405,0.017770597738285935,0.0,1.0033653246915206,UP-LEG
AGI,1218,1.0,1.125,2.25473416141961,-0.054617848010837335,-0.031090660365626164,0.09687499999999968,0.21141649048626357,0.6155950752393896,UP-LEG
AGI,1218,1.0,0.23558282208588957,2.4261125442024905,-0.012913689914191374,0.08078046355558034,0.13836477987421184,0.06835269993164164,0.5219660722053123,UP-LEG
AGI,1219,1.0,7.0661764705882355,2.062734029677038,0.48934068954265914,0.37174721189591076,0.19411764705882226,0.2912019826517996,0.11152416356877042,FLAT
AGI,1219,0.5384615384615923,1.5354523227383863,1.8900623926402833,0.5505183571117488,0.38409119068269393,0.2035398230088463,0.16107049931854225,0.2354107297732595,drift
AGI,1220,0.9200000000000728,1.1609756097560975,1.848545047838061,0.6217718241158907,0.34685661195415973,0.19999999999999732,0.1548467017652524,0.31588727160110924,drift
AGI,1220,-0.9130434782609469,0.8190709046454768,1.9648907418217616,0.6153766677017494,0.28543062794737584,0.0939393939393899,0.14271531397368792,0.35368577810871465,drift
AGI,1221,1.0,13.487804878048781,1.2484070747998384,1.2837904087086032,0.39033457249070347,0.17737003058103565,0.14869888475836995,0.12391573729863693,FLAT
AGI,1221,0.47368421052634097,5.114355231143552,1.1103320192082884,1.4022220960761218,0.49535603715170284,0.21725731895222947,0.11764705882353504,0.16099071207429777,FLAT
AGI,1222,0.265822784810112,45.70388349514563,0.581629737368084,1.8364650475001247,0.9444444444444416,0.25730994152046277,0.48765432098765993,-0.20987654320988214,drift
AGI,1222,0.966666666666697,13.379975874547648,0.5948084722561978,2.1339553553700017,1.3100436681222818,0.3162853297442753,0.36902638538655513,-0.7196014515037852,DOWN-LEG
AGI,1223,0.3548387096774241,13.414868105515588,0.48476185849638287,2.1795456552658403,1.0947109471094683,0.3172043010752633,0.3813038130381332,-0.6765067650676507,DOWN-LEG
AGI,1223,1.0,16.74401913875598,0.4517482592309617,2.4385986820268863,1.2335829139560657,0.36636245110821103,0.2945869645268308,-0.79783969559347,DOWN-LEG
AGI,1224,0.533333333333303,18.39618138424821,0.39703574903202377,2.4681034474200185,0.9390535812925769,0.32409972299168355,0.18412815319462347,-0.7119621923525385,DOWN-LEG
AGI,1224,0.049999999999954525,13.68095238095238,0.3732122088416154,2.5568667316712532,0.8537559117990211,0.2622478386167083,0.2456851544745409,-0.5896443707388925,DOWN-LEG
AGI,1225,-0.7288135593220483,22.01187648456057,0.3824791302798251,1.709402743932194,0.37025609379821045,0.16026490066224852,0.7281703178031443,-0.24683739586547362,drift
AGI,1225,-0.6666666666667614,3.69965075669383,0.3620694427424881,1.6401437731045354,0.5676209279368242,0.19674355495250823,0.14807502467916236,-0.31465942744323233,drift
AGI,1226,0.222222222222269,5.029680365296803,0.34929342504809224,1.2646839652247865,0.39496420636880336,0.19028340080971692,0.33325104912367876,-0.3270797333991719,drift
AGI,1226,-0.7391304347826431,2.1472253680634203,0.3569430748226578,1.1884464463634523,0.20391769140455757,0.10209790209790048,0.1421244515849938,-0.024717295927817066,FLAT
AGI,1227,-0.7894736842104886,5.582022471910112,0.33036163865761564,0.6494997869891683,-0.11123470522802832,0.14202898550724433,0.1174144110740385,-0.03707823507601881,FLAT
AGI,1227,1.0,3.769316909294513,0.34196055812004067,0.3744738570188127,-0.3208490158573484,0.18528995756718591,0.1604245079286812,-0.1789350280742945,FLAT
AGI,1228,-1.0,1.796875,0.3327523976997856,0.1671007990992918,-0.48822693282245166,0.15745856353590804,0.16068228168840842,-0.012360175514481065,FLAT
AGI,1228,-0.5999999999994543,0.555431131019037,0.3267865047436647,-0.35814110030927115,-0.7232490573035819,0.135664335664335,0.030908079371947825,-0.11745070161340737,FLAT
AGI,1229,0.04761904761904075,4.609375,0.30860488465263236,-0.6551791313304338,-0.8354994430003714,0.10504774897680702,0.3898997400668372,0.12996658002228842,FLAT
AGI,1229,1.0,2.069042316258352,0.3226997812831899,-0.6071332392867937,-0.6242274412855321,0.08635097493036172,0.19777503090235138,0.055624227441291155,FLAT
AGI,1230,-0.5000000000000355,1.9444444444444444,0.33096285704626927,-0.14664010377309517,-0.05556927636454007,0.22105263157894162,0.19757964929612531,-0.135836008891073,FLAT
AGI,1230,0.049999999999954525,1.9644444444444444,0.3241483354955783,-0.06208730358347907,-0.2164100661596488,0.1718061674008791,0.24732578989674148,-0.10511346070611796,FLAT
AGI,1231,-0.40000000000009095,1.08,0.33651953215753266,-0.11415699482894907,-0.2722772277227779,0.14492753623188215,0.12376237623762376,0.05569306930693633,FLAT
AGI,1231,1.0,1.0588235294117647,0.3486837557702759,-0.0239301311246788,-0.04327398615232724,0.17094017094016917,0.14218595450049176,0.03090999010880317,FLAT
AGI,1232,-1.0,0.1288888888888889,0.4207347491584239,0.12046621894576892,-0.09897315353211286,0.16265912305516098,0.07422986514908113,0.17320301868119398,FLAT
AGI,1232,-1.0,1.411764705882353,0.41926142610217604,-0.05502153931640256,-0.4026762482963697,0.12448700410396803,0.21682567215958368,0.35931111386445014,drift
AGI,1233,-0.2631578947368295,0.4066666666666667,0.47766436083267666,0.0019710121636845007,-0.1919504643962792,0.08961593172119371,0.11764705882353504,0.2724458204334422,drift
AGI,1233,0.1515151515152225,1.706992230854606,0.521500076177627,0.022340664991783752,-0.08042563721850744,0.1183098591549301,0.20415738678544632,0.16085127443701489,FLAT
AGI,1234,1.0,0.23333333333333334,0.666604857058766,0.02280653245387011,0.11745070161340737,0.1341632088520054,0.08654262224145955,-0.024726463497563883,FLAT
AGI,1234,1.0,0.3333333333333333,0.7965240251526196,-0.03681706418996048,0.030892801977139325,0.14363885088919218,0.04942848316342012,-0.11739264751313505,FLAT
AGI,1235,-1.0,0.022222222222222223,1.0194587685465692,-0.004117687622502406,-0.19177234766470208,0.10242587601078007,0.12372409526755336,-0.35261367151252987,drift
AGI,1235,-1.0,0.1915367483296214,1.1340008086513929,-0.014112120804739475,-0.09902828495388433,0.11901504787961736,0.04332487466732966,-0.030946339048090608,FLAT
AGI,1236,0.7222222222222152,4.355555555555555,1.15926459204005,0.10648805259422146,-0.05572410377067,0.10136986301369645,0.2228964150826518,-0.0928735062844406,FLAT
AGI,1236,0.75,0.6124721603563474,1.2392464957989475,0.08593735414380875,0.018542555164112854,0.14513981358189132,0.24723406885468818,0.21632981024785214,drift
AGI,1237,0.5652173913043392,0.234375,1.4794396536454304,0.09519967289847098,0.06181998021760634,0.17647058823529083,0.14218595450049176,0.2720079129574735,drift
AGI,1237,-0.5238095238095547,2.8797327394209353,1.4115360158471375,0.09095877915706707,0.22252441587340271,0.1803278688524584,0.12980590925949662,0.37705526022995034,drift
AGI,1238,-0.5999999999994543,0.022321428571428572,1.3750965840070948,0.09486697088076948,0.17924469991965455,0.13916786226685762,0.030904258606836023,0.2039681068051149,drift
AGI,1238,-1.0,0.9720044792833147,1.4426651336781775,0.05351671242151867,-0.037133308577802726,0.09193776520509099,0.2351776209926943,0.43941081817057415,drift
AGI,1239,0.43750000000009326,3.2924107142857144,1.5295636323740507,0.0975586612522198,0.012361703442737218,0.057268722466961,0.19778725508375333,0.25341492057604975,drift
AGI,1239,0.4500000000000455,1.1870824053452116,1.5169486045884097,0.10469672960244757,0.02470813515350491,0.06821480406386056,0.24708135153499286,0.2347272839582404,drift
AGI,1240,1.0,0.6160714285714286,1.6000616213848675,0.12722576399981225,0.0556448621244028,0.04136947218259711,0.09274143687399529,0.21639668603932236,drift
AGI,1240,-1.0,0.5755879059350504,1.6726501061798367,0.11406047012695969,-0.006189650903697477,0.05797101449275286,0.11141371626641383,0.6932409012131744,UP-LEG
AGI,1241,1.0,1.34375,1.652588708525097,0.05623295721648415,0.11132413878410426,0.0427098674521362,0.08040076689963398,0.5256973220359948,UP-LEG
AGI,1241,1.0,0.8398656215005599,1.6443584015669384,0.07168785804557752,0.012360175514481065,0.04552129221732558,0.1297818429021636,0.5994685124528797,UP-LEG
AGI,1242,1.0,0.8719101123595505,1.608231206910592,0.1115176472665411,0.11115227862172297,0.009316770186333846,0.14820303816228794,0.49401012720760773,drift
AGI,1242,1.0,1.5431131019036954,1.4877629870920304,0.2748765998774748,0.1358024691358053,0.0998307952622675,0.09876543209875982,0.4197530864197503,drift
AGI,1243,0.5862068965517998,1.1830357142857142,1.4256527179322782,0.324261195492641,0.09262689885142646,0.110738255033554,0.1790786711127634,0.41373348153636025,drift
AGI,1243,1.0,0.43001119820828665,1.446539886886355,0.4915462409839855,0.19765287214330113,0.1837455830388682,0.117356392835089,0.4385423100679376,drift
AGI,1244,-1.0,1.4821428571428572,1.392086154997874,0.34820121340771104,-0.03709886848451966,0.20618556701030671,0.14839547393805053,0.4142706980770448,drift
AGI,1244,-1.0,2.1358574610244987,1.2852315716878322,0.15010225845335315,-0.14227390820241134,0.19930675909878431,0.2041321291599766,0.5319807002350697,UP-LEG
AGI,1245,-0.8666666666666869,6.4,1.1904621905293018,-0.34440597605449236,-0.4097342935187569,0.17352415026833473,0.2793642910355103,0.8815495406009465,UP-LEG
AGI,1245,1.0,3.451111111111111,1.2216965849390775,-0.0017222640543245597,-0.02476473501732687,0.09333333333333041,0.216691431401684,0.6500742942050519,UP-LEG
AGI,1246,-1.0,0.07555555555555556,1.4415328196703674,-0.12194104188208933,-0.20451165096679363,0.11111111111111194,0.09915716410511506,0.8738225086762603,UP-LEG
AGI,1246,1.0,2.2377777777777776,1.5835654340458958,-0.0024793126027763037,0.2035278154681252,0.046337817638267255,0.4810657456519169,0.3885531022573057,drift
AGI,1247,1.0,0.7444444444444445,1.5711557761916133,-0.013363499509916771,0.16029593094943953,0.05637982195845527,0.09864364981503757,0.4685573366214494,drift
AGI,1247,1.0,3.5933333333333333,1.6074382635436015,0.17423537490814345,0.24016257158692597,0.0479041916167662,0.1293183077775809,0.2894266888355082,drift
AGI,1248,-1.0,2.3044444444444445,1.6044569791280097,-0.09713104846230017,0.11102886750554863,0.046337817638267255,0.16654330125832997,0.19738465334320537,FLAT
AGI,1248,1.0,0.6155555555555555,1.6044404927578817,-0.07963302231490994,0.24031055517900615,0.07624633431084953,0.10475075482161843,0.13555980035737372,FLAT
AGI,1249,-1.0,0.0022222222222222222,1.7186061238326102,0.05228219697644762,0.28976572133169204,0.0922619047619035,0.05548705302096739,0.36991368680641185,drift
AGI,1249,0.5555555555554994,0.1403118040089087,1.7638464629753112,0.2623352896733875,0.3759166820730965,0.07153729071537207,0.055463117027182526,0.6963702471189963,UP-LEG
AGI,1250,-1.0,0.4575892857142857,1.786408694957519,0.7499512001545037,0.6231106175581551,0.019726858877088818,0.111049416990558,0.5614164970078295,UP-LEG
AGI,1250,0.37209302325579674,8.481069042316259,1.5638876370534265,0.6723928288616723,0.7130563068600879,0.1366906474820117,0.5286451930169602,0.2151462994836489,drift
AGI,1251,-0.4716981132075083,2.5155555555555558,1.5204107028759806,0.5643910958162477,0.7259751445798068,0.13505747126436665,0.32607358188753255,-0.03691399040237089,FLAT
AGI,1251,1.0,0.6391982182628062,1.5694858083957943,0.42874288303681085,0.3931686939427364,0.14488636363636176,0.23344391202850195,-0.1105786951713942,FLAT
AGI,1252,-0.14285714285667883,0.17857142857142858,1.5652452322733341,0.36177573549104414,0.3318176232026601,0.15472779369627526,0.0430133956003469,0.03686862480028936,FLAT
AGI,1252,0.555555555555462,2.910913140311804,1.5113232767841926,0.1862198887194831,0.17826407671501499,0.18529411764705378,0.16597000245881766,-0.04302925989673258,FLAT
AGI,1253,-1.0335167065601244e-13,1.2866666666666666,1.5105415370064097,0.3896314872456204,0.30133448127420603,0.16347569955816893,0.13529303240883375,0.07994588278704766,FLAT
AGI,1253,-1.0,1.0777777777777777,1.4728760667430534,0.23622529993304067,0.19678986532192475,0.14586466165412962,0.11069429924360015,0.055347149621800075,FLAT
AGI,1254,-1.0,0.37555555555555553,1.5273830829795079,0.2032995475989791,0.12315270935960591,0.09361069836552498,0.22783251231527374,0.12315270935960591,FLAT
AGI,1254,0.02127659574470967,2.2888888888888888,1.5383927506792652,0.2020314679507469,0.15382722126507506,0.09896602658788635,0.28919517597834393,-0.043071621954223815,FLAT
AGI,1255,0.8709677419354602,5.028888888888889,1.3919783632547573,0.5679881523446526,0.2523076923076867,0.12898330804248578,0.19076923076923916,0.04923076923076643,FLAT
AGI,1255,0.1904761904761776,2.4217536071032186,1.2937786191276597,0.3530482697256988,-0.06766316048470868,0.15197568389057395,0.25835024912345733,0.006151196407695703,FLAT
AGI,1256,0.8500000000000227,5.616407982261641,1.138593870462201,0.7981780862238815,0.14130368003931648,0.18749999999999808,0.24574553050316394,-0.19045278613996044,FLAT
AGI,1256,-0.049999999999954525,2.378021978021978,0.8859726436522408,0.745080207928218,-0.006143638262573511,0.15217391304347466,0.24574553050316394,-0.26417644529089845,drift
AGI,1257,1.0,4.509803921568627,0.8508738591333241,1.0136784125428062,0.13500245459007232,0.18181818181817933,0.12886597938143773,-0.2700049091801585,drift
AGI,1257,0.6923076923076116,0.11208791208791209,0.8905909943819885,0.9284213335848652,0.11052437676531712,0.16167664670658405,0.07982316099717271,-0.22104875353063425,drift
AGI,1258,-1.0,0.3215077605321508,0.9824842418383943,0.8999642260348343,-0.10465402610193413,0.09167842031029548,0.25240088648115666,-0.06771731100714949,FLAT
AGI,1258,-0.46153846153858263,0.4239733629300777,0.9538243678402525,0.9772367474089333,-0.061534674789243744,0.13381294964028667,0.15999015445202813,0.0,FLAT
AGI,1259,1.0,1.8070953436807096,0.977039224731576,1.1296267326661484,0.2457002457002457,0.14366998577524726,0.1719901719901692,-0.2457002457002457,drift
AGI,1259,1.0,9.05054945054945,0.9462682153398341,1.5490580870806145,0.5385556915544648,0.20053120849933428,0.36719706242350064,-0.5691554467564232,DOWN-LEG
AGI,1300,-1.0,2.581699346405229,0.9633089061028138,1.073836213907321,0.3067484662576687,0.1619537275064252,0.3067484662576687,-0.3067484662576687,drift
AGI,1300,-0.6666666666667088,1.5893048128342246,0.9403554084229045,0.9707479949468358,0.2821566582837459,0.1926605504587163,0.11040912715450865,-0.32509354106605864,drift
AGI,1301,-1.0,2.6701680672268906,1.0516834456151098,0.49939169910961434,-0.17848350566224094,0.0981366459627315,0.32003938946332133,0.012309207287053512,FLAT
AGI,1301,0.599999999999909,2.5666316894018886,0.9749703732016141,0.5959188708325879,-0.1045510455104579,0.09813664596273405,0.12300123001230012,0.036900369003684444,FLAT
AGI,1302,1.0,0.6092436974789915,1.0093313386239458,0.3658662902449017,-0.09828009828009268,0.1059113300492602,0.12285012285012285,-0.15356265356265356,FLAT
AGI,1302,-1.0,2.1406086044071353,1.0580606797641345,0.22591109845482008,-0.15374208228276245,0.07393939393939283,0.2090892319045625,-0.06149683291310498,FLAT
AGI,1303,1.0,0.7121848739495799,1.086200181290685,0.2880463585155066,0.18434312400147473,0.09615384615384584,0.0860267912006938,-0.2027774364016334,drift
AGI,1303,-0.14285714285732848,0.16042780748663102,1.1180465383823244,0.2997708333710341,0.11677934849416662,0.09615384615384584,0.043023970497851595,-0.17824216349109348,FLAT
AGI,1304,-1.0,0.6383442265795207,1.0806296853049142,0.15811789922139036,-0.12300123001230012,0.10545454545454572,0.0061500615006094125,-0.03075030750307503,FLAT
AGI,1304,-1.0,0.8615384615384616,1.1218959482268822,-0.44151390052311523,-0.5847953216374269,0.0948379351740705,0.06155740227762388,0.03077870113881194,FLAT
AGI,1305,0.7333333333332727,0.08647450110864745,1.2891228813400237,-0.30444607509380195,-0.2583343584696793,0.19035532994923815,0.0922622708820273,-0.10456390699963374,FLAT
AGI,1305,0.0,0.008879023307436182,1.3434152256253578,-0.246235925773736,-0.27678681264608196,0.1424731182795685,0.0,-0.11071472505842998,FLAT
AGI,1306,-0.8461538461539807,0.03111111111111111,1.5318252945836663,-0.051930581366479996,-0.012310722639421736,0.14864864864864866,0.08001969715622027,-0.09848578111534588,FLAT
AGI,1306,-1.0,0.8644444444444445,1.6546005236570724,-0.2308932725655429,-0.1601576937292047,0.0296735905044512,0.08007884686460234,0.03695946778365831,FLAT
AGI,1307,1.0,0.27111111111111114,1.903424135855433,-0.25966904806649566,-0.17228648781688127,0.04664723032070059,0.11075559931085124,-0.07383706620723883,FLAT
AGI,1307,-1.0,0.8240534521158129,1.8191980512087214,-0.16409118621371763,-0.0676923076923021,0.016442451420028627,0.04923076923076643,-0.14769230769231328,FLAT
AGI,1308,-0.7777777777778152,1.0066666666666666,1.6619499149704973,-0.2885024238427926,-0.25257192139469825,0.03186646433990775,0.16632785067455463,-0.018480872297169625,FLAT
AGI,1308,1.0,0.1603563474387528,1.7280762824433376,-0.27665032083175406,-0.1169158820995687,0.03333333333333081,0.12306934957848749,-0.17845055688879846,FLAT
AGI,1309,-1.0,0.08928571428571429,1.7469706158070164,-0.23211227174478402,-0.12315270935960591,0.030211480362538054,0.06773399014777766,-0.12315270935960591,FLAT
AGI,1309,1.0,0.3896976483762598,2.175852874456392,-0.13272152931133602,0.012309964916602786,0.030211480362538054,0.09232473687449991,-0.16618452637410264,FLAT
AGI,1310,1.0,0.14606741573033707,2.1985359922074976,-0.12719016147302867,-0.04923076923076643,0.06336939721792811,0.018461538461535663,-0.2646153846153818,drift
AGI,1310,0.0,0.21517553793884484,2.382606631825643,-0.13555439128991165,-0.04923076923076643,0.03061224489795867,0.0,-0.27076923076923637,drift
AGI,1311,0.8461538461539807,1.0,2.144456293496766,-0.06456280371168094,0.024615384615390215,0.006968641114984207,0.07999999999999721,-0.27076923076923637,drift
AGI,1311,1.0,0.13651877133105803,2.7215875679935526,0.019627051911348992,0.19672937415466732,0.021201413427562762,0.09836468707733366,-0.6024837083487,DOWN-LEG
AGI,1312,-0.8888888888889871,0.2237442922374429,2.7151679064173866,-0.019834024057641883,0.018455859735463213,0.03315881326352705,0.11073515841279326,-0.5352199323285172,DOWN-LEG
AGI,1312,-1.0,0.052752293577981654,3.216775909932315,0.04709107540596578,0.006153467478918778,0.029772329246936163,0.12922281705742025,-0.326133776382989,drift
AGI,1313,-1.0,1.735159817351598,2.8304081719504306,-0.03117852381387504,0.049258050612644204,0.03484320557491311,0.06157256326580876,-0.26476202204297483,drift
AGI,1313,-1.0,0.14220183486238533,2.7776961311656585,-0.057495493087128244,-0.06157256326580876,0.03484320557491311,0.13545963918478207,-0.35096361061509873,drift
AGI,1314,0.07692307692309037,0.3847926267281106,2.932971395953985,-0.047723102774611864,0.09227929867733005,0.02645502645502654,0.15995078437404717,-0.3137496155029166,drift
AGI,1314,1.0,1.1628440366972477,2.692020590136853,0.016207622494313286,0.018461538461535663,0.003571428571429398,0.055384615384620986,-0.3200000000000028,drift
AGI,1315,-1.0,0.002304147465437788,2.6554731058818937,0.004137665600976556,-0.05541530693923348,0.015873015873017527,0.05541530693923348,-0.40022166122775693,drift
AGI,1315,0.0,0.4678362573099415,2.543900926433048,0.004182874629111691,-0.06157635467980296,0.030303030303031286,0.0,-0.37561576354679244,drift
AGI,1316,-1.0,0.5415676959619953,2.3897767731031294,-0.1360137509154785,-0.12322858903265559,0.08529945553539152,0.06161429451632779,-0.3080714725816389,drift
AGI,1316,0.0,0.09523809523809523,2.5684108316596537,-0.15052991548334574,-0.1600985221674821,0.0659536541889495,0.0,-0.363300492610843,drift
AGI,1317,1.0,0.4988066825775656,2.2409796544240077,-0.09095442492532312,-0.09236453201970443,0.10332103321033077,0.06157635467980296,-1.0899014778325151,DOWN-LEG
AGI,1317,-1.0,0.2511961722488038,2.591925826785707,-0.11204849358898866,-0.15407370886231975,0.10989010989011007,0.08628127696290466,-1.041538271909273,DOWN-LEG
AGI,1318,1.0,0.05275779376498801,2.6858194982718673,0.09383807642065985,-0.06777572396795496,0.02755905511811193,0.02464571780653672,-1.1706715958102278,DOWN-LEG
AGI,1318,-0.7999999999999545,1.430622009569378,2.1653553745787977,-0.015868341797840933,-0.11712489212180148,0.05697445972494785,0.12328936012822092,-1.245222537295034,DOWN-LEG
AGI,1319,-1.0,1.5274463007159904,1.7530642591269125,-0.1862704031158714,-0.21578298397040688,0.12448132780082917,0.10480887792848617,-1.2330456226880395,DOWN-LEG
AGI,1319,0.0,0.014354066985645933,1.721556522462317,-0.43531496319383345,-0.18495684340320592,0.2843601895734579,0.0,-1.0912453760789178,DOWN-LEG
AGI,1320,-0.8571428571426716,1.2935560859188544,1.6791594978606212,-0.6417282721807086,-0.20978589498364064,0.23544303797468102,0.08638242734621404,-0.7959523662614975,DOWN-LEG
AGI,1320,-1.0,1.7619047619047619,1.4917210073187932,-0.9025352264752049,-0.20979883993583184,0.24681933842239046,0.006170554115768014,-0.7898309268172254,DOWN-LEG
AGI,1321,0.0,0.31026252983293556,1.5820139682522585,-0.9273466380416655,-0.1480932987782359,0.12426035502958564,0.0,-0.6540787362705115,DOWN-LEG
AGI,1321,-0.9487179487179935,2.4714285714285715,1.5524955070414763,-1.308369542404995,-0.44532409698169506,0.2527472527472518,0.24121721919840822,-0.4267689262741132,drift
AGI,1322,1.0,1.7529691211401426,1.3052616435906808,-1.0428110369481873,-0.44532409698169506,0.3255813953488355,0.037110341415135396,-0.5195447798119659,DOWN-LEG
AGI,1322,1.0,1.8502923976608188,1.3854717528851015,-0.7064868807080179,-0.1728608470181476,0.17746478873239194,0.04938881343375445,-0.6790961847141622,DOWN-LEG
AGI,1323,0.0,0.047505938242280284,1.445837829606341,-0.7405752822422853,-0.1975552537350318,0.22222222222222593,0.0,-0.6297073712804078,DOWN-LEG
AGI,1323,-1.0,0.011904761904761904,1.5866828808032587,-0.5437995375225991,-0.23479980227384792,0.2443181818181805,0.08650519031141025,-0.698220464656462,DOWN-LEG
AGI,1324,-1.0,1.2209026128266034,1.5615783757059956,-0.4802544769964224,-0.09874105159219385,0.15469613259668336,0.04319921007157604,-0.7529005183905236,DOWN-LEG
AGI,1324,0.49999999999990524,1.2514619883040936,1.564253621910049,-0.376089221775855,-0.13581923694283526,0.13314447592068135,0.14816644030127737,-0.7840474132608991,DOWN-LEG
AGI,1325,-1.0,1.2096774193548387,1.562446330736979,-0.3814865857776548,-0.19164193867458806,0.22651933701657556,0.1669139465875399,-0.6676557863501456,DOWN-LEG
AGI,1325,-0.6249999999998046,0.014035087719298246,1.6198957097903095,-0.09257215987947741,-0.16688299647690327,0.21643835616437848,0.0988936275418837,-0.7355213548427029,DOWN-LEG
AGI,1326,1.0,1.1658986175115207,1.4895884133794075,0.10099879647998972,-0.1606922126081526,0.18644067796609864,0.006180469715692772,-0.6922126081582228,DOWN-LEG
AGI,1326,1.0,0.23391812865497075,1.4067907333242737,0.5208856445913921,0.08034114084419719,0.15451895043732228,0.006180087757240532,-0.8281317594709761,DOWN-LEG
AGI,1327,-0.46583850931677284,34.54147465437788,0.8104309519459495,-1.4750539004840584,-0.6536761501587499,0.4266365688487588,1.0023034302434108,-0.15563717860922618,FLAT
AGI,1327,0.043478260869573813,3.3486238532110093,0.7440370963959743,-1.6733180749100185,-0.8781216914741178,0.4317673378076048,0.2864794170766729,-0.09341720122065143,FLAT
AGI,1328,0.28571428571429347,48.45890410958904,0.41234954687515085,-0.18171322855428917,-0.9850374064837877,0.4317673378076048,0.5236907730673374,-0.006234413965081611,FLAT
AGI,1328,0.0,2.5301478953356087,0.42425850582394875,-0.18140715851402647,-1.023720349563052,0.5144766146993288,0.1997503121098513,0.11860174781523664,FLAT
AGI,1329,-1.0,0.6940639269406392,0.42468348143974144,-0.14257058480529003,-1.148564294631716,0.5022831050228289,0.10611735330836738,0.031210986267166042,FLAT
AGI,1329,0.12820512820512522,2.0887372013651877,0.4473314411457355,-0.1691977927199949,-0.966153462569345,0.44933920704845925,0.24309667767874404,-0.14336470734899673,FLAT
AGI,1330,0.794871794871753,0.726027397260274,0.4794126873561365,-0.03251490259325088,-0.6095285483269035,0.3539094650205761,0.24256748351785615,-0.2861052369697667,drift
AGI,1330,0.0,0.3073394495412844,0.48445607610156605,-0.031862550343474544,-0.6281875855205956,0.3539094650205761,0.0,-0.2861052369697667,drift
AGI,1331,1.0,4.972602739726027,0.4923495676759305,0.2401495100746472,-0.4968944099378882,0.29527559055118,0.1366459627329221,-0.6086956521739103,DOWN-LEG
AGI,1331,0.0,0.5573394495412844,0.4516660411482752,0.2245628691266288,-0.5093484067333262,0.33874239350912283,0.0,-0.6025218957699264,DOWN-LEG
AGI,1332,-0.8749999999998401,6.189497716894977,0.45251933629000535,0.8881283969965743,0.13056453618503708,0.3440643863179037,0.09947774185526836,-0.4289977617508139,drift
AGI,1332,-1.0,1.0193401592718998,0.4225059930722832,0.7998408323420768,0.19269020387866168,0.32796780684104504,0.04972650422675003,-0.45375435106911705,drift
AGI,1333,1.0,2.4489795918367347,0.42350292167097914,0.0726485367464185,0.347912524850889,0.29292929292929293,0.1988071570576428,-0.5032306163021812,DOWN-LEG
AGI,1333,-0.7777777777780024,0.9783845278725825,0.4337678376973366,0.024234797880388837,0.3173417957812152,0.3269230769230769,0.05600149337316228,-0.34845373654407996,drift
AGI,1334,-0.2142857142856679,0.2831050228310502,0.4260451506551734,0.06377826083411664,0.38552418853376724,0.3346228239845249,0.17410769804751783,-0.46635990548439243,drift
AGI,1334,-1.0,0.536697247706422,0.4350627498228503,0.013768518514750507,0.17422686827203998,0.34225621414914015,0.08711343413602707,-0.37956567730694474,drift
AGI,1335,-0.25925925925927173,1.817351598173516,0.40888092832556167,-0.05195409040677093,-0.062235499128703006,0.3346228239845249,0.16803584764750096,-0.20537714712471714,drift
AGI,1335,-0.5,1.4789533560864618,0.4098694222909455,-0.09727444296565366,-0.11207970112079418,0.3435114503816788,0.12453300124533001,-0.1556662515566625,FLAT
AGI,1336,1.0,0.4794520547945205,0.4210924047109267,-0.3755567512489262,-0.19915359721185247,0.3103448275862075,0.062235499128703006,-0.18048294747323024,FLAT
AGI,1336,-1.0,0.4793577981651376,0.44522009680198565,-0.4021330993139385,-0.3240481086807531,0.36210131332082496,0.1308655823518358,-0.04985355518165106,FLAT
AGI,1337,-0.48387096774194965,1.0273972602739727,0.43639446885954875,-0.09976596650240678,-0.2868188053373324,0.3726937269372699,0.1932909340316691,-0.11223344556677607,FLAT
AGI,1337,1.0,0.11009174311926606,0.4509372414127185,-0.030241332534112795,-0.28674728836802826,0.3458646616541325,0.024934546814617313,-0.13714000748036687,FLAT
AGI,1338,-1.0,0.22350230414746544,1.1327235768907309,-0.19518195321384654,-0.35538375210423456,0.35969868173257896,0.006234802668489871,-0.11846125070142097,FLAT
AGI,1338,1.0,1.348623853211009,1.0789115558228672,-0.06559953651739461,-0.199513685391846,0.3499043977055444,0.11222644803293111,-0.11222644803293111,FLAT
AGI,1339,-1.0,0.2465437788018433,1.1696307174277263,-0.07828981872200774,-0.35569422776911364,0.3644859813084112,0.08736349453978727,-0.02496099843994327,FLAT
AGI,1339,-1.0,0.9236111111111112,1.124712010559094,-0.10034743452122949,-0.3183520599250879,0.37037037037037035,0.08114856429462887,0.006242197253427531,FLAT
AGI,1340,0.5000000000001421,2.0,0.9541874950316371,-0.01049934926027894,-0.22455089820358712,0.3246753246753241,0.09980039920159114,0.04990019960079557,FLAT
AGI,1340,0.0,0.3773148148148148,0.9518878658987594,0.03609289635266161,-0.17465069860279156,0.3234200743494401,0.0,-0.03742514970060731,FLAT
AGI,1341,-1.0,4.338709677419355,1.019115072186383,-0.248868824886898,-0.4124484439445013,0.3591549295774627,0.18747656542932134,0.2437195350581092,drift
AGI,1341,0.0,0.19212962962962962,1.0278335686617808,-0.22823112396560558,-0.281214848143982,0.3132075471698096,0.0,0.36245469316335177,drift
AGI,1342,-1.0,0.3116279069767442,1.3086759496462042,-0.22119857400460127,-0.1436153605994352,0.28176795580110436,0.012488292226040927,0.280986575085857,drift
AGI,1342,0.0,0.0,1.3481538292566122,-0.2346711688738874,-0.16859194505151703,0.35672514619882983,0.0,0.31845145176396555,drift
AGI,1343,0.0,0.16389548693586697,1.4629729261452795,-0.22042642332897572,-0.14985950671246276,0.35672514619882983,0.0,0.21230096784265318,drift
AGI,1343,0.0,0.0,1.3326975212098506,-0.3068323389593865,-0.14985950671246276,0.33867735470942006,0.0,0.1623477989384895,FLAT
AGI,1344,-0.6250000000000355,0.711217183770883,1.275587645959627,-0.3223520807633089,-0.11245080277378364,0.4045174537987685,0.09995626913224895,0.1062035359530234,FLAT
AGI,1344,-0.7142857142857452,1.1071428571428572,1.1702609787648188,-0.31166367661298905,-0.06246096189881324,0.38842975206611585,0.13116801998750213,0.10618363522798535,FLAT
AGI,1345,1.0,0.7565632458233891,1.444904059637097,-0.33157347081668337,0.018709073900839073,0.28952772073921895,0.09978172747115117,-0.04989086373557559,FLAT
AGI,1345,0.0,0.0,1.513948460667595,-0.3316199387361805,0.018709073900839073,0.2975206611570289,0.0,-0.04989086373557559,FLAT
AGI,1346,1.0,0.3333333333333333,1.4916274941356464,-0.029766351758240325,0.23068769873433786,0.28952772073921895,0.04987842134797567,0.006234802668489871,FLAT
AGI,1346,0.0,0.033775633293124246,1.3253765202444496,-0.029879569441832468,0.23068769873433786,0.2921810699588445,0.0,-0.06234802668495542,FLAT
AGI,1347,-1.0,0.9878640776699029,1.4375399419731758,-0.09523630036568849,0.031210986267166042,0.1111111111111098,0.11860174781523664,0.05617977528090455,FLAT
AGI,1347,0.0,0.0364963503649635,1.4041448625717436,-0.09554393426370449,0.031210986267166042,0.0971128608923893,0.0,0.1310861423220917,FLAT
AGI,1348,0.0,0.0951219512195122,1.3865089777979165,-0.13818772084345923,0.031210986267166042,0.054945054945054805,0.0,0.18726591760299627,FLAT
AGI,1348,-0.8750000000001066,0.3374083129584352,1.5104430905252362,-0.17220571600971635,0.037450845764927854,0.002898550724635045,0.09986892203981707,0.1810124211971844,FLAT
AGI,1349,0.0,0.0,1.3793406168165872,-0.12053033386807648,0.08738530678483639,0.002898550724635045,0.0,0.13107796017727585,FLAT
AGI,1349,-1.0,0.3116564417177914,1.3915660064468354,-0.05927012634138579,0.06865988390237246,0.06832298136646095,0.006241807627497437,0.2559141127270543,drift
AGI,1350,1.0,0.9803439803439803,1.6236939630306737,-0.034441062032537356,0.031172069825436407,0.12418300653594568,0.043640897755613806,0.12468827930174563,FLAT
AGI,1350,-0.7500000000002132,0.24815724815724816,1.8342059460700613,-0.05647170906468031,-0.05615874204418389,0.16250000000000026,0.09983776363408892,0.031199301135654563,FLAT
AGI,1351,1.0,1.4692874692874693,2.2581643017171538,0.08842696694136672,0.012468050620274179,0.18849840255591235,0.09351037965214139,0.04363817717100215,FLAT
AGI,1351,1.0,0.09090909090909091,2.6485006892542122,0.10039574417843777,0.13075965130759085,0.11782477341389873,0.08717310087173667,-0.07471980074720083,FLAT
AGI,1352,0.0,0.19656019656019655,2.4422965703912087,0.2923861984938174,0.24906600249066002,0.0759493670886096,0.0,-0.11207970112079418,FLAT
AGI,1352,1.0,0.11576354679802955,2.5209201390349825,0.3251414486876304,0.28631893439561246,0.06918238993710746,0.03734594796464018,-0.14938379185857484,FLAT
AGI,1353,-1.0,0.2074074074074074,2.8299798141718493,0.32368054680422675,0.18069661661163255,0.14373088685014615,0.13708019191225734,-0.16823478098324166,FLAT
AGI,1353,-1.0,2.2586206896551726,2.333445123318213,-0.05513399328516666,0.12468050620285519,0.09677419354838568,0.04987220248115342,-0.062340253101427594,FLAT
AGI,1354,-0.6999999999998181,0.6938271604938272,2.4763216651682693,-0.14079346751033933,0.01872191712432488,0.1835443037974661,0.12481278082875685,-0.012481278082878522,FLAT
AGI,1354,-0.7142857142857452,1.103448275862069,2.4863261325506634,-0.22373564347811167,0.03743682535721822,0.14285714285713863,0.1310288887502283,0.07487365071442226,FLAT
AGI,1355,0.0,0.024691358024691357,2.281279142330676,-0.4071092912128305,-0.08111312160728486,0.13442622950819375,0.0,0.08111312160728486,FLAT
AGI,1355,0.0,0.0,2.281279142330676,-0.3873314396627676,0.006239470892876797,0.11111111111110941,0.0,0.062394708928682846,FLAT
AGI,1356,1.0,1.0,2.2724417234146257,-0.46827380403388397,-0.006234413965081611,0.09271523178807782,0.08104738154613184,-0.11845386533666402,FLAT
AGI,1356,-1.0,0.0875,2.425788237467688,-0.511001378571293,-0.1933994634724505,0.0616438356164367,0.08734169318110073,-0.0499095389606452,FLAT
AGI,1357,0.0,0.0,2.3728945282574094,-0.5242008807406959,-0.1933994634724505,0.031802120141337986,0.0,-0.05614823133071876,FLAT
AGI,1357,1.0,0.002506265664160401,2.5816317873043295,-0.5490902490961002,-0.15585063275356897,0.0034364261168432137,0.07480830372170177,-0.1309145315129923,FLAT
AGI,1358,1.0,0.5137844611528822,2.6154503564675275,-0.4059551621416051,0.00623052959500991,0.037037037037034204,0.056074766355145855,-0.08722741433022374,FLAT
AGI,1358,0.0,0.07575757575757576,2.6733431642085588,0.027990813141818217,0.056074766355145855,0.037037037037034204,0.0,-0.18068535825545737,FLAT
AGI,1359,1.0,0.5241730279898219,2.660361443336395,0.22895441354086388,0.11220546066574956,0.058419243986256496,0.13090637077671963,-0.19324273781324874,FLAT
AGI,1359,1.0,0.6369426751592356,2.8826254843895884,0.5236486947441285,0.2179056157390113,0.13725490196078724,0.10583987050180833,-0.3237454862408196,drift
AGI,1400,-1.0,0.15816326530612246,2.859276983497949,0.5165365999448079,0.20547945205479168,0.09459459459459407,0.012453300124535834,-0.1743462017434592,FLAT
AGI,1400,-1.0,0.18950064020486557,3.1281604457401215,0.47229547210164335,0.02495165616616952,0.003076923076927296,0.18089950720479642,0.062379140415445074,FLAT
AGI,1401,0.6250000000000355,1.0408163265306123,3.329102482112477,0.5034933345224918,0.049850448654035054,0.14743589743589539,0.09970089730807011,-0.04361914257228598,FLAT
AGI,1401,0.0,0.0,3.0296148528407816,0.5271156759545117,0.11839481555333148,0.14743589743589539,0.0,0.21809571286141574,drift
AGI,1402,-1.0,0.002570694087403599,3.206885886249319,0.538525933204544,0.08103727714748502,0.08852459016393657,0.0374018202219118,0.08727091385113225,FLAT
AGI,1402,1.0,0.05405405405405406,3.1224128383157375,0.5503394783813695,0.006233636703661415,0.08852459016393657,0.09350455055479366,0.04986909362922046,FLAT
AGI,1403,-1.0,0.3118556701030928,3.143587804206157,0.31942891731841255,-0.1747597054050652,0.02153846153846309,0.12482836100362002,0.2371738859068752,drift
AGI,1403,-1.2631870857957655e-13,1.945945945945946,3.3154330837845793,0.31942891731834366,-0.11852036678935132,0.04790419161676426,0.11228245274779831,0.08733079658162879,FLAT
AGI,1404,-1.0,0.07216494845360824,3.426530093162854,0.16616635428045556,-0.12482836100362002,0.04477611940298568,0.11234552490325517,0.15603545125452503,FLAT
AGI,1404,0.0,0.038910505836575876,4.324555953375417,-0.007345919341864273,-0.14340046137539464,0.08309455587392897,0.0,0.03740881601096758,FLAT
AGI,1405,0.3103448275862285,0.9530026109660574,3.830137281405811,0.12612925551365453,-0.12468827930174563,0.0153846153846156,0.18079800498753684,-0.012468827930177399,FLAT
AGI,1405,1.0,0.14416775884665792,3.8223620197528234,0.22224276649789645,0.037413481324445746,0.006097560975611235,0.09976928353184114,-0.04364906154517961,FLAT
AGI,1406,-1.0,0.1631578947368421,4.373009934273492,-0.0174148811349156,-0.1685288059422037,0.05294117647059429,0.09986892203983125,0.05617626864740597,FLAT
AGI,1406,0.0,0.04473684210526316,4.1460611177282045,-0.0174148811349156,-0.1685288059422037,0.05294117647059429,0.0,0.043692653392425285,FLAT
AGI,1407,0.0,1.8473684210526315,3.303174780909345,-0.01805651689796399,-0.13732833957553342,0.0,0.0,0.10611735330836738,FLAT
AGI,1407,0.0,0.0,3.0826952479205625,-0.03551114989925761,-0.13732833957553342,0.0,0.0,0.20599250936329305,drift
AGI,1408,0.8823529411763132,0.19473684210526315,3.3416544302615,0.11773411236114116,0.08730356697429931,0.0473372781065072,0.1060114741830909,0.043651783487156745,FLAT
AGI,1408,-1.0,0.42744063324538256,3.488198602895066,-0.014986741554193923,-0.06241807627488922,0.0,0.1061107296673145,0.1373197678047591,FLAT
AGI,1409,-1.0,2.581578947368421,2.8677185244577337,-0.6585943936621866,-0.06870276684780066,0.027624309392265678,0.2810567734682406,0.19986259446630725,FLAT
AGI,1409,-1.0,0.17150395778364116,2.7033985299612286,-0.7101243393376525,-0.1811367895065641,0.030303030303028406,0.1561524047470331,0.20612117426608087,drift
AGI,1410,1.0,0.2671957671957672,2.9884010112756343,-0.7571856319598976,-0.04990019960079557,0.02185792349726698,0.13722554890219843,0.031187624750499,FLAT
AGI,1410,1.0,0.45152722443559096,2.614419702499401,-0.6628762098475091,0.024936101240562534,0.04155124653739727,0.05610622779127633,-0.024936101240562534,FLAT
AGI,1411,0.0,0.6186666666666667,2.4618779086454197,-0.6923424565115087,0.12468050620285519,0.0,0.0,-0.1620846580637061,FLAT
AGI,1411,1.0,1.5670650730411686,2.718395199705589,-0.2016047772788107,0.38550021762109343,0.062330623306233596,0.26114530871106423,-0.404153453957595,drift
AGI,1412,0.018181818181801646,0.3333333333333333,2.9274678284848226,-0.19989700139888944,0.22421524663676565,0.010101010101012654,0.34255107125062284,-0.23667164922770023,drift
AGI,1412,-1.0,2.148738379814077,2.5714801907048668,-0.6852448816519077,0.1869158878504673,0.04040404040403913,0.04984423676012178,-0.2990654205607448,drift
AGI,1413,1.0,0.344,2.452651495350841,-0.6406004114705757,0.14943960149440166,0.028277634961437845,0.09339975093399751,-0.4919053549190592,drift
AGI,1413,-1.0,1.9893758300132802,2.5245769184684357,-1.0347267315377795,0.14957930819570528,0.010101010101012654,0.17450919289498001,-0.4799002804612057,drift
AGI,1414,-1.0,0.04,2.4499600420155105,-0.4270088041675773,0.22434099831745102,0.060367454068241504,0.08101202717018473,-0.5047672462142542,DOWN-LEG
AGI,1414,-1.0,1.0,2.1354476423489457,-0.6263118619573675,0.21813649111872857,0.047368421052631234,0.1371143658460608,-0.49236522281085016,drift
AGI,1415,-0.8571428571428339,0.5973333333333334,2.255230749914455,-0.7933662455328403,0.03741114852225397,0.02842377260981724,0.1745853597705563,-0.7606933532859487,DOWN-LEG
AGI,1415,-1.0,2.2693333333333334,2.0246747373182603,-1.2703384505763438,-0.06862133499687517,0.007594936708859739,0.049906425452274146,-0.567685589519645,DOWN-LEG
AGI,1416,0.0,0.037333333333333336,1.8834836906452708,-1.3458524731836834,-0.06862133499687517,0.026178010471204625,0.0,-0.6862133499688085,DOWN-LEG
AGI,1416,-1.0,0.34759358288770054,1.8699330558500813,-1.7481631435102882,-0.34314948839530823,0.0026809651474567764,0.012478163214377683,-0.5864736710756092,DOWN-LEG
AGI,1417,0.12500000000001776,0.1581769436997319,2.1604791194271855,-1.7433003024737812,-0.11847602419404275,0.020942408376962384,0.09976928353184114,-0.6983849847228313,DOWN-LEG
AGI,1417,-1.0,0.040268456375838924,2.324753608292239,-1.2769195578093901,0.018688095683047065,0.03108808290155584,0.006229365227691798,-0.6852301750451629,DOWN-LEG
AGI,1418,-1.0,0.02956989247311828,2.2854956852249733,-1.3980497352732213,-0.10596521847535034,0.01808785529715899,0.062332481456086775,-0.5796920775416041,DOWN-LEG
AGI,1418,0.0,0.013477088948787063,2.1832924424739972,-0.9487542665814986,-0.012466496291220187,0.01808785529715899,0.0,-0.6108583182696475,DOWN-LEG
AGI,1419,0.0,0.03513513513513514,2.5012882725909615,-0.9697135386235576,-0.024932992582440375,0.0026385224274382587,0.0,-0.7355232811818211,DOWN-LEG
AGI,1419,0.0,0.04625850340136054,2.5137183276590687,-0.7672783255225548,-0.012466496291220187,0.05292479108635405,0.0,-0.6918905441625575,DOWN-LEG
AGI,1420,-1.0,0.04657534246575343,2.3407582537570235,-0.6593735122066043,-0.006235580220733868,0.06336088154269935,0.03741348132443157,-0.7420340462680108,DOWN-LEG
AGI,1420,0.0,0.019230769230769232,2.2998376513976964,-0.1087274461308218,0.04364906154517961,0.017964071856291827,0.0,-0.8418033297998377,DOWN-LEG
AGI,1421,-1.0,1.6,2.4188858243397156,-0.4668947919247502,-0.09366219169528567,0.09734513274336319,0.17483609116453042,-0.7180768029971901,DOWN-LEG
AGI,1421,0.0,0.5686813186813187,2.0750542089011157,-0.38592587686693125,-0.06242976651267324,0.08771929824561567,0.0,-0.6242976651267325,DOWN-LEG
AGI,1422,0.0,0.011019283746556474,1.73726606474556,-0.3905801227188262,-0.11861655637408483,0.0714285714285753,0.0,-0.6055687351729333,DOWN-LEG
AGI,1422,-1.0,1.9285714285714286,1.9339547054553197,-0.7400505330648913,-0.3187101612298406,0.11363636363636569,0.0874890638670081,-0.39370078740157194,drift
AGI,1423,-1.0,3.073972602739726,1.6939583020256876,-1.1970553366268286,-0.38796070333521343,0.1161473087818752,0.13140604467806374,-0.012514861397898636,FLAT
AGI,1423,0.32432432432431185,51.61632653061225,0.3664803583806787,1.0458149203887876,-0.46968937875751504,0.17647058823529488,0.46342685370740627,0.07515030060120526,FLAT
AGI,1424,-1.0,2.348648648648649,0.35357100011012316,0.7572989992703287,-0.48227483402230026,0.16000000000000494,0.08768633345860523,0.0,FLAT
AGI,1424,-1.0,0.08163265306122448,0.3534591582460371,0.7478638613708348,-0.48227483402230026,0.2192192192192265,0.08768633345860523,0.45722159589128036,drift
AGI,1425,-0.3157894736842263,5.359459459459459,0.434809260890231,0.5675198222378353,-0.7602412666499206,0.3246073298429359,0.47750691128423656,0.7665242523247076,UP-LEG
AGI,1425,0.43750000000009326,3.0754716981132075,0.46638741073465156,0.6759956161845581,-0.6148440931049598,0.24378109452736177,0.20076541815672536,0.6022962544701618,UP-LEG
AGI,1426,-0.8095238095237786,1.7016129032258065,0.5005066327513468,0.6748947233994764,-0.5967336683417085,0.24938271604938048,0.13190954773870203,0.628140703517588,UP-LEG
AGI,1426,1.0,1.4791946308724833,0.5206680864359675,0.7821318463580318,-0.5271745952052129,0.20763723150357516,0.13806953683946563,0.5271745952052129,UP-LEG
AGI,1427,-0.7272727272727743,1.737265415549598,0.5096710439265358,0.6537615368033368,-0.5839874411302954,0.22248243559718828,0.13814756671899814,0.665620094191517,UP-LEG
AGI,1427,1.0,0.8214765100671141,0.5090962364628147,0.8682905338511999,-0.3700683685630114,0.17303370786516867,0.14426394028727055,0.48297058270087473,drift
AGI,1428,1.0,7.873994638069705,0.45464611679793254,1.5310965995845367,-0.19435736677115417,0.1972477064220146,0.18808777429467086,0.46394984326019373,drift
AGI,1428,-1.0,1.6550802139037433,0.45574389441839913,0.21995821615744598,-0.14424584509250266,0.17840375586854093,0.21323298839762253,0.783944810285356,UP-LEG
AGI,1429,-1.0,0.5201072386058981,0.49294736066072486,0.3607701898521216,-0.2574568288853946,0.1972477064220146,0.12558869701726844,0.9105180533751962,UP-LEG
AGI,1429,0.7692307692307961,0.9530201342281879,0.5015034527357848,0.4159440443292169,-0.21340697966356162,0.1764705882352911,0.1631935726839009,0.9163946773788545,UP-LEG
AGI,1430,1.0,0.0913978494623656,0.5170810386857073,0.5458403294758548,0.01256439251162492,0.26267281105990664,0.01884658876743024,0.9800226159065294,UP-LEG
AGI,1430,-1.0,0.6630727762803235,0.5445466632135705,0.39927887178779203,-0.23267513520312194,0.315192743764165,0.10061627468242416,0.9810086781536856,UP-LEG
AGI,1431,-0.21428571428576648,1.2553763440860215,0.5075596243983727,0.4769523379109232,-0.12578616352201258,0.3182844243792259,0.17610062893081477,1.5471698113207488,UP-LEG
AGI,1431,1.0,1.1409395973154361,0.533396696785192,0.45626237918448775,-0.10051514009298508,0.39379474940333614,0.1005151400929708,1.6459354190224933,UP-LEG
AGI,1432,0.07692307692300517,0.9489247311827957,0.5334665141126651,0.5525825330922517,-0.025124049996865204,0.3417721518987302,0.24495948746938578,1.5576910998053002,UP-LEG
AGI,1432,1.0,1.0013422818791946,0.5429205815332745,0.5778458192193362,-0.025095677269581753,0.2727272727272656,0.11293054771316781,1.2798795407490973,UP-LEG
AGI,1433,1.0,6.648793565683646,0.5563659439168075,0.4361969988567067,0.18148820326679332,0.1853546910755097,0.09387320858626948,1.0388635083547098,UP-LEG
AGI,1433,1.0,0.3624161073825503,1.2145326773896117,0.5862674801102612,0.2190237797246558,0.1536643026004705,0.006257822277841618,1.113892365456818,UP-LEG
AGI,1434,-1.0,5.458445040214477,1.172781611882099,0.22845097765195393,0.2567956908430358,0.18620689655172434,0.08768633345860523,1.4530878115996522,UP-LEG
AGI,1434,0.9047619047619357,4.654155495978553,1.317277449075108,0.42436697683094543,0.6671238855290258,0.011857707509879434,0.523723424153617,0.966394413616809,UP-LEG
AGI,1435,-1.0,0.3672922252010724,1.2763153617538483,0.3979865402697069,0.7482229704451927,0.0,0.037411148522268144,0.8230452674897147,UP-LEG
AGI,1435,0.6250000000000355,0.4161073825503356,1.2764864982380675,0.4668079104906455,0.8294356096039883,0.010101010101009916,0.09978172747115117,1.0539444964140998,UP-LEG
AGI,1436,-1.0,1.2949061662198391,1.2720103718622815,0.39587491081705906,0.7490636704119851,0.01960784313725455,0.09363295880149813,1.0799001248439422,UP-LEG
AGI,1436,-1.0,0.7409395973154362,1.2439477153805456,0.2810282626860087,0.6242976651267325,0.01960784313725455,0.012485953302537487,1.0113622175053094,UP-LEG
AGI,1437,1.0,0.005376344086021506,1.3202710780221067,0.2770502329970914,0.6861705445698959,0.011673151750975242,0.08109288254007577,0.954400848356321,UP-LEG
AGI,1437,-1.0,0.016172506738544475,1.3168285083073024,0.2162767255136224,0.5056179775280842,0.06483300589390775,0.06866416978775962,1.0049937578027408,UP-LEG
AGI,1438,1.0,4.317204301075269,1.4458475570662004,0.07132959763123801,0.28082875686470293,0.03777335984095091,0.062406390414378426,0.8736894658012979,UP-LEG
AGI,1438,1.0,2.0161073825503357,1.6383411785311368,0.15978563192838308,0.5600497822028625,0.0491803278688526,0.28624766645923516,0.4418170504044748,drift
AGI,1439,-1.0,1.9892761394101877,1.470057232914029,0.3404597457095276,0.6471686372122023,0.0491803278688526,0.09334163036714374,0.5476042314872405,UP-LEG
AGI,1439,0.7999999999999545,0.18523489932885906,1.5083119789743005,0.12365917655173349,0.242567483517842,0.06283662477558266,0.12439358129120537,0.7836795621346024,UP-LEG
AGI,1440,0.384615384615573,0.026881720430107527,1.4607095674367367,0.14381360492764936,0.2239641657334911,0.06666666666666667,0.08087594873708812,0.5910165484633569,UP-LEG
AGI,1440,-0.3000000000000682,1.3020134228187918,1.4325109157294018,0.10866672672174607,0.1432307883920759,0.03677758318738842,0.24909702329057168,0.7348362187071836,UP-LEG
AGI,1441,0.8524590163934282,13.193029490616622,1.3710521262323243,0.6849201752792198,0.7803790412486009,0.2056514913657733,0.7556051034311932,0.08051529790661353,FLAT
AGI,1441,0.0,15.533512064343164,1.0876545879418678,0.7196474782053914,1.0012360939431424,0.2425149700598778,0.3461063040791044,-0.055624227441291155,FLAT
AGI,1442,-0.45454545454541695,22.95710455764075,0.8133450833735693,0.20460537537975462,0.853485064011391,0.22238586156111878,0.27212567258333004,0.31541839322159126,drift
AGI,1442,-1.0,1.4358288770053476,0.8245956054625029,0.1457549151232709,0.7619401598215917,0.20464441219157772,0.27875859505668094,0.8486650560614536,UP-LEG
AGI,1443,0.28205128205125213,4.933333333333334,0.763200181634454,0.024058815335092857,0.7494580365438159,0.2447761194029831,0.24156085475379938,0.7061009600495566,UP-LEG
AGI,1443,-0.39534883720931707,1.648,0.7753310296273597,-0.10828141672611437,0.5446218591409799,0.28358208955223496,0.2661220448075229,0.7797994801336884,UP-LEG
AGI,1444,1.0,1.0453333333333332,0.8737493713638506,0.04888312807183157,0.7902210149401133,0.3276836158192057,0.24694406716878628,0.5062353376960147,UP-LEG
AGI,1444,1.0,0.36533333333333334,0.7681608030633008,0.06012514548984737,0.7163146844510396,0.3202247191011229,0.14820303816228794,0.5310608867481726,UP-LEG
AGI,1445,0.0,1.0906666666666667,0.8117822661655671,0.06091998676270679,0.5936920222634452,0.37026239067055083,0.0,0.6184291898577613,UP-LEG
AGI,1445,1.0,9.02257636122178,0.7885717051122668,0.5136154102293465,0.9010120957788285,0.3802008608321338,0.2530239447050195,0.7158726240434404,UP-LEG
AGI,1446,-0.40740740740742615,8.544973544973544,0.7168678971806128,-0.19444838540390919,0.29024887296980456,0.39622641509433454,0.3334774285184872,0.7719384919409622,UP-LEG
AGI,1446,-1.0,0.7649402390438247,0.7366862518186824,-0.23270167616100682,0.0,0.3575581395348791,0.0803461063040763,0.8529048207663755,UP-LEG
AGI,1447,-0.333333333333207,3.2857142857142856,0.6945353661208533,0.21004124489890805,0.09268413247652002,0.3792093704245952,0.07414730598121881,0.8341571922886801,UP-LEG
AGI,1447,-1.0,0.4063745019920319,0.6773922234266481,0.26023500263334126,0.234843334775351,0.3562874251496953,0.09270131635869229,0.982633953402144,UP-LEG
AGI,1448,-1.0,0.8186666666666667,0.7270168526608275,0.16828782321879182,0.11754516208859755,0.31563421828908395,0.11135857461024216,0.8970551843603067,UP-LEG
AGI,1448,-1.0,3.8831341301460824,0.6705398557726595,-0.001891167774759432,-0.1053218511864225,0.28160919540229423,0.24162071742767433,1.084195526919026,UP-LEG
AGI,1449,0.7499999999997158,0.14933333333333335,0.7151182977173602,-0.049678210321748295,-0.24755539051862854,0.33621933621933137,0.049511078103736963,1.2439658373561169,UP-LEG
AGI,1449,1.0,6.143426294820717,0.7354840052727541,0.2312603365003807,0.06171315724512466,0.37158469945354766,0.36410762774624106,1.0306097259935705,UP-LEG
AGI,1450,-1.0,0.64,0.7834761368785976,0.19932103739972648,-0.0061846743768884304,0.3333333333333313,0.21646360319129196,1.057579318448878,UP-LEG
AGI,1450,-0.06666666666675762,0.872,0.7713374073827257,-0.23581960732253987,-0.17309594460930897,0.36827956989246746,0.185459940652819,1.3971315529179116,UP-LEG
AGI,1451,-1.0,0.02666666666666667,0.751858300843471,-0.06925716910960313,-0.2104090599665736,0.34123847167325305,0.10520452998327978,1.6151989603316979,UP-LEG
AGI,1451,-0.41463414634153917,22.648,0.6522651865357383,-0.43975530673390406,-0.05565518520809418,0.3359893758300109,0.2535402881701756,1.4161152680724811,UP-LEG
AGI,1452,1.0,4.64,0.9019270725642227,-0.17981397609359884,0.2219482120838415,0.37421777221526764,0.35141800246609406,1.3255240443896426,UP-LEG
AGI,1452,0.8749999999999734,16.193891102257638,0.8121918369536941,0.37727478086939276,0.6081081081081137,0.4054696789536238,0.39312039312039876,0.9152334152334207,UP-LEG
AGI,1453,-1.0,8.989417989417989,0.8095815021679627,0.07409560885212499,0.5842917768620456,0.3406326034063249,0.19066363244971454,1.1501322344547522,UP-LEG
AGI,1453,1.0,6.807387862796833,0.7859343845823225,0.4344149532354346,0.8781626136084612,0.35933806146572056,0.2763448784082535,0.7123556865634922,UP-LEG
AGI,1454,-1.0,3.113157894736842,0.7091599384058564,0.33032694078629965,0.7493857493857522,0.3755980861244014,0.04914004914004634,0.6633906633906607,UP-LEG
AGI,1454,-1.0,0.7915567282321899,0.6994192229306684,0.09284796655190056,0.4668304668304612,0.3158584534731304,0.08599508599509158,0.7862407862407834,UP-LEG
AGI,1455,0.42857142857142855,5.868421052631579,0.6445289829407549,0.20214780830226362,0.6207744314689557,0.3005181347150263,0.21511985248924403,0.27658266748617083,drift
AGI,1455,1.0,7.315789473684211,0.6800009579163263,0.43527530720368146,0.8823529411764761,0.3479853479853476,0.30637254901960786,0.07352941176470867,FLAT
AGI,1456,0.6842105263158147,4.994736842105263,0.6894092508442501,0.5400703760915653,0.974384115700445,0.3697270471464008,0.11643583772520308,0.5208971687706827,UP-LEG
AGI,1456,1.0,5.182175622542595,0.6386725600868454,0.9767433906257447,0.900845691874007,0.37313432835820853,0.1103076357396712,0.2267434734648882,drift
AGI,1457,-0.13513513513507203,17.242819843342037,0.5568921467229299,0.7448292018339389,0.6066548195355164,0.3636363636363647,0.226729579018325,0.23898523193822313,drift
AGI,1457,0.37931034482754294,8.897535667963684,0.5416017201747728,0.40587278672732585,0.36719706242350064,0.39900249376558466,0.1774785801713642,0.1101591187270474,FLAT
AGI,1458,-0.9374999999999156,2.3608247422680413,0.5524114727542645,0.6163348385981396,0.3065791894046232,0.3437876960193,0.19621068121896162,0.1532895947023116,FLAT
AGI,1458,-0.38461538461545186,1.05019305019305,0.5436061454234102,0.4008575774754,0.19612650159351672,0.31139240506328997,0.15935278254474972,0.3187055650894855,drift
AGI,1459,0.5925925925926332,20.298200514138816,0.49461927814875023,0.8131565405764973,0.48291460358213156,0.3469387755102044,0.3300935264991803,0.006112843083312491,FLAT
AGI,1459,0.8461538461538058,6.358514724711908,0.45479590974004547,0.9572914139802188,0.5558609736729527,0.3500597371565106,0.1588174210494111,0.024433449392223507,FLAT
AGI,1500,-0.3061224489795862,7.997448979591836,0.42742983272373747,0.8042631290263081,0.42839657282741733,0.307870370370369,0.29987760097919774,0.17135862913096417,FLAT
AGI,1500,0.7866666666666788,28.783163265306122,0.4080281058044954,1.0722955747147325,0.4999390318253899,0.378021978021979,0.45726130959639066,-0.20729179368370265,drift
AGI,1501,0.24999999999998224,17.354591836734695,0.37196553995273307,1.1410628106376317,0.6211936662606605,0.32619047619047725,0.19488428745432676,-0.26796589524970105,drift
AGI,1501,-1.0,30.89936305732484,0.36093157107821755,0.1968570056956825,0.5000000000000028,0.26634382566585985,0.12804878048779933,-0.07317073170731984,FLAT
AGI,1502,0.75,10.366412213740459,0.3396851144260827,0.4137341252113842,0.705810769698808,0.31294117647058717,0.2433830240340736,-0.21904472163066072,drift
AGI,1502,0.08333333333344387,17.09090909090909,0.29655819057236255,0.37352651374637885,0.541724998478306,0.34457831325301463,0.14608314565707536,-0.09738876377138818,FLAT
AGI,1503,0.25925925925920934,15.208020050125313,0.2842004405840669,0.49857347879522473,0.8330293080384178,0.3562130177514801,0.16417365924843844,-0.34050833029307487,drift
AGI,1503,-0.8666666666666364,20.31578947368421,0.28087488614195993,0.11968676943877882,0.5121951219512251,0.2756264236902071,0.3658536585365854,-0.09756097560975056,FLAT
AGI,1504,-0.8620689655172143,4.934837092731829,0.28378729955590437,-0.19047566936220495,0.17695875030509298,0.2235294117647071,0.17695875030510685,-0.024408103490350476,FLAT
AGI,1504,-0.5428571428571688,12.9175,0.28209909604822747,-0.41429506203575933,0.22549975621648255,0.24711316397228572,0.21331058020477817,-0.17064846416381976,FLAT
AGI,1505,-1.0,15.423940149625935,0.3217676120553189,-0.6145193545365172,-0.15323322096230463,0.15508021390374407,0.6068035550107319,0.398406374501992,drift
AGI,1505,0.7192982456140533,9.421836228287841,0.29852153802998466,-0.889341032093635,-0.42860641685035517,0.13943355119825734,0.3490080822924348,0.3367621846681362,drift
AGI,1506,0.6699029126213489,14.45679012345679,0.3273135908467428,-0.7695522786087179,-0.10363957812595534,0.2147239263803697,0.6279339145278275,-0.17679692739132252,FLAT
AGI,1506,-0.40909090909091145,5.0344827586206895,0.3550245877969076,-0.28497419793575324,-0.2751452155304189,0.1727541954590338,0.2690308774075123,0.17731580556405324,FLAT
AGI,1507,-1.0,6.15970515970516,0.3706316236390437,-0.5101261535824155,-0.4707176916493487,0.17193675889328075,0.22007580388801423,0.17728328646534364,FLAT
AGI,1507,-1.0,1.285012285012285,0.36851407190318786,-0.5532080074177732,-0.43403839100135333,0.17542120911794082,0.14060398581733433,0.17117006969066845,FLAT
AGI,1508,-1.0,4.238329238329238,0.36113880325312436,-0.6798735802013554,-0.6856862985184166,0.16732283464567094,0.281621158320063,0.26937676013223116,drift
AGI,1508,0.5348837209302276,4.306748466257669,0.3727248367144404,-0.35659112361781775,-0.1955034213098757,0.22103213242454076,0.26270772238513895,-0.0794232649071331,FLAT
AGI,1509,-0.06250000000001332,1.3799019607843137,0.3791126033633065,-0.2883738301457449,-0.17114914425427594,0.19842829076621143,0.19559902200489276,0.030562347188264057,FLAT
AGI,1509,1.0,3.5465686274509802,0.3853778392631684,-0.1148321960583868,-0.20152671755724913,0.17325227963526016,0.15267175572519084,-0.05496183206107426,FLAT
AGI,1510,-1.0,1.5784313725490196,0.37967893319119245,0.11421423151240885,0.32380254154447424,0.2075078206465086,0.04887585532746545,-0.04887585532746545,FLAT
AGI,1510,-0.5,2.1666666666666665,0.3818084122609331,-0.01660829048131477,0.2199413489736015,0.20168067226891084,0.048875855327479345,-0.08553274682306107,FLAT
AGI,1511,0.14285714285709644,1.821078431372549,0.405194400944204,-0.173175062169252,-0.1648754274548147,0.23011664899257783,0.17098192476795035,-0.14655593551538004,FLAT
AGI,1511,0.1666666666666193,3.6401468788249693,0.46657047467173396,-0.1331678481461055,0.20136685379545735,0.2301166489925797,0.14644862094214448,-0.41493775933609683,drift
AGI,1512,0.023255813953520346,9.136919315403423,0.4455682059421404,-0.023448224448303922,0.25001524483201026,0.19779005524862178,0.26221111043356027,-0.3658759680468321,drift
AGI,1512,0.6111111111110761,1.8925518925518925,0.5019813601565146,0.02070886060875484,0.3351002254310607,0.15483119906868587,0.2193383293730524,-0.444769390117587,drift
AGI,1513,-0.6000000000000606,3.202439024390244,0.5557925118520244,0.06540253302370494,0.3416717510677187,0.15214866434378702,0.18303843807199513,-0.2501525320317211,drift
AGI,1513,-1.0,2.048661800486618,0.5921559551624428,-0.01869214163101445,0.09765625000000833,0.11876484560570225,0.0427246093749889,-0.20751953125000555,drift
AGI,1514,-0.5,6.279126213592233,0.5675216912548345,-0.07897502665374218,0.14648437500000555,0.12410501193317706,0.244140625,0.09765624999999445,FLAT
AGI,1514,-0.5862068965517674,2.376357056694813,0.602143661546875,-0.17541682184936463,0.030525030525030524,0.11876484560570225,0.17704517704516873,0.10989010989010711,FLAT
AGI,1515,1.0,2.537170263788969,0.5280577193550781,-0.0939998257455352,0.07326007326007604,0.13221153846154018,0.14652014652015208,-0.4334554334554279,drift
AGI,1515,-0.2380952380952484,5.708133971291866,0.531937105678779,-0.10272605980782143,0.11594556660768236,0.08491761723701058,0.12815036309268987,-0.4088606822481263,drift
AGI,1516,-1.0,1.3126491646778042,0.5069814573572768,-0.13612760828500553,-0.012214486380836576,0.0700000000000027,0.073286918285075,-0.47636496885307084,drift
AGI,1516,1.0,2.9047619047619047,0.43822165729133217,-0.08887928692856564,-0.024414062499991673,0.0814814814814843,0.06103515625,-0.3112792968750083,drift
AGI,1517,-0.3684210526314656,9.91686460807601,0.41334740033270545,-0.16864986339523322,-0.07322877891011444,0.08374384236453282,0.11594556660768236,-0.32952950509550805,drift
PROTEAN,0930,-0.8888888888888609,2.848786972416085,0.668716186653622,0.04294695977425851,1.6344867138214618,0.4977099236641251,0.3441024660676648,1.873446759701769,UP-LEG
PROTEAN,0930,-0.533333333333303,0.9843037974683544,0.6544893204811645,0.08690723448218429,1.646405666698578,0.4772036474164163,0.28716377907533264,2.048434957404026,UP-LEG
PROTEAN,0931,0.309090909090876,3.228647391159854,0.6086591681638989,0.3214026971345904,2.253413539577954,0.49401197604790703,0.5251599350711353,1.909672491167765,UP-LEG
PROTEAN,0931,-0.9736842105262804,4.519186668705091,0.588245792363137,-0.1570829330131588,1.1058755649581689,0.41761363636363935,0.7308395037984552,2.7021829022021255,UP-LEG
PROTEAN,0932,0.7692307692306414,1.8023782559456398,0.5640118615517289,-0.36078910472689385,-0.21121351766513496,0.43462897526502003,0.24961597542244016,3.0529953917050867,UP-LEG
PROTEAN,0932,0.2727272727272602,1.9489361702127659,0.5642259500096428,-0.19682468432637798,0.29650884744140693,0.46185852981969816,0.6312769010043172,3.0894308943089386,UP-LEG
PROTEAN,0933,0.5454545454545549,2.365041300293099,0.546689884943791,0.013671025808935311,0.33396946564885494,0.4599860821155217,0.4198473282442835,2.480916030534351,UP-LEG
PROTEAN,0933,-0.5384615384615923,0.9974622679310805,0.5360594866140189,-0.3747202959467356,-0.2862595419847328,0.48268551236749396,0.24809160305342645,2.4427480916030446,UP-LEG
PROTEAN,0934,0.24528301886791806,5.509459099387157,0.481481300764716,-0.0590217955467622,0.6359149582384035,0.5013623978201661,1.0060744115413733,2.2209567198177766,UP-LEG
PROTEAN,0934,0.5918367346938662,2.6198179979777554,0.43910251952925,0.007596350622627162,0.6446719757299919,0.5054054054054082,0.46454304133483726,2.38907849829352,UP-LEG
PROTEAN,0935,0.0,3.0403943255590287,0.3357799313290556,0.20046313899734142,0.8810990052107963,0.49307479224377043,0.47370914258645197,2.899099952629077,UP-LEG
PROTEAN,0935,-0.22222222222220117,2.0317087492660013,0.33477220391343865,0.19698173925965917,1.1168954093705588,0.4873949579831963,0.34074775201137114,2.602934216753431,UP-LEG
PROTEAN,0936,-0.3142857142856883,2.7210743801652892,0.3064215839853355,0.021255003949719346,0.8989401968205906,0.47526881720430386,0.33118849356548075,2.0628311884935613,UP-LEG
PROTEAN,0936,-0.533333333333303,0.6846741045214327,0.3052715051985721,0.3478102471025447,1.4032426282355128,0.4773869346733701,0.2844410732909832,1.905755191049579,UP-LEG
PROTEAN,0937,-0.5192307692307734,5.623278236914601,0.24748053371634504,-0.09298431992622186,0.6201698311229845,0.41443298969072395,0.9922717297967839,2.4711382501669776,UP-LEG
PROTEAN,0937,0.35185185185184914,3.8753149994521747,0.2616143697107491,0.007695432989279141,0.9568018188707759,0.449770190413659,1.0231148162182604,4.480863963622602,UP-LEG
PROTEAN,0938,1.0,3.3401802557115907,0.2690452945404245,0.2392576596112916,1.0947527368818337,0.4600515463917543,0.4624386560966274,3.859947149867884,UP-LEG
PROTEAN,0938,-0.48571428571423375,2.9221513872676663,0.24375872454167047,0.1115763238610534,1.2438748586505886,0.4980443285528064,0.32981530343007914,3.7033546928005987,UP-LEG
PROTEAN,0939,-0.6666666666667088,2.4535029846057177,0.24451284595800374,-0.19063466634029352,0.3310945038312364,0.45904761904762076,0.5108315201967518,4.200170277173408,UP-LEG
PROTEAN,0939,-0.6170212765957097,1.7766105360729183,0.23315611364379013,-0.4297078477875706,0.25531914893617447,0.45870393900889656,0.4444444444444488,4.680851063829787,UP-LEG
PROTEAN,0940,1.0,3.7142857142857144,0.24275850137871374,0.021278904332073075,0.9664102082942349,0.47730061349693426,0.7787577406642855,3.6310752486395237,UP-LEG
PROTEAN,0940,0.3599999999998545,3.268462335355927,0.22090029300244693,0.18120132512084242,0.900478379138909,0.47309833024118886,0.2344995779007598,4.080292655473221,UP-LEG
PROTEAN,0941,0.7446808510637742,4.055667724257283,0.2018080532802487,0.5382244571160018,0.9837908741684624,0.46448774355751277,0.4403635341516018,4.094443923920177,UP-LEG
PROTEAN,0941,1.0,1.9972920971994583,0.17955246852956852,0.7415799357215919,1.245318352059921,0.45524296675192016,0.19662921348313753,3.6048689138576777,UP-LEG
PROTEAN,0942,1.0,4.795464149880265,0.17450194286565596,1.2786774945712105,2.356996459847231,0.45835982199618797,0.5217067262903052,2.8973355692192944,UP-LEG
PROTEAN,0942,1.0,5.586242103248038,0.1571096870105416,1.5521025239889112,2.05975134533309,0.4758364312267673,0.32473557246242346,2.9690109482278717,UP-LEG
PROTEAN,0943,-0.7857142857142785,6.9578861409239385,0.1399856162257626,0.7364107359902173,1.3407821229050365,0.450669914738126,1.0428305400372482,2.97951582867784,UP-LEG
PROTEAN,0943,0.3684210526314656,2.5695041226338406,0.13470311460722995,0.8810050735257491,1.1549925484351586,0.4524390243902451,0.1769746646795912,2.906110283159468,UP-LEG
PROTEAN,0944,1.0,2.753063583815029,0.12855833945392608,1.16395063366169,1.847725162488402,0.4373433583959912,0.4642525533890436,2.571959145775306,UP-LEG
PROTEAN,0944,0.5789473684210715,4.268173000114116,0.12445159263126018,1.368822596353934,2.083333333333333,0.506078055022395,0.7037037037036953,2.314814814814815,UP-LEG
PROTEAN,0945,0.10344827586205274,8.928909418657053,0.11795628126777408,1.2759101671169173,1.869072829389555,0.4247391952310005,0.8010312125955296,1.6757204677285746,UP-LEG
PROTEAN,0945,-1.0,3.823893281695444,0.11392010522418744,0.8052353288043809,1.6512915129151378,0.41945063103192476,0.30442804428043857,1.9372693726937271,UP-LEG
PROTEAN,0946,-1.0,4.2799794132784355,0.11626309101081211,0.23980412399547527,1.047654366771737,0.402787967718269,0.6768032634897259,2.90190988318192,UP-LEG
PROTEAN,0946,-1.0,3.9692716043081004,0.11191312194277574,-0.17480916661796347,0.6326758466691436,0.34268833087149236,0.4372906587272093,3.6657982880535998,UP-LEG
PROTEAN,0947,-0.5789473684210715,2.080194410692588,0.1034285237899148,-0.5211816571466454,0.05586592178770103,0.2500000000000014,0.3538175046554892,3.566108007448785,UP-LEG
PROTEAN,0947,0.9423076923077012,11.659782608695652,0.11584486348328801,-0.011002632463218955,2.275818297216442,0.4079568442346602,2.828905612476203,0.9339015323238692,UP-LEG
PROTEAN,0948,-0.6774193548387002,5.274700887688152,0.10764194658631578,0.048075810835963705,2.407996365288505,0.3768506056527593,0.28169014084506216,1.1358473421172195,UP-LEG
PROTEAN,0948,-0.5,2.6762418285059884,0.10395741467220959,-0.08376154974298491,2.4443434802362645,0.34834623504574264,0.1817355747387551,1.09950022716946,UP-LEG
PROTEAN,0949,-0.2307692307692487,7.159067308600019,0.0926078287503061,-0.3240660238907467,2.224239673172946,0.3928057553956828,0.35406264185202824,1.6159782115297279,UP-LEG
PROTEAN,0949,1.0,3.9236862354591953,0.09454976009643665,-0.18637435753943504,2.4390243902439024,0.41143654114365386,0.7768744354110126,0.8762420957542949,UP-LEG
PROTEAN,0950,0.6888888888888687,3.048782608695652,0.0869211650577998,-0.0960075416957039,1.6659121774558707,0.404580152671755,0.4074241738343142,0.7967406066093214,UP-LEG
PROTEAN,0950,0.4226804123710992,10.249989294737293,0.08254870551618317,0.3464352184639078,2.3071377072818953,0.4394041976980355,0.8741888968997878,0.1261715933669873,FLAT
PROTEAN,0951,0.28205128205128954,4.665991732050958,0.08039868361448921,0.6261973196047502,2.9162916291629246,0.43481228668941946,0.702070207020698,0.27002700270027,drift
PROTEAN,0951,-0.7959183673469425,2.756469915911503,0.08222170406809355,0.6755746409456084,2.8648892905558108,0.4637883008356528,0.4428377767736187,0.48802530501582386,drift
PROTEAN,0952,-0.3461538461538344,5.070462633451958,0.07669690279885344,0.6119885067806278,2.761430511543685,0.43710910354412685,0.4708012675418783,0.6880941602535001,UP-LEG
PROTEAN,0952,1.0,3.6333728746540133,0.07720688617591291,0.283217310283079,0.621733645701916,0.44253269098416914,0.6938187060731704,0.12614885564967482,FLAT
PROTEAN,0953,-0.4594594594594661,1.3099248714907077,0.08046481729524417,0.4162897064870567,0.4972875226039783,0.39563437926330053,0.3345388788426804,0.5967450271247657,UP-LEG
PROTEAN,0953,-0.409090909090942,1.3794545956825448,0.08156925367160887,0.4449756352965569,0.3892107168718279,0.3843031123139364,0.3982621288921154,0.4163649529326699,drift
PROTEAN,0954,0.7222222222222328,2.3199149204348513,0.07800923909879107,0.6093061311570138,0.28967140400109037,0.359100491918482,0.32588032950123436,0.37114148637638356,drift
PROTEAN,0954,0.6923076923076384,0.9852006787955325,0.07742687414630223,0.45378361358853186,-0.18099547511312217,0.35502121640735457,0.23529411764707117,0.36199095022624433,drift
PROTEAN,0955,-0.8750000000000178,2.132030880731054,0.07639582144759728,0.23555707716449695,-0.01811102055601245,0.34512022630834405,0.4346644933441958,0.8783844969664082,UP-LEG
PROTEAN,0955,-0.04761904761900637,0.8746201507557521,0.07703163309670784,0.014782222518184921,-0.4162895927601728,0.343727852586817,0.19004524886877006,0.24434389140271903,drift
PROTEAN,0956,1.0,2.9107452339688042,0.07676593479328497,0.10342684788630871,-0.09910802775023957,0.3644474948524362,0.6216776286151987,-0.34237318677359957,drift
PROTEAN,0956,-0.3333333333333067,7.786955219409915,0.07184240413282583,0.06853135118365757,0.6910788009334092,0.40229885057471115,0.5115778136779793,-0.7628791958355771,DOWN-LEG
PROTEAN,0957,-1.0,1.5158413015555872,0.07280347852944438,0.07175282395077145,0.701249662860735,0.4483240223463675,0.33264407084420083,-0.6293266205160478,DOWN-LEG
PROTEAN,0957,-0.24999999999998224,1.4481489199138708,0.051321172039060024,-0.133112492963816,0.3054257994969539,0.42166910688140474,0.28745957599712946,-0.4671218109953328,drift
PROTEAN,0958,-0.23076923076920386,0.988011988011988,0.05143673733033207,-0.11691634465078828,0.628930817610063,0.40210843373493854,0.11680143755615044,-0.47619047619047206,drift
PROTEAN,0958,-0.15555555555561618,1.5694936445092729,0.0522297718448055,-0.1026238055560217,0.7010605788243713,0.3905775075987814,0.404458026244832,-0.35053028941217546,drift
PROTEAN,0959,1.0,2.6882949932341003,0.06126720096543535,-0.026568786486499546,1.3043866702403206,0.46348733233978995,0.6611274903957709,-0.6343250245689189,DOWN-LEG
PROTEAN,0959,-0.38461538461537564,3.212919451982262,0.05745310238126586,-0.1331398238843664,1.0477299185098992,0.4340175953079172,0.34924330616997323,-0.34924330616997323,drift
PROTEAN,1000,-0.6000000000000331,1.7631817592952455,0.05906920998353061,-0.10521788914280192,0.8084074373484237,0.36121673003802157,0.49402676726848116,0.18862840204797776,FLAT
PROTEAN,1000,-1.0,1.595582316386,0.06364585013381996,-0.19758531973697066,0.54005400540054,0.3363295880149808,0.27002700270027,-0.009000900090000815,FLAT
PROTEAN,1001,1.0,1.0679941097381394,0.06977983769539374,-0.27736925557996983,0.3680430879712665,0.34515890613451516,0.26929982046678635,-0.4488330341113106,drift
PROTEAN,1001,0.058823529411843385,1.475202028204722,0.06746159584301173,-0.1386993018094015,-0.20685313427466087,0.32114118507681055,0.3057828941451651,-0.1798722906736217,FLAT
PROTEAN,1002,-0.12000000000007276,0.4751904731416864,0.07132936612393424,-0.06039235663473484,-0.01798399424512593,0.29429657794676667,0.22479992806402305,-0.36867188202498963,drift
PROTEAN,1002,0.7241379310345639,1.140675011884012,0.06767186134060112,0.014460100651158964,-0.17998560115190784,0.2609375000000007,0.2609791216702541,-0.6479481641468723,DOWN-LEG
PROTEAN,1003,0.6744186046511382,2.2418423694779115,0.0614501000713849,0.1325193469371417,-0.03595182455510435,0.3073248407643307,0.3864821139672798,-1.1324824734855214,DOWN-LEG
PROTEAN,1003,-0.11999999999998182,1.9043094883258818,0.06317817305116745,0.13244583327621454,-0.28844420407425797,0.27881619937694924,0.4506940688660537,-1.1177212907878213,DOWN-LEG
PROTEAN,1004,-0.11111111111113918,0.6169051204819277,0.06623999276291484,-0.04561690259609126,-0.946969696969697,0.25318471337579646,0.16233766233765826,-0.62229437229436,DOWN-LEG
PROTEAN,1004,0.11111111111113918,0.9694818570749485,0.06573970814535653,0.04591562109222824,-0.6943192064923396,0.23615635179153147,0.16230838593326913,-0.333633904418399,drift
PROTEAN,1005,1.0,1.5881651606425702,0.0729180257551887,0.2306566469526279,0.06283662477558756,0.22925225965489016,0.4578096947935286,-0.3949730700179615,drift
PROTEAN,1005,-0.9701492537313028,1.7007575757575757,0.07970632368213684,0.22490703012414387,-0.29791459781528884,0.1882446386020657,0.6048569107159019,0.1715265866209139,FLAT
PROTEAN,1006,-0.6190476190476448,2.1652531956735497,0.07471793834868279,0.052768861298632966,-0.7142211373293637,0.2252252252252254,0.37971250339029433,0.35259018171956347,drift
PROTEAN,1006,-1.0,1.4201313578738353,0.07992548736499454,-0.06168611862820469,-0.5607307587953373,0.26032013479359845,0.21705706792076182,0.2894094238943697,drift
PROTEAN,1007,-0.6470588235294747,0.6884832841691249,0.07878500010574283,-0.09200443718871251,-0.6152175879851584,0.2645815722738797,0.15380439699629472,0.3347507464036954,drift
PROTEAN,1007,1.0,1.3069802963189248,0.08210637819189155,-0.05881276450059988,-0.2888086642599319,0.05537459283387529,0.23465703971118312,0.20758122743681898,drift
PROTEAN,1008,0.6666666666667088,0.5489798426745329,0.08315306404003125,-0.16106429832298613,-0.44235803918027117,0.08000000000000071,0.1624988715356102,0.49652432969215493,drift
PROTEAN,1008,0.9130434782609469,0.9385245901639344,0.08565763455790266,-0.06496957096821065,-0.06313700730585779,0.09010989010989083,0.20745016686208664,0.7305853702534417,UP-LEG
PROTEAN,1009,0.030303030303036566,2.486910029498525,0.07942676468731107,-0.05341183827890296,0.3057004135946854,0.11443850267379756,0.5934184499190915,0.2337709045135685,drift
PROTEAN,1009,-0.3750000000000533,0.4365375062096374,0.08298214685340906,-0.0825313399991892,0.3414809489575804,0.06546275395033832,0.1437814521926794,0.3414809489575804,drift
PROTEAN,1010,-0.3333333333333123,4.554019174041298,0.07318902217392989,-0.38067446900200075,0.1255155101309029,0.12288613303269576,0.6455083378160341,0.6096467634929132,UP-LEG
PROTEAN,1010,-0.9189189189188708,2.2972353749809074,0.07534242980629786,-0.4387480309162949,0.2880547303987798,0.014755959137346007,0.6661265640471771,0.9811864254208176,UP-LEG
PROTEAN,1011,-0.0909090909091097,1.4684443904513151,0.07219969408718789,-0.3255939227774606,0.26149684400361506,0.022573363431151263,0.19837691614067138,0.9828674481514961,UP-LEG
PROTEAN,1011,1.0,0.6554452420956163,0.07184074578100633,-0.11665685428587573,0.37841246959185915,0.04000000000000107,0.24326515902333953,0.8198936841156779,UP-LEG
PROTEAN,1012,-1.0,0.4523107177974435,0.07505591970195982,-0.12021934729862203,0.24368231046931818,0.041224970553592415,0.17148014440434034,1.2274368231046848,UP-LEG
PROTEAN,1012,-0.8000000000000304,2.536978768901787,0.07714105315723098,-0.48827971713906076,-0.36231884057971014,0.06937799043062136,0.5434782608695652,1.3949275362318925,UP-LEG
PROTEAN,1013,-1.0,2.391848387292717,0.08128435626876483,-0.7517237684855694,-0.7000000000000041,0.0715990453460619,0.5363636363636446,1.854545454545463,UP-LEG
PROTEAN,1013,-0.5510204081632899,3.842250280073879,0.0760605267441952,-1.016679424616974,-1.0665451230629028,0.09112149532710213,0.4466727438468426,2.187784867821331,UP-LEG
PROTEAN,1014,1.0,2.010866940352572,0.07983131609393569,-0.8066512137165255,-0.9347490697885428,0.030973451327433017,0.4265359833015741,1.7696705690171521,UP-LEG
PROTEAN,1014,0.838709677419356,2.0659347270266206,0.08219740513874838,-0.6006626948532924,-0.6785488102777527,0.003208556149732126,0.5609336831629463,1.3932868904369937,UP-LEG
PROTEAN,1015,0.9622641509433444,2.6256819135543434,0.07864121934983877,-0.20727502034297282,-0.5227108868060727,0.05458290422245054,0.47764960346070257,1.297764960346079,UP-LEG
PROTEAN,1015,0.7037037037036413,0.9838471950669273,0.07045474693917284,0.05217583786655576,-0.11715933669792557,0.047717842323650464,0.24333093006489234,1.1625811103100299,UP-LEG
PROTEAN,1016,-0.13043478260867847,1.540315328817217,0.0697397966529547,0.0479999555984205,0.09009009009009009,0.0010881392818270833,0.2072072072072031,1.153153153153149,UP-LEG
PROTEAN,1016,-0.1578947368419541,0.4083020003007971,0.07289920668385029,-0.021950202931684863,-0.09017945711966814,0.05975197294250228,0.17134096852737765,1.3797456939309183,UP-LEG
PROTEAN,1017,-0.20000000000012128,0.4048539000241488,0.07299971230626208,0.015464489846737676,0.09017132551848511,0.037974683544303334,0.1352569882777277,1.1722272317403066,UP-LEG
PROTEAN,1017,0.48148148148145653,0.5929693886819875,0.07223289877051907,0.25583229603457425,0.5674142123750298,0.03321878579610653,0.24317751958930428,0.9637035035576011,UP-LEG
PROTEAN,1018,0.826086956521795,0.969203668833141,0.07553269667475224,0.579679900637828,1.1857707509881463,0.002222222222222733,0.41322314049585956,0.7006827164929891,UP-LEG
PROTEAN,1018,0.5789473684210715,4.14715232991189,0.07271631148586272,0.9893183621124483,1.772922636103148,0.04506437768240412,0.3402578796561564,0.3939828080229308,drift
PROTEAN,1019,-0.6000000000000227,1.5677372615310312,0.07221244513637026,0.7265436707737056,1.1571582346609135,0.050847457627118904,0.3588087549336204,0.6996770721205557,UP-LEG
PROTEAN,1019,0.44444444444443043,0.7036061404305568,0.07345418585193625,0.5940881300296077,1.0120007164606803,0.0011402508551897022,0.32240730789897093,0.9761776822496947,UP-LEG
PROTEAN,1020,0.4814814814814981,6.268111567254286,0.07421352735336713,0.6109851947121325,1.122794510782404,0.09899888765294913,0.7217964712172437,0.5168419176617317,UP-LEG
PROTEAN,1020,-0.1538461538461942,2.3306361858926152,0.06819608195655982,0.5218047309517275,1.0875378855410989,0.12272727272727253,0.23177036904973336,0.552683187734003,UP-LEG
PROTEAN,1021,-0.1707317073170326,2.5141178586415682,0.06629435197304383,0.5058887953869294,0.8840075006697108,0.06789413118527175,0.36610411643895957,0.7143494954906687,UP-LEG
PROTEAN,1021,-0.2727272727273291,1.3419989460741262,0.06505586125740241,0.4702145695257919,0.9025915996425299,0.08284714119019748,0.19660411081323018,0.46470062555853847,drift
PROTEAN,1022,1.0,1.6460490930937803,0.06389386766633297,0.6285545480076596,1.123395149786012,0.10783200908059035,0.3209700427959976,0.8380884450784675,UP-LEG
PROTEAN,1022,-1.0,0.7280871245389074,0.06420260352006692,0.5278171336977523,0.8129355011613486,0.09172259507830043,0.22333392889047704,0.6253350008933357,UP-LEG
PROTEAN,1023,0.4193548387097484,0.7594868413164678,0.06255221915434438,0.49507426030394497,0.6426276329882225,0.08764044943820429,0.27668689753658593,0.4998214923241618,drift
PROTEAN,1023,0.0,1.4025996838222379,0.06301611518981316,0.2556450965923137,0.37466547725245725,0.13425925925925808,0.17841213202497772,0.37466547725245725,drift
PROTEAN,1024,-0.12499999999989342,0.4722738444937354,0.05856294911434335,0.3448683443797628,0.5885500267522861,0.14617169373550035,0.1426787943641795,0.23185304084179675,drift
PROTEAN,1024,-0.7500000000000236,0.6618739660099263,0.05653661263961403,0.26029517649571265,0.36584277683591826,0.1349480968858136,0.21415186936734754,0.026768983670915902,FLAT
PROTEAN,1025,1.0,1.372399736226845,0.057008297444432844,0.09672875066912434,0.16014234875444433,0.11764705882352941,0.23131672597863961,-0.293594306049818,drift
PROTEAN,1025,-1.0,2.158264535394344,0.05732094757245884,-0.08949107304922664,0.06236080178174125,0.18453865336658287,0.3028953229398745,-0.044543429844097995,FLAT
PROTEAN,1026,0.45454545454544515,1.735767008067746,0.05665508463347359,0.03618202517468175,0.25828286426788954,0.2116603295310529,0.39187744923406587,-0.22265764161026008,drift
PROTEAN,1026,0.5833333333333491,1.2090324782435584,0.05563273013759702,0.15151593126142082,0.4625511474826584,0.23153942428035018,0.2134851449920024,0.13342821561999643,FLAT
PROTEAN,1027,-0.3939393939393856,0.9665274360588202,0.05794390655224172,-0.06645249922641316,0.03565062388592611,0.20440636474908244,0.2941176470588195,0.21390374331551615,drift
PROTEAN,1027,0.38461538461539807,1.1993060690518174,0.056322385423797826,0.06130056538955712,0.14272970561997406,0.1625,0.23193577163246293,0.2676181980374665,drift
PROTEAN,1028,-0.11111111111113918,0.3629913600732391,0.05267537235402287,0.023669606220681406,0.0535236396074852,0.16687578419071453,0.16057091882247587,0.2854594112399684,drift
PROTEAN,1028,0.900000000000091,0.9260670953475516,0.05213773041328171,0.11435339967144496,0.017838030681416827,0.15842839036755368,0.17838030681412773,0.5797359971459151,UP-LEG
PROTEAN,1029,0.3529411764705253,1.1242776220175088,0.05170875782814164,0.16303437911136037,0.10689470871190257,0.13541666666666496,0.3028683413504446,0.4275788348476913,drift
PROTEAN,1029,1.0,3.6496217507536546,0.05173882759242405,0.5631586587424412,0.6031042128603065,0.18125770653514206,0.4700665188470027,-0.24833702882482966,drift
PROTEAN,1030,0.21739130434783038,4.556347186881538,0.045502867153662446,0.5379190008294179,0.3546099290780142,0.1594936708860748,0.40780141843970824,-0.26595744680851063,drift
PROTEAN,1030,0.2800000000000182,3.2699960764531135,0.04325708571981766,0.8684265296358727,0.4875886524822695,0.22953020134228067,0.44326241134751776,-0.12411347517731304,FLAT
PROTEAN,1031,-0.650793650793605,4.247152303161638,0.03800585150175383,0.45868935302060293,0.45216774536750914,0.2599724896836333,0.5585601560421982,-0.24824895824099494,drift
PROTEAN,1031,-0.6190476190476242,2.6167985974605537,0.0404154327475224,0.21484851865600044,0.0,0.18940397350993374,0.3735990037359738,-0.09784735812134286,FLAT
PROTEAN,1032,0.5058823529411979,2.7649753168100157,0.04455884617757975,0.38863139815950687,0.7957559681697612,0.28606965174129484,0.7515473032714411,-0.3359858532272285,drift
PROTEAN,1032,-0.6727272727272396,1.676759634762272,0.04632372377487001,0.23001901486650014,0.47940340909091717,0.2765432098765459,0.48828125,0.026633522727268686,FLAT
PROTEAN,1033,-1.0,0.5703598147488422,0.04561447674601484,0.18082199204601998,0.4440497335701598,0.33591731266150027,0.08880994671403197,0.4174067495559543,drift
PROTEAN,1033,-0.6363636363635612,0.6906444243744355,0.046651853858160945,0.05780660309683359,0.3554923569143263,0.37500000000000266,0.19552079630288352,0.3021685033771653,drift
PROTEAN,1034,-1.0,1.2174665377372895,0.04659555018551794,-0.12130048362582782,0.12455516014235685,0.3090909090909098,0.1779359430604982,0.15124555160142752,FLAT
PROTEAN,1034,-0.5,2.346528002388476,0.04711723563379957,-0.6376998822184544,-0.5798394290811775,0.2208157524613237,0.35682426404995543,0.5530776092774349,UP-LEG
PROTEAN,1035,-0.48148148148145653,0.893836836480228,0.04365425085348006,-0.8314276851166513,-0.6513786026590483,0.16542473919523382,0.2409208530382837,0.4818417060765471,drift
PROTEAN,1035,1.0,0.4305902353503692,0.045264552854600806,-0.8869596102166447,-0.53475935828877,0.18128654970760463,0.0534759358288689,0.5704099821746962,UP-LEG
PROTEAN,1036,-1.0,0.6186031005167528,0.048525145815807816,-0.6393303487191816,-0.6783897170400908,0.1477761836441896,0.14281888779792346,0.6962420780148134,UP-LEG
PROTEAN,1036,1.0,1.9578175636189767,0.05272404339755286,-0.21414193685110502,0.13325042195966955,0.22702702702702712,0.5063516034467482,0.20431731367148925,drift
PROTEAN,1037,-1.0,2.318285917858415,0.049388688965100395,-0.6005476226740507,-0.5869797225186685,0.2047872340425549,0.3468516542155695,0.46246887228742595,drift
PROTEAN,1037,-1.0,0.4661318599585613,0.04949402359835646,-0.5216783049405371,-0.21352313167260595,0.184387617765815,0.09786476868326593,0.4092526690391379,drift
PROTEAN,1038,0.20000000000004547,0.46191031838639773,0.04961165134314798,-0.45888346010430037,-0.16011385874399167,0.15363128491620132,0.17790428749332857,0.30243728873864645,drift
PROTEAN,1038,0.8421052631579168,0.9377277058460849,0.05382452495284548,-0.3476286488553312,0.22169016582424406,0.15244755244755373,0.3369690520528469,-0.14188170612752826,FLAT
PROTEAN,1039,0.7777777777779743,0.4626519649420413,0.053284193775814774,-0.17653355486645425,0.30157885400036283,0.180515759312323,0.15965939329430143,-0.07095973035304079,FLAT
PROTEAN,1039,-0.8260869565216962,0.7554471175669542,0.054512010419926815,-0.1026650658055985,0.3289766159864893,0.11456859971711643,0.20449897750510843,0.2756290566373174,drift
PROTEAN,1040,-0.5652173913043392,0.48829926550133806,0.06132191915003828,-0.08758644635389373,0.3822222222222182,0.04281345565749175,0.20444444444444038,0.3111111111111111,drift
PROTEAN,1040,0.8857142857142597,1.0870971402632774,0.06879928668350296,-0.03248694072089954,0.4083081839162,0.07207207207207174,0.31066927037102793,0.1597727676194019,FLAT
PROTEAN,1041,-1.0,0.8251437681489495,0.08105412350648145,-0.052233748658845496,0.42662874411163054,0.07854984894259566,0.23997866856279845,0.24886676739846966,drift
PROTEAN,1041,-0.9090909090909937,0.4333904109589041,0.08563284043363176,-0.3137942425987251,-0.23150209242277062,0.06092124814264377,0.1958863858961843,0.525331671267037,UP-LEG
PROTEAN,1042,1.0,0.46089145734393777,0.09002584681145602,0.006939146127074248,0.24840312278211094,0.08139534883721133,0.3459900638750968,0.24840312278211094,drift
PROTEAN,1042,0.2222222222222503,0.6956268730542058,0.08507167281153358,0.0786521963002288,0.23963788053608287,0.10879284649776363,0.1597585870240687,0.16863406408093223,FLAT
PROTEAN,1043,0.5185185185185435,3.1510556731704527,0.08363960922984236,0.2384438964270227,0.57486512779694,0.1469329529243928,0.4775802600159274,-0.2918546033430578,drift
PROTEAN,1043,-1.0,0.7907707527132009,0.08650475907483361,0.06971506663748239,0.07974481658690977,0.10614525139664624,0.2658160552897395,-0.05316321105793985,FLAT
PROTEAN,1044,-0.3333333333333333,1.3260857126509127,0.09060840522827515,-0.013597791695789658,-0.15101714488762952,0.058029689608636255,0.39975126587900855,0.2398507595274092,drift
PROTEAN,1044,0.06666666666675762,0.43905845383921555,0.0971360351636658,0.054470294473204395,0.22178850248403123,0.08678237650200256,0.26614620298083747,0.15968772178849844,FLAT
PROTEAN,1045,-1.0,0.3502249585602652,0.10267828608174888,0.04937407893313426,0.09768226622856845,0.02888583218706879,0.20424473847794883,0.3196874167480807,drift
PROTEAN,1045,0.5483870967742976,0.8825173993218726,0.10323467569144519,-0.004577624637875405,0.15951790145340144,0.08027210884353815,0.27472527472526664,0.2835873803615578,drift
PROTEAN,1046,-1.0,0.4947997609085475,0.10038674630571162,0.03527133362491283,0.26593387111071715,0.07210884353741367,0.10637354844429088,0.05318677422215553,FLAT
PROTEAN,1046,-1.0,0.20232857442159768,0.09592960781641799,0.05873488143635409,0.43439716312057547,0.052631578947367426,0.07978723404256126,0.08865248226950355,FLAT
PROTEAN,1047,0.7333333333332727,1.27501494321578,0.10521492479994322,0.10659786701223871,0.2124645892351154,0.10614525139664624,0.26558073654390935,0.15934844192636172,FLAT
PROTEAN,1047,-1.0,1.7865088335018737,0.09951725732595755,-0.09974593188704198,0.1683501683501563,0.10614525139664624,0.25695552011342293,0.07088428141061331,FLAT
PROTEAN,1048,-0.6000000000000606,1.303930854842529,0.09742380340467699,-0.3519580321442997,-0.2749201844625875,0.0909090909090892,0.26605179141539553,0.2926569705569512,drift
PROTEAN,1048,-0.2857142857143321,0.7667003747546249,0.09290716095879036,-0.2964909014293282,-0.22200515051949207,0.0663058186738815,0.24864576858184728,0.25752597460261883,drift
PROTEAN,1049,-0.6470588235294747,0.5881052002390914,0.09298356969062511,-0.2883414570346826,0.07988638380968079,0.05479452054794486,0.30179300550329236,0.21303035682585578,drift
PROTEAN,1049,0.2380952380952484,0.846487683696986,0.08845130192056046,-0.2987163502588537,0.053200922149309195,0.004329004329003647,0.18620322752260235,0.07093456286575231,FLAT
PROTEAN,1050,1.0,0.6666267010371081,0.08886032303167071,-0.18434838685365684,0.2126716880815322,0.007194244604316499,0.06202924235711524,-0.19494904740806782,FLAT
PROTEAN,1050,-0.6249999999998046,0.47237178523086176,0.08778206371854672,-0.279963430436356,0.0,0.005747126436782886,0.14179369018079904,-0.18610421836229496,FLAT
PROTEAN,1051,-0.14285714285700366,0.5024148756339049,0.0866091306564384,-0.25152620506410234,-0.017732068445768072,0.0,0.12412447912049747,-0.257114992463879,drift
PROTEAN,1051,-0.4705882352940783,1.4867799669123176,0.07931990033143736,-0.3269736336050898,0.08857395925597875,0.07121661721068148,0.3011514614703358,-0.2568644818423464,drift
PROTEAN,1052,0.599999999999909,0.554213957981164,0.07030440953091349,-0.42675275226103637,0.035398230088503624,0.01623376623376614,0.17699115044247787,-0.06194690265487127,FLAT
PROTEAN,1052,-0.7500000000002132,0.5716534956247918,0.07341766456453165,-0.24270905087881758,0.0,0.037671232876708864,0.14176856282118636,-0.026581605528969925,FLAT
PROTEAN,1053,-0.7599999999998545,0.5277895887748284,0.07691761393460796,-0.1874153717071628,-0.01773993258824003,0.023648648648650076,0.22174915735320203,0.07095973035302061,FLAT
PROTEAN,1053,0.14285714285718926,0.3890666422890575,0.07392790728708834,-0.14970307794198365,0.1684397163120648,0.04745762711864311,0.12411347517729288,0.08865248226950355,FLAT
PROTEAN,1054,0.33333333333383863,0.19664913782560842,0.07080790373401007,-0.08816298971116096,0.15951790145340144,0.07560137457044794,0.05317263381778704,0.07975895072668056,FLAT
PROTEAN,1054,0.2999999999999545,0.7552871942622449,0.06614438113071443,-0.08922984142766291,0.10628875110717852,0.14336917562723966,0.1771479185119575,-0.017714791851199778,FLAT
PROTEAN,1055,0.6470588235294747,0.8055555555555556,0.06282736465373918,-0.11508783145144376,0.10622289103302163,0.16014234875444763,0.15048242896344566,0.026555722758250376,FLAT
PROTEAN,1055,0.8461538461538058,2.419236191994115,0.0559125031565742,0.2451781732229539,0.28278543655000166,0.1690140845070401,0.22976316719688136,-0.14139271827500083,FLAT
PROTEAN,1056,-1.0,1.0398679222208633,0.06229447205967926,0.09784668351026253,0.07087800124036099,0.14482758620689812,0.27465225480640637,0.1240365021706267,FLAT
PROTEAN,1056,0.2173913043478089,1.061035438949325,0.05995961532435892,0.25763324954959727,0.0,0.062381852551984175,0.20372010628876722,-0.08857395925597875,FLAT
PROTEAN,1057,1.0,0.8559373853491501,0.06389060333684832,0.36999671113411076,0.12374049849744483,0.12962962962962962,0.309351246243592,-0.309351246243592,drift
PROTEAN,1057,-0.8461538461538058,1.0742602919218698,0.0699083365754859,0.2817099897225109,0.07083407118825764,0.09712230215827518,0.23021073136177697,-0.07083407118825764,FLAT
PROTEAN,1058,0.9047619047619873,0.42894704659410543,0.07555387589244862,0.4126948168560705,0.3094880183924308,0.11775043936731215,0.18569281103545043,-0.15916526660183763,FLAT
PROTEAN,1058,-1.0,0.7662600380064979,0.07699784442244474,0.2746286305344314,0.08857395925597875,0.023508137432187264,0.1771479185119575,0.017714791851199778,FLAT
PROTEAN,1059,0.0,0.4480088495575221,0.07604865870033654,0.26789850133957516,0.05314437555357918,0.029090909090907436,0.14171833480955792,0.16829052258636767,FLAT
PROTEAN,1059,-0.5000000000001421,0.15793719746804022,0.07673991804157693,0.22093568391193683,-0.03544214070530666,0.07400379506641101,0.14176856282118636,0.230373914584453,drift
PROTEAN,1100,-0.5000000000000632,1.5351524090462143,0.07810148685233084,-0.007038400238088647,-0.3018733907484765,0.02376599634369202,0.31963064902778204,1.1631004172955817,UP-LEG
PROTEAN,1100,0.3999999999998636,1.298228406792129,0.07401519703454905,-0.2789270082611231,-0.4705673444020203,0.005649717514123423,0.17757258279321675,1.2607653378318429,UP-LEG
PROTEAN,1101,-1.0,0.7953539823008849,0.07533296604508004,-0.23561295459042358,-0.32888888888889295,0.0018903591682402434,0.15111111111111517,0.9955555555555596,UP-LEG
PROTEAN,1101,0.3571428571427817,1.0887635628026726,0.07725338064573116,-0.20791865130310516,-0.25752597460261883,0.057692307692307696,0.24864576858182708,0.8880206020779683,UP-LEG
PROTEAN,1102,1.0,0.6645771878072763,0.08386382200116854,-0.24101137334187997,-0.18595590188613623,0.041095890410957195,0.2922164172496196,0.48702736208270614,drift
PROTEAN,1102,-0.9459459459459958,1.6434745295163367,0.07768451883921494,-0.3340611581481476,-0.09749180182576767,0.03100775193798279,0.3279269697775455,0.4874590091287778,drift
PROTEAN,1103,0.11111111111113918,0.724803343166175,0.07357541165616671,-0.4146360160617913,-0.23931926963304784,0.05241090146750544,0.15954617975535848,0.23931926963304784,drift
PROTEAN,1103,1.0,0.2942782673451657,0.07458548087466406,-0.23024436259950362,0.0,0.008620689655174442,0.1240035429583783,-0.07085916740477896,FLAT
PROTEAN,1104,0.3333333333333333,0.6264101278515919,0.07261254380544528,-0.19503257972503096,0.026565128840870852,0.08219178082191625,0.07969538652261256,-0.053130257681741705,FLAT
PROTEAN,1104,-0.466666666666697,0.3396463062837075,0.07401505648592877,-0.2081805807288473,0.017717930545716288,0.037383177570091575,0.2657689581856839,-0.14174344436569003,FLAT
PROTEAN,1105,1.0,0.19935993975903615,0.07815390273271022,-0.030264092262072575,0.32743362831858813,0.0909090909090938,0.14159292035397425,-0.29203539823008445,drift
PROTEAN,1105,-1.0,0.3802197802197802,0.0818665687253582,-0.19792023086501576,0.32743362831858813,0.03940886699507218,0.10619469026549075,-0.2300884955752132,drift
PROTEAN,1106,-0.8333333333334912,0.4016589166771396,0.07516260376071056,-0.11106676928179587,0.45128749668170154,0.049504950495050506,0.10618529333687689,-0.32740465445534184,drift
PROTEAN,1106,-1.0,0.4095392128880855,0.08570448938820595,-0.25760415432584455,0.1684397163120648,0.0,0.19503546099291183,-0.08865248226950355,FLAT
PROTEAN,1107,-0.3999999999996362,0.5846725142454703,0.07851210707064259,-0.43951706957853026,-0.1241244791204773,0.0415647921760355,0.088660342228921,-0.035464136891576466,FLAT
PROTEAN,1107,0.6666666666666035,0.17232829957819493,0.078622852931776,-0.12611163217391938,0.026581605528969925,0.0,0.10632642211589984,-0.1949317738791262,FLAT
PROTEAN,1108,0.3333333333333333,0.12048192771084337,0.07628442541610105,-0.1408963612885991,0.079709503144085,0.03740648379052462,0.13284917190682846,-0.3188380125763802,drift
PROTEAN,1108,1.0,0.20309754669096114,0.07178053671973182,-0.1632445044777516,0.017711654268512705,0.08010335917313192,0.1416932341480815,-0.389656393907199,drift
PROTEAN,1109,0.8571428571429848,0.892913179916318,0.07697211539060789,-0.048292604707830894,0.14148023697940898,0.10776942355890401,0.24759041471394064,-0.5570784331063915,DOWN-LEG
PROTEAN,1109,1.0,0.6184807629069385,0.07401014473070731,0.10911367448189524,0.21216407355022018,0.08717948717949155,0.0884016973125884,-0.7160537482319781,DOWN-LEG
PROTEAN,1110,-0.1923076923076818,26.268632322175733,0.03516083748069901,-0.7772089326460365,0.8249956117254774,0.23440860215054418,1.8255222046691202,-1.3515885553800324,DOWN-LEG
PROTEAN,1110,0.4634146341463739,4.768204594260428,0.033800039830891054,-0.32094764405502635,0.920648838228847,0.25473684210526615,0.35949145111792274,-1.4730381411661513,DOWN-LEG
PROTEAN,1111,-1.0,2.299779764218163,0.03662856788176385,-0.5733731983899064,0.5368773103326999,0.16179337231969024,0.35205069530012323,-1.1177609575778953,DOWN-LEG
PROTEAN,1111,0.17647058823526265,2.131049360852626,0.034480457362976516,-0.4664015127185447,0.7129654079746421,0.1411530815109346,0.14963471525394292,-1.241087932400309,DOWN-LEG
PROTEAN,1112,0.0,0.9737660318694131,0.03178172130972563,-0.4379509216251625,0.6080366584420042,0.09486166007905193,0.22911526260133144,-1.1367641875220185,DOWN-LEG
PROTEAN,1112,0.25714285714288315,1.299095212029494,0.0320888683649779,-0.4076111244368149,0.45863467983771794,0.10358565737052061,0.30869641912153817,-0.9701887458105487,DOWN-LEG
PROTEAN,1113,-0.7446808510637742,1.2418848837953773,0.035369064587785534,-0.5405559405096421,0.15916526660183763,0.06743737957610896,0.41559819612698246,-0.7958263330091078,DOWN-LEG
PROTEAN,1113,0.08333333333335702,2.2971490184885677,0.03617166903615378,-0.5388700429495794,-0.08863676653075696,0.0037037037037045925,0.21272823967380458,-0.6027300124091433,DOWN-LEG
PROTEAN,1114,-0.515151515151536,0.6849990396312184,0.03638480926415734,-0.6914333301450739,-0.19491450341100783,0.005545286506468739,0.29237175511650165,-1.089749269070608,DOWN-LEG
PROTEAN,1114,-1.0,0.6469394983417587,0.03738780587357368,-0.8574759597687576,-0.35486160397444994,0.03272727272727231,0.24840312278211094,-0.9847409510291107,DOWN-LEG
PROTEAN,1115,-0.33333333333326115,1.6942826045201358,0.03537717799544642,-0.23800190366358892,-1.1271855862252635,0.05474452554744598,0.1863850181947199,-1.0295553385994618,DOWN-LEG
PROTEAN,1115,-0.6999999999998181,0.4380332936214058,0.03617921102089337,-0.62871064578952,-1.1619655845307708,0.07835820895522129,0.17739932588256163,-1.06439595529537,DOWN-LEG
PROTEAN,1116,-1.0,0.7429071123202488,0.03700411969095201,-0.4017632536579701,-0.8700284090909051,0.044487427466150344,0.2219460227272727,-1.0475852272727433,DOWN-LEG
PROTEAN,1116,1.0,1.1438967060566056,0.03469721430557779,-0.275517139214156,-0.8074534161490602,0.0384615384615388,0.08873114463176575,-1.0825199645075463,DOWN-LEG
PROTEAN,1117,0.0,0.37712138878093016,0.03531985796901086,-0.28496370691705236,-0.647450110864741,0.07784431137724818,0.08869179600886917,-1.179600886917956,DOWN-LEG
PROTEAN,1117,-1.0,0.22958287238888528,0.035751879632390356,-0.3809792445919632,-0.6569602272727151,0.06097560975609835,0.09765624999999192,-1.1274857954545494,DOWN-LEG
PROTEAN,1118,-0.16666666666669824,0.7651019874476988,0.03575829590872251,-0.2579121722849519,-0.4797867614393683,0.11111111111111423,0.21323856063972377,-0.9506885828520698,DOWN-LEG
PROTEAN,1118,-0.42857142857149044,0.6579414666228215,0.03613096935699862,-0.3394712753773476,-0.3022759601707051,0.08860759493671093,0.18669985775248127,-0.8357041251777972,DOWN-LEG
PROTEAN,1119,-0.5000000000001421,0.7043138811697763,0.034548690664084045,-0.33289189480634,-0.3645740707807342,0.09243697478991894,0.142272808109542,-0.7647163435888236,DOWN-LEG
PROTEAN,1119,0.07692307692300517,1.4904307793488984,0.03533162964764823,-0.21159375834344432,-0.36506099189743896,0.11293634496920066,0.3472531386341458,-0.658890570741685,DOWN-LEG
PROTEAN,1120,1.0,0.8632393807066296,0.05399065038117375,0.012640517528037047,-0.24021352313167665,0.048625792811838875,0.26690391459074736,-0.4270462633451917,drift
PROTEAN,1120,0.5714285714286642,0.31711281387866125,0.06322712114851238,0.09070130637274293,-0.3292693779478549,0.054621848739494515,0.12458841327757328,-0.5784462045029812,DOWN-LEG
PROTEAN,1121,0.11111111111099883,0.09053415818532562,0.05824696502631226,0.21873862264779817,-0.25812194036493913,0.03225806451612935,0.08010680907877979,-0.6675567423230975,DOWN-LEG
PROTEAN,1121,-1.0,0.3846797683216713,0.06903735736971581,-0.03403113722327467,-0.4456327985739751,0.08742004264392197,0.1336898395721925,-0.3832442067736145,drift
PROTEAN,1122,0.1538461538461942,1.1990288032994079,0.06429550605157125,-0.004264380745395703,-0.4991532222123103,0.16894977168949654,0.231749710312854,-0.3654514662626024,drift
PROTEAN,1122,0.3749999999999645,0.20168067226890757,0.06840060182240225,0.050351659802268495,-0.3206270039187867,0.1258581235697959,0.14250089063055835,-0.5165657285357993,DOWN-LEG
PROTEAN,1123,-0.26315789473674134,0.773726071717444,0.06334192225890603,0.0375416532540645,-0.32088421427933944,0.1415730337078663,0.16935555753631013,-0.41893216864248556,drift
PROTEAN,1123,-0.7499999999996447,0.24358454889249054,0.06390897310114273,0.05644210253166724,-0.3031924380238865,0.17194570135746648,0.07133939718208974,-0.3656144105582429,drift
PROTEAN,1124,-1.0,2.539835535184686,0.07371742167698636,-0.2955376126626588,-0.7345037620924236,0.2638036809815955,0.5016123253314142,0.19706198495161392,FLAT
PROTEAN,1124,-0.894736842105364,1.7858649435869967,0.06464975965197431,-0.5391447165537895,-0.6271839440910313,0.2607802874743358,0.1702356419675738,0.08063793566885503,FLAT
PROTEAN,1125,-1.0,1.8285106099913524,0.0661766047462507,-0.8949280032426463,-0.7981346964397893,0.30721649484536556,0.1883239171374887,0.13451708366962606,FLAT
PROTEAN,1125,0.26315789473698065,1.3980163863734367,0.061331643112631805,-0.8691129002589799,-0.7441276672045862,0.2991803278688523,0.17034247803477348,-0.04482696790389098,FLAT
PROTEAN,1126,0.384615384615277,1.3623792510255393,0.05869507159791964,-0.7899454261955225,-0.7984927328189567,0.31313131313131315,0.23326753992464888,0.1704647407141657,FLAT
PROTEAN,1126,1.0,0.8715295054234252,0.05839565680082749,-0.6009946008154987,-0.6458557588805208,0.2773109243697481,0.1973448152134953,0.21528525296018042,drift
PROTEAN,1127,-0.25925925925927173,1.129614926558158,0.05641209961671863,-0.6671271640939622,-0.6910788009334092,0.28482328482328495,0.24232633279483445,0.2782265302459082,drift
PROTEAN,1127,-0.2999999999999545,0.42007496599993366,0.05401521132665736,-0.6952209294869172,-0.817096165933367,0.3110647181628343,0.17958157493041213,0.19753973242345743,FLAT
PROTEAN,1128,0.49999999999990524,0.6985964212066786,0.05489951626838271,-0.6114046259531196,-0.6368855400071884,0.29484536082473994,0.21528525296018042,0.09867240760675784,FLAT
PROTEAN,1128,1.0,0.2545113662995078,0.055818502372621454,-0.5504601931071177,-0.5379236148466917,0.28163265306122226,0.16137708445402382,-0.008965393580790426,FLAT
PROTEAN,1129,1.0,0.6978970072795901,0.05716910661100692,-0.10792498776782732,-0.03584229390681818,0.31106471816284054,0.1702508960573558,-0.143369175627232,FLAT
PROTEAN,1129,-0.6216216216216017,1.1877866684522413,0.05429794851668939,0.0107551977404792,-0.03585193152279856,0.3235908141962416,0.3316303665860039,-0.3316303665860039,drift
PROTEAN,1130,1.0,0.5694257212186573,0.06387863963060389,0.40627927163716304,0.36633309506791784,0.46759259259259317,0.4110078627591258,-0.47355253752680077,drift
PROTEAN,1130,-0.31034482758617443,0.7764046461372232,0.06784844459986103,0.3342948407591494,0.16111707841030742,0.5283446712018114,0.2595775152166008,-0.34013605442176464,drift
PROTEAN,1131,-1.0,0.28626522327469556,0.07037111593672012,0.20865793429290463,0.12544802867384328,0.4926829268292667,0.13440860215053765,-0.18817204301074456,FLAT
PROTEAN,1131,0.65217391304359,0.21925389450669583,0.07168491676811645,0.0639555242049826,0.2594613939339797,0.4319248826291034,0.2057797262234906,-0.08052250156572344,FLAT
PROTEAN,1132,1.0,0.17430306375931548,0.07595202061160715,0.15537840816238804,0.3220611916264009,0.4106280193236706,0.20576131687242394,-0.07156915369475349,FLAT
PROTEAN,1132,-0.06666666666660603,0.330597562253344,0.07512784099251835,0.1792176588815981,0.29543419874663873,0.40776699029126057,0.13428827215756492,0.08952551477170993,FLAT
PROTEAN,1133,0.14285714285718926,0.17417438653560569,0.07534178438987728,0.11899259859159274,0.2148227712137568,0.3558441558441549,0.12531328320800783,-0.01790189760114979,FLAT
PROTEAN,1133,-0.25000000000007105,0.12651394068549104,0.07447123309350245,0.059611715392470774,0.17005280587128466,0.3036211699164363,0.07160118141948936,0.19690324890361097,FLAT
PROTEAN,1134,0.615384615384602,0.22862851434280004,0.07101741978056043,-0.06052357884084062,0.2324333988914634,0.2752043596730279,0.2324333988914634,0.01787949222242495,FLAT
PROTEAN,1134,-0.42857142857149044,0.2289732971583607,0.08565097109517517,0.08123244138221118,0.11638316920321884,0.2771739130434798,0.18800358102058273,0.05371530886301783,FLAT
PROTEAN,1135,-0.4444444444445006,0.219531361623089,0.09483947490997065,-0.06672961524990699,-0.23284972237149712,0.2752043596730279,0.16120365394950584,0.08060182697475292,FLAT
PROTEAN,1135,-0.8888888888887345,0.27474500790116363,0.1138977107189644,-0.06449259281877588,-0.20629652883666286,0.33156498673740215,0.16144945735043092,0.32289891470086185,drift
PROTEAN,1136,0.38461538461539807,0.8762097356637296,0.12561544171906958,0.07441337915091471,0.044782803403493054,0.2584856396866883,0.23287057769815575,0.39408866995074704,drift
PROTEAN,1136,-0.23076923076920386,0.16790285049447354,0.13926192078873464,0.035313141097577175,-0.044754744002864305,0.25520833333333304,0.11636233440744312,0.39384174722519366,drift
PROTEAN,1137,0.12499999999989342,0.12871577097671694,0.15363809332286557,-0.0038024876937324263,-0.04475073838718339,0.2684210526315817,0.14320236283897872,0.4117067931620994,drift
PROTEAN,1137,-0.6666666666666035,0.32201710280030826,0.1632272099120561,-0.048141090588907524,-0.09857514114167121,0.2741514360313336,0.10753651760910883,0.45703019983868703,drift
PROTEAN,1138,0.900000000000091,0.28699683567591433,0.16406442187934217,0.005479080002209489,-0.11649789407652607,0.2566844919786097,0.1792275293485079,0.36741643516443306,drift
PROTEAN,1138,0.22222222222215204,0.26391108798275287,0.164445017499831,0.026703170528541622,-0.17932394871335067,0.2546916890080448,0.16139155384201154,0.28691831794136513,drift
PROTEAN,1139,0.4285714285717998,0.26851434580141204,0.17808153892321477,0.01948964005155233,-0.3768844221105364,0.2684210526315774,0.06281407035174247,0.4127781765972639,drift
PROTEAN,1139,-0.8461538461538193,1.9269969891833625,0.18202143396831919,-0.3111630585796755,-0.44964028776978415,0.2853470437017998,0.23381294964030003,0.6205035971223103,UP-LEG
PROTEAN,1140,0.933333333333394,0.9247408742676881,0.16331565180709426,-0.1060249197832789,-0.2423915970912845,0.25313283208020054,0.26932399676811203,0.45785079450578225,drift
PROTEAN,1140,0.47368421052634097,0.42350005670863106,0.15980389408528517,-0.008530159239067959,-0.13472247170828094,0.2568578553615969,0.17064846416383067,0.3233339320998661,drift
PROTEAN,1141,0.900000000000091,0.6541067214737002,0.14799350781325432,0.03968244035483489,-0.2334141305323556,0.2376237623762375,0.17954933117874133,0.33216626268065513,drift
PROTEAN,1141,1.0,0.5405220041912745,0.1523138850812494,0.15807644500597706,-0.03581661891118293,0.12440191387560066,0.3223495702005649,-0.143266475644691,FLAT
PROTEAN,1142,-0.6585365853658428,1.9437466697115018,0.12773704851603715,-0.10133714249211954,-0.026857654431508914,0.11694510739857121,0.36705461056402294,-0.12533572068040205,FLAT
PROTEAN,1142,0.3333333333333333,0.21726043055820157,0.13079133749218086,-0.04422008788361914,0.18783542039355178,0.11428571428571382,0.13416815742397137,-0.12522361359571477,FLAT
PROTEAN,1143,-0.294117647058855,0.08880073237717424,0.13731801932488405,-0.10207861319855495,0.09847806624887279,0.11638954869358911,0.1521933751118906,-0.14324082363472776,FLAT
PROTEAN,1143,1.0,0.4811317147772892,0.14818325315817915,-0.01979323918440978,0.3751674854845954,0.04308390022675952,0.28584189370254987,-0.3751674854845954,drift
PROTEAN,1144,-0.9259259259259945,0.5966122480263663,0.13979474593875268,-0.1670517736115757,0.393278512692158,0.06030150753768508,0.24132999642474487,-0.23239184840900154,drift
PROTEAN,1144,1.0,0.47206972012131915,0.1345863593433047,0.32167916405932695,0.501073729420178,0.03685503685503702,0.13421617752326415,-0.05368647100929753,FLAT
PROTEAN,1145,0.6470588235294747,0.21569230769230768,0.1330101724790306,0.16797558422134232,0.3221476510067033,0.06030150753769114,0.15212527964206224,-0.10738255033557453,FLAT
PROTEAN,1145,-0.028571428571402584,0.28054891681443217,0.12889741898984958,0.1154772493728263,0.4559678140366481,0.07654320987654183,0.31291908806437196,-0.25033527045149345,drift
PROTEAN,1146,0.388888888888924,0.7821820429609024,0.13555111684459203,0.03741752573683171,0.6244981711124988,0.14964370546318917,0.3211704880007056,-0.3657775002230472,drift
PROTEAN,1146,0.24999999999995262,0.6065580116913786,0.13057061838201062,-0.07593480635126483,0.42796005706133694,0.15962441314554174,0.2139800285306786,-0.4101283880171103,drift
PROTEAN,1147,0.5000000000001421,0.3372643339281558,0.1295270070100225,0.3565232207765169,0.43675906943578663,0.18203309692671718,0.14261520634636857,-0.508066672608971,DOWN-LEG
PROTEAN,1147,-0.6363636363635988,0.6045420787241528,0.12388197434538505,0.21873723419357213,0.2676181980374665,0.17096018735363055,0.09812667261374991,-0.32114183764495174,drift
PROTEAN,1148,-0.6666666666666035,0.5230029935402553,0.12735164561571022,0.12769770029122593,0.26785714285714285,0.1220657276995325,0.1071428571428612,-0.15178571428571833,FLAT
PROTEAN,1148,-1.0,0.23940385601072428,0.13281351744446854,-0.08293842509416617,-0.08940545373267769,0.0712643678160906,0.20563254358515462,0.008940545373259638,FLAT
PROTEAN,1149,-0.8181818181819686,0.032362459546925564,0.13319574003884035,0.07701191799601653,0.01787310098302462,0.06912442396313422,0.09830205540660492,0.15192135835567877,FLAT
PROTEAN,1149,-1.0,0.21545389902820575,0.14088761133110325,-0.14312821961295402,0.11618553936903939,0.07407407407407583,0.08937349182232548,0.11618553936901907,FLAT
PROTEAN,1150,0.7142857142858999,0.08034796362198497,0.14068256157633097,-0.17937364654791912,0.13404825737265416,0.005025125628141909,0.06255585344055568,0.05361930294905354,FLAT
PROTEAN,1150,-1.0,0.37224199288256227,0.15286106831871876,-0.29934025651744917,-0.13428827215756492,0.005025125628141909,0.17905102954341987,0.23276633840643768,drift
PROTEAN,1151,0.777777777777497,0.25227362593910635,0.16080305015854215,-0.34164183066410636,-0.2952755905511974,0.04081632653061059,0.08052970651396663,0.053686471009317865,FLAT
PROTEAN,1151,-0.37142857142849345,0.49902565122290715,0.15806415639953827,-0.45527180037059123,-0.5738880918220824,0.06265664160401131,0.31384505021520803,0.3945480631276779,drift
PROTEAN,1152,-0.2307692307693384,0.16496,0.20091214456605247,-0.5330711804017393,-0.5647185371100917,0.054726368159206285,0.11652922194336518,0.3585514521333812,drift
PROTEAN,1152,0.058823529411575884,0.3624209430790169,0.19728223107375084,-0.3932047252743766,-0.3940533763209826,0.009900990099012352,0.1522478953967442,0.1522478953967442,FLAT
PROTEAN,1153,-0.7777777777777216,0.1716071142445121,0.19715005285154044,-0.3158899929214201,-0.41240810471578887,0.043478260869565216,0.16137708445400342,0.32275416890800684,drift
PROTEAN,1153,0.5999999999994543,0.18934863747642172,0.18186433914633904,-0.19550131180967598,-0.28691831794136513,0.04830917874396231,0.04483098717833767,0.5021070563973942,UP-LEG
PROTEAN,1154,-0.6923076923076116,0.217048652995577,0.19495921354074922,-0.23642431137483588,-0.25085110195305094,0.0585365853658513,0.11646658304962859,0.36731768500267953,drift
PROTEAN,1154,1.0,0.028437550492809823,0.20478442722263257,-0.1555631039126267,-0.17009847806625703,0.0,0.08952551477170993,0.08057296329454708,FLAT
PROTEAN,1155,-0.8333333333334912,0.07393880366853339,0.21684332484486302,-0.19613679575919196,-0.24187046492878667,0.007407407407406409,0.10749798441279634,0.08958165367732689,FLAT
PROTEAN,1155,-1.0,0.12706531888117567,0.2180952168149586,-0.11302035242828287,-0.11651877744913099,0.020304568527917934,0.11651877744913099,-0.017925965761409472,FLAT
PROTEAN,1156,1.0,0.03508771929824561,0.23283277384121223,-0.17383551044275583,-0.0716332378223455,0.007712082262209745,0.10744985673352843,-0.28653295128940237,drift
PROTEAN,1156,1.0,0.044346260841106204,0.2545556661569041,-0.09328442400783402,0.1611459265890738,0.005208333333334598,0.07162041181736388,0.026857654431508914,FLAT
PROTEAN,1157,-0.4999999999998579,0.1337784371909001,0.27535287717978724,-0.10227185436270612,0.05375380756138115,0.028132992327363795,0.0716717434151545,0.6002508511019572,UP-LEG
PROTEAN,1157,0.6000000000000606,0.18525284397575356,0.3114757341463287,-0.07313862941491721,0.07159477358154483,0.038560411311054345,0.13424020046536603,0.7875425093968099,UP-LEG
PROTEAN,1158,1.0,0.1382800736155262,0.3444271457472819,0.020852047810267792,0.25932218546006114,0.060301507537685775,0.14307430921934267,1.2966109273003668,UP-LEG
PROTEAN,1158,0.04761904761900637,0.17448649556853027,0.3273558615825367,-0.016898497426651466,0.29501162166994055,0.08354430379746865,0.18773466833541116,1.1979259789022074,UP-LEG
PROTEAN,1159,0.7419354838710482,0.3051548131274783,0.33543129266834604,0.11305552503820784,0.40153475506379943,0.15479115479115524,0.2766128312661648,1.454448112786647,UP-LEG
PROTEAN,1159,0.5,0.2144880957415317,0.34448305556958847,0.163225620267003,0.28566327441528705,0.2113402061855709,0.24995536511338884,1.3569005534725982,UP-LEG
PROTEAN,1200,0.38461538461522315,0.11819569272511446,0.3512287442796307,0.22737465741381097,0.2947481243301138,0.151999999999997,0.11611289746337573,1.4826723829939386,UP-LEG
PROTEAN,1200,0.24999999999971578,0.20981401881091202,0.3287643996790782,0.3135612329318632,0.34833869239012716,0.16756756756756472,0.0714540907467115,1.4201500535905762,UP-LEG
PROTEAN,1201,-0.3913043478260354,0.6338545672049902,0.3149574799480614,0.19738534132305324,0.1252012162403945,0.1134564643799478,0.20568771239491634,1.6455016991593512,UP-LEG
PROTEAN,1201,0.7499999999998579,0.20375611011062517,0.3222065517911029,0.2596699737955348,0.23222579492675147,0.07692307692307693,0.2143622722400939,1.4648088603072607,UP-LEG
PROTEAN,1202,1.0,0.06213959893278251,0.3238839956458913,0.3879870274397261,0.3036798856734426,0.07182320441988825,0.05359056806001331,1.152197213290469,UP-LEG
PROTEAN,1202,-0.42857142857156777,0.16635667632683074,0.35093998979249424,0.28079085008748567,0.08047929893587262,0.008219178082190689,0.12519002056691977,1.2787266386479437,UP-LEG
PROTEAN,1203,1.0,0.4514782608695652,0.31644783418756384,0.4311432906858948,0.062555853440576,0.055248618784531356,0.044682752457551385,1.1974977658623853,UP-LEG
PROTEAN,1203,1.0,0.940818367613167,0.2960575525428885,0.8877880272969713,0.2051922562226944,0.03932584269663237,0.24979926844501577,1.293603354447319,UP-LEG
PROTEAN,1204,-1.0,0.8470035661476907,0.25653946247780973,0.32422893500855354,-0.035704721949485936,0.042253521126761104,0.17852360974738912,1.4638935999285987,UP-LEG
PROTEAN,1204,-1.0,0.5641538997214485,0.2543838801655734,-0.012085654582518953,-0.20574291081491675,0.008174386920986024,0.3846497897844131,1.6817246623132616,UP-LEG
PROTEAN,1205,-1.0,0.07640038330865058,0.2531443298737132,-0.07395463776664879,-0.20585339658103952,0.005376344086022787,0.18795310122618245,1.619976729616051,UP-LEG
PROTEAN,1205,-0.7999999999999545,0.7426355237929231,0.24371340368227576,-0.3714886320419005,-0.3675481846705432,0.07894736842105357,0.17929179740026896,2.447333034513667,UP-LEG
PROTEAN,1206,-0.5384615384615923,0.4640334815589851,0.23764398950968937,-0.37405951532995213,-0.4130747126436904,0.19466666666667387,0.23347701149424474,2.514367816091954,UP-LEG
PROTEAN,1206,1.0,1.2846435419208646,0.23501037396795094,0.1407416792986742,-0.20585339658103952,0.10617283950617232,0.3848563501297731,2.8282466660700023,UP-LEG
PROTEAN,1207,0.7368421052631626,2.8774283474170224,0.20974783859907054,0.8320351854085557,0.2938819129041038,0.02183406113537131,0.6768189509306382,3.8917089678510832,UP-LEG
PROTEAN,1207,0.48717948717949916,1.9836350974930361,0.19265872786307056,1.1397457638417636,0.7014739833067031,0.10788381742738776,0.34629728289824996,3.3564198188598784,UP-LEG
PROTEAN,1208,0.4782608695652002,6.058102113594851,0.15449477046682925,1.6155453481817463,1.2182203389830468,0.23791821561338428,0.8121468926553712,2.868997175141243,UP-LEG
PROTEAN,1208,-0.5200000000000727,1.3008653302604687,0.14758577382085072,1.1383765525729594,0.980565371024727,0.2542372881355958,0.2208480565371025,3.9487632508833963,UP-LEG
PROTEAN,1209,0.7241379310344963,3.3071304347826085,0.13771842492675668,1.7316248709775004,1.4687774846086232,0.31250000000000294,0.5101143359718517,3.491644678979775,UP-LEG
PROTEAN,1209,-0.5454545454545079,1.5090618106319478,0.13373776068787052,1.615619079717183,1.5413070283600492,0.2791878172588858,0.1937643121366759,3.6374845869297125,UP-LEG
PROTEAN,1210,0.3333333333333333,1.0233238660814183,0.12939324242502256,1.68317342033658,1.6634395352930902,0.2876254180602038,0.1848266150325767,3.5645132899137475,UP-LEG
PROTEAN,1210,0.22222222222215204,0.615511051516069,0.12944441248676558,1.8717369639226966,1.7613386173491854,0.3162393162393187,0.15852047556142268,3.628357551739326,UP-LEG
PROTEAN,1211,1.0,0.9417391304347826,0.1269623292377057,2.054369866659346,2.023579095548126,0.3220338983050872,0.14077071969029642,3.5280661622382663,UP-LEG
PROTEAN,1211,0.6666666666666035,1.6282711189930361,0.11786435666912716,1.9218810936438078,1.6461267605633843,0.3636363636363654,0.2112676056338108,3.5827464788732435,UP-LEG
PROTEAN,1212,-1.0,1.1618039418194337,0.12279038284846584,1.1796720046483058,0.84768211920529,0.2802653399668353,0.34437086092716035,3.9028697571743973,UP-LEG
PROTEAN,1212,-0.6250000000000888,0.25580691206367057,0.11906823625665851,0.9553340277923443,0.5650715168638412,0.269360269360271,0.14126787921597533,3.89369592089,UP-LEG
PROTEAN,1213,-0.8333333333331123,0.4975652173913043,0.11748409392359387,0.31452986219401863,-0.03532320734721508,0.29109589041096073,0.1059696220416854,3.9120452137054,UP-LEG
PROTEAN,1213,0.5609756097561543,0.7130495281993303,0.12139802495484131,0.5121178126808338,0.29945393693853184,0.32789559543230506,0.3611062180729178,3.6374845869297125,UP-LEG
PROTEAN,1214,0.8095238095237786,0.5511872662433679,0.12461656300748758,0.14505899874946462,-0.02639218791237393,0.3322528363047036,0.18474531538665756,3.518958388317058,UP-LEG
PROTEAN,1214,1.0,1.0002174196634344,0.11601269844343966,0.46226307034120145,0.1143661476203004,0.32348111658456874,0.14955573150347898,3.518958388317058,UP-LEG
PROTEAN,1215,-0.7142857142856447,1.4913913043478262,0.11223131490224794,0.2037281044373331,-0.07045974986788396,0.31056910569106255,0.24660912453760386,3.6374845869297125,UP-LEG
PROTEAN,1215,0.7241379310344738,5.948784835441938,0.10756221880596673,0.7737829031187335,0.6387819390969509,0.3967789165446588,0.7612880644032242,2.966398319916004,UP-LEG
PROTEAN,1216,-0.6000000000000606,2.688548821841579,0.09952328689975345,0.38400460495587785,0.43798177995795384,0.36257309941520716,0.13139453398738615,3.0746320953048474,UP-LEG
PROTEAN,1216,0.4310344827586352,9.231314878892734,0.08767926821671335,0.6878031374883438,1.1228131255984062,0.42251655629139445,1.0096614152667887,2.4197058055531335,UP-LEG
PROTEAN,1217,0.6909090909090826,26.212754970307255,0.070380606331017,1.956048539501133,2.923024172809867,0.5454545454545474,1.885822046974113,0.8657637579290364,UP-LEG
PROTEAN,1217,-0.37777777777773736,4.292513506560329,0.06717040428155734,1.787865963140334,2.697594501718221,0.4968017057569325,0.3865979381443299,1.0910652920962238,UP-LEG
PROTEAN,1218,0.6499999999999773,4.2479706058275655,0.0629285880498718,1.933793980675016,2.8233073028404587,0.498938428874738,0.34325924654595386,0.9782888526559763,UP-LEG
PROTEAN,1218,1.0,36.02323700897987,0.0490395817575068,2.738595923200819,3.5098155859607334,0.5517568850902224,1.0028044531316354,0.0,FLAT
PROTEAN,1219,0.0,0.00854481756814492,0.04686190127839906,2.7261854276560875,3.399337129259794,0.542635658914732,0.0,0.0,FLAT
PROTEAN,1219,0.0,0.008575593859874796,0.0463422910050779,2.6860456617107875,3.399337129259794,0.5501460564751738,0.0,0.0,FLAT
PROTEAN,1220,0.0,0.008606592649969876,0.04620345228900699,2.7336585404952496,3.5098155859607334,0.5592556317336,0.0,0.0,FLAT
PROTEAN,1220,0.0,0.00865051903114187,0.04594450998566199,2.548094075570581,2.8809382170476834,0.5592556317336,0.0,0.0,FLAT
PROTEAN,1221,0.0,0.008694896095991653,0.04551992094244819,2.625378960751849,2.982918330925481,0.580933465739825,0.0,0.0,FLAT
PROTEAN,1221,0.0,0.008695274118516587,0.04581463182080152,2.455276904487531,2.3625393048355527,0.5750251762336397,0.0,0.0,FLAT
PROTEAN,1222,0.0,0.008695652173913044,0.04353447542308992,1.6579318106966972,0.8583326251381097,0.5750251762336397,0.0,0.0,FLAT
PROTEAN,1222,0.0,0.00869678653737444,0.043567785806860694,1.7310892816983248,1.0792895385399885,0.5959183673469425,0.0,0.0,FLAT
PROTEAN,1223,0.0,0.008697921196833956,0.043631182508763376,1.6162635478594327,0.9688110818390491,0.5930113052415246,0.0,0.0,FLAT
PROTEAN,1223,0.0,0.008704735376044569,0.041491234123858356,0.0,0.0,0.5849056603773617,0.0,0.0,FLAT
PROTEAN,1224,0.0,0.008711560240439063,0.040659074921172045,0.0,0.0,0.594936708860765,0.0,0.0,FLAT
PROTEAN,1224,0.0,0.008715356458079136,0.0410997349815704,0.0,0.0,0.6363636363636399,0.0,0.0,FLAT
PROTEAN,1225,0.0,0.008719155985700585,0.04067053596080963,0.0,0.0,0.6470588235294179,0.0,0.0,FLAT
PROTEAN,1225,0.0,0.008819897689186805,0.03684579062172401,0.0,0.0,0.6800000000000057,0.0,0.0,FLAT
PROTEAN,1226,0.0,0.00892299455697332,0.03693605641501147,0.0,0.0,0.7162315550510862,0.0,0.0,FLAT
PROTEAN,1226,0.0,0.00892458723784025,0.03402223942157411,0.0,0.0,0.7037914691943207,0.0,0.0,FLAT
PROTEAN,1227,0.0,0.008926180487369454,0.02484787215566154,0.0,0.0,0.6827411167512767,0.0,0.0,FLAT
PROTEAN,1227,0.0,0.008954154727793696,0.02275743074457601,0.0,0.0,0.6688741721854385,0.0,0.0,FLAT
PROTEAN,1228,0.0,0.008982304859426929,0.022789173898109687,0.0,0.0,0.6371552975326649,0.0,0.0,FLAT
PROTEAN,1228,0.0,0.008987552240147396,0.0,0.0,0.0,0.656387665198246,0.0,0.0,FLAT
PROTEAN,1229,0.0,0.008992805755395683,0.0,0.0,0.0,0.6291600633914506,0.0,0.0,FLAT
PROTEAN,1229,0.0,0.009008603216071349,0.0,0.0,0.0,0.6715447154471612,0.0,0.0,FLAT
PROTEAN,1230,0.0,0.00902445627650934,0.0,0.0,0.0,0.6672158154860037,0.0,0.0,FLAT
PROTEAN,1230,0.0,0.009056740479101572,0.0,0.0,0.0,0.6866666666666752,0.0,0.0,FLAT
PROTEAN,1231,0.0,0.009089256498818397,0.0,0.0,0.0,0.6808149405772588,0.0,0.0,FLAT
PROTEAN,1231,0.0,0.009160864785635764,0.0,0.0,0.0,0.6981132075471765,0.0,0.0,FLAT
PROTEAN,1232,0.0,0.009233610341643583,0.0,0.0,0.0,0.8065693430657016,0.0,0.0,FLAT
PROTEAN,1232,0.0,0.009238728750923873,0.0,0.0,0.0,0.8062157221206666,0.0,0.0,FLAT
PROTEAN,1233,0.0,0.009243852837862821,0.0,0.0,0.0,0.8128440366972502,0.0,0.0,FLAT
PROTEAN,1233,0.0,0.009245562130177515,0.0,0.0,0.0,0.8019417475728182,0.0,0.0,FLAT
PROTEAN,1234,0.0,0.009247272054743851,0.0,0.0,0.0,0.7968127490039869,0.0,0.0,FLAT
PROTEAN,1234,0.0,0.00928418902608857,0.0,0.0,0.0,0.7968127490039869,0.0,0.0,FLAT
PROTEAN,1235,0.0,0.009321401938851604,0.0,0.0,0.0,0.8445807770961159,0.0,0.0,FLAT
PROTEAN,1235,0.0,0.009334017827974052,0.0,0.0,0.0,0.8168674698795203,0.0,0.0,FLAT
PROTEAN,1236,0.0,0.009346667912889055,0.0,0.0,0.0,0.8709677419354882,0.0,0.0,FLAT
PROTEAN,1236,0.0,0.009370314842578711,0.0,0.0,0.0,0.8424242424242468,0.0,0.0,FLAT
PROTEAN,1237,0.0,0.009394081728511038,0.0,0.0,0.0,0.6601307189542592,0.0,0.0,FLAT
PROTEAN,1237,0.0,0.009417082587814296,0.0,0.0,0.0,1.0,0.0,0.0,FLAT
PROTEAN,1238,0.0,0.009440196356084207,0.0,0.0,0.0,1.0,0.0,0.0,FLAT
PROTEAN,1238,0.0,0.009480919649205973,0.0,0.0,0.0,0.0,0.0,0.0,FLAT
PROTEAN,1239,0.0,0.009521995810321843,0.0,0.0,0.0,0.0,0.0,0.0,FLAT
PROTEAN,1239,0.0,0.009584970765839165,0.0,0.0,0.0,0.0,0.0,0.0,FLAT
PROTEAN,1240,0.0,0.0096487842531841,0.0,0.0,0.0,0.0,0.0,0.0,FLAT
PROTEAN,1240,0.0,0.009653441451877595,0.0,0.0,0.0,0.0,0.0,0.0,FLAT
PROTEAN,1241,0.0,0.009658103148541626,0.0,0.0,0.0,0.0,0.0,0.0,FLAT
PROTEAN,1241,0.0,0.00976705572105289,0.0,0.0,0.0,0.0,0.0,0.0,FLAT
PROTEAN,1242,0.0,0.009878494517435542,0.0,0.0,0.0,0.0,0.0,0.0,FLAT
PROTEAN,1242,0.0,0.009916208042044723,0.0,0.0,0.0,0.0,0.0,0.0,FLAT
PROTEAN,1243,0.0,0.009954210631096954,0.0,0.0,0.0,0.0,0.0,0.0,FLAT
PROTEAN,1243,0.0,0.00997506234413965,0.0,0.0,0.0,0.0,0.0,0.0,FLAT
PROTEAN,1244,0.0,0.009996001599360257,0.0,0.0,0.0,0.0,0.0,0.0,FLAT
PROTEAN,1244,0.0,0.01000050002500125,0.0,0.0,0.0,0.0,0.0,0.0,FLAT
PROTEAN,1245,0.0,0.010005002501250625,0.0,0.0,0.0,0.0,0.0,0.0,FLAT
PROTEAN,1245,0.0,0.01006491872578129,0.0,0.0,0.0,0.0,0.0,0.0,FLAT
PROTEAN,1246,0.0,0.01012555690562981,0.0,0.0,0.0,0.0,0.0,0.0,FLAT
PROTEAN,1246,0.0,0.01014455997971088,0.0,0.0,0.0,0.0,0.0,0.0,FLAT
PROTEAN,1247,0.0,0.010163634515702815,0.0,0.0,0.0,0.0,0.0,0.0,FLAT
PROTEAN,1247,0.0,0.010167768174885612,0.0,0.0,0.0,0.0,0.0,0.0,FLAT
PROTEAN,1248,0.0,0.010171905197843556,0.0,0.0,0.0,0.0,0.0,0.0,FLAT
PROTEAN,1248,0.0,0.010192121490088161,0.0,0.0,0.0,0.0,0.0,0.0,FLAT
PROTEAN,1249,0.0,0.010212418300653595,0.0,0.0,0.0,0.0,0.0,0.0,FLAT
PROTEAN,1249,0.0,0.010240655401945725,0.0,0.0,0.0,0.0,0.0,0.0,FLAT
PROTEAN,1250,0.0,0.010269049086054631,0.0,0.0,0.0,0.0,0.0,0.0,FLAT
PROTEAN,1250,0.0,0.010281190561867064,0.0,0.0,0.0,0.0,0.0,0.0,FLAT
PROTEAN,1251,0.0,0.010293360782295419,0.0,0.0,0.0,0.0,0.0,0.0,FLAT
PROTEAN,1251,0.0,0.010441138084051161,0.0,0.0,0.0,0.0,0.0,0.0,FLAT
PROTEAN,1252,0.0,0.01059322033898305,0.0,0.0,0.0,0.0,0.0,0.0,FLAT
PROTEAN,1252,0.0,0.010613457864572278,0.0,0.0,0.0,0.0,0.0,0.0,FLAT
PROTEAN,1253,0.0,0.010633772862611655,0.0,0.0,0.0,0.0,0.0,0.0,FLAT
PROTEAN,1253,0.0,0.01076194575979337,0.0,0.0,0.0,0.0,0.0,0.0,FLAT
PROTEAN,1254,0.0,0.010893246187363835,0.0,0.0,0.0,0.0,0.0,0.0,FLAT
PROTEAN,1254,0.0,0.010921799912625601,0.0,0.0,0.0,0.0,0.0,0.0,FLAT
PROTEAN,1255,0.0,0.010950503723171266,0.0,0.0,0.0,0.0,0.0,0.0,FLAT
PROTEAN,1255,0.0,0.011071132023249377,0.0,0.0,0.0,0.0,0.0,0.0,FLAT
PROTEAN,1256,0.0,0.01119444755401321,0.0,0.0,0.0,0.0,0.0,0.0,FLAT
PROTEAN,1256,0.0,0.011230276826323769,0.0,0.0,0.0,0.0,0.0,0.0,FLAT
PROTEAN,1257,0.0,0.011266336187471835,0.0,0.0,0.0,0.0,0.0,0.0,FLAT
PROTEAN,1257,0.0,0.0113314447592068,0.0,0.0,0.0,0.0,0.0,0.0,FLAT
PROTEAN,1258,0.0,0.01139731023478459,0.0,0.0,0.0,0.0,0.0,0.0,FLAT
PROTEAN,1258,0.0,0.011452785890167783,0.0,0.0,0.0,0.0,0.0,0.0,FLAT
PROTEAN,1259,0.0,0.011508804235239959,0.0,0.0,0.0,0.0,0.0,0.0,FLAT
PROTEAN,1259,0.0,0.01153469058192514,0.0,0.0,0.0,0.0,0.0,0.0,FLAT
PROTEAN,1300,0.0,0.011560693641618497,0.0,0.0,0.0,0.0,0.0,0.0,FLAT
PROTEAN,1300,0.0,0.011598909702487966,0.0,0.0,0.0,0.0,0.0,0.0,FLAT
PROTEAN,1301,0.0,0.011637379262190155,0.0,0.0,0.0,0.0,0.0,0.0,FLAT
PROTEAN,1301,0.0,0.011648902090977926,0.0,0.0,0.0,0.0,0.0,0.0,FLAT
PROTEAN,1302,0.0,0.01166044776119403,0.0,0.0,0.0,0.0,0.0,0.0,FLAT
PROTEAN,1302,0.0,0.011663167716351761,0.0,0.0,0.0,0.0,0.0,0.0,FLAT
PROTEAN,1303,0.0,0.011665888940737284,0.0,0.0,0.0,0.0,0.0,0.0,FLAT
PROTEAN,1303,0.0,0.01170069619142339,0.0,0.0,0.0,0.0,0.0,0.0,FLAT
PROTEAN,1304,0.0,0.011735711770918906,0.0,0.0,0.0,0.0,0.0,0.0,FLAT
PROTEAN,1304,0.0,0.011786198361718427,0.0,0.0,0.0,0.0,0.0,0.0,FLAT
PROTEAN,1305,0.0,0.011837121212121212,0.0,0.0,0.0,0.0,0.0,0.0,FLAT
PROTEAN,1305,0.0,0.011926058437686345,0.0,0.0,0.0,0.0,0.0,0.0,FLAT
PROTEAN,1306,0.0,0.01201634222542658,0.0,0.0,0.0,0.0,0.0,0.0,FLAT
PROTEAN,1306,0.0,0.012022843402464683,0.0,0.0,0.0,0.0,0.0,0.0,FLAT
PROTEAN,1307,0.0,0.012029351617947793,0.0,0.0,0.0,0.0,0.0,0.0,FLAT
PROTEAN,1307,0.0,0.012054728467241276,0.0,0.0,0.0,0.0,0.0,0.0,FLAT
PROTEAN,1308,0.0,0.012080212611741966,0.0,0.0,0.0,0.0,0.0,0.0,FLAT
PROTEAN,1308,0.0,0.012138131941494204,0.0,0.0,0.0,0.0,0.0,0.0,FLAT
PROTEAN,1309,0.0,0.012196609342602756,0.0,0.0,0.0,0.0,0.0,0.0,FLAT
PROTEAN,1309,0.0,0.012209266833526647,0.0,0.0,0.0,0.0,0.0,0.0,FLAT
PROTEAN,1310,0.0,0.012221950623319482,0.0,0.0,0.0,0.0,0.0,0.0,FLAT
PROTEAN,1310,0.0,0.01227973230183582,0.0,0.0,0.0,0.0,0.0,0.0,FLAT
PROTEAN,1311,0.0,0.012338062924120914,0.0,0.0,0.0,0.0,0.0,0.0,FLAT
PROTEAN,1311,0.0,0.012376237623762377,0.0,0.0,0.0,0.0,0.0,0.0,FLAT
PROTEAN,1312,0.0,0.012414649286157667,0.0,0.0,0.0,0.0,0.0,0.0,FLAT
PROTEAN,1312,0.0,0.012552563861168644,0.0,0.0,0.0,0.0,0.0,0.0,FLAT
PROTEAN,1313,0.0,0.012693577050012693,0.0,0.0,0.0,0.0,0.0,0.0,FLAT
PROTEAN,1313,0.0,0.012714558169103624,0.0,0.0,0.0,0.0,0.0,0.0,FLAT
PROTEAN,1314,0.0,0.01273560876209883,0.0,0.0,0.0,0.0,0.0,0.0,FLAT
PROTEAN,1314,0.0,0.012750223128904756,0.0,0.0,0.0,0.0,0.0,0.0,FLAT
PROTEAN,1315,0.0,0.012764871074802144,0.0,0.0,0.0,0.0,0.0,0.0,FLAT
PROTEAN,1315,0.0,0.012805736970162632,0.0,0.0,0.0,0.0,0.0,0.0,FLAT
PROTEAN,1316,0.0,0.012846865364850977,0.0,0.0,0.0,0.0,0.0,0.0,FLAT
PROTEAN,1316,0.0,0.012889089385834891,0.0,0.0,0.0,0.0,0.0,0.0,FLAT
PROTEAN,1317,0.0,0.0129315918789603,0.0,0.0,0.0,0.0,0.0,0.0,FLAT
PROTEAN,1317,0.0,0.013049719431032232,0.0,0.0,0.0,0.0,0.0,0.0,FLAT
PROTEAN,1318,0.0,0.013170025023047543,0.0,0.0,0.0,0.0,0.0,0.0,FLAT
PROTEAN,1318,0.0,0.01321178491214163,0.0,0.0,0.0,0.0,0.0,0.0,FLAT
PROTEAN,1319,0.0,0.013253810470510271,0.0,0.0,0.0,0.0,0.0,0.0,FLAT
PROTEAN,1319,0.0,0.013362731342286363,0.0,0.0,0.0,0.0,0.0,0.0,FLAT
PROTEAN,1320,0.0,0.013473457289140393,0.0,0.0,0.0,0.0,0.0,0.0,FLAT
PROTEAN,1320,0.0,0.013477088948787063,0.0,0.0,0.0,0.0,0.0,0.0,FLAT
PROTEAN,1321,0.0,0.013480722566729577,0.0,0.0,0.0,0.0,0.0,0.0,FLAT
PROTEAN,1321,0.0,0.013533631073216944,0.0,0.0,0.0,0.0,0.0,0.0,FLAT
PROTEAN,1322,0.0,0.01358695652173913,0.0,0.0,0.0,0.0,0.0,0.0,FLAT
PROTEAN,1322,0.0,0.013651877133105802,0.0,0.0,0.0,0.0,0.0,0.0,FLAT
PROTEAN,1323,0.0,0.013717421124828532,0.0,0.0,0.0,0.0,0.0,0.0,FLAT
PROTEAN,1323,0.0,0.013884068031933356,0.0,0.0,0.0,0.0,0.0,0.0,FLAT
PROTEAN,1324,0.0,0.014054813773717497,0.0,0.0,0.0,0.0,0.0,0.0,FLAT
PROTEAN,1324,0.0,0.014070634585619812,0.0,0.0,0.0,0.0,0.0,0.0,FLAT
PROTEAN,1325,0.0,0.01408649105507818,0.0,0.0,0.0,0.0,0.0,0.0,FLAT
PROTEAN,1325,0.0,0.014092446448703494,0.0,0.0,0.0,0.0,0.0,0.0,FLAT
PROTEAN,1326,0.0,0.014098406880022557,0.0,0.0,0.0,0.0,0.0,0.0,FLAT
PROTEAN,1326,0.0,0.014161297174821213,0.0,0.0,0.0,0.0,0.0,0.0,FLAT
PROTEAN,1327,0.0,0.01422475106685633,0.0,0.0,0.0,0.0,0.0,0.0,FLAT
PROTEAN,1327,0.0,0.01423994304022784,0.0,0.0,0.0,0.0,0.0,0.0,FLAT
PROTEAN,1328,0.0,0.014255167498218105,0.0,0.0,0.0,0.0,0.0,0.0,FLAT
PROTEAN,1328,0.0,0.014337945372428131,0.0,0.0,0.0,0.0,0.0,0.0,FLAT
PROTEAN,1329,0.0,0.01442169022209403,0.0,0.0,0.0,0.0,0.0,0.0,FLAT
PROTEAN,1329,0.0,0.014560279557367502,0.0,0.0,0.0,0.0,0.0,0.0,FLAT
PROTEAN,1330,0.0,0.014701558365186709,0.0,0.0,0.0,0.0,0.0,0.0,FLAT
PROTEAN,1330,0.0,0.014717786444918684,0.0,0.0,0.0,0.0,0.0,0.0,FLAT
PROTEAN,1331,0.0,0.014734050390452336,0.0,0.0,0.0,0.0,0.0,0.0,FLAT
PROTEAN,1331,0.0,0.014822500555843771,0.0,0.0,0.0,0.0,0.0,0.0,FLAT
PROTEAN,1332,0.0,0.014912019087384432,0.0,0.0,0.0,0.0,0.0,0.0,FLAT
PROTEAN,1332,0.0,0.014986886474334956,0.0,0.0,0.0,0.0,0.0,0.0,FLAT
PROTEAN,1333,0.0,0.015062509414068384,0.0,0.0,0.0,0.0,0.0,0.0,FLAT
PROTEAN,1333,0.0,0.01512973749905439,0.0,0.0,0.0,0.0,0.0,0.0,FLAT
PROTEAN,1334,0.0,0.015197568389057751,0.0,0.0,0.0,0.0,0.0,0.0,FLAT
PROTEAN,1334,0.0,0.015312763188117296,0.0,0.0,0.0,0.0,0.0,0.0,FLAT
PROTEAN,1335,0.0,0.015429717636167259,0.0,0.0,0.0,0.0,0.0,0.0,FLAT
PROTEAN,1335,0.0,0.015458339774308239,0.0,0.0,0.0,0.0,0.0,0.0,FLAT
PROTEAN,1336,0.0,0.015487068297971194,0.0,0.0,0.0,0.0,0.0,0.0,FLAT
PROTEAN,1336,0.0,0.015565413650867771,0.0,0.0,0.0,0.0,0.0,0.0,FLAT
PROTEAN,1337,0.0,0.015644555694618274,0.0,0.0,0.0,0.0,0.0,0.0,FLAT
PROTEAN,1337,0.0,0.015654351909830933,0.0,0.0,0.0,0.0,0.0,0.0,FLAT
PROTEAN,1338,0.0,0.015664160401002505,0.0,0.0,0.0,0.0,0.0,0.0,FLAT
PROTEAN,1338,0.0,0.01568627450980392,0.0,0.0,0.0,0.0,0.0,0.0,FLAT
PROTEAN,1339,0.0,0.015708451146716932,0.0,0.0,0.0,0.0,0.0,0.0,FLAT
PROTEAN,1339,0.0,0.015735641227380016,0.0,0.0,0.0,0.0,0.0,0.0,FLAT
PROTEAN,1340,0.0,0.015762925598991173,0.0,0.0,0.0,0.0,0.0,0.0,FLAT
PROTEAN,1340,0.0,0.01577162684330889,0.0,0.0,0.0,0.0,0.0,0.0,FLAT
PROTEAN,1341,0.0,0.015780337699226762,0.0,0.0,0.0,0.0,0.0,0.0,FLAT
PROTEAN,1341,0.0,0.015786565632646618,0.0,0.0,0.0,0.0,0.0,0.0,FLAT
PROTEAN,1342,0.0,0.015792798483891344,0.0,0.0,0.0,0.0,0.0,0.0,FLAT
PROTEAN,1342,0.0,0.015842839036755388,0.0,0.0,0.0,0.0,0.0,0.0,FLAT
PROTEAN,1343,0.0,0.01589319771137953,0.0,0.0,0.0,0.0,0.0,0.0,FLAT
PROTEAN,1343,0.0,0.015915963711602737,0.0,0.0,0.0,0.0,0.0,0.0,FLAT
PROTEAN,1344,0.0,0.015938795027095953,0.0,0.0,0.0,0.0,0.0,0.0,FLAT
PROTEAN,1344,0.0,0.016100466913540494,0.0,0.0,0.0,0.0,0.0,0.0,FLAT
PROTEAN,1345,0.0,0.01626545217957059,0.0,0.0,0.0,0.0,0.0,0.0,FLAT
PROTEAN,1345,0.0,0.01638941243956404,0.0,0.0,0.0,0.0,0.0,0.0,FLAT
PROTEAN,1346,0.0,0.016515276630883566,0.0,0.0,0.0,0.0,0.0,0.0,FLAT
PROTEAN,1346,0.0,0.016707042018210674,0.0,0.0,0.0,0.0,0.0,0.0,FLAT
PROTEAN,1347,0.0,0.016903313049357674,0.0,0.0,0.0,0.0,0.0,0.0,FLAT
PROTEAN,1347,0.0,0.01703867779860283,0.0,0.0,0.0,0.0,0.0,0.0,FLAT
PROTEAN,1348,0.0,0.017176228100309172,0.0,0.0,0.0,0.0,0.0,0.0,FLAT
PROTEAN,1348,0.0,0.01729056799515864,0.0,0.0,0.0,0.0,0.0,0.0,FLAT
PROTEAN,1349,0.0,0.017406440382941687,0.0,0.0,0.0,0.0,0.0,0.0,FLAT
PROTEAN,1349,0.0,0.017441353449027645,0.0,0.0,0.0,0.0,0.0,0.0,FLAT
PROTEAN,1350,0.0,0.017476406850751487,0.0,0.0,0.0,0.0,0.0,0.0,FLAT
PROTEAN,1350,0.0,0.017663163472577938,0.0,0.0,0.0,0.0,0.0,0.0,FLAT
PROTEAN,1351,0.0,0.017853954650955187,0.0,0.0,0.0,0.0,0.0,0.0,FLAT
PROTEAN,1351,0.0,0.018153762367250612,0.0,0.0,0.0,0.0,0.0,0.0,FLAT
PROTEAN,1352,0.0,0.01846381093057607,0.0,0.0,0.0,0.0,0.0,0.0,FLAT
PROTEAN,1352,0.0,0.018625442354255915,0.0,0.0,0.0,0.0,0.0,0.0,FLAT
PROTEAN,1353,0.0,0.018789928598271326,0.0,0.0,0.0,0.0,0.0,0.0,FLAT
PROTEAN,1353,0.0,0.019022256039566292,0.0,0.0,0.0,0.0,0.0,0.0,FLAT
PROTEAN,1354,0.0,0.01926040061633282,0.0,0.0,0.0,0.0,0.0,0.0,FLAT
PROTEAN,1354,0.0,0.020056157240272765,0.0,0.0,0.0,0.0,0.0,0.0,FLAT
PROTEAN,1355,0.0,0.02092050209205021,0.0,0.0,0.0,0.0,0.0,0.0,FLAT
PROTEAN,1355,0.0,0.02094021568422155,0.0,0.0,0.0,0.0,0.0,0.0,FLAT
PROTEAN,1356,0.0,0.020959966464053657,0.0,0.0,0.0,0.0,0.0,0.0,FLAT
PROTEAN,1356,0.0,0.021023862083464732,0.0,0.0,0.0,0.0,0.0,0.0,FLAT
PROTEAN,1357,0.0,0.021088148460565163,0.0,0.0,0.0,0.0,0.0,0.0,FLAT
PROTEAN,1357,0.0,0.021108179419525065,0.0,0.0,0.0,0.0,0.0,0.0,FLAT
PROTEAN,1358,0.0,0.021128248468201986,0.0,0.0,0.0,0.0,0.0,0.0,FLAT
PROTEAN,1358,0.0,0.0211864406779661,0.0,0.0,0.0,0.0,0.0,0.0,FLAT
PROTEAN,1359,0.0,0.021244954323348206,0.0,0.0,0.0,0.0,0.0,0.0,FLAT
PROTEAN,1359,0.0,0.021659085986571368,0.0,0.0,0.0,0.0,0.0,0.0,FLAT
PROTEAN,1400,0.0,0.02208968411751712,0.0,0.0,0.0,0.0,0.0,0.0,FLAT
PROTEAN,1400,0.0,0.02243661655822302,0.0,0.0,0.0,0.0,0.0,0.0,FLAT
PROTEAN,1401,0.0,0.02279462046956918,0.0,0.0,0.0,0.0,0.0,0.0,FLAT
PROTEAN,1401,0.0,0.022875443211712226,0.0,0.0,0.0,0.0,0.0,0.0,FLAT
PROTEAN,1402,0.0,0.02295684113865932,0.0,0.0,0.0,0.0,0.0,0.0,FLAT
PROTEAN,1402,0.0,0.02298058140870964,0.0,0.0,0.0,0.0,0.0,0.0,FLAT
PROTEAN,1403,0.0,0.023004370830457786,0.0,0.0,0.0,0.0,0.0,0.0,FLAT
PROTEAN,1403,0.0,0.023315458148752622,0.0,0.0,0.0,0.0,0.0,0.0,FLAT
PROTEAN,1404,0.0,0.02363507445048452,0.0,0.0,0.0,0.0,0.0,0.0,FLAT
PROTEAN,1404,0.0,0.023837902264600714,0.0,0.0,0.0,0.0,0.0,0.0,FLAT
PROTEAN,1405,0.0,0.024044241404183698,0.0,0.0,0.0,0.0,0.0,0.0,FLAT
PROTEAN,1405,0.0,0.024816974810770567,0.0,0.0,0.0,0.0,0.0,0.0,FLAT
PROTEAN,1406,0.0,0.02564102564102564,0.0,0.0,0.0,0.0,0.0,0.0,FLAT
PROTEAN,1406,0.0,0.025889967637540454,0.0,0.0,0.0,0.0,0.0,0.0,FLAT
PROTEAN,1407,0.0,0.026143790849673203,0.0,0.0,0.0,0.0,0.0,0.0,FLAT
PROTEAN,1407,0.0,0.026226068712300026,0.0,0.0,0.0,0.0,0.0,0.0,FLAT
PROTEAN,1408,0.0,0.026308866087871613,0.0,0.0,0.0,0.0,0.0,0.0,FLAT
PROTEAN,1408,0.0,0.026476039184537992,0.0,0.0,0.0,0.0,0.0,0.0,FLAT
PROTEAN,1409,0.0,0.02664535038635758,0.0,0.0,0.0,0.0,0.0,0.0,FLAT
PROTEAN,1409,0.0,0.026712969146520636,0.0,0.0,0.0,0.0,0.0,0.0,FLAT
PROTEAN,1410,0.0,0.02678093197643278,0.0,0.0,0.0,0.0,0.0,0.0,FLAT
PROTEAN,1410,0.0,0.02712600027126,0.0,0.0,0.0,0.0,0.0,0.0,FLAT
PROTEAN,1411,0.0,0.027480076944215445,0.0,0.0,0.0,0.0,0.0,0.0,FLAT
PROTEAN,1411,0.0,0.027563395810363836,0.0,0.0,0.0,0.0,0.0,0.0,FLAT
PROTEAN,1412,0.0,0.027647221454243847,0.0,0.0,0.0,0.0,0.0,0.0,FLAT
PROTEAN,1412,0.0,0.02768549280177187,0.0,0.0,0.0,0.0,0.0,0.0,FLAT
PROTEAN,1413,0.0,0.02772387025228722,0.0,0.0,0.0,0.0,0.0,0.0,FLAT
PROTEAN,1413,0.0,0.0278473962684489,0.0,0.0,0.0,0.0,0.0,0.0,FLAT
PROTEAN,1414,0.0,0.027972027972027972,0.0,0.0,0.0,0.0,0.0,0.0,FLAT
PROTEAN,1414,0.0,0.028070175438596492,0.0,0.0,0.0,0.0,0.0,0.0,FLAT
PROTEAN,1415,0.0,0.028169014084507043,0.0,0.0,0.0,0.0,0.0,0.0,FLAT
PROTEAN,1415,0.0,0.02824060999717594,0.0,0.0,0.0,0.0,0.0,0.0,FLAT
PROTEAN,1416,0.0,0.028312570781426953,0.0,0.0,0.0,0.0,0.0,0.0,FLAT
PROTEAN,1416,0.0,0.028328611898016998,0.0,0.0,0.0,0.0,0.0,0.0,FLAT
PROTEAN,1417,0.0,0.02834467120181406,0.0,0.0,0.0,0.0,0.0,0.0,FLAT
PROTEAN,1417,0.0,0.02895193977996526,0.0,0.0,0.0,0.0,0.0,0.0,FLAT
PROTEAN,1418,0.0,0.029585798816568046,0.0,0.0,0.0,0.0,0.0,0.0,FLAT
PROTEAN,1418,0.0,0.030321406913280776,0.0,0.0,0.0,0.0,0.0,0.0,FLAT
PROTEAN,1419,0.0,0.03109452736318408,0.0,0.0,0.0,0.0,0.0,0.0,FLAT
PROTEAN,1419,0.0,0.0311284046692607,0.0,0.0,0.0,0.0,0.0,0.0,FLAT
PROTEAN,1420,0.0,0.031162355874104083,0.0,0.0,0.0,0.0,0.0,0.0,FLAT
PROTEAN,1420,0.0,0.03117206982543641,0.0,0.0,0.0,0.0,0.0,0.0,FLAT
PROTEAN,1421,0.0,0.031181789834736514,0.0,0.0,0.0,0.0,0.0,0.0,FLAT
PROTEAN,1421,0.0,0.031196381219778507,0.0,0.0,0.0,0.0,0.0,0.0,FLAT
PROTEAN,1422,0.0,0.031210986267166042,0.0,0.0,0.0,0.0,0.0,0.0,FLAT
PROTEAN,1422,0.0,0.03127932436659368,0.0,0.0,0.0,0.0,0.0,0.0,FLAT
PROTEAN,1423,0.0,0.03134796238244514,0.0,0.0,0.0,0.0,0.0,0.0,FLAT
PROTEAN,1423,0.0,0.03141196795979268,0.0,0.0,0.0,0.0,0.0,0.0,FLAT
PROTEAN,1424,0.0,0.03147623544224111,0.0,0.0,0.0,0.0,0.0,0.0,FLAT
PROTEAN,1424,0.0,0.031756113051762465,0.0,0.0,0.0,0.0,0.0,0.0,FLAT
PROTEAN,1425,0.0,0.03204101249599487,0.0,0.0,0.0,0.0,0.0,0.0,FLAT
PROTEAN,1425,0.0,0.03228931223764934,0.0,0.0,0.0,0.0,0.0,0.0,FLAT
PROTEAN,1426,0.0,0.03254149040026033,0.0,0.0,0.0,0.0,0.0,0.0,FLAT
PROTEAN,1426,0.0,0.03273858241938124,0.0,0.0,0.0,0.0,0.0,0.0,FLAT
PROTEAN,1427,0.0,0.03293807641633729,0.0,0.0,0.0,0.0,0.0,0.0,FLAT
PROTEAN,1427,0.0,0.03306878306878307,0.0,0.0,0.0,0.0,0.0,0.0,FLAT
PROTEAN,1428,0.0,0.033200531208499334,0.0,0.0,0.0,0.0,0.0,0.0,FLAT
PROTEAN,1428,0.0,0.03321707357581797,0.0,0.0,0.0,0.0,0.0,0.0,FLAT
PROTEAN,1429,0.0,0.03323363243602526,0.0,0.0,0.0,0.0,0.0,0.0,FLAT
PROTEAN,1429,0.0,0.03352329869259135,0.0,0.0,0.0,0.0,0.0,0.0,FLAT
PROTEAN,1430,0.0,0.033818058843422386,0.0,0.0,0.0,0.0,0.0,0.0,FLAT
PROTEAN,1430,0.0,0.034054146092286734,0.0,0.0,0.0,0.0,0.0,0.0,FLAT
PROTEAN,1431,0.0,0.03429355281207133,0.0,0.0,0.0,0.0,0.0,0.0,FLAT
PROTEAN,1431,0.0,0.034299434059338024,0.0,0.0,0.0,0.0,0.0,0.0,FLAT
PROTEAN,1432,0.0,0.03430531732418525,0.0,0.0,0.0,0.0,0.0,0.0,FLAT
PROTEAN,1432,0.0,0.0346860908775581,0.0,0.0,0.0,0.0,0.0,0.0,FLAT
PROTEAN,1433,0.0,0.035075412136092596,0.0,0.0,0.0,0.0,0.0,0.0,FLAT
PROTEAN,1433,0.0,0.03536693191865606,0.0,0.0,0.0,0.0,0.0,0.0,FLAT
PROTEAN,1434,0.0,0.03566333808844508,0.0,0.0,0.0,0.0,0.0,0.0,FLAT
PROTEAN,1434,0.0,0.03615982643283312,0.0,0.0,0.0,0.0,0.0,0.0,FLAT
PROTEAN,1435,0.0,0.03667033370003667,0.0,0.0,0.0,0.0,0.0,0.0,FLAT
PROTEAN,1435,0.0,0.036859565057132324,0.0,0.0,0.0,0.0,0.0,0.0,FLAT
PROTEAN,1436,0.0,0.037050759540570584,0.0,0.0,0.0,0.0,0.0,0.0,FLAT
PROTEAN,1436,0.0,0.037209302325581395,0.0,0.0,0.0,0.0,0.0,0.0,FLAT
PROTEAN,1437,0.0,0.03736920777279522,0.0,0.0,0.0,0.0,0.0,0.0,FLAT
PROTEAN,1437,0.0,0.03830683777054204,0.0,0.0,0.0,0.0,0.0,0.0,FLAT
PROTEAN,1438,0.0,0.03929273084479371,0.0,0.0,0.0,0.0,0.0,0.0,FLAT
PROTEAN,1438,0.0,0.0393623302499508,0.0,0.0,0.0,0.0,0.0,0.0,FLAT
PROTEAN,1439,0.0,0.03943217665615142,0.0,0.0,0.0,0.0,0.0,0.0,FLAT
PROTEAN,1439,0.0,0.039510075069142635,0.0,0.0,0.0,0.0,0.0,0.0,FLAT
PROTEAN,1440,0.0,0.0395882818685669,0.0,0.0,0.0,0.0,0.0,0.0,FLAT
PROTEAN,1440,0.0,0.04007212983370066,0.0,0.0,0.0,0.0,0.0,0.0,FLAT
PROTEAN,1441,0.0,0.04056795131845842,0.0,0.0,0.0,0.0,0.0,0.0,FLAT
PROTEAN,1441,0.0,0.040584415584415584,0.0,0.0,0.0,0.0,0.0,0.0,FLAT
PROTEAN,1442,0.0,0.04060089321965083,0.0,0.0,0.0,0.0,0.0,0.0,FLAT
PROTEAN,1442,0.0,0.041330853482124404,0.0,0.0,0.0,0.0,0.0,0.0,FLAT
PROTEAN,1443,0.0,0.04208754208754209,0.0,0.0,0.0,0.0,0.0,0.0,FLAT
PROTEAN,1443,0.0,0.042238648363252376,0.0,0.0,0.0,0.0,0.0,0.0,FLAT
PROTEAN,1444,0.0,0.0423908435777872,0.0,0.0,0.0,0.0,0.0,0.0,FLAT
PROTEAN,1444,0.0,0.0425531914893617,0.0,0.0,0.0,0.0,0.0,0.0,FLAT
PROTEAN,1445,0.0,0.042716787697565144,0.0,0.0,0.0,0.0,0.0,0.0,FLAT
PROTEAN,1445,0.0,0.043010752688172046,0.0,0.0,0.0,0.0,0.0,0.0,FLAT
PROTEAN,1446,0.0,0.043308791684711995,0.0,0.0,0.0,0.0,0.0,0.0,FLAT
PROTEAN,1446,0.0,0.04405286343612335,0.0,0.0,0.0,0.0,0.0,0.0,FLAT
PROTEAN,1447,0.0,0.04482294935006723,0.0,0.0,0.0,0.0,0.0,0.0,FLAT
PROTEAN,1447,0.0,0.04511617414843221,0.0,0.0,0.0,0.0,0.0,0.0,FLAT
PROTEAN,1448,0.0,0.045413260672116255,0.0,0.0,0.0,0.0,0.0,0.0,FLAT
PROTEAN,1448,0.0,0.04604051565377532,0.0,0.0,0.0,0.0,0.0,0.0,FLAT
PROTEAN,1449,0.0,0.04668534080298786,0.0,0.0,0.0,0.0,0.0,0.0,FLAT
PROTEAN,1449,0.0,0.04740459824602986,0.0,0.0,0.0,0.0,0.0,0.0,FLAT
PROTEAN,1450,0.0,0.04814636494944632,0.0,0.0,0.0,0.0,0.0,0.0,FLAT
PROTEAN,1450,0.0,0.048320850446967864,0.0,0.0,0.0,0.0,0.0,0.0,FLAT
PROTEAN,1451,0.0,0.04849660523763336,0.0,0.0,0.0,0.0,0.0,0.0,FLAT
PROTEAN,1451,0.0,0.050188205771643665,0.0,0.0,0.0,0.0,0.0,0.0,FLAT
PROTEAN,1452,0.0,0.052002080083203325,0.0,0.0,0.0,0.0,0.0,0.0,FLAT
PROTEAN,1452,0.0,0.05286809410520751,0.0,0.0,0.0,0.0,0.0,0.0,FLAT
PROTEAN,1453,0.0,0.053763440860215055,0.0,0.0,0.0,0.0,0.0,0.0,FLAT
PROTEAN,1453,0.0,0.05492996429552321,0.0,0.0,0.0,0.0,0.0,0.0,FLAT
PROTEAN,1454,0.0,0.05614823133071308,0.0,0.0,0.0,0.0,0.0,0.0,FLAT
PROTEAN,1454,0.0,0.05651313930488839,0.0,0.0,0.0,0.0,0.0,0.0,FLAT
PROTEAN,1455,0.0,0.05688282138794084,0.0,0.0,0.0,0.0,0.0,0.0,FLAT
PROTEAN,1455,0.0,0.05863383172090296,0.0,0.0,0.0,0.0,0.0,0.0,FLAT
PROTEAN,1456,0.0,0.060496067755595885,0.0,0.0,0.0,0.0,0.0,0.0,FLAT
PROTEAN,1456,0.0,0.06105006105006105,0.0,0.0,0.0,0.0,0.0,0.0,FLAT
PROTEAN,1457,0.0,0.061614294516327786,0.0,0.0,0.0,0.0,0.0,0.0,FLAT
PROTEAN,1457,0.0,0.06273525721455459,0.0,0.0,0.0,0.0,0.0,0.0,FLAT
PROTEAN,1458,0.0,0.06389776357827476,0.0,0.0,0.0,0.0,0.0,0.0,FLAT
PROTEAN,1458,0.0,0.06759040216289287,0.0,0.0,0.0,0.0,0.0,0.0,FLAT
PROTEAN,1459,0.0,0.07173601147776183,0.0,0.0,0.0,0.0,0.0,0.0,FLAT
PROTEAN,1459,0.0,0.07259528130671507,0.0,0.0,0.0,0.0,0.0,0.0,FLAT
PROTEAN,1500,0.0,0.07347538574577517,0.0,0.0,0.0,0.0,0.0,0.0,FLAT
PROTEAN,1500,0.0,0.07911392405063292,0.0,0.0,0.0,0.0,0.0,0.0,FLAT
PROTEAN,1501,0.0,0.0856898029134533,0.0,0.0,0.0,0.0,0.0,0.0,FLAT
PROTEAN,1501,0.0,0.0858000858000858,0.0,0.0,0.0,0.0,0.0,0.0,FLAT
PROTEAN,1502,0.0,0.0859106529209622,0.0,0.0,0.0,0.0,0.0,0.0,FLAT
PROTEAN,1502,0.0,0.08896797153024912,0.0,0.0,0.0,0.0,0.0,0.0,FLAT
PROTEAN,1503,0.0,0.09225092250922509,0.0,0.0,0.0,0.0,0.0,0.0,FLAT
PROTEAN,1503,0.0,0.09523809523809523,0.0,0.0,0.0,0.0,0.0,0.0,FLAT
PROTEAN,1504,0.0,0.0984251968503937,0.0,0.0,0.0,0.0,0.0,0.0,FLAT
PROTEAN,1504,0.0,0.10378827192527244,0.0,0.0,0.0,0.0,0.0,0.0,FLAT
PROTEAN,1505,0.0,0.10976948408342481,0.0,0.0,0.0,0.0,0.0,0.0,FLAT
PROTEAN,1505,0.0,0.11185682326621924,0.0,0.0,0.0,0.0,0.0,0.0,FLAT
PROTEAN,1506,0.0,0.11402508551881414,0.0,0.0,0.0,0.0,0.0,0.0,FLAT
PROTEAN,1506,0.0,0.1152073732718894,0.0,0.0,0.0,0.0,0.0,0.0,FLAT
PROTEAN,1507,0.0,0.11641443538998836,0.0,0.0,0.0,0.0,0.0,0.0,FLAT
PROTEAN,1507,0.0,0.12547051442910917,0.0,0.0,0.0,0.0,0.0,0.0,FLAT
PROTEAN,1508,0.0,0.1360544217687075,0.0,0.0,0.0,0.0,0.0,0.0,FLAT
PROTEAN,1508,0.0,0.13708019191226867,0.0,0.0,0.0,0.0,0.0,0.0,FLAT
PROTEAN,1509,0.0,0.13812154696132597,0.0,0.0,0.0,0.0,0.0,0.0,FLAT
PROTEAN,1509,0.0,0.13831258644536654,0.0,0.0,0.0,0.0,0.0,0.0,FLAT
PROTEAN,1510,0.0,0.13850415512465375,0.0,0.0,0.0,0.0,0.0,0.0,FLAT
PROTEAN,1510,0.0,0.1466275659824047,0.0,0.0,0.0,0.0,0.0,0.0,FLAT
PROTEAN,1511,0.0,0.1557632398753894,0.0,0.0,0.0,0.0,0.0,0.0,FLAT
PROTEAN,1511,0.0,0.16366612111292964,0.0,0.0,0.0,0.0,0.0,0.0,FLAT
PROTEAN,1512,0.0,0.1724137931034483,0.0,0.0,0.0,0.0,0.0,0.0,FLAT
PROTEAN,1512,0.0,0.17436791630340018,0.0,0.0,0.0,0.0,0.0,0.0,FLAT
PROTEAN,1513,0.0,0.1763668430335097,0.0,0.0,0.0,0.0,0.0,0.0,FLAT
PROTEAN,1513,0.0,0.18034265103697025,0.0,0.0,0.0,0.0,0.0,0.0,FLAT
PROTEAN,1514,0.0,0.18450184501845018,0.0,0.0,0.0,0.0,0.0,0.0,FLAT
PROTEAN,1514,0.0,0.18761726078799248,0.0,0.0,0.0,0.0,0.0,0.0,FLAT
PROTEAN,1515,0.0,0.19083969465648856,0.0,0.0,0.0,0.0,0.0,0.0,FLAT
PROTEAN,1515,0.0,0.20920502092050208,0.0,0.0,0.0,0.0,0.0,0.0,FLAT
PROTEAN,1516,0.0,0.23148148148148148,0.0,0.0,0.0,0.0,0.0,0.0,FLAT
PROTEAN,1516,0.0,0.2375296912114014,0.0,0.0,0.0,0.0,0.0,0.0,FLAT
PROTEAN,1517,0.0,0.24390243902439024,0.0,0.0,0.0,0.0,0.0,0.0,FLAT
INDOMIM,0930,-0.7125382262997038,1.6431434857003178,0.07747093021152768,-0.9250218942635219,-2.369838420107728,0.3393841166936785,1.4676840215439775,1.9658886894075485,UP-LEG
INDOMIM,0930,-0.3220338983050952,0.8235619538567927,0.07571170827007681,-0.8462350198870605,-2.6266163793103448,0.3419941539460854,0.2649066091954064,2.711925287356326,UP-LEG
INDOMIM,0931,-0.17647058823529413,0.4346407766990291,0.07547795439887155,-1.0408602003580678,-2.7354260089686098,0.33920417482061277,0.3811659192825112,2.3273542600896904,UP-LEG
INDOMIM,0931,0.7931034482758134,0.36746687655778565,0.07327912342892941,-0.9406167524694945,-2.199669155452241,0.3646604441583509,0.5186211829927978,1.6899897169937939,UP-LEG
INDOMIM,0932,0.06403940886700346,0.9458582635287861,0.07553131588770932,-0.4976901111118985,-0.5875806810594176,0.38331771321461944,0.9036278655686705,1.3665702203427472,UP-LEG
INDOMIM,0932,0.6635514018691334,0.2729710618654357,0.07688248115709782,-0.3373666770043991,0.048854148161303484,0.3926153846153838,0.4752176230236398,1.4656244448392255,UP-LEG
INDOMIM,0933,0.0,0.20298275677412445,0.07833229161232519,-0.2810518233388408,0.47555555555554746,0.3854166666666666,0.15111111111109496,1.90222222222223,UP-LEG
INDOMIM,0933,-0.37777777777780475,0.4080376834481444,0.08367735447769208,-0.18582382201349473,0.23207033516311057,0.35551558752997486,0.6024902932119427,2.2448342035970987,UP-LEG
INDOMIM,0934,0.13636363636361287,0.23010026034454106,0.0839823413360571,-0.1621277441346346,0.12056800928821439,0.34674271990393235,0.19648120032151875,1.9514155577386716,UP-LEG
INDOMIM,0934,-0.30769230769256334,0.22021625392396232,0.08571954342639383,-0.20990432703037457,-0.21897484023774821,0.33970720047803876,0.1161907315547173,1.0725298297358896,UP-LEG
INDOMIM,0935,0.9756097560975839,0.23545784250330343,0.08421063838390808,0.035608671624583844,0.6820309365666732,0.2648037258815703,0.3655329202514275,0.922747737707833,UP-LEG
INDOMIM,0935,-0.8536585365854957,0.22210472161884073,0.09311872320729664,0.05445040208412118,0.6689858175006691,0.24620060790273327,0.18285612345017882,1.208634376951225,UP-LEG
INDOMIM,0936,0.7886178861788353,0.40227279332693927,0.1069969967784783,0.11827631669815715,1.095489422096058,0.28130081300812926,0.5455271211247698,0.5455271211247698,UP-LEG
INDOMIM,0936,-0.013513513513501057,0.8304122949608393,0.11096227465345171,0.06825058562199596,0.5159453809545151,0.22092635788070678,0.658275141217817,0.8228439265222611,UP-LEG
INDOMIM,0937,-0.6956521739131165,0.22577638817905782,0.11579614998172102,0.03256325978351673,-0.2812248906347729,0.178172255095331,0.4106776180698071,1.053477368092151,UP-LEG
INDOMIM,0937,1.0,0.22577029115036204,0.11618119505434586,0.036385617389351754,-0.5178571428571388,0.15003394433129588,0.08482142857143264,0.9821428571428571,UP-LEG
INDOMIM,0938,0.6666666666666278,0.45601661017984185,0.12726823951102315,0.08562931606843459,0.05330490405116463,0.18309859154929448,0.6929637526652614,0.5286069651741334,UP-LEG
INDOMIM,0938,-0.886792452830124,0.20358613855253785,0.13300616071253507,0.0883201916657291,0.4310344827586328,0.12237762237762238,0.23551368645574927,0.09776039815143164,FLAT
INDOMIM,0939,1.0,0.38101222079105274,0.1429248312879282,0.1444624438908026,0.6917960088691756,0.14533472077696888,0.20399113082039508,-0.13303769401330376,FLAT
INDOMIM,0939,1.0,0.41644257835228254,0.14513655138805853,0.22154204940492994,0.9867256637168222,0.18043025676613475,0.26991150442477474,-0.24336283185840707,drift
INDOMIM,0940,0.4698795180723446,1.3148503031635828,0.15263274658832798,0.2806270495465838,1.254511840831059,0.18579800068941782,0.3653490624174743,-0.7791178800950908,DOWN-LEG
INDOMIM,0940,1.0,1.2824626056796011,0.169037300575129,0.5127937770264147,1.9846126945270195,0.2126666666666661,0.7693652736492355,-1.6392726001049136,DOWN-LEG
INDOMIM,0941,-0.6122448979591724,1.0738298067234588,0.16350273374609836,0.3664014818736311,1.1919891318638096,0.16294793779580904,0.4294666725097586,-1.476839475875379,DOWN-LEG
INDOMIM,0941,-0.6304347826087279,0.44705955219720667,0.16405902881630707,0.3408277160820462,1.151901516816875,0.07670654468684095,0.40448450208836306,-1.292591778412842,DOWN-LEG
INDOMIM,0942,-0.4117647058823529,0.7223147246395024,0.16063118805355509,0.3431657203463992,1.6248023888986476,0.02706711160548663,0.37326541366590554,-1.4008431406990884,DOWN-LEG
INDOMIM,0942,0.6818181818181678,0.4733688729537199,0.16123682431168665,0.38512201253576206,1.952201698327931,0.10950570342205239,0.38518777904229107,-1.6676879978989718,DOWN-LEG
INDOMIM,0943,1.0,0.9236775818639799,0.1594084803538497,0.49624268241498115,1.814375436147957,0.12611940298507532,0.35327983251920636,-1.99755757152827,DOWN-LEG
INDOMIM,0943,-0.6969696969696928,1.2085357990910663,0.14046141710594295,0.36401535881441316,1.7721518987341731,0.10735735735735698,0.28808380619816276,-1.8027062418158089,DOWN-LEG
INDOMIM,0944,-1.0,0.3302896725440806,0.14728724695683243,0.22411996980166105,1.230782707721953,0.08575634891424257,0.3022206648854667,-1.3972230738907667,DOWN-LEG
INDOMIM,0944,-0.8731707317073437,1.1972763441367489,0.1577442956869094,-0.05805589975801813,0.07516469912012284,0.011111111111112041,0.90639784233099,-0.4819383649467055,drift
INDOMIM,0945,-0.14814814814809513,0.32937657430730477,0.15332277614244047,-0.19385070054388265,-0.3445229681978879,0.06122448979591891,0.23851590106007467,-0.36219081272084,drift
INDOMIM,0945,0.8571428571428571,0.16271164699846075,0.158877975049531,-0.4396248419854534,-0.8064160754417541,0.059679767103346326,0.308465165469528,-0.3437183272374821,drift
INDOMIM,0946,-0.4102564102563774,0.3632056978567695,0.14873332091651517,-0.35035977774158916,-0.6572562858403216,0.08830022075055152,0.3440670489633958,-0.2514336127040061,drift
INDOMIM,0946,0.11764705882355302,0.21296543440544508,0.14996655923978142,-0.2873979717587833,-0.33968590082935496,0.0715623829149488,0.14999117698959286,-0.15440268219516498,FLAT
INDOMIM,0947,-0.23076923076923078,0.21066266703026998,0.1444749403351999,-0.2789772300644758,-0.591925081720984,0.016823963890030165,0.2871278381482463,-0.057425567629657295,FLAT
INDOMIM,0947,-0.027027027027000453,0.13904897881009176,0.14767172892126015,-0.38970840045940724,-0.9991158267020297,0.048666948793905825,0.16357206012379633,-0.2387267904509324,drift
INDOMIM,0948,-0.279069767441874,0.6219881126098872,0.13486622348345573,-0.708468032813826,-1.3123591533737031,0.10521662245800001,0.3800097211789099,-0.18116742521319912,FLAT
INDOMIM,0948,-0.43396226415096284,0.9970013922107593,0.1384197290575707,-0.5960246926333254,-1.7046967948148848,0.0734220695577494,0.23528367220102026,0.2397229867708466,drift
INDOMIM,0949,-1.0,0.29406709871459774,0.13531988453503987,-0.5694115578768116,-1.380994671403193,0.0658631080499359,0.14209591474244307,0.3552397868561279,drift
INDOMIM,0949,0.41666666666665086,0.20750551876379691,0.13512760892304712,-0.24061634659490358,-0.3193612774451017,0.05198776758409803,0.21290751829674792,0.19960079840319359,FLAT
INDOMIM,0950,-0.8095238095239745,0.11214104649842987,0.13580693049076548,-0.27868710167805094,-0.43919968058205455,0.12156497438285871,0.09316356860830971,0.11534537065790822,FLAT
INDOMIM,0950,-0.39024390243904467,0.5653864278982093,0.13129704339463896,-0.38958613544678006,-0.8532954090929414,0.10509407985314358,0.36442824763345066,0.26221056841918544,drift
INDOMIM,0951,0.4285714285713358,0.5074907131485488,0.13572311084745192,-0.2814364263853929,-0.8362245351837108,0.0838709677419343,0.24908815941643822,0.20016012810248202,drift
INDOMIM,0951,-0.2653061224490364,0.2708837836130472,0.1330398180075375,-0.31562870683275834,-0.9665493741926984,0.03936269915651383,0.2182530844951065,0.38305643401184397,drift
INDOMIM,0952,0.14285714285732848,0.18828288100208768,0.13809220847200462,-0.294553635560505,-0.8239433483276177,0.005888125613345494,0.12470493920635022,0.40529105242060787,drift
INDOMIM,0952,1.0,0.12428804803744095,0.1342196196117293,-0.26526512875460084,-0.6899621633652349,0.025512756378188513,0.06677053193857112,0.38726908524370435,drift
INDOMIM,0953,-0.17647058823542,0.15986730027795212,0.1346635792207221,-0.21758610417398025,-0.7165109034267872,0.01509054325955726,0.07565643079660961,0.3560302625723186,drift
INDOMIM,0953,0.6874999999999822,0.1168953118200765,0.16082373080585718,-0.064059673425344,-0.12890607636574172,0.04682622268470326,0.14224118771390934,0.20447170733877248,drift
INDOMIM,0954,1.0,0.0632111251580278,0.15390540246848322,0.04337700116926477,-0.035536602700789885,0.06133056133055959,0.1332622601279318,0.19989339019189767,FLAT
INDOMIM,0954,-1.0,0.490076626528961,0.12328139476042858,-0.09652317606779996,-0.1643859960902709,0.06855049712192747,0.29767193886617277,0.25768615603339823,drift
INDOMIM,0955,0.9600000000000364,0.04451971933220421,0.13870947934530528,-0.06168926514667234,0.07536129089459494,0.06561679790026247,0.22165085557230246,0.18618671868072603,FLAT
INDOMIM,0955,1.0,0.6202679242349649,0.13391635336438057,0.13350767369675187,0.5040902056157458,0.09892362890825339,0.28741985407915105,-0.21667035153659478,drift
INDOMIM,0956,-0.7999999999998787,0.5490852298081214,0.12918419070848094,-0.012453091010915905,0.579312784681394,0.036105032822759245,0.1326670499270331,-0.23437845487109987,drift
INDOMIM,0956,0.3200000000000728,0.19958196813919332,0.1366037077916503,0.019112835882417814,0.804135554279162,0.08408071748878941,0.2209163610657005,-0.21649803384439054,drift
INDOMIM,0957,0.6071428571428833,0.38956282902265965,0.1298883001292738,0.058367188483081846,0.7602209944751301,0.1303331385154895,0.2475138121546921,0.9237569060773521,UP-LEG
INDOMIM,0957,-1.0,0.1780877889329909,0.142290478024948,-0.0071328597510257885,0.4475759992909647,0.09389140271493175,0.27031817778959094,0.9926438004076971,UP-LEG
INDOMIM,0958,0.4545454545454921,0.11347390993566833,0.16209922099249982,0.010004137006714065,0.5312084993359893,0.04642857142857251,0.09738822487825666,1.5360779105798945,UP-LEG
INDOMIM,0958,-0.6923076923079076,0.02273940764471246,0.16430579119560798,-0.01344632555243634,0.36758193091231983,0.04518430439952376,0.0575730735163741,1.1780336581045132,UP-LEG
INDOMIM,0959,1.0,0.1364028968174872,0.1795143790936044,-0.005324856649077686,0.38938053097345937,0.03019323671497578,0.22123893805309736,0.8141592920354022,UP-LEG
INDOMIM,0959,-1.0,0.04108266471351999,0.18181859013094095,0.1166320180945489,0.36299247454625133,0.0061881188118811745,0.06640106241699867,0.6949977866312448,UP-LEG
INDOMIM,1000,-0.045454545454606525,0.3031496062992126,0.18716324287667813,0.10960894538678362,0.039881242522250906,0.09927679158448605,0.19497496344219842,0.7976248504453406,UP-LEG
INDOMIM,1000,0.07142857142850183,0.07392801042745897,0.1984378503219006,-0.05837954547818445,-0.24379432624113476,0.23065693430656792,0.12411347517731304,0.722517730496462,UP-LEG
INDOMIM,1001,-0.12903225806454927,0.5189152996317375,0.2164895769770524,0.05325297321778497,-0.38176410529588334,0.21693907875185806,0.27522528521329154,0.9011408531983922,UP-LEG
INDOMIM,1001,-0.29032258064519917,0.21442919886963333,0.2137467570335214,0.01920610488555399,-0.4259661889337696,0.1622464898595949,0.13755158184318717,0.6833207614145669,UP-LEG
INDOMIM,1002,0.04347826086962539,0.26607093377666946,0.21771766271959184,-0.052711248301793516,-0.35929737402412654,0.1806656101426269,0.2040454222853047,0.612136266855914,UP-LEG
INDOMIM,1002,0.1999999999998181,0.008323795650816772,0.2228517830106058,0.0038591416421125155,-0.06207875133026299,0.24581939799331012,0.044341965235899256,0.594182334161054,UP-LEG
INDOMIM,1003,0.25000000000007105,0.17149406126276306,0.22426592797492953,-0.0010736446529398826,-0.17738359201773835,0.33870967741935537,0.0709534368070913,0.376940133037694,drift
INDOMIM,1003,-1.0,0.06358483258810689,0.21747877784073777,-0.018278315867831497,-0.1641307723018151,0.33212669683257756,0.05766756864657442,0.7718582265004496,UP-LEG
INDOMIM,1004,1.0,0.10002855918891904,0.21673827590064598,-0.037516118427072614,-0.19062818637230936,0.26346153846154047,0.06649820454847719,0.8511770182205203,UP-LEG
INDOMIM,1004,1.0,0.05752863863252774,0.25068365047750135,0.0023451071380871727,-0.10635469290082829,0.061077844311376486,0.07976601967560609,0.7400514047682476,UP-LEG
INDOMIM,1005,1.0,0.6325410013727332,0.21499159688383446,0.30350981935085924,0.14601769911505227,0.04728132387706886,0.13716814159291632,0.6681415929203499,UP-LEG
INDOMIM,1005,-1.0,0.15537995716712208,0.2319943237200798,0.2345383655455355,0.02658867322520203,0.15356711003628018,0.11964902951343938,0.5982451475671364,UP-LEG
INDOMIM,1006,0.42857142857149044,0.07597613473302621,0.271582051919793,0.2939834560181663,0.1462765957446889,0.135802469135804,0.0930851063829747,0.700354609929086,UP-LEG
INDOMIM,1006,0.7777777777779649,0.04424882171931601,0.2900445856043283,0.3430989107657954,0.20811193765498903,0.10096153846154032,0.11955366631242552,0.602196245129291,UP-LEG
INDOMIM,1007,1.0,2.256778188958538,0.3411338626224396,1.1182628862436104,1.2700359113602522,0.1863117870722436,1.2087238328807877,-0.5430498379609394,DOWN-LEG
INDOMIM,1007,-0.6390977443608935,1.4513699135957463,0.2728735934767331,0.698780061883754,1.0443176831943914,0.15769944341373018,0.5835892935498105,-0.4300131636682835,drift
INDOMIM,1008,1.0,3.0525251065674444,0.23040366421096783,1.435615724728194,1.6872302393512586,0.2520593080724886,0.6757640493525745,-0.8196363953437558,DOWN-LEG
INDOMIM,1008,0.05,2.001651883506302,0.21300995249946508,1.5723231685972199,1.326271557384213,0.26666666666666866,0.8754267705506434,-0.42020484986430484,drift
INDOMIM,1009,-0.7906976744185813,0.7409869229101943,0.21353603726202966,1.3615761749407445,0.9963132022472029,0.21019108280255017,0.3774578651685353,0.035112359550549824,FLAT
INDOMIM,1009,-0.8918918918919849,0.4169559116756517,0.21416819526857428,1.2135495146604263,0.795709324306498,0.15930599369085122,0.1626588121510449,0.4572031476678283,drift
INDOMIM,1010,-0.3200000000000728,0.3885658182916698,0.20759532243357132,0.9895597158611755,0.646239064492013,0.16297468354430414,0.21980920560953093,0.3956565700971557,drift
INDOMIM,1010,-0.5263157894736024,0.2517820278113193,0.20931797797224566,1.0204354456830642,0.6909298948202381,0.17788461538461925,0.16723143951061598,0.4312810808431865,drift
INDOMIM,1011,-0.12500000000017764,0.08703346203346203,0.21072150665520628,1.038013863884282,0.7479102507699076,0.20064724919094235,0.07039155301363437,0.5939287285525737,UP-LEG
INDOMIM,1011,-0.8536585365854957,0.3461726384364821,0.2168114604236335,0.933255620167409,0.4715525979463143,0.19292604501607916,0.1806883786523251,0.8329293552509847,UP-LEG
INDOMIM,1012,-0.894736842105364,0.16936015831134565,0.21960717700210616,0.20464236096495056,-0.6701349087382186,0.1830535571542758,0.08376686359227983,0.9170267172207117,UP-LEG
INDOMIM,1012,-0.23809523809546496,0.15130514171888618,0.2163795794605026,0.48731117157823556,-0.4584325134444191,0.17779565567176284,0.09256810367627212,0.42757647888566835,drift
INDOMIM,1013,-1.0,0.3301027654774835,0.2270599328530605,-0.5680682583771204,-1.334216920698026,0.12800620636152182,0.24298652529268833,0.6715263971725124,UP-LEG
INDOMIM,1013,0.6793893129770526,1.0016681958461924,0.23129085966701018,-0.40035398097412034,-0.5678566712153934,0.16369047619047775,0.5766606506140937,0.255315402561966,drift
INDOMIM,1014,0.8360655737704894,0.6088227922132174,0.22825659376575244,-0.08773481317335345,-0.15385291661171918,0.17413666421749044,0.26814365466613516,0.19341509516902242,FLAT
INDOMIM,1014,-1.0,0.358745560079702,0.2258862961218262,-0.07100645500553138,-0.06158448071084486,0.16387472687545607,0.0967756125456305,0.24193903136409622,drift
INDOMIM,1015,0.037037037037005845,0.8976342538454619,0.22078953167643894,-0.02668440483261742,0.017581644762871565,0.14392244593586778,0.23735220429869616,0.162630214056537,FLAT
INDOMIM,1015,-1.0,0.3017540611838756,0.22304514078832832,-0.06420101368085475,-0.09691203030704695,0.06446776611694124,0.23787498348090794,0.585877274128901,UP-LEG
INDOMIM,1016,0.05454545454548762,0.5160152526215444,0.22053897277150436,-0.056706088641761174,-0.05282155119287869,0.07783543365455914,0.2420987763007307,0.41817061361035296,drift
INDOMIM,1016,-0.23809523809519684,0.04496205431721636,0.21576434250059842,0.028815382888948752,0.12764084507042653,0.06536438767843616,0.09242957746480474,0.30809859154929575,drift
INDOMIM,1017,-0.5454545454545079,0.18076665710735113,0.18973214543255126,0.0494411138948062,0.12329370321445099,0.0637659414853717,0.09687362395419719,0.31704095112284536,drift
INDOMIM,1017,-0.4400000000001455,0.2325850274592928,0.20354695652329854,0.034231129887941095,0.02644103648862635,0.09752321981424127,0.11017098536929314,0.30407191961925306,drift
INDOMIM,1018,0.6764705882353296,0.3195105370496261,0.23842276321287192,0.18827883273532303,0.5011209283924608,0.12000000000000109,0.298914237988491,-0.017583190469914762,FLAT
INDOMIM,1018,-0.7272727272725957,0.24852819539726562,0.26168064640012506,-0.061387342711656905,0.14505494505495306,0.1291793313069914,0.0967032967033087,0.1274725274725315,FLAT
INDOMIM,1019,1.0,0.7117784711388455,0.2604772466815934,-0.030521884522367565,0.1886626886626767,0.14349775784753305,0.34661284661283065,-0.008775008775000795,FLAT
INDOMIM,1019,1.0,0.9348823586839793,0.25972749301296044,0.28297435749202005,0.5163887794844746,0.18817591925018046,0.2844514463262002,-0.22318498096363,drift
INDOMIM,1020,0.6842105263156131,0.5684261974584556,0.26451024138586865,0.3573850895942247,0.3765818627665591,0.19593613933236678,0.08319831851819816,-0.07006174191005426,FLAT
INDOMIM,1020,-1.0,0.5827106734623188,0.2533123553475519,0.28951512924975387,0.5258314710135402,0.18817591925018046,0.10078436527760318,-0.12269400990314741,FLAT
INDOMIM,1021,0.4509803921568173,0.6142900090189398,0.2567059721843276,0.33953803972035645,0.6429040017493907,0.24177396280400829,0.2230483271375425,-0.2230483271375425,drift
INDOMIM,1021,0.7142857142856937,1.199861447869761,0.22798105062874593,0.5060065386056187,0.6993006993006993,0.24447612259444304,0.2753496503496583,-0.17919580419580022,FLAT
INDOMIM,1022,-0.3043478260869823,1.6840664711632454,0.20007839629866586,0.40895527675589133,0.7863695937090431,0.24608819345661562,0.2009611183923071,-0.2927042376583582,drift
INDOMIM,1022,-1.0,0.9975011024547994,0.2218378229124204,0.21572279273879522,0.3994206206382111,0.1534883720930266,0.3160251064390035,0.21946187947153578,drift
INDOMIM,1023,0.8461538461536309,0.20208271932409863,0.2089899843696148,0.2053956459113298,0.16676175012067088,0.15726609157266086,0.1141001448194106,0.14481941457849573,FLAT
INDOMIM,1023,-0.3636363636364764,0.3390217283460661,0.19830106045580084,0.21668591190470488,0.10976948408342481,0.15343915343915335,0.09659714599340584,0.2854006586169045,drift
INDOMIM,1024,1.0,0.22346928549954906,0.20164606219867331,0.12040822979555314,0.004387311894018505,0.15567282321900033,0.14039398060809338,0.07019699030403671,FLAT
INDOMIM,1024,-1.0,0.42193411693487365,0.19737669532296556,-0.13638802710243073,-0.2764612954186294,0.14682539682539925,0.14920133403544128,0.10531858873089504,FLAT
INDOMIM,1025,-1.0,0.057090613571718817,0.20744946615478863,-0.2292174691804334,-0.21502545199226067,0.12719891745602352,0.07898894154817128,0.13603651044408938,FLAT
INDOMIM,1025,0.642857142857137,0.44757981462409885,0.20358929876317539,-0.06180779670148215,0.0569326443023641,0.17986577181208285,0.2452483139178378,-0.06569151265656477,FLAT
INDOMIM,1026,-1.0,0.26785714285714285,0.21080530336469566,-0.1624458860938122,-0.22794020952964616,0.16810631229236103,0.11397010476482308,0.013150396703621932,FLAT
INDOMIM,1026,-1.0,0.55130652992199,0.2103942455505389,-0.41393600501774347,-0.39491004826678366,0.13696808510638311,0.1491882404563445,0.4826678367705134,drift
INDOMIM,1027,-0.723076923077035,0.5819531696173615,0.20357951944969624,-0.43832237654295025,-0.47405846721096406,0.04120443740095324,0.2853129663769643,0.38626986217189807,drift
INDOMIM,1027,-0.6666666666666666,0.8053706946876824,0.1968539844721257,-0.334263019206228,-0.09665656166250484,0.02340597255851582,0.13180440226703574,0.4744958481613366,drift
INDOMIM,1028,-0.5000000000000474,0.5922388059701492,0.17881981451426285,-0.5479726311437393,-0.18465596834468315,0.17328519855595617,0.21103539239392075,0.5451747636843302,UP-LEG
INDOMIM,1028,-0.011235955056169441,0.8275490019780615,0.18429667658585733,-0.51981476337815,0.017560033364067383,0.0637488106565162,0.3907107423504144,0.47851090917073136,drift
INDOMIM,1029,0.42857142857145175,0.6788637457871931,0.17557372276908942,-0.536286302906062,-0.013163668275567437,0.005999999999999118,0.2457218078104392,0.3598069328652838,drift
INDOMIM,1029,1.0,0.12735306579504874,0.16981576371037815,-0.39190490333893774,0.05263157894736044,0.054470709146970414,0.13596491228069776,0.37719298245613636,drift
INDOMIM,1030,0.8611111111111076,1.0032498796340876,0.16876415551152105,-0.14787023064924965,0.1446036545287116,0.07444668008048443,0.31549888260811615,0.28482538013233427,drift
INDOMIM,1030,-0.23684210526312482,1.6406897794868713,0.1623770634934442,-0.3218553490435429,-0.17987978765410031,0.07014028056112276,0.33343570394418937,0.28956258500416393,drift
INDOMIM,1031,1.0,0.6218103033220992,0.1554115523797544,-0.09316514186357887,0.00438327342859249,0.08300395256917138,0.21039712457263882,0.1972473042868414,FLAT
INDOMIM,1031,1.0,0.24308455904606258,0.17344424084638038,0.10652693914912553,0.2145452953281707,0.14829659318637564,0.15324663952011908,0.048163229563462015,FLAT
INDOMIM,1032,-0.7096774193548009,0.8395227079021064,0.19376495049300188,0.07061354969829624,0.17964334224249062,0.14029850746269146,0.2716557858300757,0.18402488717521,FLAT
INDOMIM,1032,0.2,0.0886681154920832,0.16733401257364644,0.20297324828618776,0.31533307055578647,0.14540059347181422,0.10949064949853282,-0.0525555117593077,FLAT
INDOMIM,1033,-0.18518518518519766,0.45831221490116575,0.1687606880203428,0.25938361901480306,0.3286590709903593,0.19013360739979587,0.11831726555652138,-0.008764241893068278,FLAT
INDOMIM,1033,0.34482758620688575,0.5468939539041052,0.17091258817785565,0.3189494594385362,0.2670753064798559,0.1350164654226153,0.2539404553415141,-0.2539404553415141,drift
INDOMIM,1034,-1.0,0.07823960880195599,0.18006173939720943,0.23807864438252335,0.08330045157613622,0.06593406593406659,0.1315270288044193,-0.15344820027182252,FLAT
INDOMIM,1034,-0.2307692307693384,0.20398170220990916,0.18428781645078804,0.19967724940305953,0.05260389268805095,0.08807134894091118,0.0569875504120718,-0.3200070138523465,drift
INDOMIM,1035,0.8461538461540076,0.10309677419354839,0.1872053826450681,-0.009642092308500778,-0.008764625969578776,0.07674943566591674,0.056970068802321826,-0.17091020640694557,FLAT
INDOMIM,1035,0.04761904761900637,0.49768443023938425,0.1658411375001203,0.10259609534061666,0.11394013760462372,0.14114832535885477,0.09202857268065687,-0.17091020640694557,FLAT
INDOMIM,1036,0.6923076923073156,0.1047355230180715,0.16020405087626588,-0.049339442073158206,0.008765778401114048,0.11922141119221172,0.05697755960730111,-0.2191444600280505,drift
INDOMIM,1036,0.7096774193548115,5.096601656773857,0.1373102559563673,0.6487189211684669,0.26637554585152445,0.19911504424778842,0.5414847161572092,-0.6550218340611353,DOWN-LEG
INDOMIM,1037,-0.6571428571429091,0.3124917557050521,0.14851297055338353,0.7355094212048124,0.20550940096195094,0.17316017316017385,0.1530389156099694,-0.6077831219938824,DOWN-LEG
INDOMIM,1037,0.2307692307693384,0.16049300907825856,0.1482106057980887,0.7430387285223294,0.15741833923651707,0.19514884233738033,0.05684551139097389,-0.6165551620097034,DOWN-LEG
INDOMIM,1038,-1.0,0.14687083888149136,0.14700819920218566,0.7369644950232862,0.21426385062749098,0.1411764705882368,0.02186365822729459,-0.5684551139096593,DOWN-LEG
INDOMIM,1038,0.900000000000091,0.32816468386579334,0.14692660555693834,0.7549761975679139,0.20971688220902573,0.1589861751152108,0.08738203425375743,-0.8126529185599598,DOWN-LEG
INDOMIM,1039,-0.2857142857143321,0.20813204508856684,0.155015925286159,0.7962406539512015,0.2754459601259062,0.09501187648456078,0.06121021336131913,-0.664568030779985,DOWN-LEG
INDOMIM,1039,0.15151515151514316,1.1407565833444726,0.14592704483707988,0.8955909953045447,0.3233417810014896,0.04391468005018831,0.14419295639256235,-0.5680328585161234,DOWN-LEG
INDOMIM,1040,0.15151515151514316,0.4213633923778851,0.1443586947379658,0.9136083369628223,0.292755396312148,0.06257982120051224,0.14419295639256235,-0.5199685397186093,DOWN-LEG
INDOMIM,1040,-0.24999999999989342,0.7260032537960954,0.1564615595279049,0.8982170235623483,0.1749857824051796,0.047858942065493695,0.1399886259241556,-0.40246729953192495,drift
INDOMIM,1041,0.4705882352940783,0.4795890410958904,0.14939563098822994,0.9417285785037122,0.188109716085576,0.007999999999998836,0.14873791504440662,-0.35434620937048467,drift
INDOMIM,1041,-0.882352941176565,0.12984163981627478,0.14352357922524656,0.02162674373673481,-0.2188183807439825,0.04032258064516149,0.0743982494529461,-0.3282275711159737,drift
INDOMIM,1042,0.9230769230769903,0.26759983532317827,0.15112911947961427,0.1414126422010698,-0.021867483052700636,0.03337783711615504,0.11371091187403932,-0.37174721189591076,drift
INDOMIM,1042,-1.0,0.39774489076814656,0.16421784016776053,0.03353686301113635,-0.21033258840542404,0.055393586005827,0.18404101485475102,-0.13583979667849388,FLAT
INDOMIM,1043,-0.7599999999998545,0.6642039692887151,0.15761737990739416,-0.05595698671546352,-0.2235077570339166,0.045255474452560056,0.1095626259970199,0.004382505039876809,FLAT
INDOMIM,1043,-0.9583333333333728,0.7712484602565032,0.16352669989190602,-0.3175237261169119,-0.4652796067070654,0.009873060648798487,0.21069265209376623,0.28092353612501497,drift
INDOMIM,1044,0.400000000000026,1.8158771548602057,0.1349280300701664,-0.11784027163115568,-0.4303152718011648,0.0271816881258954,0.3073680512865548,0.3161499956090198,drift
INDOMIM,1044,-1.0,0.2359249329758713,0.1484723874273384,-0.2256306610273512,-0.646466423325556,0.06721536351166098,0.14512511544042073,0.7080346541184709,UP-LEG
INDOMIM,1045,1.0,0.3705421861409104,0.16018071891154476,-0.14813764654227118,-0.46532045654082127,0.010389610389612752,0.16681299385426612,0.2546093064091388,drift
INDOMIM,1045,-0.043478260869530834,0.33567751758138187,0.16249678563894585,-0.10692629273221596,-0.3467954345917511,0.07458563535911718,0.10096575943809162,0.20632133450394283,drift
INDOMIM,1046,-0.47368421052634097,0.41348803480783175,0.16390711057428145,-0.21785622460011786,-0.40850390933849523,0.06555090655509421,0.08345778792937235,0.40411139418432196,drift
INDOMIM,1046,-0.3333333333333333,0.1052324308545574,0.21313574175463806,-0.20509995969155273,-0.43956043956043955,0.056338028169014086,0.06593406593406594,0.3692307692307732,drift
INDOMIM,1047,-0.7500000000001895,0.41304347826086957,0.2047356128932419,-0.3602118400145407,-0.5895033214552854,0.07073509015256471,0.10558268443973588,0.4575249659055955,drift
INDOMIM,1047,-1.0,0.2250784636078314,0.20514435116300667,-0.3186266044530517,-0.4091869060189953,0.04694167852062219,0.035198873636031636,0.6467793030622939,UP-LEG
INDOMIM,1048,-0.08333333333327017,0.39930027380590205,0.20760480478340096,-0.19207607826448542,-0.3474207309028581,0.008595988538680679,0.10554553850211688,0.518932230968808,UP-LEG
INDOMIM,1048,-1.0,0.32723358449946177,0.22010869324598945,-0.06873440039772553,-0.3523918597480398,0.10984308131241488,0.08369306669016346,0.5506122808563122,UP-LEG
INDOMIM,1049,0.3333333333333333,0.8907027363184079,0.20886775506033722,-0.19441737532308376,-0.23767605633803218,0.09887005649717488,0.13204225352112675,0.44014084507042256,drift
INDOMIM,1049,0.5094339622640991,0.6623488099882949,0.23580959775259103,-0.04094386421058464,0.07470557215678582,0.05994550408719462,0.2329056073123652,0.41747231499384785,drift
INDOMIM,1050,0.49999999999943157,0.11530628231239229,0.2515127998414913,-0.1376571438156368,-0.05710018886986349,0.07458563535911718,0.03513857776607291,0.35577809988142334,drift
INDOMIM,1050,-0.2000000000007276,0.06479344105707235,0.25253559219260263,-0.14161298153916668,-0.05710018886986349,0.03735632183908549,0.021961611103790576,0.39091667764747623,drift
INDOMIM,1051,2.0670334131200352e-13,0.25,0.26882672914413835,-0.08670603296687009,0.05268241285452071,0.05247813411078522,0.09658442356661133,0.5619457371147478,UP-LEG
INDOMIM,1051,-0.6470588235292544,0.5814784727863526,0.2533352974944101,-0.18364398289571648,0.10976948408342481,0.09638554216867462,0.07464324917674085,0.6586169045005488,UP-LEG
INDOMIM,1052,0.14285714285701911,0.16541598694942905,0.25010124183857046,-0.08263194926920193,0.2151009657594421,0.06584992343032328,0.09218612818261233,0.49165935030727914,drift
INDOMIM,1052,1.0,0.05807954734564819,0.23538923728580968,0.009382699414890948,0.27204914436155414,0.06584992343032328,0.03949100482668236,0.38174637999121624,drift
INDOMIM,1053,0.933333333333394,0.6807065217391305,0.25714687598752833,0.19782411945315165,0.35058503878346986,0.0014947683109104268,0.13146938954380122,0.2015863973004912,drift
INDOMIM,1053,0.5999999999999596,0.6024096385542169,0.2582685239499582,0.39710308568337077,0.6303072747964673,0.00887573964496896,0.19697102337389477,0.18383962181564706,FLAT
INDOMIM,1054,-1.3374922084895645e-13,0.5165950128976784,0.30290029775115634,0.3089627770288645,0.5515188654469014,0.05736434108526769,0.14882255099361338,0.01750853541101685,FLAT
INDOMIM,1054,1.0,1.004962354551677,0.29383827335314555,0.4559122776341409,0.628820960698694,0.1264367816091957,0.2358078602620127,-0.26200873362445415,drift
INDOMIM,1055,-0.8507462686567123,1.2262898007832455,0.28582333018713235,0.15591028262603346,0.310885366494455,0.025299600532624103,0.29337069795953313,-0.02627200280236289,FLAT
INDOMIM,1055,-1.0,0.27292950034223135,0.29822443173655616,0.09075027969566982,0.2628466289919832,0.010498687664038251,0.13580409164587393,0.05695010294827099,FLAT
INDOMIM,1056,0.7222222222222503,0.5167669819432502,0.31072862110947724,0.17790508903943042,0.349986875492169,0.053164556962027855,0.15749409397149197,-0.061247703211133556,FLAT
INDOMIM,1056,0.13725490196084025,0.7115384615384616,0.2987889060268696,0.4089853728514353,0.2583866164491587,0.09041095890410665,0.2233511430323162,0.06131207847946443,FLAT
INDOMIM,1057,1.0,0.08116599755629254,0.29718574018769783,0.4337769224020016,0.240858331508649,0.049928673323822205,0.013137727173207003,0.26275454346398075,drift
INDOMIM,1057,1.0,0.434989010989011,0.32025239598567545,0.5388167888309787,0.37158469945355194,0.00810810810810673,0.18797814207651067,0.09180327868852062,FLAT
INDOMIM,1058,-0.31428571428581825,0.6301806588735388,0.3203370980481177,0.2682842234195986,0.16625103906898225,0.015831134564647076,0.1531259570372315,0.16187601172508523,FLAT
INDOMIM,1058,-0.8787878787879957,0.15665426191741982,0.3217841452113896,0.10952803909036132,-0.08323476584746532,0.07932379713914497,0.14456564594559873,0.28036973759145273,drift
INDOMIM,1059,-1.0,0.30549645390070923,0.3368612082890033,0.011479523609609073,-0.11393514460998726,0.06842105263157573,0.16213847502190262,0.5959684487291809,UP-LEG
INDOMIM,1059,1.0,0.3108156028368794,0.3489411891665252,-0.21690727866016263,-0.21443262876898567,0.04504504504504463,0.11815675462779826,0.31946085510481737,drift
INDOMIM,1100,-0.052631578947318035,0.17446808510638298,0.34035439208523155,0.12046791126573599,0.04376750700280112,0.04871794871794494,0.08315826330532611,0.2450980392156823,drift
INDOMIM,1100,0.3333333333330807,0.16411833891251243,0.34384277911305305,0.22954705460148223,0.12688134406720733,0.003942181340344027,0.052502625131248606,0.23188659432972444,drift
INDOMIM,1101,1.0,2.0939716312056738,0.31424614937925177,0.6774273748738177,0.20955208242380718,0.057953144266335355,0.2182834191914782,-0.08731336767659129,FLAT
INDOMIM,1101,0.7999999999998787,1.5021276595744681,0.30164661318286695,0.9173372453565678,0.39694656488549224,0.09135200974421397,0.13086150490730644,-0.4274809160305423,drift
INDOMIM,1102,-0.4545454545455485,0.9923758865248227,0.29939700836000893,0.7720933832101318,0.24899528219464526,0.03218116805720859,0.19220688450113976,-0.2315219290581744,drift
INDOMIM,1102,-0.900000000000091,0.3289134110527721,0.29621124194549114,0.5909343221128993,0.008742405035617351,0.0691358024691343,0.087424050356253,-0.288499366175631,drift
INDOMIM,1103,-0.41176470588229,0.2506700017866714,0.29657567387845246,0.6373977124212551,0.03498797288432897,0.05738705738705478,0.0743494423791742,-0.2536628034113353,drift
INDOMIM,1103,1.0,0.25122615803814713,0.30331120001660183,0.7753751897959008,0.26651520447397603,0.13151364764268383,0.11359664452990054,-0.41506466270534775,drift
INDOMIM,1104,-0.6888888888889697,0.43377055237391465,0.33094088114412984,0.8153739116162715,0.13129102844638948,0.09090909090908893,0.19693654266958427,-0.29321663019692856,drift
INDOMIM,1104,-1.0,0.18202080237741455,0.3261254230510157,0.6780179441941114,-0.048161120840626494,0.12453760789148961,0.10070052539405348,-0.24956217162871358,drift
INDOMIM,1105,-0.14285714285732848,0.650046685340803,0.30654505148101674,0.6727774219938958,-0.07007708479328853,0.06683804627249029,0.06131744919411752,-0.1576734407848594,FLAT
INDOMIM,1105,1.0,0.10995598014423527,0.30961546333564893,0.6837180325553592,-0.07005253940454943,0.07633587786259419,0.035026269702284674,-0.2626970227670753,drift
INDOMIM,1106,-0.3333333333333333,0.20931980458474259,0.2989562482872954,0.02713313932989087,-0.2714060584836201,0.10051546391752647,0.07879530730168653,-0.2845386097005778,drift
INDOMIM,1106,-1.0,0.20099160945842867,0.29965135953248767,-0.3964702024316973,-0.3370098039215606,0.12827225130890046,0.07440476190475394,-0.32387955182073225,drift
INDOMIM,1107,0.8928571428570848,3.6582111987974444,0.24834176461644616,0.5641680807285825,0.013103297663253195,0.20707070707070513,0.2445948897139272,-0.47171871587683695,drift
INDOMIM,1107,-0.7142857142856679,0.5257437070938215,0.22372396386282686,0.5476126239434491,0.08298392732355395,0.21265822784809413,0.12229210342418685,-0.5328441649196287,DOWN-LEG
INDOMIM,1108,0.636363636363937,0.1765389082462253,0.22216676782264197,0.5968256503849891,0.1266707434262292,0.19846350832266002,0.04804752336856421,-0.554730497073481,DOWN-LEG
INDOMIM,1108,-0.20000000000012128,0.3128697507516245,0.2030039094251045,0.5317630171514994,0.01310558734872776,0.2530120481927683,0.0655279367436984,-0.615962605390761,DOWN-LEG
INDOMIM,1109,0.8840579710144679,3.1769260549748353,0.19761809884235998,1.1046892535071478,0.46175291862693457,0.2972292191435719,0.30057501306848283,-0.8363826450601072,DOWN-LEG
INDOMIM,1109,0.15789473684211366,1.6617086193745232,0.18306839844200154,1.20749515491075,0.3664281975222514,0.21265822784810112,0.24864770546153694,-0.6761472692374804,DOWN-LEG
INDOMIM,1110,-1.0,0.3770809136662795,0.18916079748259365,1.1316705102130284,0.31435557107929935,0.17146433041301753,0.06549074397485155,-0.510827803003854,DOWN-LEG
INDOMIM,1110,-0.04761904761900637,1.4202898550724639,0.175380591716474,1.091696640605897,0.3011916713955254,0.17661691542288677,0.09166703042471994,-0.554367279235247,DOWN-LEG
INDOMIM,1111,0.042253521126722676,0.9022454510259388,0.17620425815704624,1.1118422625174698,0.1835183081359704,0.13235294117646593,0.31023333042034035,-0.14419295639254248,FLAT
INDOMIM,1111,-0.8227848101266304,0.7178741150227912,0.20590275413106926,1.0265539447376182,-0.09199632014721006,0.059633027522933195,0.34608139483944855,0.04380777149866387,FLAT
INDOMIM,1112,1.0,0.7500485908649174,0.19938784495290304,0.4833431550190756,-0.24519462323218658,0.06712172923777046,0.15324663952011908,-0.043784754148605456,FLAT
INDOMIM,1112,-0.18518518518519766,0.6990234375,0.20198049487190578,0.53080325600682,-0.37262724124325985,0.02341137123745687,0.11836394721843928,0.11836394721845919,FLAT
INDOMIM,1113,0.5555555555549941,0.26261040235525024,0.19813074887495002,0.5523863829453509,-0.38146183189372884,0.0137614678899112,0.039461568816595384,-0.0833077563905659,FLAT
INDOMIM,1113,-1.0,0.24073163536237585,0.1940118147164508,0.5221678201501452,-0.42995656561223733,0.061699650756689935,0.06580967841003817,-0.017549247576014167,FLAT
INDOMIM,1114,0.5652173913043822,1.437487733071639,0.17025809923242222,0.1149671707750541,-0.7593381029715018,0.07249712313003055,0.2019049291138289,0.04828161348373388,FLAT
INDOMIM,1114,-0.6923076923073156,0.17425508899596814,0.16567708784081472,0.042820970985448854,-0.6188825001097269,0.14355828220858513,0.05706008866260729,0.04828161348373388,FLAT
INDOMIM,1115,1.0,0.20201024832479306,0.17267059401317744,0.1679186794707629,-0.47376732760134155,0.05483028720626929,0.057027548692741147,-0.057027548692741147,FLAT
INDOMIM,1115,0.2727272727273291,1.0805388927131478,0.16743229585587022,0.24472803932248122,-0.5662862159789329,0.06095979247729956,0.19315188762072394,0.0,FLAT
INDOMIM,1116,-1.0,0.1016949152542373,0.16710146690617392,0.21898642304729704,-0.4697308924886877,0.10661268556005533,0.017560033364067383,0.004390008341011855,FLAT
INDOMIM,1116,-1.0,0.20934136466870742,0.16756427264653095,0.3009491294727806,-0.2327215245455224,0.08310249307479245,0.06586458241854747,0.017563888644949982,FLAT
INDOMIM,1117,0.7894736842102492,0.19275677815159312,0.18899381707562324,0.17105122709018108,-0.22820028963884115,0.06539509536785021,0.08338087506034542,-0.039496203975935236,FLAT
INDOMIM,1117,-1.0,0.10686108059522621,0.20192820779001328,0.18002474969503776,-0.16246596996574242,0.14285714285714285,0.06147361025731496,0.05708263809606249,FLAT
INDOMIM,1118,-0.41176470588244735,0.1689516129032258,0.20514145895451763,0.134779532873806,-0.1756928888303246,0.12931034482758721,0.07466947775289993,0.06588483331137172,FLAT
INDOMIM,1118,-0.9130434782609383,0.516578318262135,0.21104942455288636,0.08848965229554662,-0.18901098901099703,0.11273792093704099,0.10109890109888911,0.16263736263735462,FLAT
INDOMIM,1119,0.36842105263170494,0.36429950654366017,0.2260372613450938,-0.0607426772738081,-0.08346512036549336,0.08115942028985429,0.08346512036549336,0.10103672465294883,FLAT
INDOMIM,1119,0.6666666666669193,0.08111615833874107,0.2399401925892659,-0.02421123263888818,-0.06148710966665602,0.1234939759036124,0.02635161842856116,0.0966226009047309,FLAT
INDOMIM,1120,0.8333333333332281,0.35965103598691384,0.23971236645175395,-0.008908173890581015,-0.03949620397595519,0.08983799705449774,0.1579848159038008,0.04827313819284522,FLAT
INDOMIM,1120,-0.7777777777780024,0.09531113058720421,0.278248180639477,-0.08756808694260904,0.00877886050389861,0.10946745562130326,0.03950487226758367,0.03950487226758367,FLAT
INDOMIM,1121,1.0,1.0564885496183205,0.3250310105762544,0.15343811836995633,0.3238086903251254,0.07604017216642334,0.3106813109876324,-0.6826237255502718,DOWN-LEG
INDOMIM,1121,-0.39393939393942734,0.8838737949167397,0.27992831144915215,0.1371839795333065,0.2758681087708424,0.12680115273775378,0.1445023426895031,-0.7444060077943688,DOWN-LEG
INDOMIM,1122,-0.4285714285708717,0.21043363416244773,0.2953792869295195,0.08128661300381504,0.18397652109160598,0.09417040358743974,0.030662753515277624,-0.643917823820591,DOWN-LEG
INDOMIM,1122,1.0,0.13387332658341772,0.2966334037658414,0.14031956331719442,0.28023469655837163,0.05882352941175906,0.04378667133724494,-0.6261494001226107,DOWN-LEG
INDOMIM,1123,-1.0,1.0294959278010125,0.3213377469274108,-0.07764370600967369,0.09215376513956308,0.10984308131240768,0.22380200105318188,-0.4300509039845612,drift
INDOMIM,1123,-0.40000000000009095,0.7937900776240298,0.2915001714769628,-0.035861815170116454,0.1711351968054803,0.14580265095729128,0.08776163938742375,-0.4212558690596301,drift
INDOMIM,1124,0.11111111111099883,0.049700874367234235,0.3418102049040326,-0.06643637846563902,0.13161358252171623,0.0866873065015467,0.03948407475651886,-0.4606475388260068,drift
INDOMIM,1124,0.5555555555554994,0.26051873198847264,0.33955999742516935,-0.04789100520220069,0.10967798543476354,0.07232704402515591,0.07896814951303772,-0.44748618057384715,drift
INDOMIM,1125,-0.11111111111099883,0.47124047124047125,0.32821220075307667,-0.12814540598027177,-0.017556950357706894,0.07668231611893057,0.11850941491464129,-0.416977570995918,drift
INDOMIM,1125,-1.0,0.23502090106827683,0.3550113510393741,-0.16099422229920843,-0.008779631255479285,0.09463722397476396,0.061457418788414875,-0.2897278314310759,drift
INDOMIM,1126,-1.0,0.04716320336212935,0.35704162117176136,-0.4129889542006414,-0.3204565408252933,0.10158730158730377,0.05267778753291563,-0.24582967515363957,drift
INDOMIM,1126,-1.0,0.17459573470822592,0.35645691855199013,-0.37232373233824784,-0.2590218632013186,0.11146496815286754,0.030731407498455442,-0.21511985248924798,drift
INDOMIM,1127,-1.0,0.03128675605739826,0.3480303472694325,-0.45717728106433986,-0.22390025463165814,0.20137693631669412,0.030731407498455442,-0.2809728685573839,drift
INDOMIM,1127,0.5999999999994543,0.1586815773984697,0.34108059956374465,-0.4813718091499008,-0.22381182253040613,0.18505942275042855,0.043884671084390224,-0.3510773686751218,drift
INDOMIM,1128,-1.0,0.6175777568331763,0.32063542490728836,-0.3355219885010898,-0.02633658151173575,0.18918918918919583,0.07462031428321803,-0.3028706873847615,drift
INDOMIM,1128,0.0,0.03726560645620698,0.3275270701061614,-0.24735908779828086,-0.00877693421689002,0.17508417508417903,0.043884671084390224,-0.3379119673497968,drift
INDOMIM,1129,-1.0,0.11836441893830703,0.32028573434615654,-0.36097031720664957,-0.030719269759085132,0.3194706994328989,0.03949620397595519,-0.33352350024136174,drift
INDOMIM,1129,-0.058823529411985,0.5353838760062477,0.30058975924296233,-0.4342702627047614,-0.013163090693702861,0.265469061876254,0.07459084726426302,-0.3641788425255464,drift
INDOMIM,1130,-0.5172413793101718,0.9654672784351606,0.2663453771463393,-0.5877103062332915,0.06579524519694709,0.2172131147540977,0.12720414071410172,-0.416703219580665,drift
INDOMIM,1130,-1.0,0.12754607177497576,0.2681674977672643,-0.5449624263238396,0.048264665876877236,0.24081632653061597,0.030713878285300023,-0.3246895704444777,drift
INDOMIM,1131,-0.750000000000061,8.973919343153828,0.15447923600997981,-1.8110170286393705,-0.36568709521082887,0.3368983957219273,0.49345728510375025,0.15861127021193833,FLAT
INDOMIM,1131,0.1842105263157328,6.3861588369578275,0.12259144289238645,-1.4760255083555365,-0.48969868090176755,0.30075187969924916,0.3352891869237378,0.3044072881281198,drift
INDOMIM,1132,1.0,0.43250422603235933,0.12489542632522033,-1.4143477461519112,-0.4232431002557255,0.2934579439252412,0.09258442818093242,0.22925667930518795,drift
INDOMIM,1132,0.7037037037036663,0.4803588748787585,0.12495667598077974,-1.348669387284349,-0.4053756333994192,0.22307692307692328,0.11896893588897435,0.19387530293016483,FLAT
INDOMIM,1133,-1.0,0.23739956172388604,0.10782090782304506,-1.2582250381253381,-0.4054649625385552,0.2245681381957762,0.044072278536800354,0.1498457470251252,FLAT
INDOMIM,1133,-0.1538461538459924,0.7895835892396511,0.10921122704913488,-1.2965688745696018,-0.41422465077335013,0.19607843137254902,0.11457277574584072,0.24236548715462916,drift
INDOMIM,1134,0.8666666666667879,0.9258800198314329,0.10453506236761512,-1.1121956418022574,-0.43192736568379947,0.18650793650793798,0.06611133148221605,0.2600379038300538,drift
INDOMIM,1134,0.7777777777769918,0.2539169360855509,0.10610815218786052,-1.0600335474156939,-0.4362771020624049,0.17948717948718731,0.03966155473294954,0.21593513132381859,drift
INDOMIM,1135,-1.0,0.18787425149700598,0.1042197736846844,-0.9933277678357267,-0.4848377997179125,0.21686746987951377,0.030853314527495505,0.18952750352608105,FLAT
INDOMIM,1135,0.7297297297297497,0.6914813889582813,0.11326530951934359,-0.8507322004637025,-0.3389979748172853,0.1299212598425186,0.16289513075637374,0.07044113762436863,FLAT
INDOMIM,1136,1.0,0.3626813406703352,0.11647715725213442,0.7032733705577436,0.11881710966380359,0.10638297872340463,0.061608871677525566,0.030804435838752777,FLAT
INDOMIM,1136,1.0,1.2150886834873844,0.11289821808475539,0.6681601664850338,0.27277926877558506,0.08704061895551288,0.1935852875181526,0.048396321879533154,FLAT
INDOMIM,1137,-0.29032258064519917,0.6330665332666333,0.11681360849524235,0.5417640899208154,0.1408822752487573,0.14065510597301956,0.13647970414721797,0.10566170643656295,FLAT
INDOMIM,1137,-0.0666666666669092,0.2142410211487924,0.11573089984415497,0.47181124398172747,0.052847139648558514,0.13060428849902903,0.06605892456070817,0.17615713216188844,FLAT
INDOMIM,1138,0.23809523809546496,0.31329827197595794,0.11779785448075776,0.5363557758219113,0.10126359353674907,0.1054687499999914,0.09245806366397696,-0.044027649363800464,FLAT
INDOMIM,1138,-0.5999999999997575,0.1407351460221551,0.11643379487938896,0.5580042652876456,0.07485689123733237,0.08032128514056049,0.06605019815059446,0.13210039630118892,FLAT
INDOMIM,1139,0.6000000000003638,0.16122500632751202,0.11671190287129907,0.411562845797546,0.09686935846064983,0.10927835051546562,0.022015763286513144,0.14970719034829338,FLAT
INDOMIM,1139,0.4285714285717998,0.04814340588988476,0.11872250272614131,0.3753455302982236,0.07045974986790399,0.1262939958592097,0.030826140567192975,0.1893605777699369,FLAT
INDOMIM,1140,-1.0,0.08214563358383001,0.12248195767337516,0.40357938439301366,0.06607056336167025,0.17872340425530794,0.026428225344664096,0.18940228163677605,FLAT
INDOMIM,1140,0.1999999999998181,0.36753246753246754,0.12461133800666296,0.3121796063711783,0.0132059690980203,0.13569937369519677,0.04401989699344104,0.14526566007836342,FLAT
INDOMIM,1141,1.0,0.35745899505337153,0.1421531232834659,0.32290714182203994,0.039590023314128836,0.2830188679245247,0.1143711784630433,0.10997228698368011,FLAT
INDOMIM,1141,0.47368421052634097,0.5514629049111808,0.20981265403823005,0.11001790845755978,0.030788177339893478,0.24574209245741926,0.08356790992259373,0.10555946516538049,FLAT
INDOMIM,1142,-0.3333333333330807,0.2141546526867628,0.1985685700728332,0.13607602707688202,0.08797395970792646,0.2345679012345679,0.05278437582474786,0.14955573150347898,FLAT
INDOMIM,1142,-0.5714285714285946,0.7062251655629139,0.18397359299827454,0.053430126191657476,0.14072738466952253,0.2468827930174592,0.12313646158580971,0.18030696160780635,FLAT
INDOMIM,1143,-0.7999999999999545,0.7801874163319946,0.1863158295722044,-0.09468602116936001,0.04840697060376294,0.174863387978145,0.17602534765006161,0.25523675409257734,drift
INDOMIM,1143,0.3333333333334175,0.5212479827864444,0.22028660136197312,-0.039155960699448426,0.1670476525408907,0.10539845758354498,0.1582556708282007,0.1582556708282007,FLAT
INDOMIM,1144,1.0,0.1386111861659011,0.2375274566924515,-0.03139455749133167,0.16265166168455567,0.11979166666666402,0.09671179883947041,0.10550378055212044,FLAT
INDOMIM,1144,-0.35714285714283395,0.7655097021044001,0.22997321260407141,-0.09277553878484976,0.14511235213929585,0.13554987212276554,0.12312563211820862,0.17149641616464056,FLAT
INDOMIM,1145,-0.8333333333334596,0.20735416090682887,0.23805148874415497,-0.10969091981381521,0.12317979851303186,0.13333333333333877,0.05279134221986794,0.22436320443446875,drift
INDOMIM,1145,-1.0,0.07587548638132295,0.2212854980961314,-0.1426630518770701,0.057193136823589175,0.1288659793814427,0.02199736031676199,0.2419709634843819,drift
INDOMIM,1146,-0.6000000000003638,0.13104219055602123,0.21516473380007226,-0.23705349206393697,-0.008798557036657995,0.1259640102827784,0.021996392591614976,0.22436320443446875,drift
INDOMIM,1146,0.052631578947318035,0.3134953897736798,0.2536315200721942,-0.29370607806049776,0.017590149516274887,0.09595959595959967,0.08355321020229071,0.18909410729992004,FLAT
INDOMIM,1147,-0.5999999999997575,0.053646269907795474,0.2545302742305584,-0.28470983074568673,0.01759169671915256,0.10050251256281362,0.0659688626968071,0.20230451227020446,drift
INDOMIM,1147,-0.1818181818184449,0.2429671098670399,0.2581691464806147,-0.2066049983789384,0.03516947289751295,0.10050251256281362,0.09671605046818563,0.1890359168242046,FLAT
INDOMIM,1148,-1.0,0.9304542905215928,0.30334439059338514,-0.26114247980003175,-0.09249878870633435,0.1807780320366057,0.22463991542967487,0.44927983085934975,drift
INDOMIM,1148,0.7500000000002132,0.15805727119595733,0.3625155158218,-0.27232774505028656,-0.035180299032549774,0.1002132196162016,0.07036059806507955,0.0,FLAT
INDOMIM,1149,1.0,0.07982012366498033,0.37471883352450736,-0.28624492805868673,-0.013189712024628793,0.0886075949367057,0.02198285337436799,0.04396570674873598,FLAT
INDOMIM,1149,0.3749999999999645,0.10181920744605838,0.3773833570529759,-0.221282848891121,0.04395411190716892,0.08403361344537912,0.07032657905146628,0.2153751483451317,drift
INDOMIM,1150,-0.20000000000012128,0.28672516275120297,0.3671712085159353,-0.20252950804657976,0.06594566077552097,0.10970464135021862,0.06594566077552097,0.43963773850347315,drift
INDOMIM,1150,-0.1999999999998181,0.034556011896331965,0.36857295735226464,-0.18931913353323435,0.0879120879120879,0.08704883227176212,0.04395604395604395,0.3252747252747293,drift
INDOMIM,1151,1.0,0.09438775510204081,0.3698969277084281,-0.25813497696779236,0.11863959926181003,0.15844155844157162,0.03515247385535556,1.2171544072414016,UP-LEG
INDOMIM,1151,-0.8260869565218767,0.5552247270664965,0.37043477349562987,-0.46353820657547706,0.08787346221441124,0.26050420168068533,0.10105448154656095,2.0606326889279476,UP-LEG
INDOMIM,1152,0.45454545454590556,0.10070921985815603,0.38948256422855193,-0.45355329669723,0.13176387912860155,0.24571428571430248,0.0483134223471499,2.024771609276173,UP-LEG
INDOMIM,1152,1.0,0.7150583546826075,0.40567355463740684,-0.1450208457702798,0.14486391571554794,0.24355300859599743,0.08779631255487269,1.9710272168568959,UP-LEG
INDOMIM,1153,0.14285714285667883,0.21765209940017138,0.4203369886321869,0.23875015562430976,0.3467649899042945,0.26589595375723135,0.061452023527350144,1.9620753226231358,UP-LEG
INDOMIM,1153,0.4285714285713358,0.21627040962474936,0.39601499271555457,0.22870135113670317,0.19311797752809387,0.2637681159420368,0.06144662921348713,1.953125,UP-LEG
INDOMIM,1154,-1.0,0.45906348750359094,0.40078184409699635,0.0156863418103674,0.11856666081151496,0.23512747875354123,0.03073950465485126,2.0068505181802334,UP-LEG
INDOMIM,1154,0.3333333333333333,0.23485068135691506,0.4464614956075333,0.03222537665368406,0.1273046532045694,0.24581005586593185,0.052677787532935595,1.9710272168568959,UP-LEG
INDOMIM,1155,0.3333333333313122,0.03541117939713199,0.44245255940784944,0.06297935507164062,0.15801948907031468,0.26404494382021854,0.013168290755867874,1.9620753226231358,UP-LEG
INDOMIM,1155,0.6666666666669193,0.7774313288789904,0.395274631376101,0.284257859710066,0.15360983102918588,0.21321321321321224,0.026333113890713584,1.9486504279131047,UP-LEG
INDOMIM,1156,-1.0,0.07625075346594334,0.40396372881322956,0.21935340607582832,0.10534632604686316,0.17791411042943997,0.01755772100781718,1.9620753226231358,UP-LEG
INDOMIM,1156,-0.4999999999982947,0.04721549636803874,0.4059868912136048,0.49565804813190595,0.10095246455691445,0.16770186335403867,0.017556950357726853,1.9575999648860951,UP-LEG
INDOMIM,1157,-0.6666666666669193,0.13191489361702127,0.39857223758063653,0.4339598956292174,0.0702247191011196,0.22727272727272593,0.026334269662917357,1.953125,UP-LEG
INDOMIM,1157,1.0,0.2433587786259542,0.39312933763200814,0.16174907730524718,0.04387889425186486,0.2703583061889326,0.030715225976297413,1.9262834576568708,UP-LEG
INDOMIM,1158,1.0,2.623404255319149,0.25525834662960084,1.1049097041528828,0.10085507564131471,0.2911392405063284,0.19732514799386097,1.8592413944310497,UP-LEG
INDOMIM,1158,-1.0,1.276634382566586,0.26587887310455194,0.5230884531904985,-0.19349164467898375,0.07936507936508089,0.2858399296394019,2.1503957783641203,UP-LEG
INDOMIM,1159,0.4444444444445006,0.3018237082066869,0.2745892594369198,0.733314514020111,-0.07470885519665207,0.11224489795918782,0.07910349373764808,2.083058668424526,UP-LEG
INDOMIM,1159,1.0,0.443969465648855,0.3217519222181324,0.8264681790853913,0.08771929824561403,0.21198156682027408,0.19736842105263158,1.881578947368425,UP-LEG
INDOMIM,1200,0.6056338028168707,2.0346504559270517,0.3207902657525534,1.1227367287340146,0.2801365665762099,0.3010526315789445,0.3107765035454744,1.6764422656044904,UP-LEG
INDOMIM,1200,-1.0,0.8922137404580153,0.31792011230655787,0.6565757790495527,0.17087276550999345,0.2215320910973154,0.15772870662460167,1.774447949526814,UP-LEG
INDOMIM,1201,1.0,26.02887537993921,0.16986574277773342,2.8623923822580135,1.098328630345135,0.44542772861357144,0.8595615367918464,0.8421966572606943,UP-LEG
INDOMIM,1201,1.0,46.57687651331719,0.10620907800316387,3.490980621892891,1.92001377588359,0.5673187571921794,0.7791984157733828,0.0,FLAT
INDOMIM,1202,0.0,0.030395136778115502,0.10503136419778601,3.4984220509336845,1.9157088122605364,0.5709342560553645,0.0,0.0,FLAT
INDOMIM,1202,0.0,0.030534351145038167,0.10402952781232508,3.5060227951791005,1.8898790305221962,0.5684454756380523,0.0,0.0,FLAT
INDOMIM,1203,0.0,0.03067484662576687,0.10396003638027476,3.4117210248540677,1.8253045761763353,0.5962219598583248,0.0,0.0,FLAT
INDOMIM,1203,0.0,0.030807147258163893,0.10388755723613638,3.4801466166685677,2.105127211675065,0.5844471445929534,0.0,0.0,FLAT
INDOMIM,1204,0.0,0.03094059405940594,0.10251286773493884,3.480218423895519,2.0405527573292046,0.5844471445929534,0.0,0.0,FLAT
INDOMIM,1204,0.0,0.03102699348433137,0.10147951739892402,3.4717987181873706,1.846829394291622,0.5980392156862807,0.0,0.0,FLAT
INDOMIM,1205,0.0,0.031113876789047916,0.10116155479689501,3.4210241324851327,1.6488010676309863,0.6178660049627855,0.0,0.0,FLAT
INDOMIM,1205,0.0,0.031431714600031434,0.10162266319336573,3.4666941080645612,1.743510267338241,0.6198757763975201,0.0,0.0,FLAT
INDOMIM,1206,0.0,0.031756113051762465,0.10118725190645454,2.229551418825731,0.8351629428731365,0.619402985074632,0.0,0.0,FLAT
INDOMIM,1206,0.0,0.03180155827635554,0.10104390553648251,0.0,0.0,0.6150943396226461,0.0,0.0,FLAT
INDOMIM,1207,0.0,0.03184713375796178,0.10100582633897494,0.0,0.0,0.6191677175283743,0.0,0.0,FLAT
INDOMIM,1207,0.0,0.032304958811177516,0.10027975164097398,0.0,0.0,0.6147959183673497,0.0,0.0,FLAT
INDOMIM,1208,0.0,0.03277613897082924,0.10104883547385334,0.0,0.0,0.7108108108108052,0.0,0.0,FLAT
INDOMIM,1208,0.0,0.03302509907529723,0.09139509619802724,0.0,0.0,0.6955903271692695,0.0,0.0,FLAT
INDOMIM,1209,0.0,0.033277870216306155,0.08910397594478078,0.0,0.0,0.6934097421203388,0.0,0.0,FLAT
INDOMIM,1209,0.0,0.03328340822100183,0.0817137309226381,0.0,0.0,0.6907514450867006,0.0,0.0,FLAT
INDOMIM,1210,0.0,0.033288948069241014,0.0756736762401617,0.0,0.0,0.7030567685589472,0.0,0.0,FLAT
INDOMIM,1210,0.0,0.03351206434316354,0.07256439814114589,0.0,0.0,0.7013177159589992,0.0,0.0,FLAT
INDOMIM,1211,0.0,0.033738191632928474,0.05360825103492757,0.0,0.0,0.6977777777777717,0.0,0.0,FLAT
INDOMIM,1211,0.0,0.03397893306150187,0.0,0.0,0.0,0.6968796433878105,0.0,0.0,FLAT
INDOMIM,1212,0.0,0.034223134839151265,0.0,0.0,0.0,0.6932330827067608,0.0,0.0,FLAT
INDOMIM,1212,0.0,0.03427004797806717,0.0,0.0,0.0,0.6875957120980039,0.0,0.0,FLAT
INDOMIM,1213,0.0,0.03431708991077557,0.0,0.0,0.0,0.6866359447004564,0.0,0.0,FLAT
INDOMIM,1213,0.0,0.03469210754553339,0.0,0.0,0.0,0.6856702619414426,0.0,0.0,FLAT
INDOMIM,1214,0.0,0.035075412136092596,0.0,0.0,0.0,0.7174254317111473,0.0,0.0,FLAT
INDOMIM,1214,0.0,0.035254715318173806,0.0,0.0,0.0,0.7138314785373613,0.0,0.0,FLAT
INDOMIM,1215,0.0,0.03543586109142452,0.0,0.0,0.0,0.7129186602870826,0.0,0.0,FLAT
INDOMIM,1215,0.0,0.03547986517651233,0.0,0.0,0.0,0.711538461538462,0.0,0.0,FLAT
INDOMIM,1216,0.0,0.035523978685612786,0.0,0.0,0.0,0.7198067632850296,0.0,0.0,FLAT
INDOMIM,1216,0.0,0.03554291807357384,0.0,0.0,0.0,0.7193548387096812,0.0,0.0,FLAT
INDOMIM,1217,0.0,0.03556187766714083,0.0,0.0,0.0,0.718901453958001,0.0,0.0,FLAT
INDOMIM,1217,0.0,0.035631569570639586,0.0,0.0,0.0,0.7161500815660732,0.0,0.0,FLAT
INDOMIM,1218,0.0,0.03570153516601214,0.0,0.0,0.0,0.7090301003344529,0.0,0.0,FLAT
INDOMIM,1218,0.0,0.03591309032142216,0.0,0.0,0.0,0.9174484052532897,0.0,0.0,FLAT
INDOMIM,1219,0.0,0.036127167630057806,0.0,0.0,0.0,0.9150579150579217,0.0,0.0,FLAT
INDOMIM,1219,0.0,0.03619909502262444,0.0,0.0,0.0,0.9069767441860537,0.0,0.0,FLAT
INDOMIM,1220,0.0,0.03627130939426913,0.0,0.0,0.0,0.8969555035128887,0.0,0.0,FLAT
INDOMIM,1220,0.0,0.03687995574405311,0.0,0.0,0.0,1.0,0.0,0.0,FLAT
INDOMIM,1221,0.0,0.037509377344336084,0.0,0.0,0.0,1.0,0.0,0.0,FLAT
INDOMIM,1221,0.0,0.0378000378000378,0.0,0.0,0.0,0.0,0.0,0.0,FLAT
INDOMIM,1222,0.0,0.0380952380952381,0.0,0.0,0.0,0.0,0.0,0.0,FLAT
INDOMIM,1222,0.0,0.03812428516965307,0.0,0.0,0.0,0.0,0.0,0.0,FLAT
INDOMIM,1223,0.0,0.03815337657382678,0.0,0.0,0.0,0.0,0.0,0.0,FLAT
INDOMIM,1223,0.0,0.03817522427944264,0.0,0.0,0.0,0.0,0.0,0.0,FLAT
INDOMIM,1224,0.0,0.03819709702062643,0.0,0.0,0.0,0.0,0.0,0.0,FLAT
INDOMIM,1224,0.0,0.03858769052672197,0.0,0.0,0.0,0.0,0.0,0.0,FLAT
INDOMIM,1225,0.0,0.03898635477582846,0.0,0.0,0.0,0.0,0.0,0.0,FLAT
INDOMIM,1225,0.0,0.03905487209529389,0.0,0.0,0.0,0.0,0.0,0.0,FLAT
INDOMIM,1226,0.0,0.03912363067292645,0.0,0.0,0.0,0.0,0.0,0.0,FLAT
INDOMIM,1226,0.0,0.03913894324853229,0.0,0.0,0.0,0.0,0.0,0.0,FLAT
INDOMIM,1227,0.0,0.03915426781519186,0.0,0.0,0.0,0.0,0.0,0.0,FLAT
INDOMIM,1227,0.0,0.03916960438699569,0.0,0.0,0.0,0.0,0.0,0.0,FLAT
INDOMIM,1228,0.0,0.03918495297805643,0.0,0.0,0.0,0.0,0.0,0.0,FLAT
INDOMIM,1228,0.0,0.03934684241589612,0.0,0.0,0.0,0.0,0.0,0.0,FLAT
INDOMIM,1229,0.0,0.039510075069142635,0.0,0.0,0.0,0.0,0.0,0.0,FLAT
INDOMIM,1229,0.0,0.039658933174697604,0.0,0.0,0.0,0.0,0.0,0.0,FLAT
INDOMIM,1230,0.0,0.03980891719745223,0.0,0.0,0.0,0.0,0.0,0.0,FLAT
INDOMIM,1230,0.0,0.040024014408645184,0.0,0.0,0.0,0.0,0.0,0.0,FLAT
INDOMIM,1231,0.0,0.04024144869215292,0.0,0.0,0.0,0.0,0.0,0.0,FLAT
INDOMIM,1231,0.0,0.04033071183706392,0.0,0.0,0.0,0.0,0.0,0.0,FLAT
INDOMIM,1232,0.0,0.04042037186742118,0.0,0.0,0.0,0.0,0.0,0.0,FLAT
INDOMIM,1232,0.0,0.04046125834513453,0.0,0.0,0.0,0.0,0.0,0.0,FLAT
INDOMIM,1233,0.0,0.04050222762251924,0.0,0.0,0.0,0.0,0.0,0.0,FLAT
INDOMIM,1233,0.0,0.04061738424045491,0.0,0.0,0.0,0.0,0.0,0.0,FLAT
INDOMIM,1234,0.0,0.04073319755600815,0.0,0.0,0.0,0.0,0.0,0.0,FLAT
INDOMIM,1234,0.0,0.041076196344218524,0.0,0.0,0.0,0.0,0.0,0.0,FLAT
INDOMIM,1235,0.0,0.041425020712510356,0.0,0.0,0.0,0.0,0.0,0.0,FLAT
INDOMIM,1235,0.0,0.04181476061049551,0.0,0.0,0.0,0.0,0.0,0.0,FLAT
INDOMIM,1236,0.0,0.04221190375685943,0.0,0.0,0.0,0.0,0.0,0.0,FLAT
INDOMIM,1236,0.0,0.0423998304006784,0.0,0.0,0.0,0.0,0.0,0.0,FLAT
INDOMIM,1237,0.0,0.04258943781942078,0.0,0.0,0.0,0.0,0.0,0.0,FLAT
INDOMIM,1237,0.0,0.04289084280506112,0.0,0.0,0.0,0.0,0.0,0.0,FLAT
INDOMIM,1238,0.0,0.04319654427645788,0.0,0.0,0.0,0.0,0.0,0.0,FLAT
INDOMIM,1238,0.0,0.04400440044004401,0.0,0.0,0.0,0.0,0.0,0.0,FLAT
INDOMIM,1239,0.0,0.04484304932735426,0.0,0.0,0.0,0.0,0.0,0.0,FLAT
INDOMIM,1239,0.0,0.04486316733961418,0.0,0.0,0.0,0.0,0.0,0.0,FLAT
INDOMIM,1240,0.0,0.04488330341113106,0.0,0.0,0.0,0.0,0.0,0.0,FLAT
INDOMIM,1240,0.0,0.04591368227731864,0.0,0.0,0.0,0.0,0.0,0.0,FLAT
INDOMIM,1241,0.0,0.046992481203007516,0.0,0.0,0.0,0.0,0.0,0.0,FLAT
INDOMIM,1241,0.0,0.04718093890068412,0.0,0.0,0.0,0.0,0.0,0.0,FLAT
INDOMIM,1242,0.0,0.04737091425864519,0.0,0.0,0.0,0.0,0.0,0.0,FLAT
INDOMIM,1242,0.0,0.04744958481613286,0.0,0.0,0.0,0.0,0.0,0.0,FLAT
INDOMIM,1243,0.0,0.04752851711026616,0.0,0.0,0.0,0.0,0.0,0.0,FLAT
INDOMIM,1243,0.0,0.04806536890170632,0.0,0.0,0.0,0.0,0.0,0.0,FLAT
INDOMIM,1244,0.0,0.04861448711716091,0.0,0.0,0.0,0.0,0.0,0.0,FLAT
INDOMIM,1244,0.0,0.048649963512527365,0.0,0.0,0.0,0.0,0.0,0.0,FLAT
INDOMIM,1245,0.0,0.04868549172346641,0.0,0.0,0.0,0.0,0.0,0.0,FLAT
INDOMIM,1245,0.0,0.048697345994643294,0.0,0.0,0.0,0.0,0.0,0.0,FLAT
INDOMIM,1246,0.0,0.04870920603994155,0.0,0.0,0.0,0.0,0.0,0.0,FLAT
INDOMIM,1246,0.0,0.04886391399951136,0.0,0.0,0.0,0.0,0.0,0.0,FLAT
INDOMIM,1247,0.0,0.049019607843137254,0.0,0.0,0.0,0.0,0.0,0.0,FLAT
INDOMIM,1247,0.0,0.04940711462450593,0.0,0.0,0.0,0.0,0.0,0.0,FLAT
INDOMIM,1248,0.0,0.049800796812749,0.0,0.0,0.0,0.0,0.0,0.0,FLAT
INDOMIM,1248,0.0,0.05013787916771121,0.0,0.0,0.0,0.0,0.0,0.0,FLAT
INDOMIM,1249,0.0,0.05047955577990914,0.0,0.0,0.0,0.0,0.0,0.0,FLAT
INDOMIM,1249,0.0,0.05077430820005077,0.0,0.0,0.0,0.0,0.0,0.0,FLAT
INDOMIM,1250,0.0,0.05107252298263534,0.0,0.0,0.0,0.0,0.0,0.0,FLAT
INDOMIM,1250,0.0,0.0511770726714432,0.0,0.0,0.0,0.0,0.0,0.0,FLAT
INDOMIM,1251,0.0,0.05128205128205128,0.0,0.0,0.0,0.0,0.0,0.0,FLAT
INDOMIM,1251,0.0,0.051308363263211906,0.0,0.0,0.0,0.0,0.0,0.0,FLAT
INDOMIM,1252,0.0,0.0513347022587269,0.0,0.0,0.0,0.0,0.0,0.0,FLAT
INDOMIM,1252,0.0,0.0514668039114771,0.0,0.0,0.0,0.0,0.0,0.0,FLAT
INDOMIM,1253,0.0,0.05159958720330237,0.0,0.0,0.0,0.0,0.0,0.0,FLAT
INDOMIM,1253,0.0,0.052042674993494666,0.0,0.0,0.0,0.0,0.0,0.0,FLAT
INDOMIM,1254,0.0,0.05249343832020997,0.0,0.0,0.0,0.0,0.0,0.0,FLAT
INDOMIM,1254,0.0,0.05268703898840885,0.0,0.0,0.0,0.0,0.0,0.0,FLAT
INDOMIM,1255,0.0,0.05288207297726071,0.0,0.0,0.0,0.0,0.0,0.0,FLAT
INDOMIM,1255,0.0,0.053490238031559244,0.0,0.0,0.0,0.0,0.0,0.0,FLAT
INDOMIM,1256,0.0,0.05411255411255411,0.0,0.0,0.0,0.0,0.0,0.0,FLAT
INDOMIM,1256,0.0,0.05448106782892945,0.0,0.0,0.0,0.0,0.0,0.0,FLAT
INDOMIM,1257,0.0,0.05485463521667581,0.0,0.0,0.0,0.0,0.0,0.0,FLAT
INDOMIM,1257,0.0,0.05534034311012728,0.0,0.0,0.0,0.0,0.0,0.0,FLAT
INDOMIM,1258,0.0,0.05583472920156337,0.0,0.0,0.0,0.0,0.0,0.0,FLAT
INDOMIM,1258,0.0,0.056433408577878104,0.0,0.0,0.0,0.0,0.0,0.0,FLAT
INDOMIM,1259,0.0,0.05704506560182544,0.0,0.0,0.0,0.0,0.0,0.0,FLAT
INDOMIM,1259,0.0,0.05753739930955121,0.0,0.0,0.0,0.0,0.0,0.0,FLAT
INDOMIM,1300,0.0,0.05803830528148578,0.0,0.0,0.0,0.0,0.0,0.0,FLAT
INDOMIM,1300,0.0,0.05846243788365975,0.0,0.0,0.0,0.0,0.0,0.0,FLAT
INDOMIM,1301,0.0,0.05889281507656066,0.0,0.0,0.0,0.0,0.0,0.0,FLAT
INDOMIM,1301,0.0,0.05975500448162534,0.0,0.0,0.0,0.0,0.0,0.0,FLAT
INDOMIM,1302,0.0,0.06064281382656155,0.0,0.0,0.0,0.0,0.0,0.0,FLAT
INDOMIM,1302,0.0,0.061031431187061336,0.0,0.0,0.0,0.0,0.0,0.0,FLAT
INDOMIM,1303,0.0,0.06142506142506143,0.0,0.0,0.0,0.0,0.0,0.0,FLAT
INDOMIM,1303,0.0,0.061709348966368406,0.0,0.0,0.0,0.0,0.0,0.0,FLAT
INDOMIM,1304,0.0,0.06199628022318661,0.0,0.0,0.0,0.0,0.0,0.0,FLAT
INDOMIM,1304,0.0,0.06228589224540641,0.0,0.0,0.0,0.0,0.0,0.0,FLAT
INDOMIM,1305,0.0,0.0625782227784731,0.0,0.0,0.0,0.0,0.0,0.0,FLAT
INDOMIM,1305,0.0,0.06263701847792046,0.0,0.0,0.0,0.0,0.0,0.0,FLAT
INDOMIM,1306,0.0,0.06269592476489028,0.0,0.0,0.0,0.0,0.0,0.0,FLAT
INDOMIM,1306,0.0,0.06293266205160478,0.0,0.0,0.0,0.0,0.0,0.0,FLAT
INDOMIM,1307,0.0,0.06317119393556538,0.0,0.0,0.0,0.0,0.0,0.0,FLAT
INDOMIM,1307,0.0,0.06381620931716656,0.0,0.0,0.0,0.0,0.0,0.0,FLAT
INDOMIM,1308,0.0,0.06447453255963895,0.0,0.0,0.0,0.0,0.0,0.0,FLAT
INDOMIM,1308,0.0,0.06459948320413436,0.0,0.0,0.0,0.0,0.0,0.0,FLAT
INDOMIM,1309,0.0,0.06472491909385113,0.0,0.0,0.0,0.0,0.0,0.0,FLAT
INDOMIM,1309,0.0,0.06555227794165848,0.0,0.0,0.0,0.0,0.0,0.0,FLAT
INDOMIM,1310,0.0,0.06640106241699867,0.0,0.0,0.0,0.0,0.0,-0.7318438159197554,DOWN-LEG
INDOMIM,1310,0.0,0.06756756756756757,0.0,0.0,0.0,0.0,0.0,-0.6500495070816612,DOWN-LEG
INDOMIM,1311,0.0,0.0687757909215956,0.0,0.0,0.0,0.0,0.0,-0.7232338886736485,DOWN-LEG
INDOMIM,1311,0.0,0.06887052341597796,0.0,0.0,0.0,0.0,0.0,-0.3788367988290577,drift
INDOMIM,1312,0.0,0.06896551724137931,0.0,0.0,0.0,0.0,0.0,-0.34439708984459083,drift
INDOMIM,1312,0.0,0.06980802792321117,0.0,0.0,0.0,0.0,0.0,-0.7576735976580958,DOWN-LEG
INDOMIM,1313,0.0,0.0706713780918728,0.0,0.0,0.0,0.0,0.0,-0.6586594343277877,DOWN-LEG
INDOMIM,1313,0.0,0.07097232079488999,0.0,0.0,0.0,0.0,0.0,-0.7576735976580958,DOWN-LEG
INDOMIM,1314,0.0,0.07127583749109052,0.0,0.0,0.0,0.0,0.0,-0.727538852296702,DOWN-LEG
INDOMIM,1314,0.0,0.07132667617689016,0.0,0.0,0.0,0.0,0.0,-0.7060140341814151,DOWN-LEG
INDOMIM,1315,0.0,0.07137758743754462,0.0,0.0,0.0,0.0,0.0,-0.6801842524430747,DOWN-LEG
INDOMIM,1315,0.0,0.07183908045977011,0.0,0.0,0.0,0.0,0.0,-0.6844892160661281,DOWN-LEG
INDOMIM,1316,0.0,0.07230657989877079,0.0,0.0,0.0,0.0,0.0,-0.6887941796891817,DOWN-LEG
INDOMIM,1316,0.0,0.07256894049346879,0.0,0.0,0.0,0.0,0.0,-0.6887941796891817,DOWN-LEG
INDOMIM,1317,0.0,0.07283321194464676,0.0,0.0,0.0,0.0,0.0,-1.1063756511257596,DOWN-LEG
INDOMIM,1317,0.0,0.07344840249724569,0.0,0.0,0.0,0.0,0.0,-1.1580352146024404,DOWN-LEG
INDOMIM,1318,0.0,0.07407407407407407,0.0,0.0,0.0,0.0,0.0,-1.1580352146024404,DOWN-LEG
INDOMIM,1318,0.0,0.0744047619047619,0.0,0.0,0.0,0.0,0.0,-1.2914890869172155,DOWN-LEG
INDOMIM,1319,0.0,0.07473841554559044,0.0,0.0,0.0,0.0,0.0,-1.4809074863317444,DOWN-LEG
INDOMIM,1319,0.0,0.0772499034376207,0.0,0.0,0.0,0.0,0.0,-1.278574196048055,DOWN-LEG
INDOMIM,1320,0.3109243697479197,273.0829596412556,0.020072675329023012,3.999999999999999,-0.7372392558220218,1.0,0.5160674790754192,-0.5854547031527819,DOWN-LEG
INDOMIM,1320,0.829059829059833,30.392857142857142,0.0200858447015911,4.0,-0.6543027992026998,0.7989417989417903,0.5069763411040936,-0.5416413900684635,DOWN-LEG
INDOMIM,1321,-0.2608695652174558,10.094814814814814,0.021189964889447258,3.8116832232747697,-0.7285026668401277,0.8155339805825187,0.1994709683014574,-0.48133211916221796,drift
INDOMIM,1321,1.0,27.767168564083732,0.026977678145600554,3.8493849400947275,-0.38027742967029005,0.30769230769231015,0.30681474439306466,-0.786482865908985,DOWN-LEG
INDOMIM,1322,-0.14285714285711634,22.390386016023307,0.02599573310418583,3.670979628532521,-0.34558728238800807,0.27210884353740994,0.21167221046263923,-0.8812475700894246,DOWN-LEG
INDOMIM,1322,-1.0,28.296806966618288,0.031958779620760394,2.3828998699158674,-0.7634581182492477,0.4512820512820437,0.4641478332537985,-0.5639179282522881,DOWN-LEG
INDOMIM,1323,0.6363636363635612,7.1033984092552425,0.033232516888102984,2.4252933098235356,-0.6630265210608504,0.3704600484261529,0.19067429363841615,-0.5806898942624411,DOWN-LEG
INDOMIM,1323,-0.4594594594594329,2.1882183908045976,0.034894282624831914,2.3878049208075933,-0.7634581182492477,0.40366972477064095,0.16049971804102797,-0.47282349368846094,drift
INDOMIM,1324,0.35483870967740044,5.000713775874376,0.03500839394827591,2.4043423337653276,-0.7328707718993968,0.3814898419864604,0.13443191673893795,-0.5550737207285421,DOWN-LEG
INDOMIM,1324,1.0,1.5399429386590584,0.035271269897231776,2.418431635419046,-0.7110340342510336,0.3660714285714328,0.08671146759158899,-0.5939735530023766,DOWN-LEG
INDOMIM,1325,0.2173913043478089,3.4782608695652173,0.03543601673514197,0.5747925429174674,0.052013350093182704,0.34801762114538126,0.09969225434528985,-0.5244679467730011,DOWN-LEG
INDOMIM,1325,0.30434782608685335,2.2306600425833927,0.03532050500726911,0.03861118057021807,-0.034677069787610836,0.3494505494505549,0.09969657563936637,-0.4508019072388423,drift
INDOMIM,1326,-0.9130434782609383,1.197173144876325,0.03529736916846728,0.07075441881434034,0.03467857297672989,0.35087719298246034,0.09970089730806395,-0.34678572976722005,drift
INDOMIM,1326,-0.5200000000000727,2.418848167539267,0.03508648164844503,-0.5637702603592901,-0.31210715679049017,0.35087719298246034,0.10837054055225627,-0.2860982270579526,drift
INDOMIM,1327,-1.0,8.248275862068965,0.04170542048016183,-0.6536362048741752,-0.7705032213129146,0.46473779385172515,0.3917812989726624,0.182831272853921,FLAT
INDOMIM,1327,-1.0,6.223140495867769,0.04196220960886917,-0.1894588448226131,-0.4050522648083703,0.47610619469027093,0.11324041811846294,0.6794425087107975,UP-LEG
INDOMIM,1328,-0.2173913043478089,4.271664374140302,0.04152767275155962,-0.3002184340186584,-0.505226480836233,0.47610619469027093,0.10017421602788248,0.6141114982578357,UP-LEG
INDOMIM,1328,-0.849999999999909,6.604054054054054,0.043111971733215536,-0.38983109747626904,-0.5407998604387496,0.5033557046979912,0.17445156788346636,0.7632256094901653,UP-LEG
INDOMIM,1329,-1.0,13.528552456839309,0.04480307043796812,-0.6673169004350603,-0.7646930303692375,0.5375000000000052,0.19663535066637536,0.9919161022503744,UP-LEG
INDOMIM,1329,0.30555555555553804,3.7705670272041956,0.04767383764354245,-0.6687472972744815,-0.579975579975588,0.43231441048035735,0.3139717425431632,0.9201116343973647,UP-LEG
INDOMIM,1330,0.5294117647059217,6.681553398058252,0.08426456049412274,-0.5997122875020935,-0.6412493456639251,0.4388489208633151,0.29663235037516056,0.920432734252308,UP-LEG
INDOMIM,1330,0.47368421052634097,2.2655038759689923,0.09963679046470132,-0.5873981018080612,-0.5097372892432281,0.38121546961326275,0.1655557007798624,0.7798544852524565,UP-LEG
INDOMIM,1331,0.7647058823528939,5.703417150225661,0.09906799186758351,-0.46982447872791766,-0.5185185185185225,0.38376891334250807,0.1481481481481521,0.8540305010893207,UP-LEG
INDOMIM,1331,-0.1600000000000364,2.9553286534779835,0.10020133725922398,-0.455353869220855,-0.4791149440306634,0.36684782608695926,0.21777952001393788,0.7752950912496069,UP-LEG
INDOMIM,1332,0.0,1.961465571699305,0.11828903702043742,-0.30458030904684397,-0.11767269557637038,0.37866666666667015,0.12203094356069653,0.8367836129875711,UP-LEG
INDOMIM,1332,9.885811975792894e-14,5.58590308370044,0.12089003608681832,-0.1906681109086742,-0.16140993761723238,0.3963730569948207,0.20067181433494347,0.9902717794354934,UP-LEG
INDOMIM,1333,0.12820512820500862,1.865203761755486,0.12593308894628433,-0.16863566270688818,-0.078458721994603,0.3628318584070877,0.16999389765495995,1.2509807340249444,UP-LEG
INDOMIM,1333,-0.8571428571427798,2.300657688694018,0.11840213348516075,-0.10265184676381345,0.0653765690376569,0.35939470365700205,0.1830543933054512,1.242154811715481,UP-LEG
INDOMIM,1334,-1.0,1.8216520650813517,0.12393720582241254,0.11403844907816442,0.2049537763823399,0.36894409937888745,0.11773940345370108,1.2951334379905928,UP-LEG
INDOMIM,1334,-1.0,0.7735671782023176,0.12450852745279818,0.07677052028794844,-0.017445917655252798,0.3720642768850459,0.0741451500348839,1.312805303558963,UP-LEG
INDOMIM,1335,0.37931034482754294,0.8401253918495298,0.13378386593579458,0.015733504970603843,0.11328976034857992,0.3357400722021712,0.12636165577342443,1.215686274509808,UP-LEG
INDOMIM,1335,-0.09090909090914102,3.092389602254933,0.13710043531597768,-0.010183659664473826,0.05660541670294031,0.31050767414404395,0.1436906731690404,1.1451711225289638,UP-LEG
INDOMIM,1336,0.12820512820524183,3.200250312891114,0.14091352278297012,-0.08498525477393158,0.16964635260342298,0.2758620689655201,0.16964635260342298,1.0439775544825785,UP-LEG
INDOMIM,1336,0.07317073170747397,3.651821862348178,0.14298880194559174,-0.07056296001818789,0.19127939833935098,0.2556561085972864,0.17823762117984215,0.982480546015733,UP-LEG
INDOMIM,1337,-0.06666666666660603,2.5902045877247364,0.12153273204782557,-0.07390699511456904,0.2998175023898536,0.24022346368715328,0.13035543582167378,0.9342139567219953,UP-LEG
INDOMIM,1337,0.6390977443608935,6.28633137920395,0.15182055439817124,0.005550315513585497,0.8349195362519349,0.11334002006018361,0.5753590586606758,0.4888388994635829,drift
INDOMIM,1338,-0.432432432432464,12.329852579852579,0.14125055581515866,-0.10042461381118804,0.6882818925587677,0.12648221343873833,0.32033245314056064,0.5540885675944843,UP-LEG
INDOMIM,1338,0.21951219512197828,2.6475434848947206,0.13781497765868186,-0.05238727693453127,0.6925207756232686,0.12315270935960701,0.17745844875345865,0.5410318559556786,UP-LEG
INDOMIM,1339,-0.3333333333334252,1.966646452395391,0.14462943857987617,-0.030975758006972987,0.7788161993769471,0.11436950146627965,0.14278296988578149,0.5062305295950275,UP-LEG
INDOMIM,1339,0.6571428571429091,0.8977723527616722,0.14380940327291875,-0.005398358724378152,0.9290066110703019,0.08159392789373791,0.15123363436028173,0.37160264442811686,drift
INDOMIM,1340,-0.3749999999999645,1.1600970285021226,0.15558738970230665,-0.029096416738152216,0.7996542035876377,0.08520179372197269,0.06915928247244042,0.4063107845256144,drift
INDOMIM,1340,0.6249999999997513,0.6097039975587427,0.14814506521135878,-0.012414548942722021,0.7176206121390244,0.061643835616434585,0.06916825177243252,0.4193325263704078,drift
INDOMIM,1341,0.2777777777776585,1.3850818677986658,0.1636386599483315,-0.013030768585888518,0.6783029465134286,0.09736540664375797,0.15553443359543373,0.3585932774561558,drift
INDOMIM,1341,-0.8333333333334912,0.5712541959108941,0.17034945011001576,-0.04639480265219724,0.5791589229372709,0.004987531172070999,0.10372995634698064,0.3976314993300892,drift
INDOMIM,1342,-1.0,1.1358399029714978,0.16582232137899705,-0.08779188585189163,0.5316160262782439,0.015113350125948177,0.05618705968795358,0.3976314993300892,drift
INDOMIM,1342,1.0,1.0613221657194136,0.17540814522661968,-0.2734156302131493,0.14686825053996075,0.13642756680731213,0.051835853131741605,0.3412526997840212,drift
INDOMIM,1343,1.0,55.4232585596222,0.0977559528812031,1.8212287330494699,0.5510353437513531,0.19947848761408368,0.34009212622153734,0.0,FLAT
INDOMIM,1343,0.0,0.05982650314089141,0.09931008235734118,1.8151087267856465,0.5381204528821731,0.23655913978494472,0.0,0.0,FLAT
INDOMIM,1344,0.0,0.06064281382656155,0.09783807176874591,1.85854788276388,0.5036807438977258,0.22930800542740878,0.0,0.0,FLAT
INDOMIM,1344,0.0,0.061031431187061336,0.09745307410561067,1.859273193953651,0.3702268715829312,0.22404371584699495,0.0,0.0,FLAT
INDOMIM,1345,0.0,0.06142506142506143,0.092328195824599,1.8834588156332914,0.4046665805673981,0.21763085399449178,0.0,0.0,FLAT
INDOMIM,1345,0.0,0.061709348966368406,0.0907516602454634,1.8799663492841026,0.4175814714365781,0.21931034482758607,0.0,0.0,FLAT
INDOMIM,1346,0.0,0.06199628022318661,0.08720099486395592,1.8818376961361762,0.3573119807137708,0.22099447513811987,0.0,0.0,FLAT
INDOMIM,1346,0.0,0.06228589224540641,0.08648356077915423,1.9150734497562945,0.3960566533212912,0.22099447513811987,0.0,0.0,FLAT
INDOMIM,1347,0.0,0.0625782227784731,0.08561214811178713,2.080329609806806,0.3960566533212912,0.40988835725678086,0.0,0.0,FLAT
INDOMIM,1347,0.0,0.06263701847792046,0.05906616984063901,2.1472362487336976,0.34009212622153734,0.4373983739837381,0.0,0.0,FLAT
INDOMIM,1348,0.0,0.06269592476489028,0.06373039247977534,0.0,0.0,0.4373983739837381,0.0,0.0,FLAT
INDOMIM,1348,0.0,0.06293266205160478,0.0650113730963249,0.0,0.0,0.5136986301369815,0.0,0.0,FLAT
INDOMIM,1349,0.0,0.06317119393556538,0.06367778471773088,0.0,0.0,0.6370370370370334,0.0,0.0,FLAT
INDOMIM,1349,0.0,0.06381620931716656,0.051748248853869507,0.0,0.0,0.6024340770791052,0.0,0.0,FLAT
INDOMIM,1350,0.0,0.06447453255963895,0.0493055003425297,0.0,0.0,0.6288659793814315,0.0,0.0,FLAT
INDOMIM,1350,0.0,0.06459948320413436,0.04847066916462505,0.0,0.0,0.605263157894724,0.0,0.0,FLAT
INDOMIM,1351,0.0,0.06472491909385113,0.04348419780264421,0.0,0.0,0.6158940397350927,0.0,0.0,FLAT
INDOMIM,1351,0.0,0.06555227794165848,0.03993063201936235,0.0,0.0,0.6081081081081007,0.0,0.0,FLAT
INDOMIM,1352,0.0,0.06640106241699867,0.04065704577019941,0.0,0.0,0.6604651162790649,0.0,0.0,FLAT
INDOMIM,1352,0.0,0.06718172657037286,0.035505039955478025,0.0,0.0,0.7499999999999861,0.0,0.0,FLAT
INDOMIM,1353,0.0,0.06798096532970768,0.0,0.0,0.0,0.737789203084821,0.0,0.0,FLAT
INDOMIM,1353,0.0,0.06837606837606838,0.0,0.0,0.0,0.736434108527118,0.0,0.0,FLAT
INDOMIM,1354,0.0,0.0687757909215956,0.0,0.0,0.0,0.7919999999999977,0.0,0.0,FLAT
INDOMIM,1354,0.0,0.06887052341597796,0.0,0.0,0.0,0.8113207547169607,0.0,0.0,FLAT
INDOMIM,1355,0.0,0.06896551724137931,0.0,0.0,0.0,0.7994269340974008,0.0,0.0,FLAT
INDOMIM,1355,0.0,0.06980802792321117,0.0,0.0,0.0,0.7897897897897693,0.0,0.0,FLAT
INDOMIM,1356,0.0,0.0706713780918728,0.0,0.0,0.0,0.7741935483870741,0.0,0.0,FLAT
INDOMIM,1356,0.0,0.07097232079488999,0.0,0.0,0.0,0.7635135135134893,0.0,0.0,FLAT
INDOMIM,1357,0.0,0.07127583749109052,0.0,0.0,0.0,0.7543859649122566,0.0,0.0,FLAT
INDOMIM,1357,0.0,0.07132667617689016,0.0,0.0,0.0,0.6174863387977874,0.0,0.0,FLAT
INDOMIM,1358,0.0,0.07137758743754462,0.0,0.0,0.0,0.7619047619047232,0.0,0.0,FLAT
INDOMIM,1358,0.0,0.07183908045977011,0.0,0.0,0.0,0.7575757575757158,0.0,0.0,FLAT
INDOMIM,1359,0.0,0.07230657989877079,0.0,0.0,0.0,0.745222929936267,0.0,0.0,FLAT
INDOMIM,1359,0.0,0.07256894049346879,0.0,0.0,0.0,0.6825396825396309,0.0,0.0,FLAT
INDOMIM,1400,0.0,0.07283321194464676,0.0,0.0,0.0,0.7966101694914901,0.0,0.0,FLAT
INDOMIM,1400,0.0,0.07344840249724569,0.0,0.0,0.0,0.8434782608695556,0.0,0.0,FLAT
INDOMIM,1401,0.0,0.07407407407407407,0.0,0.0,0.0,0.8217821782178102,0.0,0.0,FLAT
INDOMIM,1401,0.0,0.07434944237918216,0.0,0.0,0.0,1.0,0.0,0.0,FLAT
INDOMIM,1402,0.0,0.07462686567164178,0.0,0.0,0.0,1.0,0.0,0.0,FLAT
INDOMIM,1402,0.0,0.07468259895444361,0.0,0.0,0.0,1.0,0.0,0.0,FLAT
INDOMIM,1403,0.0,0.07473841554559044,0.0,0.0,0.0,0.0,0.0,0.0,FLAT
INDOMIM,1403,0.0,0.0772499034376207,0.0,0.0,0.0,0.0,0.0,0.0,FLAT
INDOMIM,1404,0.0,0.07993605115907274,0.0,0.0,0.0,0.0,0.0,0.0,FLAT
INDOMIM,1404,0.0,0.08045052292839903,0.0,0.0,0.0,0.0,0.0,0.0,FLAT
INDOMIM,1405,0.0,0.08097165991902834,0.0,0.0,0.0,0.0,0.0,0.0,FLAT
INDOMIM,1405,0.0,0.08133387555917039,0.0,0.0,0.0,0.0,0.0,0.0,FLAT
INDOMIM,1406,0.0,0.08169934640522876,0.0,0.0,0.0,0.0,0.0,0.0,FLAT
INDOMIM,1406,0.0,0.08213552361396304,0.0,0.0,0.0,0.0,0.0,0.0,FLAT
INDOMIM,1407,0.0,0.08257638315441784,0.0,0.0,0.0,0.0,0.0,0.0,FLAT
INDOMIM,1407,0.0,0.08543357539513029,0.0,0.0,0.0,0.0,0.0,0.0,FLAT
INDOMIM,1408,0.0,0.08849557522123894,0.0,0.0,0.0,0.0,0.0,0.0,FLAT
INDOMIM,1408,0.0,0.08880994671403197,0.0,0.0,0.0,0.0,0.0,0.0,FLAT
INDOMIM,1409,0.0,0.08912655971479501,0.0,0.0,0.0,0.0,0.0,0.0,FLAT
INDOMIM,1409,0.0,0.08944543828264759,0.0,0.0,0.0,0.0,0.0,0.0,FLAT
INDOMIM,1410,0.0,0.08976660682226212,0.0,0.0,0.0,0.0,0.0,0.0,FLAT
INDOMIM,1410,0.0,0.09009009009009009,0.0,0.0,0.0,0.0,0.0,0.0,FLAT
INDOMIM,1411,0.0,0.09041591320072333,0.0,0.0,0.0,0.0,0.0,0.0,FLAT
INDOMIM,1411,0.0,0.09053870529651425,0.0,0.0,0.0,0.0,0.0,0.0,FLAT
INDOMIM,1412,0.0,0.09066183136899365,0.0,0.0,0.0,0.0,0.0,0.0,FLAT
INDOMIM,1412,0.0,0.09153318077803203,0.0,0.0,0.0,0.0,0.0,0.0,FLAT
INDOMIM,1413,0.0,0.09242144177449169,0.0,0.0,0.0,0.0,0.0,0.0,FLAT
INDOMIM,1413,0.0,0.09337068160597572,0.0,0.0,0.0,0.0,0.0,0.0,FLAT
INDOMIM,1414,0.0,0.09433962264150944,0.0,0.0,0.0,0.0,0.0,0.0,FLAT
INDOMIM,1414,0.0,0.0946073793755913,0.0,0.0,0.0,0.0,0.0,0.0,FLAT
INDOMIM,1415,0.0,0.09487666034155598,0.0,0.0,0.0,0.0,0.0,0.0,FLAT
INDOMIM,1415,0.0,0.0949667616334283,0.0,0.0,0.0,0.0,0.0,0.0,FLAT
INDOMIM,1416,0.0,0.09505703422053231,0.0,0.0,0.0,0.0,0.0,0.0,FLAT
INDOMIM,1416,0.0,0.09629272989889263,0.0,0.0,0.0,0.0,0.0,0.0,FLAT
INDOMIM,1417,0.0,0.0975609756097561,0.0,0.0,0.0,0.0,0.0,0.0,FLAT
INDOMIM,1417,0.0,0.09775171065493646,0.0,0.0,0.0,0.0,0.0,0.0,FLAT
INDOMIM,1418,0.0,0.0979431929480901,0.0,0.0,0.0,0.0,0.0,0.0,FLAT
INDOMIM,1418,0.0,0.09828009828009827,0.0,0.0,0.0,0.0,0.0,0.0,FLAT
INDOMIM,1419,0.0,0.09861932938856016,0.0,0.0,0.0,0.0,0.0,0.0,FLAT
INDOMIM,1419,0.0,0.0986679822397632,0.0,0.0,0.0,0.0,0.0,0.0,FLAT
INDOMIM,1420,0.0,0.09871668311944719,0.0,0.0,0.0,0.0,0.0,0.0,FLAT
INDOMIM,1420,0.0,0.09876543209876543,0.0,0.0,0.0,0.0,0.0,0.0,FLAT
INDOMIM,1421,0.0,0.09881422924901186,0.0,0.0,0.0,0.0,0.0,0.0,FLAT
INDOMIM,1421,0.0,0.09910802775024777,0.0,0.0,0.0,0.0,0.0,0.0,FLAT
INDOMIM,1422,0.0,0.09940357852882704,0.0,0.0,0.0,0.0,0.0,0.0,FLAT
INDOMIM,1422,0.0,0.09975062344139651,0.0,0.0,0.0,0.0,0.0,0.0,FLAT
INDOMIM,1423,0.0,0.1001001001001001,0.0,0.0,0.0,0.0,0.0,0.0,FLAT
INDOMIM,1423,0.0,0.10040160642570281,0.0,0.0,0.0,0.0,0.0,0.0,FLAT
INDOMIM,1424,0.0,0.10070493454179255,0.0,0.0,0.0,0.0,0.0,0.0,FLAT
INDOMIM,1424,0.0,0.10116337885685382,0.0,0.0,0.0,0.0,0.0,0.0,FLAT
INDOMIM,1425,0.0,0.1016260162601626,0.0,0.0,0.0,0.0,0.0,0.0,FLAT
INDOMIM,1425,0.0,0.10183299389002037,0.0,0.0,0.0,0.0,0.0,0.0,FLAT
INDOMIM,1426,0.0,0.10204081632653061,0.0,0.0,0.0,0.0,0.0,0.0,FLAT
INDOMIM,1426,0.0,0.10230179028132992,0.0,0.0,0.0,0.0,0.0,0.0,FLAT
INDOMIM,1427,0.0,0.10256410256410256,0.0,0.0,0.0,0.0,0.0,0.0,FLAT
INDOMIM,1427,0.0,0.10261672652642381,0.0,0.0,0.0,0.0,0.0,0.0,FLAT
INDOMIM,1428,0.0,0.1026694045174538,0.0,0.0,0.0,0.0,0.0,0.0,FLAT
INDOMIM,1428,0.0,0.10362694300518134,0.0,0.0,0.0,0.0,0.0,0.0,FLAT
INDOMIM,1429,0.0,0.10460251046025104,0.0,0.0,0.0,0.0,0.0,0.0,FLAT
INDOMIM,1429,0.0,0.10509721492380451,0.0,0.0,0.0,0.0,0.0,0.0,FLAT
INDOMIM,1430,0.0,0.10559662090813093,0.0,0.0,0.0,0.0,0.0,0.0,FLAT
INDOMIM,1430,0.0,0.10621348911311737,0.0,0.0,0.0,0.0,0.0,0.0,FLAT
INDOMIM,1431,0.0,0.10683760683760683,0.0,0.0,0.0,0.0,0.0,0.0,FLAT
INDOMIM,1431,0.0,0.10775862068965517,0.0,0.0,0.0,0.0,0.0,0.0,FLAT
INDOMIM,1432,0.0,0.10869565217391304,0.0,0.0,0.0,0.0,0.0,0.0,FLAT
INDOMIM,1432,0.0,0.1091703056768559,0.0,0.0,0.0,0.0,0.0,0.0,FLAT
INDOMIM,1433,0.0,0.10964912280701754,0.0,0.0,0.0,0.0,0.0,0.0,FLAT
INDOMIM,1433,0.0,0.10995052226498075,0.0,0.0,0.0,0.0,0.0,0.0,FLAT
INDOMIM,1434,0.0,0.11025358324145534,0.0,0.0,0.0,0.0,0.0,0.0,FLAT
INDOMIM,1434,0.0,0.11049723756906077,0.0,0.0,0.0,0.0,0.0,0.0,FLAT
INDOMIM,1435,0.0,0.11074197120708748,0.0,0.0,0.0,0.0,0.0,0.0,FLAT
INDOMIM,1435,0.0,0.11179429849077697,0.0,0.0,0.0,0.0,0.0,0.0,FLAT
INDOMIM,1436,0.0,0.11286681715575621,0.0,0.0,0.0,0.0,0.0,0.0,FLAT
INDOMIM,1436,0.0,0.11299435028248588,0.0,0.0,0.0,0.0,0.0,0.0,FLAT
INDOMIM,1437,0.0,0.11312217194570136,0.0,0.0,0.0,0.0,0.0,0.0,FLAT
INDOMIM,1437,0.0,0.1141552511415525,0.0,0.0,0.0,0.0,0.0,0.0,FLAT
INDOMIM,1438,0.0,0.1152073732718894,0.0,0.0,0.0,0.0,0.0,0.0,FLAT
INDOMIM,1438,0.0,0.11600928074245939,0.0,0.0,0.0,0.0,0.0,0.0,FLAT
INDOMIM,1439,0.0,0.11682242990654206,0.0,0.0,0.0,0.0,0.0,0.0,FLAT
INDOMIM,1439,0.0,0.1180637544273908,0.0,0.0,0.0,0.0,0.0,0.0,FLAT
INDOMIM,1440,0.0,0.11933174224343675,0.0,0.0,0.0,0.0,0.0,0.0,FLAT
INDOMIM,1440,0.0,0.12084592145015106,0.0,0.0,0.0,0.0,0.0,0.0,FLAT
INDOMIM,1441,0.0,0.12239902080783353,0.0,0.0,0.0,0.0,0.0,0.0,FLAT
INDOMIM,1441,0.0,0.12292562999385372,0.0,0.0,0.0,0.0,0.0,0.0,FLAT
INDOMIM,1442,0.0,0.12345679012345678,0.0,0.0,0.0,0.0,0.0,0.0,FLAT
INDOMIM,1442,0.0,0.12414649286157665,0.0,0.0,0.0,0.0,0.0,0.0,FLAT
INDOMIM,1443,0.0,0.12484394506866417,0.0,0.0,0.0,0.0,0.0,0.0,FLAT
INDOMIM,1443,0.0,0.125,0.0,0.0,0.0,0.0,0.0,0.0,FLAT
INDOMIM,1444,0.0,0.1251564455569462,0.0,0.0,0.0,0.0,0.0,0.0,FLAT
INDOMIM,1444,0.0,0.12531328320802004,0.0,0.0,0.0,0.0,0.0,0.0,FLAT
INDOMIM,1445,0.0,0.12547051442910917,0.0,0.0,0.0,0.0,0.0,0.0,FLAT
INDOMIM,1445,0.0,0.1257071024512885,0.0,0.0,0.0,0.0,0.0,0.0,FLAT
INDOMIM,1446,0.0,0.12594458438287154,0.0,0.0,0.0,0.0,0.0,0.0,FLAT
INDOMIM,1446,0.0,0.12853470437017994,0.0,0.0,0.0,0.0,0.0,0.0,FLAT
INDOMIM,1447,0.0,0.13123359580052493,0.0,0.0,0.0,0.0,0.0,0.0,FLAT
INDOMIM,1447,0.0,0.13183915622940012,0.0,0.0,0.0,0.0,0.0,0.0,FLAT
INDOMIM,1448,0.0,0.13245033112582782,0.0,0.0,0.0,0.0,0.0,0.0,FLAT
INDOMIM,1448,0.0,0.13262599469496023,0.0,0.0,0.0,0.0,0.0,0.0,FLAT
INDOMIM,1449,0.0,0.13280212483399734,0.0,0.0,0.0,0.0,0.0,0.0,FLAT
INDOMIM,1449,0.0,0.1330671989354624,0.0,0.0,0.0,0.0,0.0,0.0,FLAT
INDOMIM,1450,0.0,0.13333333333333333,0.0,0.0,0.0,0.0,0.0,0.0,FLAT
INDOMIM,1450,0.0,0.13377926421404682,0.0,0.0,0.0,0.0,0.0,0.0,FLAT
INDOMIM,1451,0.0,0.1342281879194631,0.0,0.0,0.0,0.0,0.0,0.0,FLAT
INDOMIM,1451,0.0,0.1350438892640108,0.0,0.0,0.0,0.0,0.0,0.0,FLAT
INDOMIM,1452,0.0,0.1358695652173913,0.0,0.0,0.0,0.0,0.0,0.0,FLAT
INDOMIM,1452,0.0,0.13726835964310227,0.0,0.0,0.0,0.0,0.0,0.0,FLAT
INDOMIM,1453,0.0,0.13869625520110956,0.0,0.0,0.0,0.0,0.0,0.0,FLAT
INDOMIM,1453,0.0,0.13937282229965156,0.0,0.0,0.0,0.0,0.0,0.0,FLAT
INDOMIM,1454,0.0,0.1400560224089636,0.0,0.0,0.0,0.0,0.0,0.0,FLAT
INDOMIM,1454,0.0,0.1440922190201729,0.0,0.0,0.0,0.0,0.0,0.0,FLAT
INDOMIM,1455,0.0,0.14836795252225518,0.0,0.0,0.0,0.0,0.0,0.0,FLAT
INDOMIM,1455,0.0,0.15255530129672007,0.0,0.0,0.0,0.0,0.0,0.0,FLAT
INDOMIM,1456,0.0,0.15698587127158556,0.0,0.0,0.0,0.0,0.0,0.0,FLAT
INDOMIM,1456,0.0,0.1594896331738437,0.0,0.0,0.0,0.0,0.0,0.0,FLAT
INDOMIM,1457,0.0,0.1620745542949757,0.0,0.0,0.0,0.0,0.0,0.0,FLAT
INDOMIM,1457,0.0,0.16326530612244897,0.0,0.0,0.0,0.0,0.0,0.0,FLAT
INDOMIM,1458,0.0,0.16447368421052633,0.0,0.0,0.0,0.0,0.0,0.0,FLAT
INDOMIM,1458,0.0,0.1662510390689942,0.0,0.0,0.0,0.0,0.0,0.0,FLAT
INDOMIM,1459,0.0,0.16806722689075632,0.0,0.0,0.0,0.0,0.0,0.0,FLAT
INDOMIM,1459,0.0,0.1692047377326565,0.0,0.0,0.0,0.0,0.0,0.0,FLAT
INDOMIM,1500,0.0,0.17035775127768313,0.0,0.0,0.0,0.0,0.0,0.0,FLAT
INDOMIM,1500,0.0,0.17316017316017315,0.0,0.0,0.0,0.0,0.0,0.0,FLAT
INDOMIM,1501,0.0,0.176056338028169,0.0,0.0,0.0,0.0,0.0,0.0,FLAT
INDOMIM,1501,0.0,0.1768346595932803,0.0,0.0,0.0,0.0,0.0,0.0,FLAT
INDOMIM,1502,0.0,0.17761989342806395,0.0,0.0,0.0,0.0,0.0,0.0,FLAT
INDOMIM,1502,0.0,0.17777777777777778,0.0,0.0,0.0,0.0,0.0,0.0,FLAT
INDOMIM,1503,0.0,0.17793594306049823,0.0,0.0,0.0,0.0,0.0,0.0,FLAT
INDOMIM,1503,0.0,0.1784121320249777,0.0,0.0,0.0,0.0,0.0,0.0,FLAT
INDOMIM,1504,0.0,0.17889087656529518,0.0,0.0,0.0,0.0,0.0,0.0,FLAT
INDOMIM,1504,0.0,0.18281535648994515,0.0,0.0,0.0,0.0,0.0,0.0,FLAT
INDOMIM,1505,0.0,0.18691588785046728,0.0,0.0,0.0,0.0,0.0,0.0,FLAT
INDOMIM,1505,0.0,0.1885014137606032,0.0,0.0,0.0,0.0,0.0,0.0,FLAT
INDOMIM,1506,0.0,0.19011406844106463,0.0,0.0,0.0,0.0,0.0,0.0,FLAT
INDOMIM,1506,0.0,0.19193857965451055,0.0,0.0,0.0,0.0,0.0,0.0,FLAT
INDOMIM,1507,0.0,0.1937984496124031,0.0,0.0,0.0,0.0,0.0,0.0,FLAT
INDOMIM,1507,0.0,0.19436345966958213,0.0,0.0,0.0,0.0,0.0,0.0,FLAT
INDOMIM,1508,0.0,0.1949317738791423,0.0,0.0,0.0,0.0,0.0,0.0,FLAT
INDOMIM,1508,0.0,0.1984126984126984,0.0,0.0,0.0,0.0,0.0,0.0,FLAT
INDOMIM,1509,0.0,0.20202020202020202,0.0,0.0,0.0,0.0,0.0,0.0,FLAT
INDOMIM,1509,0.0,0.2070393374741201,0.0,0.0,0.0,0.0,0.0,0.0,FLAT
INDOMIM,1510,0.0,0.21231422505307856,0.0,0.0,0.0,0.0,0.0,0.0,FLAT
INDOMIM,1510,0.0,0.2127659574468085,0.0,0.0,0.0,0.0,0.0,0.0,FLAT
INDOMIM,1511,0.0,0.21321961620469082,0.0,0.0,0.0,0.0,0.0,0.0,FLAT
INDOMIM,1511,0.0,0.21413276231263384,0.0,0.0,0.0,0.0,0.0,0.0,FLAT
INDOMIM,1512,0.0,0.21505376344086022,0.0,0.0,0.0,0.0,0.0,0.0,FLAT
INDOMIM,1512,0.0,0.2222222222222222,0.0,0.0,0.0,0.0,0.0,0.0,FLAT
INDOMIM,1513,0.0,0.22988505747126436,0.0,0.0,0.0,0.0,0.0,0.0,FLAT
INDOMIM,1513,0.0,0.23014959723820483,0.0,0.0,0.0,0.0,0.0,0.0,FLAT
INDOMIM,1514,0.0,0.2304147465437788,0.0,0.0,0.0,0.0,0.0,0.0,FLAT
INDOMIM,1514,0.0,0.23781212841854935,0.0,0.0,0.0,0.0,0.0,0.0,FLAT
INDOMIM,1515,0.0,0.2457002457002457,0.0,0.0,0.0,0.0,0.0,0.0,FLAT
INDOMIM,1515,0.0,0.2557544757033248,0.0,0.0,0.0,0.0,0.0,0.0,FLAT
INDOMIM,1516,0.0,0.26666666666666666,0.0,0.0,0.0,0.0,0.0,0.0,FLAT
INDOMIM,1516,0.0,0.27137042062415195,0.0,0.0,0.0,0.0,0.0,0.0,FLAT
INDOMIM,1517,0.0,0.27624309392265195,0.0,0.0,0.0,0.0,0.0,0.0,FLAT
RAYMOND,0930,-0.958762886597929,1.1805527738834367,0.13093148162544488,0.8484812005488825,1.4868603042876969,0.32387312186978395,0.47915431732859337,1.3633669235328942,UP-LEG
RAYMOND,0930,-1.0,0.8944083157042493,0.12908896831873976,0.40625119342941496,-0.01486325802615708,0.2792046396023206,0.2873563218390782,1.5804597701149468,UP-LEG
RAYMOND,0931,0.25714285714288315,0.6896325817546541,0.1194145901024945,0.06723159417593558,-0.297029702970297,0.30054189245518975,0.17326732673267328,1.4257425742574348,UP-LEG
RAYMOND,0931,-1.0,0.9136004514672686,0.12148741853981873,-0.3908389469704194,-1.0615605932833903,0.27631578947368485,0.18850141376060095,2.0685549878466105,UP-LEG
RAYMOND,0932,1.0,0.8852420720668107,0.1305188348303632,-0.2554551043719018,-0.40429937875949334,0.32202052091554983,0.6360319495118869,1.6812937580120373,UP-LEG
RAYMOND,0932,-0.24999999999999212,1.0060658830358438,0.1269546910310943,-0.13938546999936074,0.08867868755542194,0.3228222309814747,0.35471475022169896,1.4829047196768221,UP-LEG
RAYMOND,0933,0.6513761467890115,1.6798407569813063,0.12522980124677785,-0.019560758107713218,0.6039181028133723,0.35531419705198014,0.5351794569646912,1.0850886237541186,UP-LEG
RAYMOND,0933,1.0,1.9457488288591545,0.12579033895109892,0.1967172828855829,0.8113788552715252,0.3658908813430006,0.4692311452172704,0.6549684735324351,UP-LEG
RAYMOND,0934,1.0,2.6808975268875908,0.12088843850789445,0.4827190456574055,0.819512195121949,0.381886792452832,0.2682926829268293,0.2048780487804789,drift
RAYMOND,0934,-0.4516129032257757,1.787197367390112,0.11496498551139293,0.32145518681155716,0.5911955831338318,0.3689719626168242,0.30292666243219907,0.4055308545463407,drift
RAYMOND,0935,0.32954545454544076,3.308682155017024,0.1108888057455775,0.6139984612389287,1.6374325834507468,0.39039364391477216,0.8551576696953457,0.04372965356397119,FLAT
RAYMOND,0935,0.2765957446808387,1.8275549012391117,0.09769406137311423,0.8012590310102116,2.1144519883608104,0.3557251908396964,0.45586808923375804,0.0048496605237589255,FLAT
RAYMOND,0936,1.0,1.2220083722273012,0.09542142899562361,0.9357352608219787,2.131782945736434,0.47697368421052844,0.3391472868217054,0.09689922480620156,FLAT
RAYMOND,0936,-0.36134453781510034,2.7367651222043974,0.08912031248622604,0.8802304297336064,1.9456199231480131,0.4173100365705021,0.5788219271365384,0.5009971302106001,UP-LEG
RAYMOND,0937,-0.9428571428571948,0.739787326180051,0.10242009469007572,0.6798025058542703,0.9958020111295454,0.416159155501423,0.34169676852484626,0.7517328907546662,UP-LEG
RAYMOND,0937,-0.7241379310345639,1.0077819154015086,0.09656592867054087,0.6177913679762105,0.9901956002146215,0.39273648648648846,0.2829130286327363,0.7609384908053222,UP-LEG
RAYMOND,0938,-0.13513513513524808,0.552615118125391,0.09543296237698963,0.4849722703282422,0.6342391569497865,0.40340425531914936,0.18051422159341723,1.0586915158315986,UP-LEG
RAYMOND,0938,0.1568627450980261,0.5927616243405717,0.09572256764871104,0.2742297461787873,0.44766678020533396,0.4028960817717215,0.49632621283637157,0.7250255462021358,UP-LEG
RAYMOND,0939,-0.026086956521754946,1.385170572102199,0.0937210308034806,-0.062051913113424,0.3887269193391642,0.3845478489903432,0.5587949465500486,0.5830903790087464,UP-LEG
RAYMOND,0939,-1.0,0.5515887621150779,0.10049415791181658,-0.032808298706299394,0.17071505219001917,0.3339033775117573,0.32679738562092836,1.0291678860599145,UP-LEG
RAYMOND,0940,-0.09999999999990905,0.4770678950530743,0.095225888251708,-0.1852765860500356,-0.2972709551656876,0.3252490255521872,0.1949317738791423,0.9064327485380074,UP-LEG
RAYMOND,0940,-0.10204081632643591,0.9933214042692609,0.09066966044803472,-0.27224987012778706,-0.5706481978246997,0.29118432769367875,0.23898941618300204,1.043749695166543,UP-LEG
RAYMOND,0941,-0.6923076923076564,1.1087522531544163,0.08894224837613178,-0.5581701289556268,-0.7418976962124081,0.235986811116346,0.5710659898477067,1.566770792659113,UP-LEG
RAYMOND,0941,0.3027522935779541,0.9714458529700849,0.09260795754440895,-0.37441952868799266,0.0826205287713753,0.2838147638697849,0.5297433903577027,1.1858475894245768,UP-LEG
RAYMOND,0942,0.7017543859649465,1.1328860404566392,0.08438598460878032,-0.1637983845551726,0.664306841875589,0.278521939953812,0.5527808757212864,1.5953062115114016,UP-LEG
RAYMOND,0942,-0.042253521126722676,0.5633710526979007,0.08605072107668794,-0.06318556632956152,0.47575125006069136,0.3050447901933057,0.3446769260643676,1.5583280741783536,UP-LEG
RAYMOND,0943,-0.6393442622949842,1.185810134187863,0.08157344708788555,-0.16073262848203615,0.44200505148632036,0.2838678793681201,0.2962891004468799,1.394015931610638,UP-LEG
RAYMOND,0943,-0.2558139534882344,0.581718289271403,0.0769317921889681,-0.19518950234301233,0.20395279949498726,0.30300096805421217,0.20880881853057748,1.1994367017918621,UP-LEG
RAYMOND,0944,-0.9322033898305712,0.567260364337545,0.08413823296520204,-0.27122139460511285,-0.18498685619706853,0.28803827751196087,0.287216434621755,1.445818323434927,UP-LEG
RAYMOND,0944,-0.7575757575757158,0.26228835300153924,0.08690631423465771,-0.21762872684648374,0.2335766423357753,0.28115942028985497,0.16058394160584827,1.6593673965936695,UP-LEG
RAYMOND,0945,0.22448979591834461,0.6806413116795517,0.08948817002381429,-0.18882973447227952,0.3399708596406022,0.31031175059952026,0.47595920349685195,1.3987372510927722,UP-LEG
RAYMOND,0945,0.6304347826086473,0.7364724660814046,0.09414390148694389,-0.11334343803624941,0.5722321904854143,0.23183760683760604,0.4461471315649228,1.1008195528829967,UP-LEG
RAYMOND,0946,-0.19607843137255251,2.695895812795102,0.09011851842949417,-0.0783045150358212,0.8325266214907947,0.21762785636561457,0.4937076476282584,1.2487899322362142,UP-LEG
RAYMOND,0946,0.8095238095237682,1.2558234992303745,0.08783251596380312,0.03600123516617689,0.4162230181008571,0.16734221192819834,0.40654341302875285,1.3309456974155456,UP-LEG
RAYMOND,0947,-0.7391304347826431,0.7670834846676698,0.08101736901433204,-0.18385544596645897,0.0823643410852625,0.1586206896551719,0.22286821705425913,1.065891472868217,UP-LEG
RAYMOND,0947,0.33333333333330983,1.741149307337096,0.07846719797759986,-0.08862310094488242,0.28077649223022355,0.2253436939629401,0.6244856465120827,1.0020816188217203,UP-LEG
RAYMOND,0948,0.8000000000000304,0.7020702537228247,0.0848785789178667,0.12490672248313096,0.6082842521965776,0.2774498229043682,0.2896591677126581,0.8882881143188226,UP-LEG
RAYMOND,0948,-0.6363636363635988,0.7681298217611067,0.07915790706767643,0.07364974085686804,0.5169082125603777,0.24532851115129575,0.10628019323672816,0.966183574879227,UP-LEG
RAYMOND,0949,-0.07142857142850183,0.5823005950756128,0.07922876616325471,0.15453436231848508,0.7632850241545981,0.2271604938271599,0.13526570048310058,1.1980676328502504,UP-LEG
RAYMOND,0949,0.019607843137324835,1.1007714817770684,0.06854436164641703,0.1919702819557831,0.7869453966108328,0.2266831377393462,0.2462221793076987,1.1393810650316183,UP-LEG
RAYMOND,0950,-0.35000000000002274,1.3088777045607844,0.06432844087661459,0.09631416280812434,0.56022408963585,0.3031496062992094,0.38636144112817544,1.7386264850767896,UP-LEG
RAYMOND,0950,-0.36842105263165453,1.1006670087224217,0.06326195720279085,-0.04777945096938754,0.46338755611333254,0.36135593220338574,0.275136361442285,1.5494521407539878,UP-LEG
RAYMOND,0951,0.7090909090908981,3.3091794793728115,0.06551550410842885,0.40916949200042163,0.7160363304339512,0.39264990328819854,0.7929261377288672,0.7496756211254701,UP-LEG
RAYMOND,0951,0.2444444444445253,0.9898767267228786,0.05675052170373488,0.29483709047651885,0.7588856868395861,0.4345825115055842,0.21613832853025938,0.5859750240153611,UP-LEG
RAYMOND,0952,1.0,1.697873851930786,0.06451335813149794,0.6355281110722744,1.4891179839633362,0.4379084967320214,0.6777395952653599,-0.39137075219548584,drift
RAYMOND,0952,-0.35714285714283395,1.4824970387358551,0.06273694344169546,0.45724865647677526,1.2571701720841388,0.4023285899094413,0.26768642447420476,-0.4015296367112854,drift
RAYMOND,0953,-0.058823529411764705,1.1731924694572402,0.06632121690680168,0.37469803617058045,0.7712574850299357,0.3337713534822578,0.407185628742515,-0.052694610778438754,FLAT
RAYMOND,0953,-1.0,1.671970684439635,0.06621204916428068,0.17404791154501995,0.6717850287907869,0.2600682593856633,0.41266794625719333,0.30710172744722125,drift
RAYMOND,0954,0.25925925925927173,0.9754155818145404,0.060090505749783724,0.24288467260340826,0.6670185709487063,0.23789473684210438,0.2591295167714425,0.1343634531407326,FLAT
RAYMOND,0954,1.0,1.1163030914143774,0.06215588222472144,0.4343841796469682,0.8520415489923762,0.2936288088642634,0.3685797711933282,-0.22497726293618392,drift
RAYMOND,0955,-0.12820512820500862,0.3959543360704987,0.06016310070617995,0.526849121962818,0.8238337005460424,0.22114668652271133,0.18679950186799937,0.3400708880160891,drift
RAYMOND,0955,-0.2340425531913823,0.31850601073615764,0.06095166579933515,0.5979487369022534,0.6283576362241157,0.17091454272863635,0.22544128933230131,0.35015349194165996,drift
RAYMOND,0956,0.6200000000000727,0.9879230730197391,0.06842945541400772,0.2866399759072796,0.5210823214456493,0.2008670520231219,0.47805717563820627,-0.14819772444786133,FLAT
RAYMOND,0956,0.5384615384615026,0.6423394916811269,0.07205516558743835,0.3174206756135428,0.5588193150881129,0.28593040847200946,0.1862731050293782,-0.2626928404260401,drift
RAYMOND,0957,-1.0,0.6289718186951389,0.07835809939866345,-0.14131004505785583,-0.4410354745925128,0.28205128205128294,0.34995206136146606,0.0,FLAT
RAYMOND,0957,-0.749999999999929,0.43106546854942235,0.08162060646982378,-0.1012086859663498,-0.26840490797545574,0.27604562737642724,0.15337423312882562,-0.11503067484663011,FLAT
RAYMOND,0958,0.40740740740745107,0.6820072936463095,0.07898961312385346,-0.030934581978000673,0.11005837879223762,0.29814126394052315,0.25839793281654183,-0.2966791080486301,drift
RAYMOND,0958,-0.1111111111111111,0.8875480260952529,0.07709666317568532,0.2964638390546373,0.28708133971291866,0.2699149265274568,0.21531100478468898,-0.21531100478468898,drift
RAYMOND,0959,0.577464788732416,1.4562638039960965,0.0792047861891896,0.3962174987994432,0.5203360702692424,0.28048780487805053,0.3389345044873192,-0.4869199923620523,drift
RAYMOND,0959,0.18518518518519766,0.7517083107707383,0.0789842638422288,0.2042487111353912,0.2768628574156371,0.3619433198380602,0.128884433624508,-0.5107642369564309,DOWN-LEG
RAYMOND,1000,0.4933333333333091,4.247367610046741,0.0803617107737976,0.5667713581549455,0.8924333048514064,0.4092953523238399,0.7120478496154942,-0.9731320611411755,DOWN-LEG
RAYMOND,1000,-0.009708737864024519,1.723183568677792,0.0800182214798129,0.5795064636799497,0.9031276737332444,0.3977695167286272,0.48959026523434646,-0.655955889343102,DOWN-LEG
RAYMOND,1001,-1.0,1.8581181664185618,0.08293162790444573,0.13158268508490242,0.22418316241353772,0.33998574483250227,0.4483663248270971,-0.5008347245409015,DOWN-LEG
RAYMOND,1001,-1.0,1.4438093293865468,0.08257049728991367,-0.16648978532449643,0.023875465571578647,0.2735426008968609,0.27695540063032104,-0.4870594976601957,drift
RAYMOND,1002,-0.5399999999999636,2.1857715532551887,0.07518137312713365,-0.2542180869629222,0.04791566842357451,0.18121790168745378,0.4791566842357451,-0.3162434115955874,drift
RAYMOND,1002,-0.6969696969696928,1.0422641699639608,0.07674770380036199,-0.3118464552797673,-0.1343827990017365,0.1726147123088124,0.31675945478978257,0.00479938567862877,FLAT
RAYMOND,1003,0.17241379310359967,0.5923275993301872,0.07693543250929036,-0.34802908965937635,-0.16296012269939086,0.1985611510791367,0.13899539877301048,-0.30674846625767305,drift
RAYMOND,1003,0.7543859649123367,0.8846585689496784,0.08025904532308344,-0.22077040705933448,0.019135093761963786,0.21824561403508777,0.2726750861079132,-0.31094527363184077,drift
RAYMOND,1004,-1.0,0.6015604948411273,0.085497352588996,-0.4448771144770576,-0.3881727128959776,0.23033309709426028,0.2923275986006788,-0.3114966214597211,drift
RAYMOND,1004,-0.1794871794871496,0.7454685494223363,0.08393727230908277,-0.4885456215037243,-0.5037420840529648,0.20617110799439198,0.18710420264822664,-0.20629437727884195,drift
RAYMOND,1005,0.758064516129034,0.974420874210283,0.0916086625914738,-0.6846464153898454,-0.5584992123728969,0.24077800134138386,0.5919136951644514,-0.5871401976228069,DOWN-LEG
RAYMOND,1005,-0.9487179487179965,0.3174234805703824,0.09141886527034108,-0.7320076084795095,-0.5592466899287928,0.20161290322580744,0.1864155633095976,-0.4827685101094551,drift
RAYMOND,1006,-0.7454545454546117,0.38224937862468933,0.09002077453502982,-0.4945927413419788,-0.3734380236510836,0.15306810519217753,0.2633216833437066,-0.4165270263800363,drift
RAYMOND,1006,-0.9428571428571948,0.2679797848905015,0.09001973247197993,-0.3177210530231906,-0.287328799923379,0.14804845222072732,0.1676084666219711,-0.3447945599080461,drift
RAYMOND,1007,-1.0,0.35282519586986977,0.08498306204494657,-0.18429492095289832,-0.047938638542665384,0.14804845222072732,0.24448705656758912,-0.062320230105473724,FLAT
RAYMOND,1007,-1.0,0.6470557473067671,0.08598285154884926,-0.16706514105061596,0.019193857965455422,0.12290127602417882,0.16314779270633833,-0.09117082533589688,FLAT
RAYMOND,1008,0.10638297872340838,1.2909770144762103,0.08047424535523015,-0.16460761905382879,-0.1343827990017365,0.08495821727019404,0.22557112689574862,-0.02879631407179445,FLAT
RAYMOND,1008,-0.19047619047624204,0.42725656312101246,0.08404097483350975,-0.2921135145920739,-0.23495564612803121,0.1075641915336576,0.20139055382401427,-0.18221050107888667,FLAT
RAYMOND,1009,-0.40000000000009095,0.34320805439881924,0.08398226946029333,-0.21352075164338077,-0.10073875083948522,0.10068965517241348,0.09594166746618056,-0.11992708433272571,FLAT
RAYMOND,1009,-1.0,0.23739540871057713,0.08647020610341513,-0.2270484562107635,-0.009596008060659864,0.08952116585704153,0.1295461088187445,-0.1151520967277438,FLAT
RAYMOND,1010,0.6821192052979993,3.5573243371461705,0.07783350516811235,0.03675221867276934,-0.4218397967499249,0.10667584308327652,0.72383874215042,-0.13422175351132387,FLAT
RAYMOND,1010,0.1111111111111111,0.9657798755631839,0.08255382073353881,0.09914998391353683,-0.10047846889951718,0.12356515867657157,0.21531100478468898,-0.2966507177033406,drift
RAYMOND,1011,-1.0,0.3251078233335153,0.08529911244684295,0.10384390814099903,-0.12943432406518782,0.035689293212035955,0.26845637583892185,-0.10067114093959295,FLAT
RAYMOND,1011,-1.0,0.23235966192219806,0.09136742596074092,0.10958309111325687,-0.20153550863722733,0.013908205841446523,0.14395393474088292,0.08637236084453849,FLAT
RAYMOND,1012,-1.0,0.4560701988226147,0.09659066890294432,0.10303516261399753,-0.2691790040376807,0.11028315946348582,0.2403383964622188,0.17304364545279316,FLAT
RAYMOND,1012,0.5102040816325508,0.44872665534804757,0.10100800495441879,0.2560435822755969,-0.01439746604598464,0.06180193596426081,0.23515861208427755,-0.08158564092718809,FLAT
RAYMOND,1013,-1.0,0.2788738894657898,0.10532750972684708,0.18554701939266527,-0.17307692307691872,0.056179775280899256,0.20673076923077796,0.18750000000000439,FLAT
RAYMOND,1013,1.0,0.4951249062481971,0.10881465972048106,0.29552348600456435,-0.07677911608042176,0.0007468259895437615,0.18714909544604302,0.23993473775133162,drift
RAYMOND,1014,-1.0,0.17032079390722363,0.11275465403212682,0.29364269823753864,-0.2115181232573835,0.02690909090909298,0.16344582251707004,0.3557350254783238,drift
RAYMOND,1014,-0.8888888888890012,0.4722945978808407,0.11132898795365666,0.2764792844376117,-0.19710590836978553,0.06797583081571015,0.08653430123552627,0.6153550310081334,UP-LEG
RAYMOND,1015,0.2999999999999545,1.1935725825063466,0.09457305875954679,-0.1261281974460805,-0.16805915682320177,0.038922155688624824,0.1920676077979449,0.39373859598580013,drift
RAYMOND,1015,-0.7931034482757431,0.2170690753285855,0.09109439683423146,-0.17530431551800738,-0.38424591738712777,0.021341463414635563,0.13928914505283818,0.48030739673390976,drift
RAYMOND,1016,-0.4838709677418787,0.47187681580476465,0.08800197640145707,-0.15830352634768166,-0.2884615384615385,0.0935023771790824,0.14903846153847902,0.4038461538461582,drift
RAYMOND,1016,0.48717948717949916,2.415783683631521,0.07713301621086864,0.08871879831512208,-0.14416146083613646,0.10135674381484278,0.1874098990869818,0.29793368572800666,drift
RAYMOND,1017,0.289473684210446,0.8023242300987797,0.0777727918454581,0.21329232618386482,0.2062646903631087,0.010717230008245506,0.3645608480836528,0.177483570777583,FLAT
RAYMOND,1017,-0.9200000000000728,0.1554772376430839,0.08162317264889431,0.14938339577117501,-0.07684549253157433,0.03481781376518366,0.12007108208059172,0.3698189328082356,drift
RAYMOND,1018,0.0,0.24995619926414764,0.08929498556447343,0.2012134644945377,0.14402304368698993,0.05619834710743952,0.09601536245799328,0.2400384061449832,drift
RAYMOND,1018,-0.35294117647065903,0.25110809053838423,0.08955278798197791,0.09755810600507454,-0.10568285535861426,0.06797706797706926,0.16332804919056979,0.2257770091752065,drift
RAYMOND,1019,0.8714859437751058,4.685861122466857,0.06819059957167513,0.745552986277188,0.09125402238125407,0.10790144435004455,1.195907977522676,0.24014216416118345,drift
RAYMOND,1019,-0.476190476190337,1.3475082282352255,0.06428665206118302,0.6983241268642121,0.08166010183496361,0.11111111111111026,0.20174848688636143,0.26419444711307516,drift
RAYMOND,1020,0.650000000000091,0.3322431816854523,0.07793051831665294,0.7367552357289519,0.03360053760861483,0.21634168987929125,0.19200307204915276,0.2736043776700339,drift
RAYMOND,1020,1.0,0.11205011524141599,0.07651094651485582,0.7809452386754974,0.08638065073424425,0.18975332068311096,0.08638065073424425,0.20155485171320747,drift
RAYMOND,1021,0.9230769230769903,0.3845325677373049,0.06922440231058276,0.945104644847501,0.18714909544604302,0.12830957230142437,0.12476606363068807,0.19674648495608757,FLAT
RAYMOND,1021,0.8974358974359931,0.3995381062355658,0.06842213154830615,0.844129125396827,0.230127529005666,0.08588957055214336,0.18697861731710091,0.18218429379613227,FLAT
RAYMOND,1022,-0.3333333333333333,0.4471554759404534,0.06537902921470264,0.8205507047399614,-0.03358925143953062,0.03246753246753228,0.14395393474088292,0.13915547024952452,FLAT
RAYMOND,1022,-1.0,0.3852490178684577,0.06345544600238401,0.7975266704325393,-0.0048030739673347285,0.017582417582416496,0.09606147934678194,0.09606147934678194,FLAT
RAYMOND,1023,1.0,0.19095934959349595,0.06057469645426282,0.830515441103301,0.043188252795244055,0.027746947835737956,0.09117520034551038,-0.02879216853015543,FLAT
RAYMOND,1023,0.9436619718310364,0.4287164707038286,0.06308491026465356,0.9420122662174586,0.3446790176648127,0.016465422612513655,0.33989180908611755,-0.2154243860404998,drift
RAYMOND,1024,0.24999999999995262,0.20273123103311783,0.05856213381934613,0.09879320472602679,0.26346043303314814,0.01014656144306751,0.11496455259628717,-0.10538417321325055,FLAT
RAYMOND,1024,0.5000000000000494,1.2767169947270167,0.06533991806188529,0.3537364294325296,0.5303645659133216,0.09269356597600799,0.43958144201824345,-0.3679105547326806,drift
RAYMOND,1025,-0.599999999999909,0.2972687689668822,0.06875179444100528,0.28474862729232564,0.3587143677061411,0.04921968787514859,0.19131432944327528,-0.1960971876793746,FLAT
RAYMOND,1025,0.900000000000091,0.3629684055841293,0.06941915328188883,0.3242170646970447,0.3919694072657656,0.001223990208077218,0.09560229445506692,-0.36328871892924997,drift
RAYMOND,1026,-1.0,0.6194534632034632,0.07212458025607456,0.12817811753001065,0.21547596245929898,0.0036630036630003276,0.1867458341313968,-0.20111089829535878,drift
RAYMOND,1026,-0.20000000000012128,0.5752043596730245,0.08336833162196354,0.0318295916379979,0.06707550785739921,0.01210653753026629,0.2155998466845535,-0.16289766193942298,FLAT
RAYMOND,1027,1.0,0.2819703622392975,0.08152204298008417,0.11678950453864811,0.21068760773798556,0.02941176470588317,0.14365064163953264,0.3064547021643407,drift
RAYMOND,1027,0.7272727272729528,0.23723104420155358,0.07850460747965636,0.2358530245172452,0.373241458512785,0.07160493827160638,0.10527323188821026,0.19140587616039811,FLAT
RAYMOND,1028,-1.0,0.1802589888414382,0.08115762300197409,0.16139581436505618,0.19636015325670061,0.05339805825242764,0.1005747126436738,0.21072796934866336,drift
RAYMOND,1028,-0.9285714285714866,0.16598169573476085,0.08255274500585773,0.048516805692763725,-0.11982361963190184,0.010962241169306722,0.13420245398771696,0.3450920245398686,drift
RAYMOND,1029,0.6799999999999272,0.2521299438941608,0.1312289660232363,0.07139080166149889,-0.02395668631114944,0.030525030525030323,0.11978343155574721,0.2251928513248178,drift
RAYMOND,1029,-0.03225806451610064,0.289543477492132,0.15275668840414047,-0.06173948817942044,-0.26828917740621416,0.03794369645043251,0.14851722320700947,0.21079863939058285,drift
RAYMOND,1030,0.5,0.3845542551654385,0.15407615217440002,0.01306065447537091,-0.0861656294878019,0.03558282208589049,0.19147917663954045,0.11967448539971279,FLAT
RAYMOND,1030,-0.4285714285713358,0.2783363471971067,0.15354081097227829,-0.09124281109433484,-0.19157088122605362,0.025445292620865024,0.13409961685824626,0.09578544061302681,FLAT
RAYMOND,1031,-0.7391304347824712,0.13289397450753188,0.1594737857473834,0.033830023498722266,-0.01915708812260972,0.0268096514745307,0.11015325670498954,0.1005747126436738,FLAT
RAYMOND,1031,1.0,0.10966610652443926,0.16575202642335543,0.08662104053550387,0.11485451761103038,0.07547169811320605,0.07656967840734634,-0.019142419601842025,FLAT
RAYMOND,1032,-0.48571428571423375,0.15546218487394958,0.1784796087522073,0.0023243070994138485,-0.07187694666730557,0.08867667121418804,0.16771287555704634,0.14375389333461114,FLAT
RAYMOND,1032,-1.0,0.2594383142045245,0.18754533259496267,-0.09990861888072101,-0.27831094049904903,0.004115226337451024,0.14395393474088292,0.16314779270633833,FLAT
RAYMOND,1033,-0.37931034482754294,0.33981228290591975,0.17864371295363662,-0.08622571758150119,-0.22560360965774579,0.04721030042918678,0.13920222723564013,0.1632026112417624,FLAT
RAYMOND,1033,0.04761904761900637,0.06400835540303629,0.16960269845029227,-0.048952557912443295,-0.09595087315294569,0.007451564828613968,0.1007484168105886,0.2734599884858865,drift
RAYMOND,1034,0.13333333333351524,0.35110709444193405,0.16528562745589367,-0.08290201002830437,-0.08151913302003538,0.08074534161491095,0.14385729356478374,0.22058118346599737,drift
RAYMOND,1034,0.3333333333330446,0.15275041672980755,0.17107028542721808,-0.07048955440575075,-0.1007097640514274,0.0790697674418585,0.10070976405140558,0.18703241895262282,FLAT
RAYMOND,1035,0.555555555555331,0.4295624332977588,0.1650299802624916,-0.06266580108935976,-0.11022188143960233,0.06456692913385638,0.12939090429866645,0.15814443858725175,FLAT
RAYMOND,1035,-1.0,0.04882521489971347,0.18277388310292184,-0.04410097363403351,-0.17271157167529788,0.03680981595092148,0.1151410477835392,0.2686624448282436,drift
RAYMOND,1036,-0.8000000000001819,0.1380102626943402,0.17855088854312076,-0.046276312126890304,-0.18232415315229739,0.06624605678233095,0.09596008060646771,0.13434411284906353,FLAT
RAYMOND,1036,-1.0,0.17483565909353016,0.19034611354640718,-0.13048972424330002,-0.27833765236585695,0.04458598726114926,0.09117957577500893,0.16316345138687188,FLAT
RAYMOND,1037,0.39743589743591723,4.299762579459294,0.14406866104238458,0.33080855975170714,0.3771243078098191,0.14407988587732257,0.744701164788997,-0.5155623448539326,DOWN-LEG
RAYMOND,1037,-0.45762711864395283,0.5484949832775919,0.13787101081933223,0.3343288209783346,0.4680485242143558,0.17080291970803205,0.28178431559843775,-0.4489445028178474,drift
RAYMOND,1038,-1.0,0.4391015745600494,0.13272119431633475,0.25171959227475865,0.43490728350219404,0.13623188405797143,0.15293442936340174,-0.4779200917606576,drift
RAYMOND,1038,0.9534883720930626,0.5336876660934813,0.12643011588337777,0.36409938378405393,0.4394344669468771,0.17271407837445682,0.20538784868168358,-0.5015284677111196,DOWN-LEG
RAYMOND,1039,-0.26086956521725807,0.5058581380620646,0.12782836391409166,0.4682040108470015,0.3059565924084564,0.1379800853485108,0.21990630079357054,-0.33942059470314384,drift
RAYMOND,1039,0.8888888888884959,0.11666270124514236,0.13014015718712882,0.5184386056639587,0.3107520198881293,0.14122681883023658,0.08605440550749065,-0.27728641774631774,drift
RAYMOND,1040,0.5,0.32520260607023677,0.12560428678860816,0.4934799702637129,0.229500358594319,0.11918604651162495,0.09562514941429597,-0.301219220655041,drift
RAYMOND,1040,-1.0,0.11482831844224528,0.13009850434739953,0.47227047364753316,0.26794258373205304,0.08882521489971063,0.09569377990430622,-0.2822966507177077,drift
RAYMOND,1041,-0.8666666666667879,0.18976804332013256,0.12994251623482078,0.4683340485167164,0.2822831443471648,0.08882521489971063,0.07176690110521028,-0.18659394287355108,FLAT
RAYMOND,1041,-0.028571428571532515,0.31681962153821164,0.12470706516381473,0.5562106410192933,0.25847214244685224,0.04941860465115737,0.16752824047482293,-0.14359563469270534,FLAT
RAYMOND,1042,1.0,0.11833836611442096,0.11757268123534653,-0.0899490611621018,-0.2344609789942146,0.08714918759232004,0.09091344083449404,-0.14833245609837356,FLAT
RAYMOND,1042,-1.0,0.2629511416646207,0.11628053930458328,-0.09035587614664756,-0.30660151384497897,0.07917888563049955,0.12455686499951658,0.02874389192296201,FLAT
RAYMOND,1043,-0.6000000000003638,0.15691423881821912,0.118881106929238,0.05524365511254307,-0.2731585757416147,0.04179104477611505,0.07188383572147411,-0.014376767144281747,FLAT
RAYMOND,1043,1.0,0.26681503461918893,0.125556294174784,-0.051869338294951974,-0.16745610257882398,0.018348623853208075,0.16267164250514765,-0.10525812162096639,FLAT
RAYMOND,1044,-1.0,0.13891878466760493,0.1250783007966313,-0.05184455756080562,-0.0861244019138843,0.03738317757009472,0.08133971291865158,-0.19138755980861244,FLAT
RAYMOND,1044,-0.8974358974359931,0.2392638036809816,0.12700105376715978,-0.19010317823399525,-0.12445550715618732,0.06354515050167509,0.18668326073429184,-0.205830261835227,drift
RAYMOND,1045,1.0,0.047956310265381004,0.13009607039672857,-0.2466030159524472,-0.07177033492822966,0.01365187713310882,0.0861244019138843,0.023923444976076555,FLAT
RAYMOND,1045,0.3999999999996362,0.05112859097127223,0.12054753122025791,-0.195124643629497,0.0,0.034843205574912564,0.04784688995215311,-0.09569377990430622,FLAT
RAYMOND,1046,-0.5454545454545549,0.1990919215283132,0.1316152241741347,-0.17979226491408418,-0.14853857211307664,0.024647887323944986,0.2108289410637322,-0.023957834211787255,FLAT
RAYMOND,1046,0.5999999999997575,0.12432153011113983,0.1317306401431928,-0.14177820952168693,-0.09582215408202377,0.0,0.07186661556151783,-0.023955538520505942,FLAT
RAYMOND,1047,-0.9130434782609383,0.3250151633307339,0.18286721117032664,-0.34122607362128676,-0.28310940499040743,0.07612456747405037,0.11036468330133048,0.09596928982725528,FLAT
RAYMOND,1047,-0.4444444444443602,0.13324068444367237,0.19588893163780863,-0.24269280578997154,-0.14392630972941853,0.09507042253521332,0.08635578583763803,0.043177892918829924,FLAT
RAYMOND,1048,-1.0,0.31493252067914673,0.20865158971305617,-0.34160441511467393,-0.20649250864385932,0.0982456140350869,0.15366884364194286,0.07683442182097143,FLAT
RAYMOND,1048,-0.5714285714286642,0.449797447401664,0.2107334766462695,-0.5912728749540853,-0.3360376362152561,0.05882352941176852,0.13441505448611119,0.07680860256348275,FLAT
RAYMOND,1049,1.0,0.3554741980474198,0.21851602465209094,-0.35094834063232117,-0.254233223005717,0.042105263157896665,0.08634335875664256,-0.17268671751330691,FLAT
RAYMOND,1049,0.6216216216217013,0.11896794646002114,0.22947332307271404,-0.21329827680009597,-0.15341099765088537,0.024137931034484517,0.17738146603383756,-0.09588187353180881,FLAT
RAYMOND,1050,0.028571428571272657,0.4627224199288256,0.2291986890053268,-0.23565433321098703,-0.23019374640323148,0.06666666666666986,0.16784960675234992,-0.02877421830039848,FLAT
RAYMOND,1050,-1.0,0.0749364378429011,0.22814119881521921,-0.2820596115073783,-0.2830958207379728,0.06830122591944128,0.10076291924571322,-0.004798234249791712,FLAT
RAYMOND,1051,0.6296296296296047,0.05617675999642186,0.25553280518737814,-0.21570821577493754,-0.03834723420574163,0.03040540540540857,0.12942191544433987,-0.04314063848143209,FLAT
RAYMOND,1051,-0.4358974358974957,0.41393809268205406,0.24322002857323755,-0.33381513003013513,-0.047934042757166145,0.05902777777777945,0.18694276675295232,-0.009586808551424509,FLAT
RAYMOND,1052,-1.0,0.23530464346425695,0.23669267710145936,-0.29601723529587737,0.1341767299214195,0.0018018018018001482,0.0814644431665621,-0.0095840521372567,FLAT
RAYMOND,1052,0.2173913043478089,0.09819908610339576,0.23421143593536478,-0.26749402279233897,0.1724137931034439,0.07434944237918191,0.11015325670498954,-0.19157088122605362,FLAT
RAYMOND,1053,-0.8518518518516647,0.091161956034096,0.24750993062043017,-0.15307649685800923,0.19171779141104295,0.056672760511881054,0.12940950920246705,-0.04313650306748902,FLAT
RAYMOND,1053,0.2727272727274606,0.10609325569666682,0.23898236170286136,-0.014267308936697575,0.2298960678193487,0.06352087114337526,0.10536903108385545,-0.22510656640645013,drift
RAYMOND,1054,-1.0,0.06412900806300394,0.26335908019780496,-0.21587679788022265,0.062320230105473724,0.010714285714284004,0.09587727708533077,-0.14381591562799617,FLAT
RAYMOND,1054,-1.0,0.17902715149189294,0.2724869730152769,-0.32631442319468057,-0.05276285495011075,0.00701754385964274,0.12471220260935863,-0.19186492709132769,FLAT
RAYMOND,1055,-0.24999999999995262,0.9948919449901769,0.26670620982577764,-0.44115228938994205,0.2535278641473419,0.062091503267977015,0.1148050705572873,-0.46878737144224736,drift
RAYMOND,1055,-1.0,0.21242859956667323,0.2808409338594259,-0.488759622507527,0.18678160919540665,0.058631921824102665,0.13888888888889325,-0.23946360153256704,drift
RAYMOND,1056,-1.0,0.11532385466034756,0.2735644829089797,-0.5550768842186029,0.014378145219275433,0.03668261562998706,0.11023244668105353,-0.22046489336208525,drift
RAYMOND,1056,-0.2857142857143321,0.21866096866096865,0.27004314732573975,-0.5055268685225628,0.023961278573824702,0.04639999999999418,0.06709158000671353,-0.18689797287581522,FLAT
RAYMOND,1057,-1.0,0.21148194794290512,0.2562752673957907,-0.6104407175468666,-0.03835091083414103,0.16858237547893126,0.09587727708533077,-0.2013422818791859,drift
RAYMOND,1057,-1.0,0.33661564807877553,0.2513575452132238,-0.7937188614503246,-0.12947777298229596,0.1637764932562632,0.12947777298229596,-0.16784155756965422,FLAT
RAYMOND,1058,-0.3846153846153308,0.49213802140205287,0.24128060919688166,-0.8877899546729543,-0.1151631477927107,0.16216216216216478,0.12476007677544931,-0.1151631477927107,FLAT
RAYMOND,1058,-0.7894736842107278,0.27005376934050257,0.25359881383798294,-1.0869661626209262,-0.1534993044562898,0.17348927875243933,0.09114021202091865,-0.1487024511920137,FLAT
RAYMOND,1059,-0.9166666666667377,1.4055470626774405,0.2330504964330168,-1.5279571326940529,-0.23545240497814093,0.2015065913371053,0.2306472538561207,0.13454423141608676,FLAT
RAYMOND,1059,0.4222222222223435,0.3013277735103698,0.2400756473640631,-1.3710806931888189,-0.043188252795244055,0.13978494623655494,0.21594126397619845,-0.03359086328519952,FLAT
RAYMOND,1100,0.5,0.12792236435818263,0.25650595139483073,-1.230477212421949,-0.28302791902523705,0.12255772646536633,0.09594166746618056,-0.11513000095942105,FLAT
RAYMOND,1100,-0.12500000000017764,0.19930921238887944,0.2485708587969676,-1.1448089440097973,-0.19193857965451055,0.10830324909747363,0.07677543186179986,0.0,FLAT
RAYMOND,1101,0.3636363636364764,0.7490981031071803,0.22079457815198636,-0.9486278366665649,-0.057545676881015584,0.08480565371024266,0.1055004076152025,-0.15825061142282557,FLAT
RAYMOND,1101,1.0,0.19248908296943232,0.23659239599430615,-0.8079729265264944,-0.03355704697985705,0.05673758865247941,0.057526366251189745,-0.139022051773734,FLAT
RAYMOND,1102,-0.5384615384615923,0.2178979258914006,0.2394908081627159,-0.7586025804711645,0.028754912297513133,0.05861456483126509,0.12460461995590479,-0.25879421067766184,drift
RAYMOND,1102,-0.7333333333332727,0.22448020674262892,0.24709004323992612,-0.6814786350244747,-0.06238003838772466,0.0602836879432649,0.14395393474088292,-0.09596928982725528,FLAT
RAYMOND,1103,1.0,0.04405495026054003,0.24888223842693505,-0.5715965713875787,0.07192519779429393,0.0209790209790182,0.07192519779429393,-0.09110525053944334,FLAT
RAYMOND,1103,-0.636363636363937,0.42615357206484944,0.24548872463663737,-0.5984952658681219,-0.07200460829493088,0.12299465240642092,0.05280337941627829,-0.05760368663593597,FLAT
RAYMOND,1104,-1.0,0.19154258487194759,0.2296033701246121,-0.023410758935690782,0.09121459433509799,0.12455516014235117,0.04320691310610134,0.110417666826701,FLAT
RAYMOND,1104,-1.0,0.42138857108448247,0.2311917487615539,-0.28278055406820995,-0.14898116109188336,0.1443478260869552,0.10572856593616964,0.17781622452901852,FLAT
RAYMOND,1105,-0.6153846153846692,0.5326351680467608,0.20925133421727932,-0.4517492722574609,-0.18743692026722214,0.1640211640211704,0.12495794684482935,0.12976402172347157,FLAT
RAYMOND,1105,0.529411764705788,0.4633133927481382,0.2023422357096913,-0.32332646575778945,-0.04800768122899664,0.118644067796612,0.16322611617859292,-0.028804608737393617,FLAT
RAYMOND,1106,-0.5555555555554994,0.06303549571603427,0.20140666438263757,-0.4682839417751588,-0.16331235890292958,0.08931698774080557,0.08645948412508679,0.014409914020833236,FLAT
RAYMOND,1106,0.0666666666669092,0.09787468610277454,0.21136237513844802,-0.560068381868539,-0.1536393316688985,0.0761245674740431,0.07201843671980027,0.0,FLAT
RAYMOND,1107,0.0,0.24862081647664583,0.2136870127739672,-0.5301191385698676,-0.23056969929867072,0.039568345323738124,0.09607070804111825,0.08646363723699332,FLAT
RAYMOND,1107,1.0,0.0745791866322644,0.2172158287857344,-0.41650873412900946,-0.10567777884522135,0.04710144927536122,0.06724949562878715,0.0384282832164342,FLAT
RAYMOND,1108,0.35714285714283395,2.052592865023906,0.17222058419703806,-0.09454992721475859,-0.18735588009224113,0.014981273408243208,0.13451191391238385,0.09607993850883936,FLAT
RAYMOND,1108,-0.5483870967742976,0.5842241061555473,0.16222149060750676,-0.11291939481929253,-0.07686395080706711,0.028462998102466892,0.14892390468869665,0.110491929285174,FLAT
RAYMOND,1109,1.0,0.1345893362886344,0.18317385515664109,0.037905676367258764,0.043188252795244055,0.014981273408234566,0.105571284610599,0.038389558040199966,FLAT
RAYMOND,1109,0.1578947368419541,0.9425060211202372,0.15443556535224726,0.30741470133643783,0.11520737327187194,0.05103969754253815,0.09120583717358348,0.0,FLAT
RAYMOND,1110,-0.6000000000000606,0.20502973240832506,0.15545545981112138,0.39997149296681866,0.07203918931898953,0.056390977443609214,0.14407837863797907,0.019210450485068243,FLAT
RAYMOND,1110,1.0,0.10061871133054184,0.1664730706767285,0.33192114878980145,0.04798464491362764,0.0018552875695715934,0.09596928982725528,-0.019193857965455422,FLAT
RAYMOND,1111,-1.0,0.16622524908563502,0.18609363424124584,0.26990578924871594,0.0048030739673347285,0.07806691449813762,0.09606147934678194,0.009606147934669457,FLAT
RAYMOND,1111,0.6,0.11365788975184694,0.19164966236086328,0.3034051114298441,0.014401612980640736,0.05646630236793996,0.12001344150544861,0.3648408621765594,drift
RAYMOND,1112,-0.280000000000291,0.05918057663125948,0.20694246731667215,0.30687135055037684,-0.028829521429961744,0.0996441281138858,0.1201230059581011,0.40841822025754376,drift
RAYMOND,1112,0.07692307692318455,0.09659379766141332,0.196034574334529,0.275107142190069,0.009606147934669457,0.10752688172042976,0.12487992315081216,0.3410182516810715,drift
RAYMOND,1113,1.0,0.44519672968829843,0.1867404641954321,0.12217110645403002,0.0959877135726627,0.05017921146953715,0.1535803417162516,0.18717604146669664,FLAT
RAYMOND,1113,-1.0,0.40390710912736916,0.1825950711094902,0.08918083532160441,0.019212295869360758,0.1055456171735256,0.09606147934678194,0.44188280499518817,drift
RAYMOND,1114,1.0,0.4949547896736994,0.20014632805123828,0.22707176639172716,0.06713662302786606,0.012216404886558742,0.15825061142282557,0.2253872344506698,drift
RAYMOND,1114,0.0,0.5220808632518484,0.18803483087641332,0.16766198385738665,0.062365075557696416,0.005272407732867821,0.086351643079884,0.4269609018949432,drift
RAYMOND,1115,-0.8888888888889731,0.13424546193443512,0.20689776209719676,0.17768771881342788,0.0575981568589936,0.13575525812619163,0.08639723528845766,0.41278679082268926,drift
RAYMOND,1115,-0.8095238095235827,0.06660752064423668,0.20797635941131837,0.1141121254833564,-0.07683442182097143,0.11023622047243778,0.10084517864004819,0.5330388013830153,UP-LEG
RAYMOND,1116,-1.0,0.0679411360198047,0.2003123356618186,0.16236193507404634,0.009605225242523203,0.08686868686868894,0.07684180194027297,0.5426952262030632,UP-LEG
RAYMOND,1116,0.25000000000007105,0.1702274293590627,0.19620079122232573,0.1497837754001946,-0.014403687343946951,0.07815631262524093,0.07681966583444926,0.40810447474553485,drift
RAYMOND,1117,0.8461538461537564,0.3489432242022379,0.19278166418886225,0.27966138232209464,0.11518525628719961,0.04800000000000051,0.18717604146669664,0.2687655980034512,drift
RAYMOND,1117,-0.6666666666669193,0.06053016071801294,0.20185105404284362,0.2707569882948073,0.028810141169687366,0.053677932405570374,0.05762028233937473,0.388936905790834,drift
RAYMOND,1118,0.3846153846153308,0.09055228483319316,0.2915494725867045,0.0788996030307718,0.0,0.008000000000001601,0.06239201382223948,0.3263582261470619,drift
RAYMOND,1118,0.8181818181819686,0.04583870505658215,0.33139040509122153,0.2934622967361646,0.09117520034551038,0.016129032258058455,0.052785642305288594,0.30711646432170886,drift
RAYMOND,1119,0.3749999999999645,0.39015817223198596,0.29843081905243307,0.14332290731099082,-0.028781119585569333,0.07692307692307244,0.07674965222813399,0.32618602196959673,drift
RAYMOND,1119,-1.0,0.16157910184913413,0.37341805187847116,0.06013932776945688,-0.06240399385561549,0.01538461538462092,0.07200460829493088,0.44642857142858017,drift
RAYMOND,1120,-1.0,0.057352941176470586,0.3828073423622046,0.09764908940211653,-0.038413521559597714,0.044052863436121935,0.09603380389897245,0.4513588783251749,drift
RAYMOND,1120,0.6666666666664982,0.09705398534469867,0.37189158194811256,0.15988461800506176,0.0575926281435889,0.008733624454150163,0.08638894221540516,0.542330581685553,UP-LEG
RAYMOND,1121,-1.0,0.3468208092485549,0.3508146250696582,0.024776789308383357,0.0,0.06753812636166155,0.08644702718279618,0.5619056766881315,UP-LEG
RAYMOND,1121,0.9302325581394918,1.8522506355615374,0.3391407126794384,0.7365302234041387,0.37786387334383875,0.08752327746740549,0.4113454823743201,0.3969962213612753,drift
RAYMOND,1122,0.08108108108100136,0.5711895345299666,0.3050356826565139,0.6265701616435206,0.2919079293678475,0.05730129390018133,0.1770589079772347,0.4928937168014635,drift
RAYMOND,1122,0.3076923076922135,0.7691134995045354,0.27678834216693204,0.7436737428685416,0.3111387678904792,0.09788867562379538,0.12445550715618732,0.34943277009239304,drift
RAYMOND,1123,-0.7241379310344287,0.3116883116883117,0.2850456927609311,0.6214988060934689,0.18682634730539358,0.038314176245209525,0.13892215568862712,0.5269461077844312,UP-LEG
RAYMOND,1123,0.9024390243901086,0.7749693627450981,0.29398381446631383,0.8626273176162568,0.3490818668706832,0.14925373134328004,0.1960596786534004,0.26300688599846983,drift
RAYMOND,1124,-1.0,0.6714790354784211,0.2706889270874387,0.5130271038460401,0.2535885167464202,0.12820512820512522,0.0861244019138843,0.3827751196172249,drift
RAYMOND,1124,0.6842105263158524,1.1887254901960784,0.2743614296090192,0.8656498329094277,0.4872456291201048,0.22580645161289534,0.1815228814369056,0.05254609725804475,FLAT
RAYMOND,1125,-1.0,0.4857932729227461,0.2663576261224348,0.7026564040315394,0.44933078393881887,0.19789842381786216,0.13384321223710238,0.08604206500956893,FLAT
RAYMOND,1125,0.5,0.6373185047883843,0.25423572033686676,0.7944788517933012,0.4728922856460516,0.18650088809946352,0.09553379508000956,-0.16718414139001672,FLAT
RAYMOND,1126,0.6249999999998579,0.21174460152244834,0.2490659724220305,0.9641744908430231,0.5397659422020626,0.21014492753622574,0.07642703606402503,-0.11941724385001193,FLAT
RAYMOND,1126,-1.0,0.5575936577024716,0.2518633450801083,0.10961639580512929,0.028690288337415184,0.15044247787610376,0.10519772390378321,0.01912685889158113,FLAT
RAYMOND,1127,-1.0,0.5864053507543942,0.2566067720382346,-0.10332263229840608,-0.02393260578211756,0.12847222222221308,0.13402259237986705,0.04786521156423512,FLAT
RAYMOND,1127,0.40740740740723275,0.1834776503627428,0.25732492857691885,-0.15828086940928776,0.07652939206963741,0.1505922165820549,0.12914334911751174,0.05739704405224436,FLAT
RAYMOND,1128,0.647058823529695,0.1672926447574335,0.250586013564633,-0.050991723755684004,0.13872942977421024,0.1486486486486499,0.08132414848831888,-0.00956754688099277,FLAT
RAYMOND,1128,-0.6842105263156131,0.1710598788260288,0.2462725535830078,-0.3506006596903932,-0.043056020666872516,0.14671163575042462,0.09089604363010528,0.019136009185267006,FLAT
RAYMOND,1129,0.8260869565218767,0.9457192593764836,0.23735428716738227,0.16354102531157422,0.07171886206072196,0.13058419243986036,0.1099689218264273,0.057375089648568876,FLAT
RAYMOND,1129,0.3333333333333333,0.3075196408529742,0.23120998479776286,-0.0860411163855024,-0.04301075268817639,0.15897435897436207,0.07168458781362007,-0.05734767025088736,FLAT
RAYMOND,1130,0.2857142857143321,0.5884646628757108,0.22047771863028212,0.13933921100019753,0.0,0.16896551724138245,0.13384321223710238,-0.08126195028679818,FLAT
RAYMOND,1130,0.933333333333394,0.5892930118512464,0.22375204285615025,0.2022623144074627,0.06682896558308705,0.18443316412859742,0.14320492624946296,-0.16229891641606237,FLAT
RAYMOND,1131,-1.0,0.8044407894736842,0.2139864088446193,-0.09152325910056036,0.019103109030999137,0.20481927710843562,0.10029132241271832,-0.047757772577486986,FLAT
RAYMOND,1131,0.8974358974359812,1.4337556191254597,0.20266299418227057,0.4370424643436552,0.36684135302524146,0.25603864734299703,0.18580276322056388,-0.31443544545021007,drift
RAYMOND,1132,1.0,2.7787164906580015,0.17241269241269752,1.161874864460405,0.5142857142857229,0.30718954248366404,0.1571428571428658,-0.33333333333333337,drift
RAYMOND,1132,-0.8518518518518207,1.9333012666346,0.1747013731282627,0.6854450257607337,0.27189467658845035,0.22500000000000303,0.2575844304522081,-0.28620492272467085,drift
RAYMOND,1133,1.0,0.9393988627132412,0.17051731990726127,0.8453797971194271,0.38598999285203284,0.23100775193798753,0.20967357636407388,-0.35739814152966404,drift
RAYMOND,1133,-0.5333333333334546,0.5428688189619942,0.16428033215456492,0.8198194592469606,0.3052415700863088,0.22720247295208437,0.14308198597796537,-0.2098535794343319,drift
RAYMOND,1134,0.30434782608685335,0.4284539473684211,0.16775059579217586,0.6949276219952782,0.3098188751191611,0.20255183413077918,0.10962821734986566,-0.295519542421345,drift
RAYMOND,1134,-1.0,1.3409072333469554,0.1674684606981392,0.35643869922284344,0.095488183337312,0.15290519877675926,0.167104320840296,-0.08116495583670652,FLAT
RAYMOND,1135,-0.615384615384602,0.48651315789473687,0.16436956850913545,0.2602966632740685,0.08596809628427651,0.16000000000000253,0.12417613907727142,-0.14328016047377973,FLAT
RAYMOND,1135,-0.6491228070175327,1.70004086636698,0.1650515389953168,-0.06713239959785508,-0.23444976076555457,0.1120943952802351,0.27272727272726405,0.0861244019138843,FLAT
RAYMOND,1136,0.2765957446809005,2.4025995125913893,0.1501610013786083,0.2063921653930192,-0.13868962219034392,0.12827988338192786,0.22477283596364506,0.07651841224294162,FLAT
RAYMOND,1136,0.7499999999998579,0.3488353085410707,0.14582960362773995,0.016525625492194922,-0.3489984223359078,0.12954876273653243,0.11473920734331362,-0.0717120045895683,FLAT
RAYMOND,1137,-0.8571428571429963,0.12976973684210527,0.14714074318083936,-0.5218331909559967,-0.4688546550569411,0.09510086455331393,0.06697923643670897,0.038273849392411345,FLAT
RAYMOND,1137,1.0,0.22179827471798275,0.147776818138938,-0.16886432287150316,-0.21511544528897172,0.13266761768901933,0.08604617811559738,-0.08126583488695792,FLAT
RAYMOND,1138,-0.894736842105364,0.2797858099062918,0.1529148173871803,-0.3839847177170241,-0.3970911874461861,0.09322033898304992,0.09090039230696063,0.12917424169937197,FLAT
RAYMOND,1138,-0.5333333333334546,0.5753080211214483,0.1514648895969625,-0.3812955153712016,-0.2869852202611566,0.09577464788732071,0.1434926101305783,0.2152389151958674,drift
RAYMOND,1139,1.0,0.3879093198992443,0.1598554978152609,-0.33342978581365723,-0.2532613370287276,0.11080332409972327,0.11468437903185533,0.40139532661155886,drift
RAYMOND,1139,-0.8749999999995737,0.31251597512141094,0.16169190574368858,-0.14058579234082533,-0.1530148711327795,0.11234396671290464,0.0765074355664115,0.5594606225792482,UP-LEG
RAYMOND,1140,-0.8666666666661816,0.12020062262193013,0.16824890101093262,-0.10505177747130273,-0.16744008037123856,0.10620689655172856,0.07176003444481653,0.6075682916327713,UP-LEG
RAYMOND,1140,0.1818181818182006,0.9889286025629849,0.15779037661941897,0.12008620914417664,0.07171886206072196,0.10866574965612324,0.10518766435573859,0.7506574229022146,UP-LEG
RAYMOND,1141,0.9285714285714982,0.959395324310072,0.15870559025207095,0.14539231474305625,0.09078312389507816,0.14718019257221962,0.13378565626643327,0.7214869320082139,UP-LEG
RAYMOND,1141,0.5714285714286642,0.36860608191246264,0.14789250938198653,0.14456878972225629,0.03345440642325907,0.026275115919633534,0.13381762569299283,0.43490728350219404,drift
RAYMOND,1142,1.0,0.22288627175250483,0.17212721896009422,0.20244354450630228,0.1337792642140555,0.051321928460345556,0.047778308647873864,0.6211180124223602,UP-LEG
RAYMOND,1142,-1.0,0.2429363612358067,0.18959091643542825,0.12024972209579968,-0.07175660160734787,0.01960784313725786,0.12437810945273196,0.8084577114427903,UP-LEG
RAYMOND,1143,-0.25000000000007105,0.09150211565585331,0.19348879549497988,0.16338457947595994,0.03825920612148168,0.053598774885146076,0.07651841224294162,0.726924916307978,UP-LEG
RAYMOND,1143,-0.8787878787877201,0.5286990359954011,0.19110489940915665,0.1410645191034474,0.07647086937821362,0.01748807631161161,0.15772116809253842,0.6165463843616898,UP-LEG
RAYMOND,1144,-1.0,0.15474711623779946,0.19040688407531625,0.043200833349544186,-0.04302514580742117,0.028938906752414586,0.09561143512764125,0.6501577588679562,UP-LEG
RAYMOND,1144,0.6923076923080153,0.033110814419225636,0.19571469626525448,0.10293316569994086,0.07167431192660549,0.010033444816052037,0.06211773700306679,0.6594036697247576,UP-LEG
RAYMOND,1145,-1.0,0.22482142857142856,0.21134335747119826,0.08232171513127949,0.02391429118040941,0.01986754966887128,0.10044002295771517,0.7269944518844375,UP-LEG
RAYMOND,1145,0.11111111111118596,0.3156086091517453,0.22067000550631768,0.054787010880345634,0.014341715269154884,0.02838063439064822,0.12907543742230698,0.5784491825222252,UP-LEG
RAYMOND,1146,1.0,0.06907292048369366,0.30177808978024473,-0.10733262479806366,-0.014336232438123958,0.014827018121912693,0.038229953168294334,0.4157507407053557,drift
RAYMOND,1146,-0.894736842105364,0.4561145795078957,0.3202259628468542,-0.22841185375350007,-0.10525308582912032,0.01806239737274828,0.09090039230696063,0.602813127930359,UP-LEG
RAYMOND,1147,-0.11111111111099883,0.19212366580787632,0.30943900360743715,-0.2860299470124735,-0.09564801530368246,0.030201342281882523,0.08608321377332291,0.7173601147776184,UP-LEG
RAYMOND,1147,-1.0,0.1797899042483964,0.3011946903923114,-0.26989771874779095,-0.009568462348113715,0.008488964346349798,0.07654769878482269,0.8181035307626239,UP-LEG
RAYMOND,1148,0.9285714285714982,0.32481683261318806,0.31318906819327713,-0.20570406706405975,0.09078312389507816,0.04078303425774866,0.13378565626643327,0.711930813703478,UP-LEG
RAYMOND,1148,0.6818181818180644,0.9980235294117648,0.3199805511113516,0.01684552975175511,0.13841160748375508,0.07716535433070293,0.21000381825124528,0.606147384497913,UP-LEG
RAYMOND,1149,0.7352941176470391,3.267706180725155,0.26616866301625636,0.4611649682358649,0.4426252915139559,0.1407624633431066,0.323639998096244,0.41406882109372584,drift
RAYMOND,1149,0.6666666666666035,2.828855628892814,0.21769852799539297,0.7310315824575245,0.48502139800284444,0.15195369030390657,0.22824536376605714,0.294816928197804,drift
RAYMOND,1150,0.5652173913043822,3.0368052999631945,0.1712906749346737,0.9892938123351649,0.5801236329053646,0.1603498542274044,0.10936757013790689,0.42320494531621927,drift
RAYMOND,1150,0.3030303030302383,4.757253029746603,0.15174033626092723,1.1699449738763648,0.730827638572496,0.17596566523604737,0.3132118451025014,0.45083523158694006,drift
RAYMOND,1151,0.34782608695650885,2.7462440454378894,0.13654538253000123,1.3004970673298013,0.7305502846299853,0.20229555236728627,0.21821631878557443,0.5407969639468734,UP-LEG
RAYMOND,1151,-0.5593220338982502,2.151745342738289,0.1487680132226457,1.1884483541198172,0.537711158696178,0.035161744022503334,0.2807518439210131,0.8137044967880043,UP-LEG
RAYMOND,1152,0.6901408450704442,1.6394642857142858,0.1538679533179484,1.4780256641670557,0.7122507122507122,0.0804289544235921,0.33713200379866615,0.5223171889838557,UP-LEG
RAYMOND,1152,1.3374922084895645e-13,2.5201602136181576,0.13595114530871227,1.6328489476394876,0.8114649077018157,0.15076071922544945,0.16134389977697008,0.24201584966544432,drift
RAYMOND,1153,-0.7674418604651261,2.253416149068323,0.1268977946365838,1.2244166086970651,0.6314689962966351,0.10799438990181907,0.20415914917862416,0.09020985661381119,FLAT
RAYMOND,1153,0.2631578947365902,1.6623330680109667,0.12102164016947776,1.181921917714614,0.47501425042751283,0.12056737588652326,0.09025270758123177,0.5130153904617225,UP-LEG
RAYMOND,1154,-0.1999999999998181,0.9070097604259095,0.11709998724995238,0.7479651920305221,0.2042367246129088,0.10662824207492773,0.04749691270067445,0.5509641873278194,UP-LEG
RAYMOND,1154,0.039999999999781724,0.5434801958166444,0.11566863856190195,0.46395052874616516,0.17089148390771428,0.18032786885245547,0.11867464160258236,0.49368650906674694,drift
RAYMOND,1155,-0.043478260869530834,0.5666071428571429,0.11048618494822297,0.1501714671203808,0.14245014245014245,0.18208955223880077,0.10921177587842959,0.6362773029439739,UP-LEG
RAYMOND,1155,-0.13207547169807435,1.9706275033377838,0.1076775014401863,-0.1727945292352755,-0.15685156138598447,0.21286370597243423,0.25191311374115605,0.5798754693664061,UP-LEG
RAYMOND,1156,-0.4594594594594329,1.3327417923691216,0.10813817101090477,-0.48253827990734727,-0.31885023556844894,0.15396113602391776,0.17608147337361718,0.7947461095512214,UP-LEG
RAYMOND,1156,0.6521739130437534,0.7332443257676903,0.10492581712500584,-0.14823895436613505,0.0618223321285991,0.16395864106351912,0.1093779722274932,0.627734449305679,UP-LEG
RAYMOND,1157,1.0,0.6880357142857143,0.10928413072988205,-0.22945153857956466,0.0,0.22766570605187403,0.13295346628680826,0.5223171889838557,UP-LEG
RAYMOND,1157,0.7837837837839698,0.8008681497558329,0.10855165871000222,-0.10831292407284357,0.0,0.2231884057971013,0.1755801262278659,0.43183220234422764,drift
RAYMOND,1158,-0.5652173913042963,3.1060714285714286,0.09558581168293417,-0.1039249040144743,0.07590853022110085,0.2595870206489722,0.10911851219279471,0.7685738684884627,UP-LEG
RAYMOND,1158,0.18518518518519766,0.6552722011213601,0.09136211869294775,-0.1621798717513674,0.12808956781632302,0.25519287833828264,0.12808956781630146,0.7353290004269651,UP-LEG
RAYMOND,1159,0.8823529411765807,1.2185714285714286,0.08665556239267151,0.059976682606211563,0.20855057351408146,0.25408618127786503,0.16115271589724572,0.8673807943880807,UP-LEG
RAYMOND,1159,0.4814814814813318,1.1122385402759234,0.08748239376487547,0.14750767773199253,0.1232694860610615,0.2691729323308179,0.12801062014035053,0.7870282571591298,UP-LEG
RAYMOND,1200,-0.07894736842104161,6.3329192546583855,0.0855815159716247,0.06455992666287924,0.27936928831858,0.3167155425219873,0.3598655239357881,0.39774610540272226,drift
RAYMOND,1200,0.6285714285713766,4.3772884054125765,0.08736903014481877,0.519165840100198,0.6047148863797291,0.35097493036210914,0.33070345348892144,0.06614069069778859,FLAT
RAYMOND,1201,0.7777777777777497,4.187411847672778,0.08796058108651839,1.020391239376027,0.8540152873454708,0.3625170998631948,0.16985939416817797,-0.1604227611588228,FLAT
RAYMOND,1201,0.25925925925920934,2.517912155620104,0.07467553616324082,1.0297224496185557,0.7457755121306394,0.35694822888282424,0.12744265080712822,-0.5805720758991659,DOWN-LEG
RAYMOND,1202,-0.25925925925920934,2.023202671822816,0.06769218529840951,0.8535867754533807,0.5196032120925839,0.32258064516128404,0.12753897024089833,-0.47236655644780345,drift
RAYMOND,1202,-0.4576271186440652,3.0216206714712603,0.07369781397852301,0.5573736277154437,0.2414315470554776,0.2879581151832406,0.27930316227985397,-0.2414315470554776,drift
RAYMOND,1203,-0.9636363636363967,1.4445420987871331,0.08205032246887863,0.5757907930392779,0.014230823964694614,0.21348314606740998,0.26089843935297186,0.2703856553294565,drift
RAYMOND,1203,1.0,3.8509284282102696,0.0915301323220745,0.9498879086047938,0.38279773156899377,0.2733564013840758,0.3638941398865698,-0.009451795841201234,FLAT
RAYMOND,1204,0.0,2.407298512625389,0.089763284059376,0.8325292271415596,0.34010392064240996,0.2889908256880659,0.15115729806328854,-0.004723665564473739,FLAT
RAYMOND,1204,0.0,2.147908324103263,0.08410615061255777,0.7723080723345006,0.36844591402929533,0.2807424593967443,0.0944733112895607,-0.04723665564478035,FLAT
RAYMOND,1205,0.7894736842105515,6.267002518891688,0.07703756923742067,1.2467570141135937,0.353873737850335,0.33025404157043114,0.268944040766246,-0.212324242710201,drift
RAYMOND,1205,-0.5862068965517782,4.433157321263934,0.07497248445869778,0.6534257742001551,-0.028354047540282076,0.2733408323959416,0.41113368933414385,-0.08033646803080281,FLAT
RAYMOND,1206,-0.2666666666667273,2.1166331994645247,0.07260854545216677,0.28808701841182144,-0.06610009442871062,0.2822222222222161,0.28328611898017,-0.10387157695938708,FLAT
RAYMOND,1206,-1.0,2.0446250829462507,0.07145351304816573,0.024809391760851535,-0.12287334593572348,0.2879464285714236,0.1890359168241966,-0.17958412098299537,FLAT
RAYMOND,1207,-0.23076923076920386,1.2608552631578946,0.06731618937517617,0.04361140394743723,0.0,0.2895322939866305,0.12281530467642462,-0.311761927255546,drift
RAYMOND,1207,0.0,1.2192889252145485,0.06564697102346001,0.16701290224975077,0.189000189000189,0.2924107142857117,0.1323001323001409,-0.2315252315252358,drift
RAYMOND,1208,1.0,2.6047116165718927,0.07634649019704606,0.5132281619413884,0.7485875706214732,0.3291005291005234,0.45668549905837186,-0.6497175141243023,DOWN-LEG
RAYMOND,1208,0.7857142857144597,2.1077158751914857,0.07487341737446457,0.3298692353738408,0.3484976923801493,0.30387931034482546,0.13186399171139337,-0.536874823396444,DOWN-LEG
RAYMOND,1209,0.11904761904756363,7.503521126760563,0.07030375555061448,0.4216299001045897,0.5215920304496926,0.29475982532750683,0.3947182933132885,-0.7800385320238667,DOWN-LEG
RAYMOND,1209,0.08333333333344387,4.617808546192409,0.0682593800621454,0.47107590146648604,0.4139618026154945,0.24782608695652128,0.2257973468811827,-0.6868002634302551,DOWN-LEG
RAYMOND,1210,-1.0,2.0959012501978163,0.07594586082529166,-0.17954440093014123,0.04244682356270768,0.17743589743589763,0.24524831391783322,-0.2971277649389323,drift
RAYMOND,1210,-1.0,3.317334172633567,0.07335428341184717,-0.2510860291825693,0.09442424814692413,0.11413612565444958,0.18412728388650634,-0.23606062036731035,drift
RAYMOND,1211,-0.5217391304348127,1.6519561815336463,0.07529558880043183,-0.281430929138118,-0.0945179584120983,0.08264462809917263,0.2173913043478218,-0.1890359168241966,FLAT
RAYMOND,1211,-0.8119658119657541,6.9114595522271625,0.08042903785426886,-0.5614980187637751,-0.46052319232776984,0.04800000000000138,0.5554764278592922,0.08071025020176698,FLAT
RAYMOND,1212,-0.39393939393942734,2.0623736195364755,0.07896473137917556,-0.6085200351247373,-0.47460844803037494,0.010395010395010316,0.15662078785003236,-0.06169909824395738,FLAT
RAYMOND,1212,0.3000000000001819,1.279651795429815,0.07543653522066315,-0.5717582550367422,-0.43183220234422764,0.0,0.09490817633939162,-0.028472452901834755,FLAT
RAYMOND,1213,1.0,3.1113872922168713,0.07580846498020453,-0.5034087044557972,-0.4825432869713226,0.07554671968191189,0.36900369003690897,-0.4163118554262551,drift
RAYMOND,1213,0.8400000000001455,1.5392338585109668,0.07083778208237475,-0.5176181418424223,-0.359202193023911,0.10433070866142052,0.11815861612628792,-0.283580678703091,drift
RAYMOND,1214,0.6363636363635988,0.562063072860028,0.07296206628137497,-0.5556934256274921,-0.5290755349803873,0.11219512195121951,0.10392555151401922,-0.47238887051821055,drift
RAYMOND,1214,0.3333333333333333,1.2282978066110597,0.07508010955278176,-0.548606388097811,-0.46313799621929025,0.09197651663405153,0.21266540642722118,-0.3780718336483932,drift
RAYMOND,1215,-0.6249999999997513,0.3737766040080783,0.08123940608197415,-0.40444403274877244,-0.2553312213343463,0.08666017526777085,0.07565369521017112,-0.42082367960660505,drift
RAYMOND,1215,-0.578947368420977,0.6928338255868179,0.08276268183098069,-0.18023955059310368,-0.17499054105182643,0.10385756676557827,0.08986000756716284,-0.39727582292849467,drift
RAYMOND,1216,0.8000000000001819,0.4490589516254472,0.0847072427180976,-0.08637353440268389,-0.009452689290094437,0.14514514514514434,0.09452689290103033,-0.33084412515360617,drift
RAYMOND,1216,-0.8750000000001066,0.5337389811997816,0.09000769366749493,0.31192686589742935,0.27932960893853026,0.09215686274509365,0.15150080484801715,-0.1041568033330091,FLAT
RAYMOND,1217,-0.18181818181811604,2.092238295224763,0.08952662614135806,0.3469436384604682,0.16110689916603918,0.04373757455268445,0.20849128127369648,-0.0568612585292017,FLAT
RAYMOND,1217,1.0,1.6822633297062024,0.08931072382989831,0.4384655997520525,0.1989107269713388,0.04183266932270712,0.1231352119346393,-0.15155103007339893,FLAT
RAYMOND,1218,0.09090909090901575,1.4171197762933043,0.08116193044862051,0.2164868581379887,-0.17059994313336954,0.02371541501975908,0.15638328120556,-0.02369443654629893,FLAT
RAYMOND,1218,0.15789473684209265,0.550753925073838,0.08598876305379183,0.12132048692422773,-0.17992424242425104,0.03984450923226306,0.1799242424242295,-0.0946969696969697,FLAT
RAYMOND,1219,-0.6842105263156131,0.14699020065328977,0.09450488837829461,0.08678649873976865,-0.25574236324887956,0.016748768472904463,0.08998342410609003,-0.023679848448969927,FLAT
RAYMOND,1219,0.7499999999998579,0.35665808565410717,0.10222121944273423,0.07548456269340402,-0.22735884804851186,0.01976284584980223,0.11367942402425593,-0.05683971201211719,FLAT
RAYMOND,1220,1.0,1.5020998600093327,0.09775159419318902,0.20992113706728227,-0.04257332071902039,0.020730503455082882,0.2270577105014277,-0.2554399243141008,drift
RAYMOND,1220,0.6666666666666035,0.266947499804977,0.1047640762264169,0.2669923179270425,-0.061520988121725524,0.036960985626282056,0.11357720884009707,-0.21768965027684015,drift
RAYMOND,1221,-0.1999999999998181,0.3967136150234742,0.10687585098310315,0.2451247075437642,-0.17992424242425104,0.0772442588726518,0.0946969696969697,-0.1893939393939394,FLAT
RAYMOND,1221,-1.0,1.9297917154224198,0.11181639186491034,0.11499802243239379,-0.1992409867172589,0.10707070707070566,0.18975332068311196,0.05218216318785147,FLAT
RAYMOND,1222,-0.41463414634153917,1.811323689531809,0.11848428098472479,0.08319478030441985,-0.22320368523532666,0.11334002006018154,0.1947095977584608,0.11872536448686898,FLAT
RAYMOND,1222,-0.13043478260876443,0.9216007488883688,0.12286547370414763,-0.0697796141380899,-0.22784449613139898,0.05931321540062669,0.10917548772963319,0.052214363696794226,FLAT
RAYMOND,1223,-1.0,0.827699530516432,0.11918354010361054,-0.15290134879358147,-0.2470308788598488,0.03315508021390261,0.1615201900237573,0.114014251781477,FLAT
RAYMOND,1223,1.0,0.5356833739869384,0.13716740619248013,-0.12224234618081296,-0.10427528675702996,0.06858407079645774,0.22750971656082006,-0.1327140013271486,FLAT
RAYMOND,1224,-1.0,0.21000158252888115,0.14733844388553408,-0.13140698047708207,-0.2183302482319953,0.10942578548212177,0.12340405334851721,0.04271678769756946,FLAT
RAYMOND,1224,-0.06666666666660603,0.4955836715206493,0.15467596778027598,-0.15881861156503407,-0.15180265654648092,0.09635974304068466,0.14231499051233396,-0.05692599620492495,FLAT
RAYMOND,1225,-1.0,1.269979427124545,0.1508838078624641,-0.4461036076456959,-0.3798670465337132,0.1440860215053766,0.16144349477683242,-0.0949667616334283,FLAT
RAYMOND,1225,1.0,3.7151624832795656,0.12773954342900723,-0.09485571677901528,-0.33713200379866615,0.11259754738015472,0.13770180436847534,-0.11396011396011826,FLAT
RAYMOND,1226,0.3750000000000533,0.7352429181832568,0.13096542165696964,-0.06142802955374478,-0.1517450682852721,0.10154525386313225,0.15174506828529366,-0.08535660091047903,FLAT
RAYMOND,1226,0.265306122448919,1.6699976394680935,0.11654058571612268,0.17445819772354984,0.09478672985781991,0.06681514476614686,0.2322274881516631,-0.18009478672986642,FLAT
RAYMOND,1227,-0.48148148148158126,0.5084665295141636,0.12191892601337032,0.22612609002936276,0.16593969277451168,0.0870535714285731,0.12801062014032893,-0.20386876540867283,drift
RAYMOND,1227,0.3750000000000533,1.0018166021641262,0.12541563399616834,0.27301050777264907,0.07589052791350205,0.09010011123470413,0.1517810558269825,-0.1517810558269825,FLAT
RAYMOND,1228,0.6249999999997513,0.3503718942870707,0.13288276672841157,0.3995579042975869,0.22278049011706966,0.17084826762246372,0.07584016684836277,-0.21804047968905102,drift
RAYMOND,1228,-0.23076923076920386,0.5476247314394843,0.12718697320253292,0.3437479956855975,0.00947867298577337,0.16067146282973713,0.12322274881516157,-0.15165876777250323,FLAT
RAYMOND,1229,0.4285714285713358,0.1217989756722151,0.12931883454567755,0.38070776294393244,0.194220748460441,0.21455457967377478,0.06631927996210758,-0.1752723827569786,FLAT
RAYMOND,1229,-0.040000000000145516,0.7575586551640732,0.12947879005680465,0.3848208069577555,0.09478672985781991,0.20153061224489888,0.11848341232227488,-0.033175355450228344,FLAT
RAYMOND,1230,-1.0,0.6963444354183591,0.1297714949769675,0.46978502607208644,0.12330456226879963,0.1574697173620481,0.09959214644787581,0.13753201176136257,FLAT
RAYMOND,1230,-0.3749999999999645,0.655006129955047,0.12420145137828845,0.0066631940781560536,0.11856770215793219,0.13296398891966582,0.07588332938107228,0.08536874555371979,FLAT
RAYMOND,1231,-1.0,0.5103618421052631,0.12129853191313969,-0.09283938664520713,-0.03795066413663102,0.11331444759206741,0.09487666034155598,0.04743833017077799,FLAT
RAYMOND,1231,0.4666666666665454,0.2506635700066357,0.12076841332670074,-0.1663556040409738,-0.0426722298610825,0.04516129032257591,0.07112038310179698,-0.0047413588734488196,FLAT
RAYMOND,1232,0.8749999999995737,0.4958165997322624,0.1245074466091899,-0.06349340529543761,-0.047433829807418657,0.01929260450160457,0.07589412769188711,-0.018973531922950204,FLAT
RAYMOND,1232,0.578947368421355,0.3713016511608415,0.12627681848809738,-0.09216144120969952,-0.02372141569408862,0.00802568218298553,0.0901413796375195,0.06641996394343087,FLAT
RAYMOND,1233,-0.17647058823526265,0.6921914357682619,0.1214574463064112,-0.16720380555517733,-0.10913922368794378,0.11387900355871992,0.161336243712636,0.0,FLAT
RAYMOND,1233,-1.0,0.15764626538526386,0.10269226808557014,-0.18123297864771212,-0.14238253440911247,0.16117216117216343,0.04746084480303749,0.04271476032273806,FLAT
RAYMOND,1234,-0.05882352941145,0.44455730489250045,0.0909724320084655,-0.19948556707993306,-0.15181706044215854,0.16758747697973853,0.08065281335989267,0.08539709649870608,FLAT
RAYMOND,1234,0.6000000000003638,0.7969886217811618,0.08905757106958918,-0.1051636595971152,-0.15188912094170393,0.1691176470588185,0.04746535029428517,0.1234099107651371,FLAT
RAYMOND,1235,0.5,1.0289487049263586,0.09483153741269716,0.12440997994472901,-0.21863117870722001,0.1942959001782519,0.09505703422053231,0.27566539923955236,drift
RAYMOND,1235,0.7142857142857452,2.4014500084302814,0.10727180285034517,0.4610686402610433,-0.23293401787412488,0.19285714285714298,0.1996577296063804,0.3470241490777801,drift
RAYMOND,1236,0.44186046511632826,0.957169459962756,0.10929923605823136,0.6250361865969248,-0.04746084480303749,0.15172413793103523,0.20408163265304827,0.2800189843379255,drift
RAYMOND,1236,-1.0,0.3675250235263923,0.11859282249144291,0.544572442100188,-0.1376887285158148,0.10869565217391161,0.08546196942361514,0.3703352008356368,drift
RAYMOND,1237,-0.6470588235292544,0.35022483569699064,0.12345254418701553,0.4327917815974879,-0.15677704404008394,0.1005484460694685,0.0807639317782447,0.36581310276021745,drift
RAYMOND,1237,-0.3749999999999645,0.1778397698544155,0.12792437099727946,0.41547999488165616,-0.12825994014537423,0.11895910780669174,0.07600589045650606,0.4180323975108157,drift
RAYMOND,1238,-0.8000000000001819,0.45157321146071366,0.1182202168888104,0.36888570147936295,-0.10925846753124231,0.09714285714285457,0.04750368153531899,0.39428055674315626,drift
RAYMOND,1238,0.2413793103449141,0.39005097556688345,0.12948392375890252,0.4160554395375155,-0.0094930700588484,0.09923664122136953,0.1376495158534313,0.2468198215302742,drift
RAYMOND,1239,0.2941176470590438,0.7598875021972227,0.12023150093531217,0.4594252749063789,-0.023727044084847906,0.08015267175572088,0.08067194988849583,0.27997912020118804,drift
RAYMOND,1239,0.5000000000001624,0.47654255787342664,0.12995237940687132,0.41468734731225937,0.1185227326601242,0.03512014787429988,0.13274546057934772,0.1280045512729255,FLAT
RAYMOND,1240,1.0,1.4512216558270346,0.12816972636770718,0.5880014226216195,0.3551977267345489,0.04672897196261682,0.16102296945299982,0.11839924224484963,FLAT
RAYMOND,1240,0.14285714285732848,0.6126221283337734,0.1358303586604301,0.27668653989903197,0.31749040420794544,0.0520446096654227,0.13268255698242817,0.1279438942330388,FLAT
RAYMOND,1241,-0.6923076923079076,0.3168194640338505,0.14319787745115525,0.1541738907976765,0.0948316737790422,0.05555555555555555,0.06164058795636449,0.10905642484590715,FLAT
RAYMOND,1241,-0.6000000000003638,0.280769909941727,0.13615204643091877,0.21230359704663437,0.1327643432906677,0.02,0.0474158368895211,-0.009483167377895596,FLAT
RAYMOND,1242,-0.7391304347824712,0.3215422709586134,0.14015703550969694,0.21786596046869722,0.1375842110257183,0.04294478527608138,0.10911851219281628,-0.11386279533162968,FLAT
RAYMOND,1242,1.0,0.20958455133315618,0.14857937838033647,0.2743023709915842,0.19438649725013793,0.05070993914807377,0.10430494974397016,-0.08059927934761134,FLAT
RAYMOND,1243,0.04761904761900637,0.7962732919254658,0.1568444460661493,0.3746739468292808,0.10913922368796536,0.04858299595141965,0.09964885641073878,0.12337477460377284,FLAT
RAYMOND,1243,1.0,0.24441477525589675,0.15655707645339267,0.4148711293201687,0.05218463873997386,0.04212860310421581,0.05692869680726186,0.2419469614308036,drift
RAYMOND,1244,0.9310344827586747,0.2835714285714286,0.16459908317208158,0.42234312781969957,0.109025407660207,0.06150341685648967,0.13746681835417313,0.2844141069397042,drift
RAYMOND,1244,0.7333333333335759,0.23856031832157715,0.16702844514906448,0.4042585075977833,0.0047406845548454086,0.03255813953488687,0.0711102683227458,0.208590120413392,drift
RAYMOND,1245,0.07692307692318455,0.8961157933308904,0.15330091153095107,0.10665686022665169,-0.08057635794861209,0.09178743961353379,0.12323442980376854,0.2464688596075371,drift
RAYMOND,1245,1.0,0.3979067205288285,0.1918464361543318,0.22769281794586319,0.028423895021076746,0.11529411764706467,0.06158510587901757,0.19422994931071622,FLAT
RAYMOND,1246,0.4761904761904968,1.7770245511176255,0.1680557171033753,0.5239113006559071,0.18458043447395006,0.09832134292566094,0.19877892943347145,-0.2934355624970549,drift
RAYMOND,1246,1.0,0.6972089607051046,0.1658631532888752,0.7611503434312242,0.23651844843897823,0.09615384615384952,0.11352885525071385,-0.21286660359508044,drift
RAYMOND,1247,-1.0,0.6446448288553551,0.16272670086729485,0.6344079523395418,0.2272081794944489,0.08056872037915203,0.06626905235255566,0.13727160844457498,FLAT
RAYMOND,1247,0.8461538461540076,0.1440922190201729,0.17153735438655354,0.621408612453745,0.2223378589337373,0.13145539906103382,0.061497705662528115,-0.04730592743270732,FLAT
RAYMOND,1248,0.41176470588244735,0.3360886718016156,0.1774388654059826,0.6535799358207367,0.2839027160026497,0.08872901678657864,0.08043910286743033,-0.009463423866767903,FLAT
RAYMOND,1248,-1.0,0.11651764705882353,0.1797257805565757,0.5520450571795905,0.19412878787878357,0.04672897196261762,0.04734848484848485,0.056818181818173205,FLAT
RAYMOND,1249,0.41176470588229,0.8604300264051301,0.18441037776380736,0.5614618939940136,0.17035775127767885,0.05116279069767127,0.08044671588111954,-0.0047321597577091165,FLAT
RAYMOND,1249,-0.3636363636364764,0.21452176376168444,0.1829012210065104,0.49008392209487367,0.1231060606060563,0.046296296296297466,0.10416666666665805,0.03787878787879649,FLAT
RAYMOND,1250,1.0,1.2823462844209732,0.18582466959500843,0.7896893623887107,0.19867549668873313,0.12328767123288212,0.0946073793755913,-0.05676442762534617,FLAT
RAYMOND,1250,-0.6666666666669193,0.21093381172693795,0.19196162849466525,0.653092313282039,0.09938476100330852,0.10067114093959978,0.05679129200188444,-0.047326076668244205,FLAT
RAYMOND,1251,-1.0,0.5375307241444508,0.19175118894528068,0.28499396201918936,-0.07578269312745271,0.07189542483660727,0.11841045801165159,0.03315492824325383,FLAT
RAYMOND,1251,-0.6363636363635612,0.7729265967588179,0.20373111831938953,-0.03067740426461001,-0.24658573596357253,0.006342494714582128,0.20864946889226527,0.1517450682852721,FLAT
RAYMOND,1252,-0.08196721311468078,2.8171677065607867,0.18142248021951046,0.08130717134919223,-0.3419777714448474,0.05622489959838943,0.2897311674741099,0.3609765365251215,drift
RAYMOND,1252,0.6999999999998181,0.2007626310772164,0.18633848017079319,0.08589467593494449,-0.30367734282325465,0.005825242718450237,0.09489916963226572,0.21352313167259787,drift
RAYMOND,1253,1.0,0.31090174966352624,0.19877353866655945,0.12818083525331803,-0.16113744075829814,0.048507462686566374,0.10900473933650151,0.09478672985781991,FLAT
RAYMOND,1253,1.0,1.0591039084842708,0.20353491266843302,0.40816866594070933,0.047326076668244205,0.106761565836301,0.18930430667297682,0.01419782300048187,FLAT
RAYMOND,1254,0.8823529411763132,1.333144261675175,0.19484317529947776,0.5698041519961559,0.11344299489506954,0.13448275862068812,0.16071090943468005,-0.17016449234259357,FLAT
RAYMOND,1254,-1.0,1.5567935039184213,0.1879666657656707,0.21706988596031768,0.08515469770083176,0.11904761904762236,0.0993471473176227,0.009461633077860635,FLAT
RAYMOND,1255,-0.818181818181718,2.2670690305545076,0.1776533763317359,-0.4343569556666384,0.04728132387706856,0.19230769230769904,0.15602836879433482,-0.11347517730496884,FLAT
RAYMOND,1255,0.2857142857143321,0.24095930507034274,0.17372718317152927,-0.43249267614083914,0.09456264775413711,0.20070422535212168,0.06619385342790028,-0.05673758865247367,FLAT
RAYMOND,1256,-0.5045871559633403,4.655413051678612,0.17735979084298736,-0.7590491469261563,-0.21835097545926638,0.004862236628852376,0.5173968766317033,0.2800588598281716,drift
RAYMOND,1256,1.0,0.3731470116136342,0.18806301085822147,-0.5857073334506913,0.03318321877221229,0.051805337519627716,0.16591609386110454,0.15643517421190717,FLAT
RAYMOND,1257,0.7922077922077523,1.4413428894756695,0.2007793803069587,-0.29355197137899264,0.477428503899783,0.1549707602339207,0.3639801465374745,-0.1418104467029071,FLAT
RAYMOND,1257,-0.7999999999998787,0.4822962893022377,0.20309683169842785,-0.38954095129244265,0.2555729092716215,0.11016949152542885,0.14198494959534289,-0.02366415826589048,FLAT
RAYMOND,1258,0.30434782608685335,0.3904329740971828,0.20174869783404725,-0.4307819346060134,0.15142911224682087,0.11392405063291318,0.10883967442741728,-0.023660798788567104,FLAT
RAYMOND,1258,1.0,0.11553860819828408,0.19584052485607803,-0.6114157100180083,0.009464319515418233,0.09221902017290833,0.056785917092552436,0.05678591709257396,FLAT
RAYMOND,1259,0.09999999999990905,0.19669294366467988,0.19743499769283485,-0.8441214172872539,-0.11830959254176328,0.08405797101449157,0.09464767403341064,0.12777435994511727,FLAT
RAYMOND,1259,-0.41176470588229,0.2651624722784688,0.19307018424545752,-0.5645329107352918,-0.0473305566073457,0.05200594353640613,0.08046194623247907,0.15145778114349764,FLAT
RAYMOND,1300,-0.1999999999998181,0.3897485493230174,0.19285386082837386,-0.23031568937507746,-0.10412722453615193,0.019969278033797683,0.0946611132146914,0.15145778114349764,FLAT
RAYMOND,1300,-1.0,1.5682190724134606,0.17977751084458649,-0.530810145306184,-0.14204545454545456,0.026275115919627057,0.07575757575757146,0.1562500000000086,FLAT
RAYMOND,1301,-1.0,0.4601547388781431,0.1732290228256493,-0.15340023700148142,0.2509469696969783,0.04731861198738333,0.04734848484848485,0.1231060606060563,FLAT
RAYMOND,1301,-1.0,0.4492402980741314,0.1650685754962743,-0.30809812277707693,0.11837121212121213,0.04731861198738333,0.04261363636364067,0.15151515151514292,FLAT
RAYMOND,1302,0.5384615384613232,0.35095874491574663,0.17574775715388818,-0.4948435621519946,-0.1183151916706105,0.08227848101265796,0.061523899668726074,0.11358258400379038,FLAT
RAYMOND,1302,-1.0,0.0905109489051095,0.17132193365822407,-0.4400192334714112,-0.04261363636364067,0.04458598726115055,0.04734848484848485,0.17992424242425104,FLAT
RAYMOND,1303,-1.0,0.24530516431924881,0.15943555955496286,-0.5044839826252595,-0.056818181818173205,0.07540983606557397,0.05208333333332903,0.10416666666665805,FLAT
RAYMOND,1303,0.7666666666667273,1.896058394160584,0.14451141682729488,-0.24089947424489389,0.004731935834967293,0.08737864077670217,0.28391615009700466,0.14195807504850233,FLAT
RAYMOND,1304,-0.8888888888889731,0.07511737089201878,0.14831737049532942,-0.2587645356476462,-0.05208333333332903,0.03908794788273816,0.08522727272725981,0.21780303030302597,drift
RAYMOND,1304,0.9047619047619873,0.364667905702827,0.16047799816668154,-0.17905840269778936,0.05676442762534617,0.07278481012658157,0.09933774834436657,0.028382213812673085,FLAT
RAYMOND,1305,-1.0,0.08687145372725494,0.186866074854989,-0.18037381720518367,-0.009467007478948825,0.043613707165105216,0.07100255609201932,0.02840102243680342,FLAT
RAYMOND,1305,0.2941176470590438,0.10973451327433628,0.19644226666618744,0.10895075878477278,0.08515469770083176,0.04510108864696895,0.08042388116190144,0.05203898192827651,FLAT
RAYMOND,1306,-1.0,0.24056137576596165,0.22128670039461434,0.15455531194613528,0.02840102243680342,0.0047244094488217625,0.06626905235255566,0.13727160844457498,FLAT
RAYMOND,1306,-0.9130434782605601,0.18190815518606493,0.2008075616749712,0.21417731865475031,0.037864445285885166,0.019169329073479412,0.1088602801969037,0.14672472548276735,FLAT
RAYMOND,1307,-0.6666666666664982,0.030921704658077306,0.17195978304306309,0.17954709156162682,-0.023668639053254437,0.0016260162601611108,0.0852071005917246,0.1562130177514879,FLAT
RAYMOND,1307,-0.599999999999909,0.1473429951690821,0.14991614647899237,0.18092025058137579,0.018935807612198964,0.02487562189054719,0.09467903806097329,0.0804771823518187,FLAT
RAYMOND,1308,-0.46666666666715173,0.15804538949090166,0.15499147420244958,0.21623735082757573,0.03313295782646936,0.011647254575711712,0.07099919534245279,-0.018933118757970192,FLAT
RAYMOND,1308,-0.1538461538461942,0.5438560621549785,0.16706531335346,-0.0895736773530901,0.05202421490729801,0.03973509933774979,0.12296632614452842,-0.014188422247454686,FLAT
RAYMOND,1309,1.0,0.42711102024125946,0.17763137751562527,0.004901876651225357,0.17960109651196624,0.04290429042904865,0.09452689290103033,-0.00945268929011593,FLAT
RAYMOND,1309,1.0,1.4080965037824575,0.15569689043652563,0.19446195920239792,0.0945179584120983,0.06711409395973113,0.07561436672967434,-0.08506616257089707,FLAT
RAYMOND,1310,1.0,0.17440196278879574,0.1596609523709525,0.2556850925251564,0.16068052930057142,0.034722222222222,0.06143667296787249,0.04725897920604915,FLAT
RAYMOND,1310,0.3000000000001819,0.7134190231362468,0.17666154953326074,0.2886969406187722,0.07091192738618636,0.04013961605584947,0.09454923651491513,-0.02836477095449174,FLAT
RAYMOND,1311,-1.0,0.491932147290029,0.18474453799455678,0.24510606475886684,0.09458053532582994,0.05861456483125559,0.06620637472808526,0.04729026766291497,FLAT
RAYMOND,1311,-0.14285714285732848,0.24861820836375012,0.19709773153263235,0.2774256749742395,0.11346444780633681,0.11764705882352154,0.0661875945537108,0.04727685325264751,FLAT
RAYMOND,1312,1.0,0.34931650893796007,0.18830706642094003,0.34578958520010095,0.13708991207337104,0.19531249999999722,0.037817906778868385,0.06618133686300892,FLAT
RAYMOND,1312,0.8461538461540076,0.2822384428223844,0.17726133972545033,0.406022678321411,0.16069571793175585,0.16767676767676826,0.061442480385678316,0.10397958219112477,FLAT
RAYMOND,1313,-0.8000000000001819,0.33546189868028947,0.19437458564559892,0.37198434301277655,0.07094882224955065,0.08641975308641375,0.09459842966606755,0.1466275659824219,FLAT
RAYMOND,1313,0.24324324324340268,1.1752882682746217,0.226820519961876,0.4604110127447283,0.08977933185276618,0.06918238993710836,0.17483343571326457,0.04252705193023844,FLAT
RAYMOND,1314,0.31578947368414756,0.6172839506172839,0.20018732559105468,0.43595731193450765,0.03779646603041326,0.022026431718060967,0.17953321364453284,-0.06141925729942962,FLAT
RAYMOND,1314,-1.0,0.18995726495726495,0.20528418773094445,0.10642351078458526,-0.06620637472808526,0.01754385964911616,0.08512248179325556,0.12295469592357464,FLAT
RAYMOND,1315,-0.36842105263170494,0.3266838266838267,0.19964623864502792,0.044480653402688794,-0.13250047321598438,0.03930131004367038,0.1798220707931186,0.0899110353965593,FLAT
RAYMOND,1315,1.0,0.353862660944206,0.20009928428924828,0.07547207326886986,-0.018913423802548155,0.0021052631578927215,0.08038205116082428,0.10875218686461426,FLAT
RAYMOND,1316,0.1999999999998181,0.35465865178188066,0.19100577083669767,0.25749679554258453,0.042543134010876435,0.22110552763818442,0.04727014890096904,0.02363507445048452,FLAT
RAYMOND,1316,-0.16666666666669824,0.8981083404987102,0.1790322509192102,0.22944507197492978,0.03308284890591582,0.1711229946524001,0.11342691053452861,-0.03780897017818337,FLAT
RAYMOND,1317,0.0666666666669092,0.11945759793370642,0.17529823775246703,0.14008894474793357,0.018905378580210366,0.009523809523814748,0.07089516967577275,-0.033084412515373515,FLAT
RAYMOND,1317,-0.8000000000001819,0.7013911355548367,0.1819975170392581,-0.1193948835867191,-0.08041246866280086,0.03921568627450106,0.04730145215458115,-0.07568232344732553,FLAT
RAYMOND,1318,-0.783783783783724,1.9031424881618597,0.1682322309341449,-0.46140188798142145,-0.08994934431660445,0.028037383177556854,0.17516451261657046,0.09468352033328598,FLAT
RAYMOND,1318,0.20000000000012128,0.17642618354362127,0.17494182520555168,-0.5392243749858987,-0.10406319474009142,0.026548672566372868,0.07095217823187172,0.05203159737003495,FLAT
RAYMOND,1319,0.19999999999994802,0.6278366111951589,0.17317697239833063,-0.5560775774548663,-0.04726791453961052,0.07082152974503848,0.1654377008886368,-0.02836074872376201,FLAT
RAYMOND,1319,-1.0,0.38330623306233064,0.20288470842884315,-0.5996564072186784,-0.018919685933217814,0.03846153846152597,0.11351811559928537,-0.004729921483299076,FLAT
RAYMOND,1320,1.0,0.3277511961722488,0.22687397840730156,-0.4652023740909137,0.1794992914501739,0.10714285714284555,0.09919697685403443,-0.13226263580539357,FLAT
RAYMOND,1320,-1.0,0.08013100436681223,0.2582811626700106,-0.6641687030767318,-0.009457606279863473,0.06633906633905771,0.09457606279850571,-0.08038965337872125,FLAT
RAYMOND,1321,-0.4666666666665454,0.3318719859710653,0.2652389881572883,-0.7564037395235079,0.0047267914539567525,0.08653846153845386,0.07090187180941578,-0.07562866326337253,FLAT
RAYMOND,1321,-0.33333333333358595,1.1078602620087337,0.24444309577847126,-0.8354401454341996,0.014176353841779,0.09952606635070059,0.11341083073433944,-0.10395992817313195,FLAT
RAYMOND,1322,-0.4545454545450787,0.19289785181937746,0.25223602948264506,-0.8753806197318826,0.047241118669690094,0.09090909090908893,0.051965230536654805,-0.11337868480726053,FLAT
RAYMOND,1322,1.0,0.6622560370492888,0.2513737785839924,-0.4530628074052794,0.1841359773371148,0.14285714285713358,0.09442870632672333,-0.24551463644947205,drift
RAYMOND,1323,-0.0769230769226464,0.5096516529842468,0.23949343527172612,0.01013074703952878,0.23614981344164737,0.12412177985948164,0.0613989514948369,-0.10862891418316639,FLAT
RAYMOND,1323,-0.09090909090939157,0.22478641961611007,0.242556877037377,-0.008871215742947807,0.14641979973549543,0.09397590361444288,0.051955412809388056,-0.10391082561873315,FLAT
RAYMOND,1324,-1.0,0.40301819795827787,0.2649605659738209,-0.1952758430443693,-0.014182385477224372,0.07838479809976273,0.12764146929512682,-0.01418238547724587,FLAT
RAYMOND,1324,0.5199999999997089,0.3104636939842099,0.2609889803186453,-0.0010895488987408431,0.14169658038919328,0.07619047619046856,0.11808048365766106,-0.15114301908179759,FLAT
RAYMOND,1325,-1.0,0.4250055716514375,0.2659496149643966,-0.26433871004405407,-0.08983026807243587,0.05854800936767925,0.10874190345610997,-0.10874190345608849,FLAT
RAYMOND,1325,1.0,0.11829159212880143,0.2766827035575137,-0.19387736013917248,0.11808048365766106,0.07798165137613616,0.09446438692612887,-0.21254487058378993,drift
RAYMOND,1326,-0.1999999999998181,0.20708997083239847,0.28757504703722275,-0.15701156392401078,0.01890359168242396,0.07798165137614742,0.0945179584120983,-0.0945179584120983,FLAT
RAYMOND,1326,-1.0,0.1530669667979741,0.31784363495755363,-0.07824617324000682,-0.05200699730508766,0.05191873589164095,0.09928608576426218,-0.10874190345608849,FLAT
RAYMOND,1327,-1.0,0.3552393857271906,0.30902782412555335,-0.16540968843391055,-0.08037445038060957,0.05909090909090641,0.04255117961326136,-0.0047279088459131514,FLAT
RAYMOND,1327,-0.7674418604651261,1.4669667979741137,0.2961810527070629,-0.7131789954712321,-0.2603550295857988,0.0021505376344066254,0.20355029585799678,0.07100591715976332,FLAT
RAYMOND,1328,0.6666666666666666,0.6874435411020777,0.33960144833612405,-0.5427027010881899,-0.14189093316937046,0.03333333333334028,0.14189093316937046,-0.018918791089253695,FLAT
RAYMOND,1328,0.3333333333329965,0.24553873955274452,0.32660428127303115,-0.512167843796671,-0.09455370650529502,0.016949152542367004,0.08509833585477411,-0.056732223903168406,FLAT
RAYMOND,1329,0.8181818181819686,0.19792137370085855,0.32788102841668315,-0.34769444967493923,-0.014184397163129168,0.017391304347830042,0.10401891252954222,-0.04728132387706856,FLAT
RAYMOND,1329,-0.09999999999990905,0.5093181818181818,0.31764246381276257,-0.4684355803382928,-0.14663450167919725,0.04068522483940214,0.0946029043091623,-0.004730145215453813,FLAT
RAYMOND,1330,-0.7142857142859927,0.19913122999542754,0.28910314940529536,-0.36866594762910837,-0.0425692933497347,0.0384615384615422,0.06621890076625159,-0.03783937186641412,FLAT
RAYMOND,1330,-1.0,0.8614223645094901,0.25245999416382875,-0.6730362292242998,-0.19876952200661704,0.04862579281184298,0.10884997633697027,-0.14197823000473261,FLAT
RAYMOND,1331,0.8181818181819686,0.6699451052150046,0.2451619429717773,-0.47864275579419346,-0.0946073793755913,0.012605042016804836,0.05203405865657091,-0.13718070009461167,FLAT
RAYMOND,1331,0.052631578947318035,0.4621046578493387,0.25705010493053293,-0.42004558620547344,-0.05203405865657091,0.02553191489361315,0.08987701040681603,-0.1466414380321622,FLAT
RAYMOND,1332,0.6923076923079076,0.6062919269026139,0.24386749753368517,-0.1644328345777569,-0.033106318577365595,0.021186440677966184,0.061483163072253454,-0.08040105940220738,FLAT
RAYMOND,1332,-1.0,0.7731443837844116,0.24655820174039594,-0.03722324641312035,0.01419916698221232,0.06198347107438063,0.10412722453615193,-0.13252555850057657,FLAT
RAYMOND,1333,1.0,0.3107792813812412,0.2699771703544666,-0.0874037195994207,0.03309692671393939,0.016326530612248914,0.09929078014183966,-0.1702127659574425,FLAT
RAYMOND,1333,0.25000000000007105,0.4447816950735466,0.2630111518925329,-0.08046622399957491,-0.009456264775405112,0.027718550106614438,0.07565011820330539,-0.1702127659574425,FLAT
RAYMOND,1334,1.0,0.19158878504672897,0.24724461392681463,-0.07303651697679765,0.0,0.03433476394849664,0.03782505910166344,-0.16548463356973994,FLAT
RAYMOND,1334,-1.0,0.11255715793176223,0.24222677086377722,-0.09248997270217788,-0.004730368968775263,0.0131578947368404,0.04730368968779565,-0.17975402081363206,FLAT
RAYMOND,1335,-0.714285714285343,0.20192986585078843,0.23777773997764914,-0.0917164421564407,-0.06626277925026676,0.008810572687216904,0.06626277925028828,-0.12305944717911604,FLAT
RAYMOND,1335,-0.8000000000001819,0.15066713897744716,0.2125703049926694,0.1517883005487302,-0.014199839068499169,0.05022831050229069,0.09466559378993707,-0.1277985516164064,FLAT
RAYMOND,1336,0.7333333333335759,0.2161137440758294,0.2138740487264006,0.021426315696275844,0.0,0.03370786516854001,0.07095553453169347,-0.1466414380321622,FLAT
RAYMOND,1336,-1.0,0.10716837342224339,0.2188833517313282,-0.020291601594578015,-0.05679666792880623,0.06843267108167748,0.05679666792880623,-0.02366527830367285,FLAT
RAYMOND,1337,1.0,0.442077549066539,0.24432233976519713,-0.017261258546547725,0.028368794326236835,0.016877637130805978,0.10401891252954222,-0.250591016548472,drift
RAYMOND,1337,-0.20000000000012128,0.10452793834296724,0.26677235236652425,0.22907689142987908,0.05676442762534617,0.002141327623124462,0.07095553453169347,-0.06622516556291821,FLAT
RAYMOND,1338,0.0,0.5608337372758119,0.24756317634092187,0.14691198146446208,-0.052036520175973745,0.03555555555555461,0.10407304035194749,-0.08988126212214821,FLAT
RAYMOND,1338,-1.0,0.39233753637245394,0.231760260489048,-0.035953559801649056,-0.04730368968779565,0.0023094688221688632,0.04730368968779565,-0.14191106906338694,FLAT
RAYMOND,1339,-1.0,0.23386705482775352,0.22820538539853258,-0.18633510625010852,-0.04730368968779565,0.0382775119617214,0.04257332071902039,-0.14191106906338694,FLAT
RAYMOND,1339,-1.0,0.16502851595680135,0.22594771042097905,-0.20800500545855855,0.0,0.004950495049500604,0.04730368968779565,-0.09933774834436657,FLAT
RAYMOND,1340,-1.0,0.7501820830298617,0.21792326902643014,-0.4081739924004087,0.02839027160026067,0.09424083769633651,0.03312198353363386,-0.08990252673417673,FLAT
RAYMOND,1340,-0.5918367346938851,2.345103749544958,0.21171597429703348,-0.7586770439480016,-0.12796208530804826,0.1195928753180665,0.2322274881516631,0.11848341232227488,FLAT
RAYMOND,1341,0.4999999999998376,1.1414361960213488,0.2036509331527953,-0.6131349723830714,-0.1373691440481309,0.11392405063291663,0.1326322770119929,-0.004736867036137987,FLAT
RAYMOND,1341,-0.5172413793101718,0.6290498725882782,0.2030695611305115,-0.6824472942212201,-0.09000900090009431,0.1355498721227618,0.13738215926856276,-0.014211947510549145,FLAT
RAYMOND,1342,0.7272727272725393,0.3588249575139597,0.22538231392751348,-0.7300706880162183,-0.10886543285843622,0.1017369727047301,0.10413215316892215,-0.0804657547214379,FLAT
RAYMOND,1342,-0.6296296296296047,0.5740673228824887,0.24428914706370916,-0.8550780109638565,-0.18957345971563982,0.1913875598086241,0.12796208530804826,0.03791469194313658,FLAT
RAYMOND,1343,0.5833333333333491,0.14525547445255474,0.23914504721283017,-0.826477192147551,-0.11840484986265036,0.13882352941177428,0.11366865586814866,-0.06630671592308851,FLAT
RAYMOND,1343,0.40000000000009095,0.6162847391516334,0.23532779472977627,-0.6205266619952073,-0.12314104385715208,0.13679245283019076,0.0947238798901203,-0.06630671592308851,FLAT
RAYMOND,1344,0.1538461538461942,0.4184171958964338,0.2312502448513655,-0.5463393438844659,-0.11839924224484963,0.09359605911331043,0.1231352119346393,-0.06156760596733043,FLAT
RAYMOND,1344,-0.6666666666669193,0.08452424575546598,0.23562346323172145,-0.5173715643827899,-0.1800777177518805,0.17500000000000795,0.05686664771110882,0.05686664771113036,FLAT
RAYMOND,1345,-0.8260869565219111,0.8072318592719276,0.20852978096931227,-0.4824753289161392,-0.15164439389632609,0.12928759894459932,0.1089944081129837,0.0,FLAT
RAYMOND,1345,-0.4285714285713358,0.5739811528576674,0.2015090171635678,-0.12906774402269713,0.0,0.20000000000000506,0.06635071090047824,0.06161137440759156,FLAT
RAYMOND,1346,1.0,0.3251593918587543,0.19537649228010473,-0.2008543420122759,-0.009474631673685067,0.14285714285714649,0.07579705338954516,0.014211947510527602,FLAT
RAYMOND,1346,1.0,0.5383669454008854,0.1900626457234257,0.05370512242545947,0.0662784642333045,0.0773480662983383,0.10888604838328748,-0.10888604838328748,FLAT
RAYMOND,1347,-0.9200000000000728,0.4706462752836704,0.1939758913383314,-0.14565391280049633,-0.14220031284068826,0.13917525773196535,0.11850026070057355,0.09954021898849903,FLAT
RAYMOND,1347,1.0,0.13819625356655502,0.21290067694158946,-0.0019414772807895885,0.12307109722616251,0.0025575447570309875,0.14200511218403863,-0.09467007478935908,FLAT
RAYMOND,1348,-0.27272727272719754,0.9168954329922635,0.2117931822632301,-0.10713024253156403,0.028409090909086603,0.0606860158311414,0.10416666666667959,-0.0662878787878831,FLAT
RAYMOND,1348,-1.0,0.0406257885440323,0.22770821668045385,-0.1991954186012169,-0.018948365703462384,0.11052631578947154,0.06631927996210758,-0.023685457129322598,FLAT
RAYMOND,1349,-1.0,0.06634345496300076,0.2312331426785857,-0.2422889805673634,-0.023685457129322598,0.10582010582010785,0.04263382283278498,0.047370914258645196,FLAT
RAYMOND,1349,0.8571428571429963,0.13989769820971867,0.24130945868871265,-0.1862081931398023,0.08049623561722964,0.058201058201054506,0.06629101756712395,0.004735072683361383,FLAT
RAYMOND,1350,-0.3749999999999645,1.05384026537382,0.23386253046952396,-0.09185023657072884,0.06156760596733043,0.0708661417322797,0.07577551503669946,-0.004735969689789678,FLAT
RAYMOND,1350,0.8333333333334596,0.04296675191815857,0.26320715232613107,-0.003834350083174171,0.1183431952662722,0.013192612137203293,0.056804733727802044,-0.07100591715976332,FLAT
RAYMOND,1351,-1.0,0.17559600102537812,0.301162768153789,-0.1768174141060613,0.0047370914258602105,0.07812500000000074,0.052108005684505396,-0.0047370914258602105,FLAT
RAYMOND,1351,-0.8333333333334596,0.18338921846788755,0.32250132112600033,-0.411577906945927,-0.08054581635555164,0.08762886597938441,0.05685587036860694,-0.19899554629014582,FLAT
RAYMOND,1352,0.8000000000001819,0.7059434207111341,0.2895189957897348,-0.0765929134848614,0.06158218853624737,0.08762886597938441,0.09474182851729039,-0.22738038844150554,drift
RAYMOND,1352,0.6000000000003638,0.14283859239059862,0.2678134292909109,-0.10222098490551729,-0.08527572484364825,0.053475935828877524,0.04737540269092287,-0.24635209399281183,drift
RAYMOND,1353,-1.0,0.04963617463617464,0.2619763591044114,-0.029909979933174752,-0.09478672985781991,0.1388888888888889,0.01895734597156829,-0.09478672985781991,FLAT
RAYMOND,1353,-0.04761904761900637,0.7254414650098103,0.2598551280917674,-0.02745070081734143,-0.047393364928909956,0.1388888888888889,0.09952606635070659,0.01895734597156829,FLAT
RAYMOND,1354,-0.7142857142859618,0.9931524888069528,0.2447739359787075,-0.24369111649995975,-0.037911098474086906,0.1325966850828786,0.09951663349445121,-0.009477774618510952,FLAT
RAYMOND,1354,0.5294117647058508,0.12038988408851423,0.24246468819887457,-0.2653721626885849,-0.023680969972530073,0.07142857142856875,0.08051529790661517,0.004736193994501707,FLAT
RAYMOND,1355,-0.7142857142859927,0.7478260869565218,0.2637924007802074,-0.2988457524953264,-0.06160553502038584,0.07142857142858035,0.06634442232964131,0.10425552080372821,FLAT
RAYMOND,1355,0.7142857142859463,0.369783412572636,0.2855715826260612,-0.2216277390439488,-0.05683701984558414,0.03743315508020363,0.13261971297303685,0.014209254961385266,FLAT
RAYMOND,1356,0.7142857142855287,0.20916070955785016,0.27815932441242125,-0.11428995829355064,0.009473285335345685,0.07734806629834601,0.09946949602121587,-0.0047366426676728425,FLAT
RAYMOND,1356,-0.8461538461539538,0.036036036036036036,0.2949390348930379,-0.07361109765807378,-0.028436018957341665,0.07734806629834601,0.06161137440757001,0.09478672985781991,FLAT
RAYMOND,1357,1.0,0.5990453460620525,0.27813547418789303,-0.06580509902996998,0.03788237522493521,0.08938547486032739,0.07576475044987042,0.009470593806223036,FLAT
RAYMOND,1357,-0.20000000000012128,0.09998673915926269,0.2517667422693797,-0.10076563840188622,-0.009475978394782187,0.09444444444444339,0.07106983796076945,0.06633184876338914,FLAT
RAYMOND,1358,-0.4444444444445006,0.8416445623342175,0.2461449402544348,-0.19978784816327577,0.02842793518430347,0.09192200557103199,0.08528380555293195,0.0947597839476926,FLAT
RAYMOND,1358,-0.3333333333333333,0.15204988722303303,0.22763363782232746,-0.21101709384325434,0.02369106846718787,0.09749303621169521,0.07107320540156362,0.104240701255618,FLAT
RAYMOND,1359,0.09090909090901575,0.7926732147597558,0.2305053514776375,0.04532922259035169,0.08522727272728134,0.05347593582887492,0.10416666666665805,-0.056818181818173205,FLAT
RAYMOND,1359,1.0,0.162190906673757,0.21642527036555217,0.0776663312546522,0.028409090909086603,0.05347593582887492,0.03787878787879649,-0.07102272727272728,FLAT
RAYMOND,1400,-0.5555555555554994,0.6077230359520639,0.2332227831572009,0.15023988707029728,0.056834327934085105,0.05347593582887492,0.08525149190111687,-0.018944775978028367,FLAT
RAYMOND,1400,-1.0,0.1971755928590461,0.21932322430048312,-0.00976044837174155,-0.014211274277602175,0.029069767441859237,0.075793462813828,0.0805305542396882,FLAT
RAYMOND,1401,0.8000000000001819,0.7483337776592909,0.18421264573288482,0.16391188488698738,-0.014211947510527602,0.0059880239520901015,0.04737315836846842,0.10895826424746444,FLAT
RAYMOND,1401,-0.7037037037036413,9.128697042366108,0.11977163608757438,-1.4577125294560873,-0.17090770983668385,0.11936339522545901,0.2563615647550366,0.4272692745917205,drift
RAYMOND,1402,-0.20000000000006615,1.318774966711052,0.11444434562047165,-1.6714009290821676,-0.2658816826512375,0.18005540166203898,0.2611337954610199,0.47953660621025374,drift
RAYMOND,1402,-0.11764705882355302,2.437915448019144,0.10404258698504872,-1.7483926168642157,-0.23746200607902734,0.12941176470587637,0.1614741641337429,0.5746580547112419,UP-LEG
RAYMOND,1403,0.17073170731714352,0.899866844207723,0.10940662196923338,-1.6120312373975865,-0.12333965844401845,0.09714285714285344,0.19449715370018544,0.4316888045540754,drift
RAYMOND,1403,0.0909090909091097,1.7394310023929807,0.11808761515951588,-1.5713843567567893,-0.0047384382107614215,0.026737967914436812,0.20849128127369648,0.2463987869598094,drift
RAYMOND,1404,-0.5384615384615923,0.437017310252996,0.12234370558264379,-1.6307394013251064,-0.09478672985781991,0.03978779840848538,0.12322274881516157,0.18957345971563982,FLAT
RAYMOND,1404,1.0,0.38582467359445777,0.1225963653273786,-1.545539364157222,-0.023679848448969927,0.034300791556730895,0.08524745441630036,0.08051148472648914,FLAT
RAYMOND,1405,1.0,1.5161118508655127,0.11681555364841141,-1.0513258366131264,0.047339519030486645,0.05670103092783849,0.11834879757621662,0.004733951903044359,FLAT
RAYMOND,1405,0.23809523809503186,0.5094590993871569,0.1144598053460495,-0.9867208282930349,0.02841447243795743,0.04060913705583235,0.09945065353286177,0.1610153438151208,FLAT
RAYMOND,1406,-0.7142857142859618,0.5827779258864303,0.11480059199588692,-1.2163942395777876,0.009473734072275974,0.005128205128200105,0.09947420775898388,0.17052721330111834,FLAT
RAYMOND,1406,-0.4545454545454295,2.143884892086331,0.10374512087263874,0.03573659390523631,0.2651515151515108,0.007792207792211964,0.1562500000000086,0.0946969696969697,FLAT
RAYMOND,1407,-0.5384615384613232,0.5531858171154359,0.0949601387393943,0.02840426707775354,0.27462121212122076,0.06406685236768887,0.061553030303038915,0.14204545454545456,FLAT
RAYMOND,1407,-1.0,0.44426666666666664,0.08777309565096736,-0.007006075669232967,0.3030303030303073,0.018181818181814174,0.08049242424241564,0.23674242424242425,drift
RAYMOND,1408,-0.294117647058855,0.1475060016004268,0.09326898674349911,-0.051651352405894274,0.2177411720155216,0.018181818181814174,0.0804695635709466,0.25560920193127384,drift
RAYMOND,1408,0.14285714285701911,0.1974942745520679,0.09310916204326036,-0.08124274615781905,0.1088654328584147,0.052959501557623134,0.0993988734794296,0.2082643063378658,drift
RAYMOND,1409,-0.567567567567448,0.5868263473053892,0.09598677090589897,-0.10029127024224878,0.03790032215274691,0.005882352941170806,0.17528898995640602,0.3647906007200975,drift
RAYMOND,1409,-0.5833333333333491,0.38392124692370794,0.09669085140976393,-0.23381644341398775,-0.04738213693437574,0.04191616766467098,0.11371712864250609,0.22743425728501218,drift
RAYMOND,1410,-0.7599999999998545,0.6802197802197802,0.09598671136468,-0.6783611984773421,-0.06631927996210758,0.014925373134327548,0.11842728564661299,0.1468498342017958,FLAT
RAYMOND,1410,0.10344827586197164,1.1914137270987148,0.09873659546681643,-0.6755391334151102,0.05206607658446107,0.005847953216368671,0.13726511099541303,-0.009466559378985096,FLAT
RAYMOND,1411,0.1764705882351053,0.3607142857142857,0.10224580549114579,-0.5743252950242388,0.09937535491197752,0.0662650602409551,0.08044671588114106,-0.056785917092552436,FLAT
RAYMOND,1411,0.3469387755102533,2.419469510527755,0.12353478864613264,-0.17142563194151375,0.1607261038101584,0.1371428571428552,0.2316346790205205,-0.17018058050486476,FLAT
RAYMOND,1412,-0.03448275862065721,1.819270549809472,0.1251444858219238,-0.12442079160169081,0.2031848036667855,0.1492957746478848,0.13703161177527243,-0.1842838916977787,FLAT
RAYMOND,1412,-0.680000000000291,3.9056985046477166,0.12140125703723881,-0.5298155375799076,0.2691599376682164,0.18801089918254302,0.11805260424044955,-0.14166312508853948,FLAT
RAYMOND,1413,0.294117647058855,0.4833968426782798,0.11271094505280575,-0.49254654176817253,0.21255491001842142,0.19452054794519572,0.08029852156250618,-0.06140475178308664,FLAT
RAYMOND,1413,-0.03225806451610064,0.6357670221493027,0.11336698231248733,-0.5021017026482877,0.13707695216487478,0.1473684210526239,0.1465305350727883,0.04726791453961052,FLAT
RAYMOND,1414,-1.0,0.3695054945054945,0.12177131009816267,-0.5172325285821074,0.15137180700093747,0.09644670050761527,0.08987701040681603,0.13718070009461167,FLAT
RAYMOND,1414,-1.0,0.84565606498692,0.11452987524702053,-0.6119517608875724,0.12776831345825376,0.046153846153837545,0.08517887563885018,0.32178686352452124,drift
RAYMOND,1415,-1.0,0.1882417885730058,0.12156638529538588,-0.5611796926065822,0.07100591715976332,0.059740259740263056,0.06627218934911673,0.18461538461538893,FLAT
RAYMOND,1415,1.0,0.44416839199447894,0.1339557022547961,-0.4981408148770114,0.10874704491726629,0.092731829573929,0.1182033096926714,0.16548463356973994,FLAT
RAYMOND,1416,1.0,0.07095527332965212,0.13643659386337384,-0.49880097307211724,0.07093204709887928,0.08728179551122116,0.0662032439589368,0.13713529105783756,FLAT
RAYMOND,1416,1.0,0.09005524861878453,0.15291547625440632,-0.6367039267292501,-0.06622516556291821,0.10101010101010008,0.05203405865657091,0.12771996215703965,FLAT
RAYMOND,1417,1.0,0.6520176893311221,0.160263433738054,-0.5046528677983234,-0.06146572104019772,0.08247422680411863,0.12293144208037396,0.13711583924350312,FLAT
RAYMOND,1417,1.0,1.0693370165745857,0.17001512387349368,0.1823746628083154,-0.03306565895133765,0.1616161616161643,0.1369863013698673,0.0,FLAT
RAYMOND,1418,1.0,0.8629076838032061,0.16608163952029922,0.3018416451420597,0.04249291784702979,0.18226600985221939,0.11803588290840415,-0.009442870632663743,FLAT
RAYMOND,1418,-0.12500000000017764,0.5465100207325501,0.16873735465944817,0.29349170105226186,0.07085163667280715,0.15942028985506992,0.07557507911765665,0.0,FLAT
RAYMOND,1419,0.1818181818182006,0.9737351396184684,0.16159996571784413,0.38580599640536034,0.2124144441822044,0.15738498789346178,0.10384706160020168,-0.02360160490913382,FLAT
RAYMOND,1419,-0.6097560975608782,0.9058432567155913,0.17739227794087256,0.4295431134334402,0.0992766983406781,0.0741573033707906,0.19382593485557173,-0.13709639294663126,FLAT
RAYMOND,1420,-0.599999999999909,0.761997226074896,0.1815520464337638,0.3830378638292741,0.07568232344732553,0.05986696230598218,0.0946029043091623,0.08041246866280086,FLAT
RAYMOND,1420,-1.0,0.16349228416516057,0.19147599859844272,0.2820762901239888,-0.1183431952662722,0.032397408207343284,0.0757396449704099,0.0852071005917246,FLAT
RAYMOND,1421,-1.0,0.2572463768115942,0.19264858869876011,0.23102232358407315,-0.12784090909090048,0.023554603854387637,0.08049242424241564,0.11837121212121213,FLAT
RAYMOND,1421,0.45454545454560485,0.8850174216027874,0.19518805374592527,0.3863570929980191,-0.10417653186853953,0.1273584905660396,0.10417653186856107,0.1752059854152769,FLAT
RAYMOND,1422,0.3636363636364764,0.6300529690549206,0.20863780505225,0.288721920270923,-0.12308274947926097,0.14485981308411944,0.10414694186706203,0.1372846051884156,FLAT
RAYMOND,1422,0.34999999999990905,0.6619915848527349,0.2798151745501677,0.09362568554128602,-0.10876247221829018,0.20449438202247194,0.18915212559701142,-0.0331016219794684,FLAT
RAYMOND,1423,-0.8888888888884959,0.6065481230595541,0.28296547150902324,-0.2258836938313437,-0.10397958219112477,0.18055555555556052,0.0850742036109359,-0.0047263446450687115,FLAT
RAYMOND,1423,0.2631578947365902,0.37395612172682235,0.2818183669678001,-0.18909082083516857,-0.023622791269016348,0.14903846153845912,0.08976660682226642,-0.08504204856844597,FLAT
RAYMOND,1424,0.16666666666669824,0.5633162975582056,0.2626904430167355,-0.21055343243998823,-0.0755822192829094,0.16626506024096788,0.11337332892437484,-0.05668666446219816,FLAT
RAYMOND,1424,1.0,6.0481245576786975,0.20052087673388042,0.9727596370515621,0.2216981132075386,0.19721577726218348,0.09433962264150944,-0.2500000000000086,drift
RAYMOND,1425,-0.8947368421051246,1.39232289020604,0.20858754195418105,0.8518929342044561,0.10867510867511726,0.0873362445414861,0.17955017955018812,-0.11340011340011769,FLAT
RAYMOND,1425,1.0,0.340552016985138,0.20692258898210722,0.931514101423223,0.28321925890960586,0.14649681528662925,0.09440641963653527,-0.2124144441822044,drift
RAYMOND,1426,0.04761904761900637,0.20414537194775695,0.20984502161703972,0.996792667239456,0.2644503211182428,0.1368421052631605,0.09916887041933836,-0.08972421609369527,FLAT
RAYMOND,1426,-1.0,0.33025436975984085,0.2085934470927203,0.89502042612114,0.23149241744222782,0.0989473684210507,0.06141635564795115,-0.0803136958473009,FLAT
RAYMOND,1427,0.8571428571429963,0.2790896159317212,0.21458448194709373,0.8991862198013256,0.259691203550687,0.12114989733059893,0.06610321544927007,-0.10859813966665952,FLAT
RAYMOND,1427,-0.6666666666669193,0.682815616984896,0.21131714546231986,0.7750805065341738,0.1086443079830034,0.10080645161290433,0.056683986773727824,-0.0944733112895607,FLAT
RAYMOND,1428,0.043478260869719954,0.9888666856979732,0.20865052946897392,0.8814347572148464,0.09443762394938142,0.10441767068273697,0.10860326754179722,-0.08499386155445188,FLAT
RAYMOND,1428,-0.5555555555554994,0.1405312767780634,0.21218043502276293,0.847582735898659,0.02361721222426905,0.08730158730158895,0.08502196400737717,-0.0991922913419257,FLAT
RAYMOND,1429,0.4285714285713358,1.9343419925777905,0.1977667846695668,0.9592214335000117,0.05193578847969354,0.14574898785424573,0.06610009442871062,-0.13692162417375311,FLAT
RAYMOND,1429,-0.9649122807017851,2.6719863208891423,0.19678430621247964,-0.5183230616009181,-0.3597803446316942,0.03473491773309107,0.2698352584737653,0.16095436470365893,FLAT
RAYMOND,1430,1.0,0.8181558664002284,0.21119598426594838,-0.1841242263586553,-0.028358067870304805,0.08333333333333597,0.14651668399661422,0.009452689290094437,FLAT
RAYMOND,1430,-0.3636363636361945,0.25164238788917453,0.20964451635919884,-0.25322715132631374,-0.19864730643711004,0.027874564459936385,0.10405335099088459,0.08040486212930133,FLAT
RAYMOND,1431,-0.636363636363937,0.09374106887682195,0.2093963516552824,-0.2642739158976642,-0.14660676282808746,0.0227670753064829,0.05202175455189922,0.9789548356585396,UP-LEG
RAYMOND,1431,0.0,5.525564124535847,0.17456646947098098,-0.21936495448199866,-0.056724178681154244,0.0017889087656513217,0.2930749231859994,0.8697707397778346,UP-LEG
RAYMOND,1432,-1.0,0.42812232066304656,0.17390678620445726,-0.3240617863298293,-0.12291400746938538,0.018115942028985567,0.05672954190894048,0.7469389684678166,UP-LEG
RAYMOND,1432,-1.0,1.0842616395315625,0.16560659776037323,-0.45748015415527044,-0.14191106906338694,0.06715063520870769,0.11825922421948912,0.9082308420056677,UP-LEG
RAYMOND,1433,0.333333333333207,1.631458749643163,0.16221883744924598,-0.36421235530979185,-0.09925792881790253,0.02491103202847125,0.11343763293473041,0.4868365080115415,drift
RAYMOND,1433,-1.0,0.8063410454155956,0.1600902944481562,-0.47271429499155176,-0.10875732929826588,0.01438848920862821,0.08038585209002355,0.4870436920748878,drift
RAYMOND,1434,0.499999999999621,0.8408116604744212,0.16149053687267526,-0.5395298738129466,-0.10871106489578777,0.030965391621126218,0.05671881646735446,0.58136786879048,UP-LEG
RAYMOND,1434,-0.7333333333335759,0.24455899198167239,0.19350912494772168,-0.1470115986639441,0.10876247221826867,0.02722323049001842,0.07093204709887928,0.5863715893507396,UP-LEG
RAYMOND,1435,-1.0,0.5781922525107605,0.1819452427299235,-0.37769712126458155,-0.08514664143804078,0.02722323049001842,0.07568590350046873,0.7568590350047304,UP-LEG
RAYMOND,1435,-1.0,0.4743718592964824,0.16663494721231797,-0.44104458946404507,-0.0141911069063473,0.01901140684410666,0.06149479659414295,1.116367076631973,UP-LEG
RAYMOND,1436,0.777777777777497,0.28218390804597704,0.17139273936018676,-0.39226848589452457,0.05671881646735446,0.01851851851851883,0.08507822470105317,0.9216807675946496,UP-LEG
RAYMOND,1436,1.0,0.9831630450424521,0.16477354707025776,-0.22210991860077822,-0.02364066193853428,0.01851851851851883,0.04728132387706856,0.7092198581560284,UP-LEG
RAYMOND,1437,0.4999999999998579,1.492816091954023,0.1520496597911645,-0.03463192995301978,0.014180374361870259,0.011194029850744781,0.07562866326337253,0.29778786159955484,drift
RAYMOND,1437,-0.8000000000001819,0.1605986472873795,0.1538906355581699,0.12301260703828915,0.04728132387706856,0.03831417624521153,0.04728132387706856,0.20803782505910595,drift
RAYMOND,1438,1.0,0.1510521764197175,0.16148812792016423,0.05926497053051877,0.014177693761823342,0.03831417624521153,0.05671077504725039,-0.1890359168241966,FLAT
RAYMOND,1438,-1.0,0.33780470214914177,0.16193539084114122,0.13863596176332282,0.009456264775405112,0.04015296367112728,0.04728132387706856,0.06146572104019772,FLAT
RAYMOND,1439,-0.7500000000002842,0.43389145496535797,0.1689970045109836,0.01268420956345337,-0.028367453075500405,0.06666666666667023,0.03782327076734821,0.18438844499078488,FLAT
RAYMOND,1439,0.5555555555560047,0.5304410701373825,0.1515407700368503,0.09301214526338208,0.05198979109558388,0.010309278350515658,0.04253710180546795,0.11343227148121922,FLAT
RAYMOND,1440,1.0,2.7575057736720554,0.11360912265351607,0.5990461733352196,0.0945179584120983,0.04000000000000306,0.08506616257089707,0.04253308128544853,FLAT
RAYMOND,1440,1.0,0.8728850325379609,0.09975255244997688,0.7854367306952412,0.0945179584120983,0.07625272331154896,0.023629489603024575,-0.051984877126649766,FLAT
RAYMOND,1441,1.0,18.72459584295612,0.11821426613064911,2.104108980124449,0.9132633945297866,0.3591331269349898,0.9226301985762374,-1.0303484451105283,DOWN-LEG
RAYMOND,1441,-0.36666666666663633,7.401125054089139,0.11384688048650451,1.6899601950820409,0.885702235343741,0.33637747336378127,0.2811753128075355,-0.9466235531187157,DOWN-LEG
RAYMOND,1442,-0.07407407407408967,4.550014413375613,0.11120089403348977,1.5948930405090895,0.7273239172258459,0.2754050073637727,0.25339026793675057,-0.7836328656562255,DOWN-LEG
RAYMOND,1442,1.0,4.444956108792632,0.1056070604844831,1.819390232236153,0.8531783236452194,0.27326440177253025,0.16407275454715922,-1.0781923870241892,DOWN-LEG
RAYMOND,1443,-0.6216216216216017,2.8281609195402297,0.11826592184023602,1.6328714077883986,0.4703668861712135,0.13821138211382175,0.3480714957667023,-0.7055503292568204,DOWN-LEG
RAYMOND,1443,-0.9444444444444936,3.098348887293611,0.1129488093504114,1.363121517510497,0.47527175191755255,0.11502029769959603,0.16940379276268924,-0.6399698837701713,DOWN-LEG
RAYMOND,1444,1.0,1.68493543758967,0.11630820101016578,1.4659196501057399,0.6062030075188013,0.14509803921568767,0.14097744360902253,-0.733082706766913,DOWN-LEG
RAYMOND,1444,-0.636363636363937,0.5217516152189519,0.11541682127884019,1.5830334237004648,0.5312397160453071,0.0955585464333785,0.051713600676973774,-0.6299656809741006,DOWN-LEG
RAYMOND,1445,1.0,2.2525107604017216,0.11732220007813429,1.515774395554229,0.6572769953051643,0.18478260869565344,0.14084507042253522,-0.7981220657276996,DOWN-LEG
RAYMOND,1445,1.0,4.13659793814433,0.1275887284041332,1.6470129788990693,1.0104790419161636,0.24146649810366816,0.3461826347305432,-1.1742140718562832,DOWN-LEG
RAYMOND,1446,-0.13043478260876443,3.5447270648756786,0.12221521775748519,0.2833997293404326,0.0,0.2183622828784135,0.21543649306858206,-1.0443986511802046,DOWN-LEG
RAYMOND,1446,-1.0,2.4644387317909167,0.12901278715558398,0.2882969403049689,-0.18309859154930005,0.15665488810365585,0.21596244131454972,-0.6713615023474264,DOWN-LEG
RAYMOND,1447,-1.0,7.804167856123323,0.1318466983896609,-0.19815125983136056,-0.4335736839624778,0.04357298474945612,0.3864461096187293,-0.30161647579999484,drift
RAYMOND,1447,0.8695652173914205,5.292390994585352,0.12608943733032535,-0.17491868200109653,-0.6511276776446034,0.02569593147751751,0.21704255921486784,-0.22647919222422297,drift
RAYMOND,1448,-0.5384615384615026,7.487908961593172,0.12530625714410093,-0.2896362808789725,-0.6628787878787878,0.058000000000002876,0.3693181818181904,0.08996212121212552,FLAT
RAYMOND,1448,0.08108108108113422,2.536308085832031,0.12732908144358812,-0.12116666716384074,-0.4158200633180422,0.007722007722005231,0.17483343571326457,-0.06615319189151306,FLAT
RAYMOND,1449,1.0,1.9085746734809768,0.12923110927256523,-0.10652044883182821,-0.4247286455875413,0.009487666034155795,0.12741859367625383,0.19820670127417733,FLAT
RAYMOND,1449,-1.0,1.3687190375088465,0.12808943418801338,-0.1649507198366926,-0.4201680672268951,0.057654075546718066,0.0849778113492674,0.3587952034746655,drift
RAYMOND,1450,-0.24999999999995262,1.1843070843917585,0.13219978095541018,-0.3042440484980858,-0.6188294203788515,0.011167512690354665,0.11337332892437484,0.486560536633744,drift
RAYMOND,1450,-0.3333333333333333,1.2653576437587657,0.13473801546971012,-0.549277086394118,-1.0733368007943551,0.006060606060605281,0.1418506785190789,0.4491938153104166,drift
RAYMOND,1451,0.05555555555538011,1.2656816281014776,0.1344821466976381,-0.5202961286806798,-1.0410751466969526,0.012935323383086622,0.17035775127767885,0.4258943781942079,drift
RAYMOND,1451,0.7894736842102492,0.8959326788218794,0.1469715433714495,-0.344695479963098,-0.7711595779912089,0.018000000000002146,0.08988976675971476,0.44471779344278245,drift
RAYMOND,1452,0.9166666666667456,1.2330638416504043,0.1503948181161289,0.13427860657852175,-0.3547105561861521,0.00895522388059804,0.11350737797957296,0.5817253121452765,UP-LEG
RAYMOND,1452,-1.0,1.9113588850174217,0.1623552531777681,-0.2118317801263431,-0.4359776324519133,0.03675048355899641,0.22746659084447837,0.50706094209081,UP-LEG
RAYMOND,1453,-0.47826086956523456,1.5571348940914158,0.15001995524252054,-0.03947144332787722,-0.047370914258645196,0.045853658536584,0.10895310279487101,0.6631927996210327,UP-LEG
RAYMOND,1453,-0.12500000000017764,0.8889198606271776,0.1553111554421705,-0.05674476444966256,-0.2273265451101199,0.03232125367287169,0.07577551503669946,0.7435472412976472,UP-LEG
RAYMOND,1454,-0.06666666666660603,2.1031215161649945,0.1487320269411423,-0.1662413298386026,-0.31244082560120756,0.03232125367286709,0.14201855709145994,0.9325885249005784,UP-LEG
RAYMOND,1454,-1.0,2.2093702210482413,0.14490458577566978,-0.20755424922723256,-0.21289681600984056,0.009765625000000035,0.014193121067331312,0.8468562236835925,UP-LEG
RAYMOND,1455,0.0,0.5144927536231884,0.14402439789766044,-0.19354919947063426,-0.1845716990061567,0.009765625000000035,0.05679129200188444,0.9133932796971217,UP-LEG
RAYMOND,1455,-0.8181818181819686,0.7949825783972125,0.13434859353337333,-0.20533528114637514,-0.11360946745562561,0.01457725947521871,0.05207100591715545,0.9514792899408242,UP-LEG
RAYMOND,1456,0.0,0.5556175076665737,0.13724742765974926,-0.20965817720380645,-0.014198494959521375,0.027559055118107575,0.04732831653178096,1.0080931421269215,UP-LEG
RAYMOND,1456,0.8285714285713246,2.4409756097560975,0.1301565647572058,-0.13747600958178277,0.09453136077893842,0.00675024108003683,0.16542988136314224,0.765704022309414,UP-LEG
RAYMOND,1457,0.5,1.1028428093645486,0.12518747460721602,-0.16821731739464746,0.05199716379106164,0.0009680542110349402,0.09454029780193808,0.6665090995036591,UP-LEG
RAYMOND,1457,0.6799999999999272,2.093980258584735,0.13018328297193102,0.007237288484828497,0.20807717771683018,0.0038610038610047423,0.11822566915728742,0.58639931902015,UP-LEG
RAYMOND,1458,0.22580645161299787,0.5897435897435898,0.1299696326724251,0.05263994119227535,0.1371871895548555,0.02032913843175135,0.1466483750413884,0.7616254316665836,UP-LEG
RAYMOND,1458,0.6111111111112023,3.094953426942861,0.1121746532461094,0.15332142392368475,0.16076410232162705,0.0009680542110349402,0.1702208142228904,0.8511040711144734,UP-LEG
RAYMOND,1459,0.8260869565216962,4.433287101248267,0.12630231562130112,0.33275168428395324,0.5086661642803187,0.07264573991031338,0.4333082140165702,0.5086661642803402,UP-LEG
RAYMOND,1459,0.13725490196084025,2.9673220714483524,0.1271665626904916,0.45963806394379375,0.5691974785963103,0.08818342151675514,0.23990968106124325,0.41866591400882663,drift
RAYMOND,1500,0.636363636363436,2.246336743157313,0.12345639804792106,0.5375532589749697,0.6675441895449332,0.09773123909249451,0.15513350883791754,0.5077096652877107,UP-LEG
RAYMOND,1500,-0.7499999999999467,4.324533517622668,0.11597424631178738,0.3966113644845361,0.560158162304655,0.0715502555366282,0.3012615326680517,0.5460365279608317,UP-LEG
RAYMOND,1501,-0.5555555555556959,1.1066887783305694,0.11818088904165572,0.4637862821435203,0.4382244840259979,0.12948207171314788,0.16963528413909665,0.7350862312694546,UP-LEG
RAYMOND,1501,-0.575757575757651,2.037845303867403,0.11594946947695758,0.27593708604116063,0.34854693608403237,0.10800000000000182,0.1554330931185402,0.7018039658989257,UP-LEG
RAYMOND,1502,0.9512195121949488,1.0850358917725014,0.12629971450003083,0.30290023211801154,0.5266375135185883,0.04365079365079467,0.1927869469130749,0.9968495791602142,UP-LEG
RAYMOND,1502,-1.0,1.206625258799172,0.13416259999297253,0.1481658728254967,0.2970437078598793,0.11770334928229455,0.32061860530905406,0.9948606723560708,UP-LEG
RAYMOND,1503,0.6,2.0623792437206734,0.1436695601469088,0.22140421503204752,0.5223529411764664,0.00986193293885605,0.2352941176470588,0.8799999999999913,UP-LEG
RAYMOND,1503,0.529411764705788,3.9314332920280877,0.1382784075221156,0.237843302887323,0.578224896577648,0.02044790652385513,0.15983452425724387,1.010718315156074,UP-LEG
RAYMOND,1504,1.0,6.309340659340659,0.13668259259696078,0.3857671841224839,0.41742882604005865,0.0391595033428838,0.30955396088363163,0.7457436330378543,UP-LEG
RAYMOND,1504,-0.25000000000007105,3.5310363686081487,0.13037526700474966,0.30364227433627694,0.27209607806341374,0.04314477468839915,0.15012197410395092,0.8350534809532831,UP-LEG
RAYMOND,1505,0.3600000000000364,2.973870440936309,0.12367162572507663,0.2876244688013976,0.23917835201427395,0.02252693437806263,0.23448858040613418,0.9707827228813871,UP-LEG
RAYMOND,1505,0.0,2.6355920786743905,0.11849109313349233,0.5195850387994349,0.38450717434117127,0.05274261603375568,0.1312951327018748,1.1441432992591247,UP-LEG
RAYMOND,1506,0.4385964912279694,4.653240864230462,0.11211993763333487,0.6803121346473227,0.562271577171774,0.010638297872340528,0.26707899915660543,1.0214600318620646,UP-LEG
RAYMOND,1506,-0.6842105263158147,2.128,0.11132720285594638,0.6682311694641455,0.4127773347718083,0.020856201975851942,0.17824475819690075,1.4165767625123042,UP-LEG
RAYMOND,1507,0.9148936170211655,2.555585177286057,0.11308374387516149,0.8272986216771596,0.13617580766341525,0.09026963657678644,0.2206987227648513,1.882982719759575,UP-LEG
RAYMOND,1507,-0.48148148148158126,1.623767652544631,0.11781302205286616,0.9144803439752185,0.28678890456040945,0.08899297423887567,0.1269393511988631,1.6831217677480106,UP-LEG
RAYMOND,1508,1.0,2.1720372836218376,0.11956391042202862,1.023451586515383,0.2347417840375587,0.2222222222222247,0.18779342723004694,1.4084507042253522,UP-LEG
RAYMOND,1508,0.6271186440678332,6.777718691837277,0.11584532484632341,1.113643619069604,0.26724178348728367,0.20854271356784068,0.276618688171039,0.9423789207182666,UP-LEG
RAYMOND,1509,0.04761904761900637,3.4236793204141227,0.10205321431648068,0.6888499587831285,0.0890346766635469,0.19230769230769454,0.09840674789127972,1.2417994376757264,UP-LEG
RAYMOND,1509,0.333333333333207,3.531113175003317,0.09684687353682292,0.8482368090907534,0.14521946877780997,0.21181001283697393,0.11242797582798948,1.648943645477129,UP-LEG
RAYMOND,1510,0.2,7.439522546419098,0.09254453501875416,0.8625145405855521,0.2666043030869887,0.26408010012515803,0.23386342376052385,1.262862488306829,UP-LEG
RAYMOND,1510,0.12000000000007276,1.120275825487336,0.09546424775851751,0.8771243867882358,0.1591760299625511,0.26408010012515803,0.11704119850187267,1.3670411985018642,UP-LEG
RAYMOND,1511,1.0,1.8024396711747548,0.09349318056345843,0.832270189512877,0.16839741790627577,0.30750000000000804,0.11226494527084342,1.4267003461502477,UP-LEG
RAYMOND,1511,-0.14285714285714285,3.5135135135135136,0.08982370833081259,0.9049084582383027,0.2853133769878348,0.3048933500627417,0.16370439663236672,1.3891487371375033,UP-LEG
RAYMOND,1512,0.6718750000000189,18.007148530579826,0.08048243975880784,1.3536421824313656,0.8519949718329615,0.3768278965129413,0.5959309092602161,0.842683551375758,UP-LEG
RAYMOND,1512,-1.0,3.3161648177496037,0.07843584833403694,1.169505799606964,0.700280112044818,0.35099337748345133,0.2801120448179272,1.1204481792717087,UP-LEG
RAYMOND,1513,0.14285714285700366,1.8548089591567853,0.07489964961773994,1.0625590495235693,0.6390819610952941,0.357377049180333,0.13061529131875646,1.0076036758875013,UP-LEG
RAYMOND,1513,0.265306122448919,5.4648926360163355,0.07744046661405185,0.8763552471819412,0.7353283380648638,0.38750000000000545,0.4560897286731597,0.777214129473648,UP-LEG
RAYMOND,1514,-1.0,4.0576923076923075,0.07297690436945095,0.5898745752067913,0.6517690875232774,0.37160751565762723,0.16759776536312426,2.476722532588446,UP-LEG
RAYMOND,1514,0.5200000000000727,1.7837481891215594,0.0758172482149905,0.5859206820551282,0.6839117893365717,0.3722627737226373,0.11631152879873453,2.5821159393319064,UP-LEG
RAYMOND,1515,0.6326530612244595,2.3589676060047404,0.08075230164904339,0.5744916058449615,0.6967022758941013,0.4048582995951484,0.22758941012541062,1.8810961449140733,UP-LEG
RAYMOND,1515,0.25925925925920934,6.820143884892087,0.08200204085521717,0.6562184617061319,0.9735744089012517,0.4349951124144742,0.12517385257300964,3.4306907742234585,UP-LEG
RAYMOND,1516,-1.0,2.437889812889813,0.08320997503704496,0.4069186688170009,0.8441558441558358,0.4188532555879556,0.0927643784786642,2.402597402597411,UP-LEG
RAYMOND,1516,1.0,5.979483184002078,0.08471595357261823,0.7177369240017449,1.1146570463900796,0.4369114877589526,0.26825771240921914,2.326441885204208,UP-LEG
RAYMOND,1517,0.2952380952380433,12.125875940825331,0.08272352057003245,0.28134367923937637,1.0047472000737305,0.47711267605634256,0.48393787159515145,1.8205281836198555,UP-LEG
FILATEX,0930,-0.8933333333333167,2.0136950904392763,0.040116315106003775,1.0997209166261979,2.5585085283617595,0.48637015781922344,0.7437524791749306,0.7933359777865898,UP-LEG
FILATEX,0930,0.2799999999999727,1.1889809156213145,0.03857306310151559,0.7954641518143483,1.5076373735369928,0.49279538904898823,0.49593334655822263,0.2777226740726058,drift
FILATEX,0931,-0.392405063291121,1.7770732609442288,0.03769129290384067,0.7386382337711309,1.235798285828193,0.4405594405594387,0.7873231014550589,0.21925453458241864,drift
FILATEX,0931,0.39393939393942523,0.7809853114613488,0.03691409808921849,0.8541280566024202,0.8877805486284295,0.46932952924393534,0.3291770573566068,0.06982543640897075,FLAT
FILATEX,0932,0.6166666666666609,2.607434413886027,0.03563262058281023,0.8612888802673756,0.8035714285714309,0.48008385744234583,1.1904761904761934,-0.3472222222222166,drift
FILATEX,0932,-1.0,0.550257317465423,0.03795320289215274,0.6213156673922211,0.23944926668662986,0.4233870967741923,0.6884166417240325,-0.23944926668662986,drift
FILATEX,0933,0.6129032258064397,0.45890112879096967,0.03656453498660058,0.41851916946251805,-0.49860390905464697,0.43106926698049647,0.3091344236138834,-0.2792181890706035,drift
FILATEX,0933,1.0,0.7296445971975677,0.038640436825009714,0.4129593986590284,-0.39686476833018297,0.4565643370346176,0.6349836293283069,-1.031848397658504,DOWN-LEG
FILATEX,0934,1.0,2.26015231878145,0.03934560920460959,0.5168416223469048,0.32448377581120774,0.4962779156327533,1.5240904621435565,-2.3893805309734577,DOWN-LEG
FILATEX,0934,-0.4374999999999792,0.8351248253200891,0.038974998266958334,0.2656133756105078,-0.32534753031647273,0.48888888888888804,0.630977028492557,-2.267573696145136,DOWN-LEG
FILATEX,0935,-0.30434782608696187,1.0,0.038265023142974766,0.46071087398660043,0.34588398063049147,0.4555624611559961,0.4545903745429329,-2.1938926771420086,DOWN-LEG
FILATEX,0935,0.8723404255319097,0.7009569175936015,0.03596421428898739,0.48449288137794927,0.257222002374362,0.3969106783075876,0.46497823506133645,-1.0486743173723805,DOWN-LEG
FILATEX,0936,0.7551020408163183,2.428139589561012,0.037029727612121685,0.742028612159072,1.4148162703871072,0.4396887159533062,0.9628610729023422,-1.3558655924543088,DOWN-LEG
FILATEX,0936,0.8,0.8135911014265083,0.03769823990180111,0.7598776011465435,1.5612725844461934,0.44186046511627797,0.2945797329143866,-1.6005498821681163,DOWN-LEG
FILATEX,0937,-0.41860465116279033,3.5619521042555333,0.03321802058862154,0.4087077484437152,1.1086039438830664,0.39495798319327613,0.8437162758756003,-1.6678112430099115,DOWN-LEG
FILATEX,0937,0.5652173913043667,1.3006552646607954,0.03336646920912876,0.5792754896350262,1.735294117647055,0.46744696415508313,0.4509803921568566,-1.1078431372548976,DOWN-LEG
FILATEX,0938,0.42105263157894346,0.6828838209115642,0.033573589070875993,0.5796175683668293,1.5801354401805863,0.46744696415508313,0.3729512219059726,-0.7949749730101112,DOWN-LEG
FILATEX,0938,-0.8620689655172717,0.5298434979434296,0.03346672399657789,0.443710811544463,1.0115890787664379,0.4395770392749227,0.2848163425653175,-1.1294441170693297,DOWN-LEG
FILATEX,0939,-0.6790123456790245,1.0607597487656601,0.03601947441718058,0.08619031140571978,-0.4444444444444472,0.3369481022463196,0.8000000000000023,-0.8790123456790129,DOWN-LEG
FILATEX,0939,0.03448275862065924,0.4300470435215919,0.03739350424521209,0.1317266594541895,-0.04931939238509703,0.38717339667458406,0.2860524758334899,-0.9074768198855807,DOWN-LEG
FILATEX,0940,0.8723404255319097,0.7792710899668678,0.035702465192250746,0.2326925154560436,0.44273907910271826,0.3971962616822424,0.4624163715072795,-1.6922471467926001,DOWN-LEG
FILATEX,0940,-0.687500000000018,0.9972227901587951,0.03960932777469065,0.09672357209689567,0.019782393669630093,0.33883058470764543,0.6330365974282894,-1.0583580613254138,DOWN-LEG
FILATEX,0941,-0.4933333333333394,2.5122759323761787,0.03964552769551784,-0.21397028030645773,-1.2132060461416059,0.2778993435448578,0.7458233890214797,-0.4375497215592658,drift
FILATEX,0941,-0.38235294117649515,1.6964890499235648,0.0395382122278865,-0.34367937125442255,-1.5151515151515254,0.24782608695652064,0.6778309409888426,-0.07974481658692016,FLAT
FILATEX,0942,0.8666666666666919,0.6350862288675558,0.04099301309048379,-0.13761914849172766,-1.4733698357391776,0.26850507982583444,0.2986560477849648,-0.3882528621204585,drift
FILATEX,0942,-0.4074074074074217,2.5946064644724283,0.03743111473930053,-0.31899053493026813,-2.0102010201020155,0.23359209597741573,0.8100810081008124,-0.24002400240023491,drift
FILATEX,0943,-0.4074074074074113,0.8521790841899584,0.03680456782194915,-0.3931242811685765,-1.8900000000000008,0.2026431718061671,0.269999999999996,0.269999999999996,drift
FILATEX,0943,-1.0,0.4155762284468071,0.035753625040695056,-0.3884399563322486,-2.0751879699248055,0.18037518037517983,0.34085213032581796,0.2706766917293193,drift
FILATEX,0944,-0.7058823529411962,2.0247727465805796,0.034180654873491464,-0.4478436921534806,-1.9945602901178645,0.12809624911535708,0.3425002518384239,0.8663241664148277,UP-LEG
FILATEX,0944,-0.33333333333338594,1.252320504049797,0.03296996157956932,-0.4911527209342601,-2.2697467971350753,0.1019244476122586,0.3631594875416115,0.7565822657116917,UP-LEG
FILATEX,0945,-0.25581395348837516,1.4286601954791254,0.031965842662509916,-0.61432276834765,-2.6977872082449244,0.05209097578870079,0.434475093462658,0.9901990502172416,UP-LEG
FILATEX,0945,0.7586206896551707,2.517626925270964,0.03537045265985279,-0.3501736617593832,-1.07978404319136,0.05278592375366544,1.1597680463907185,-0.09998000399919448,FLAT
FILATEX,0946,0.1752577319587795,1.0989962636945094,0.03510388383994704,-0.20302757091593426,-0.15936254980079342,0.09406657018813362,0.9661354581673295,-0.4681274900398395,drift
FILATEX,0946,-0.0625000000000333,0.607839621872708,0.036148042990529344,-0.14123182811404028,-0.10976948408342425,0.06181818181818115,0.3193294082426835,-0.1496856601137526,FLAT
FILATEX,0947,1.0,0.2592113660027542,0.04067186517931175,-0.17784070517865297,-0.21949516112940126,0.018264840182648994,0.14965579167914364,-0.22947221390801553,drift
FILATEX,0947,0.907692307692305,0.8396043952331483,0.04584459751628085,0.02294601991230532,0.8724100327153859,0.06386066763425291,0.6443937741647721,-0.7931000297412623,DOWN-LEG
FILATEX,0948,0.6744186046511336,1.4387028515769322,0.04509887503663172,0.17619215263950203,1.0684606252473272,0.02272727272727241,0.4254056193114432,-1.1673921646220742,DOWN-LEG
FILATEX,0948,-0.4666666666666498,0.6337953226746396,0.047264929940417706,0.1923483387007516,0.9138770239396063,0.03939393939393891,0.4470050660574181,-0.7251415516042555,DOWN-LEG
FILATEX,0949,-0.5185185185185283,0.5642681165576416,0.04646410312324287,0.33679099632502607,1.0860900757273848,0.07576894223555897,0.538062973296126,-0.6576325229174936,DOWN-LEG
FILATEX,0949,0.6190476190475481,0.62625230014312,0.04589083274943529,0.4570057968213952,1.3239100139358932,0.09969325153374282,0.20903842325302982,-1.0252836950029733,DOWN-LEG
FILATEX,0950,-0.6764705882352923,0.907772215482923,0.047656258359611466,0.44977676244002934,0.9507606084867922,0.07266982622432851,0.6805444355484314,-0.33026421136909356,drift
FILATEX,0950,0.6216216216216486,0.342285728962441,0.045919571612270976,0.21262597215476733,0.009997000899735195,0.061960784313724725,0.36988903329000333,-0.31990402879137,drift
FILATEX,0951,0.052631578947470774,0.0371177540584137,0.047710665053525864,0.19073698695113944,-0.27966440271674103,0.01779935275080891,0.18977227327207125,-0.3695565321614108,drift
FILATEX,0951,1.0,0.20879292674877103,0.05033782251324366,0.2261522007613244,0.029928172386274078,0.0008071025020181672,0.2394253790901785,-0.5885873902633572,DOWN-LEG
FILATEX,0952,-0.36000000000001364,0.24699282498593134,0.05182740148449889,0.19059450022898258,-0.16989806116330372,0.06156405990016584,0.2498500899460324,-0.20987407555467513,drift
FILATEX,0952,-1.0,0.47970689211607215,0.05689027157791541,0.006006079698689963,-1.1228070175438642,0.040816326530612464,0.44110275689222833,0.15037593984962974,FLAT
FILATEX,0953,0.65079365079365,0.8858554574911831,0.06201392067399182,-0.05958597180774809,-0.8078188889997031,0.0008176614881443246,0.6283035803330961,-0.26927296299989634,drift
FILATEX,0953,-1.0,0.7428242365347586,0.06097754442757875,-0.12105082836593001,-0.6498700259948068,0.06432748538011766,0.4199160167966424,-0.059988002399522365,FLAT
FILATEX,0954,1.0,0.21288373523399481,0.0640693017440864,-0.05153858033032698,-0.22970138819535002,0.1405550581915849,0.14980525317086935,-0.22970138819533586,drift
FILATEX,0954,-0.6999999999999929,0.8913753343787474,0.0671753386024685,-0.21182048301685405,-0.5806968362034424,0.1390134529147988,0.2002402883460181,0.11013215859030781,FLAT
FILATEX,0955,1.0,0.188496358058384,0.07227672792696622,-0.08180737630402758,0.03001500750375301,0.11293260473588262,0.1000500250125148,0.06003001500750602,FLAT
FILATEX,0955,-1.0,0.36670991228240035,0.07167968723858521,-0.1735131781257114,-0.11008807045636453,0.1064220183486232,0.08006405124099109,0.37029623698959624,drift
FILATEX,0956,1.1842378929335956e-13,0.07993221014853953,0.07333098848074811,-0.18873698419770646,-0.19013309316521337,0.1811949069539655,0.12008405884117916,0.42029420594414835,drift
FILATEX,0956,0.20000000000001625,0.35665932305227316,0.07474545826955256,-0.22136365235317396,-0.17989206476113592,0.17315175097276225,0.34979012592445385,0.3098141115330824,drift
FILATEX,0957,-0.23809523809523164,0.18239613720953626,0.07625167770207186,-0.22794465862469107,-0.060000000000002274,0.1882926829268294,0.20999999999999375,0.3499999999999943,drift
FILATEX,0957,-0.1000000000001208,0.08101786506432229,0.07222070009122553,-0.14146845409847794,0.31977615669031,0.1882926829268294,0.19986009793145085,0.6495453182772117,UP-LEG
FILATEX,0958,-1.0,0.24068872137905947,0.08292610113917871,-0.3027065581480358,-0.3703703703703607,0.19301648884578,0.2402402402402351,0.630630630630626,UP-LEG
FILATEX,0958,0.3999999999999858,0.1852556237218814,0.07990267602986613,-0.1423019814276526,-0.08004802881728867,0.18287937743190616,0.2001200720432288,0.7604562737642637,UP-LEG
FILATEX,0959,-0.4117647058823087,0.5603203841298093,0.079455602420909,-0.23444787874237494,-0.43129388164492743,0.15577889447236148,0.34102306920762626,0.9829488465396228,UP-LEG
FILATEX,0959,-0.9285714285713923,0.7848344960357713,0.08325040765112449,-0.23211434931116778,-0.4525797043145817,0.19326065411298196,0.28160514935130354,1.1264205974051997,UP-LEG
FILATEX,1000,0.4482758620689757,1.1432208125504482,0.07403530975979589,-0.17994689881279244,-0.3614820765137056,0.20520520520520502,0.5823877899387472,0.7129229842353587,UP-LEG
FILATEX,1000,0.4399999999999409,0.2810565756515619,0.07539759406920152,-0.08906364843589139,-0.21061077123659408,0.14524555903866287,0.2507271086149835,0.2707852773041924,drift
FILATEX,1001,0.3636363636364224,0.16135577779158125,0.07325427529070105,-0.08375213584658586,-0.18045112781955572,0.08930540242557915,0.22055137844611417,0.3809523809523764,drift
FILATEX,1001,-0.5294117647058135,0.1195911343326906,0.07387762743987904,-0.11562336995295558,-0.4114400401404883,0.07502799552071547,0.17059708981435193,0.6522829904666246,UP-LEG
FILATEX,1002,0.2903225806451376,0.6008720024914357,0.07183575740745189,-0.0717268684737377,-0.15022533800701623,0.06666666666666793,0.3104656985478098,0.2103154732098227,drift
FILATEX,1002,0.2800000000000864,0.09664383852992471,0.06945536959022446,-0.06898268430660565,-0.17017017017015765,0.010477299185097743,0.2502502502502503,0.6706706706706581,UP-LEG
FILATEX,1003,1.0,0.11896405136142661,0.06642667423453665,0.01418458688052605,0.09999999999999432,0.0,0.09999999999999432,0.7600000000000051,UP-LEG
FILATEX,1003,0.49999999999973355,0.12187278574153812,0.06723217990146699,0.010430423413426112,0.020008003201276534,0.024793388429751456,0.08003201280512034,0.7603041216486646,UP-LEG
FILATEX,1004,-1.0,0.06364468864468864,0.06752785214607027,0.05731768610638814,0.20020020020020302,0.07826086956521917,0.08008008008007837,1.2012012012011897,UP-LEG
FILATEX,1004,1.0,0.13662847265942468,0.07192844813143992,0.29368136716632165,0.5600560056005481,0.10750000000000089,0.09000900090007921,1.0201020102010305,UP-LEG
FILATEX,1005,-0.45454545454543105,0.3975227124852399,0.06861933689827557,0.11196452370838149,0.4199580041995817,0.1323155216285005,0.21997800219977887,0.9899010098990049,UP-LEG
FILATEX,1005,1.0,0.34174569616430084,0.07843737577482844,0.18767708729967686,0.5783228636952962,0.038081805359663226,0.2791903479908277,0.6481204506929817,UP-LEG
FILATEX,1006,0.07692307692306011,0.24848587625369445,0.07846381375386045,0.17712225246090652,0.5979073243647178,0.00738552437223219,0.25909317389138525,0.5381165919282573,UP-LEG
FILATEX,1006,0.250000000000074,0.7646659226551507,0.0713825744085176,0.25106002347057016,0.7173458204642811,0.02424242424242616,0.23911527348808892,0.4682674105808497,drift
FILATEX,1007,0.44444444444433917,0.6803294620729871,0.06601035511759719,0.28047842228001874,0.4982561036372696,0.01818181818181693,0.17937219730942386,0.6278026905829693,UP-LEG
FILATEX,1007,0.4237288135593196,1.6047600562860886,0.0631080728217607,0.48082369931106556,0.8141382049245366,0.023696682464456147,0.5857823669579065,0.29785544082604964,drift
FILATEX,1008,-0.9285714285713923,0.19449438748238496,0.06423895928861821,0.4269511879996322,0.5272058092111819,0.08716323296355043,0.2785238237342098,0.5868894857256575,UP-LEG
FILATEX,1008,1.0,0.19923129317894328,0.06774258406566336,0.4782290160893153,0.7348560079443983,0.004942339373970585,0.2681231380337597,0.27805362462760785,drift
FILATEX,1009,0.18518518518522029,0.3894003604656827,0.06382892579896852,0.540887302859977,0.7747318235995243,0.05536332179930991,0.2681764004767682,0.28804131903058405,drift
FILATEX,1009,-1.0,0.1835024045227053,0.06534563065513505,0.443617940735756,0.5569368473396343,0.015490533562823452,0.12928891098956705,0.25857782197911994,drift
FILATEX,1010,-1.0,0.3502938789562993,0.07718662633821122,0.4048061232637819,0.2891326021934118,0.06884057971014468,0.3489531405782737,0.3589232303090722,drift
FILATEX,1010,-1.0,0.9094125432702097,0.07807560005386169,-0.039211149893408834,-0.31006201240248277,0.008726003490400982,0.5501100220043981,0.7801560312062423,UP-LEG
FILATEX,1011,0.3333333333332807,0.39245113813203913,0.07972209598751001,-0.0037180867377933306,-0.2197143713172864,0.0017271157167514709,0.17976630380504607,0.6391690801957461,UP-LEG
FILATEX,1011,1.0,0.026751862555346395,0.08301158307599046,-0.06298768801236249,-0.0697906281156604,0.01027397260274021,0.15952143569291785,0.6679960119641094,UP-LEG
FILATEX,1012,-1.0,0.2858132778977106,0.08921967720272825,-0.25939494557343207,-0.2898261043373896,0.0,0.23985608634818595,0.9394363381970795,UP-LEG
FILATEX,1012,-0.052631578947470774,1.187316064374155,0.09204112055818256,-0.5466701801225632,-0.14914984587849825,0.134426229508197,0.18892313811275505,0.6264293526896786,UP-LEG
FILATEX,1013,0.75,0.40134857812958075,0.09204641274101338,-0.39711206272779864,0.22826518459706627,0.08492201039861579,0.23818975784042187,0.47637951568081555,drift
FILATEX,1013,0.769230769230765,0.3460810198149185,0.0901728698773542,-0.4104877312519665,0.019857029388399543,0.125899280575541,0.2581413820492505,0.2879269261318569,drift
FILATEX,1014,0.11764705882350482,1.006076597105621,0.09021627195066537,-0.4029359783450959,0.4154302670623022,0.16638078902229952,0.6726013847675637,0.33630069238378185,drift
FILATEX,1014,-0.30232558139533344,0.7477398191855349,0.0854701628750584,-0.4421253174102728,0.45540045540046326,0.1992945326278696,0.4257004257004324,0.495000495000495,drift
FILATEX,1015,0.4909090909090862,0.993702132201852,0.08123266590169878,-0.07940771007022898,0.6930693069306959,0.18716577540107093,0.5445544554455417,0.45544554455444924,drift
FILATEX,1015,0.027027027027002114,0.35588034895993376,0.07640546829742988,0.32862877209862673,0.9510600356647452,0.18085106382978833,0.36655438874579405,0.05944125222904921,FLAT
FILATEX,1016,0.6363636363636012,0.2964578094066028,0.0760316857543996,0.3455657010307677,0.7532956685499109,0.16901408450704306,0.21805927247498572,-0.019823570224993578,FLAT
FILATEX,1016,-1.0,0.03864902506963788,0.0823001740163217,0.32000697945373036,0.5355017850059562,0.13928571428571604,0.09916699722331843,0.2776675922253085,drift
FILATEX,1017,0.7333333333333965,0.06062637421569153,0.09085577722486757,0.4601327507492144,0.9110714993067951,0.1725352112676083,0.14854426619133063,0.08912655971478431,FLAT
FILATEX,1017,-0.8571428571428862,0.3911124230186097,0.09506096795937774,0.3343939870888108,0.4454563452781656,0.16814159292035644,0.27717283706196905,-0.21777865769154514,drift
FILATEX,1018,0.4117647058823923,0.09302575395440019,0.09363964208869822,0.2334246111566232,0.3560126582278475,0.21863799283154275,0.1681170886075966,-0.3560126582278475,drift
FILATEX,1018,-0.6153846153846237,0.4578270917519225,0.09033300787444593,0.0041997351365218125,0.2574767280649684,0.18309859154929803,0.25747672806495436,-0.3466032877797668,drift
FILATEX,1019,0.45454545454543105,0.11984437914898248,0.09322453370369707,-0.023259486892592097,-0.12875111419232985,0.2330275229357802,0.10894325047043621,-0.14855897791423758,FLAT
FILATEX,1019,-1.0,0.18129520052596976,0.0943769284603667,-0.0024477750598449945,-0.19839301656581967,0.2584269662921352,0.15871441325265012,0.01983930165657774,FLAT
FILATEX,1020,-0.8095238095238417,0.5228125344808562,0.09000916346447803,-0.4283221284059489,-0.3377707132922744,0.2007504690431513,0.2086230876216906,0.6358036956089813,UP-LEG
FILATEX,1020,-0.14285714285711384,0.04798488490018199,0.09287659216615408,-0.44405699062669196,-0.1786423183803023,0.19774011299435235,0.13894402540690806,0.5954743946010265,UP-LEG
FILATEX,1021,-0.8571428571429877,0.1792381538806012,0.09075828916540576,-0.6006626628276762,-0.11908306043465769,0.1931818181818179,0.1389302371737626,0.43663788826039274,drift
FILATEX,1021,1.0,0.0879778643627534,0.09108366958511553,-0.5422522187164063,0.12875111419232985,0.24535315985130005,0.16836684163613122,0.33673368327226244,drift
FILATEX,1022,1.0,0.18383798102942434,0.08510808029208303,-0.48394583716674044,0.01980198019801586,0.22072936660268788,0.09900990099009338,0.11881188118812332,FLAT
FILATEX,1022,0.3793103448275761,0.43472116064089067,0.08290383291222939,-0.24613976356344666,0.1778656126482281,0.24253731343283533,0.28656126482214056,-0.47430830039526084,drift
FILATEX,1023,0.5999999999997726,0.09706724309166326,0.0807924711457991,-0.24159518820146533,0.11853022520741836,0.23396226415094257,0.049387593836425485,0.2765705254839996,drift
FILATEX,1023,-1.0,0.24264089324330287,0.0902008915936482,-0.21001075526136426,0.029700029700030824,0.19125683060109563,0.23760023760023252,0.5544005544005425,UP-LEG
FILATEX,1024,0.7599999999999909,2.0478471694806335,0.0812621236589684,0.3765926220093116,0.463328075709778,0.262798634812286,0.49290220820189273,0.24645110410094637,drift
FILATEX,1024,-0.08571428571424627,2.4393937208866325,0.06669951140114207,0.3684411859695327,0.68958723278495,0.2602739726027413,0.344793616392482,0.26598364693133286,drift
FILATEX,1025,-0.23076923076928962,0.4074896301922066,0.07306169911196883,0.5057374767258734,0.7884880741178762,0.2470187393526384,0.25625862408831573,0.3153952296471589,drift
FILATEX,1025,-1.0,0.3702722979831414,0.08620847163316028,0.3720004463480825,0.23762376237623253,0.11735537190082547,0.45544554455444924,0.35643564356435586,drift
FILATEX,1026,-1.0,0.5375337106955517,0.0868001884300938,0.22206207731887737,0.09913750371766483,0.08496732026143952,0.1387925052047195,0.42629126598591516,drift
FILATEX,1026,1.0,0.10792645587202963,0.09248534673779805,0.22986453713289598,0.1483386075949423,0.11811023622047255,0.18789556962025092,0.2670094936708821,drift
FILATEX,1027,-0.2380952380952832,0.2646793134598013,0.08782710233264715,0.14292603023492464,0.06925892945482653,0.11285266457680242,0.20777678836450775,0.4155535767290014,drift
FILATEX,1027,-1.0,0.2806021717670286,0.09658515884696466,-0.020061570070845327,-0.39682539682540247,0.012738853503184468,0.2678571428571389,0.763888888888885,UP-LEG
FILATEX,1028,-0.6521739130434299,0.26408829296059705,0.0932650893465132,-0.10645226462065942,-0.47637951568081555,0.03752039151712964,0.22826518459706627,0.8138150059547371,UP-LEG
FILATEX,1028,-1.0,0.5200823566677225,0.0931208529043639,-0.19652614972637863,-0.37762098777701447,0.011494252873564452,0.28818443804035204,0.914240286196961,UP-LEG
FILATEX,1029,1.0,0.1598768957421156,0.09850637389648532,-0.7385531128167151,-0.6149573497322006,0.022364217252394018,0.2380480063479418,0.9720293592541204,UP-LEG
FILATEX,1029,-0.40000000000002844,0.049550767273594656,0.09537016195059903,-0.6770486536989614,-0.6744024595854476,0.045602605863192466,0.09917683229198504,0.9124268570861864,UP-LEG
FILATEX,1030,1.0,1.6157433847325338,0.09565893272008129,-0.05010487738624696,-0.15794669299111214,0.15723270440251608,0.46396841066140065,0.3849950641658446,drift
FILATEX,1030,0.4999999999999556,0.32363838753279794,0.09226302232046008,0.14502149982026682,0.3551696921862662,0.22622950819672077,0.15785319652724034,0.33543804262036647,drift
FILATEX,1031,-0.7014925373134505,1.4539310869979059,0.08656117868213144,-0.012140853187440424,0.3359351842703184,0.17704918032786832,0.6619899219444736,0.3458156308665236,drift
FILATEX,1031,0.3636363636364224,0.1801701518645146,0.08350930619516271,-0.02834134723203436,0.18754318428585304,0.16749585406301867,0.21715526601519974,0.08883624518804008,FLAT
FILATEX,1032,0.11764705882355155,0.6027034781777026,0.08483047361920765,0.017166219331054187,0.049446202531656804,0.1772575250836119,0.3362341772151792,0.4153481012658245,drift
FILATEX,1032,-1.0,0.8098723513301408,0.08751473548010266,-0.14688373906160465,-0.07942811755361229,0.025553662691653295,0.27799841143765003,1.0226370135027811,UP-LEG
FILATEX,1033,1.0,2.9185768482800394,0.08705132476590285,0.6905991235923925,0.7486209613869099,0.11728395061728222,0.7781717888100789,0.36446020488574127,drift
FILATEX,1033,0.46153846153841527,0.3335522206384035,0.08318940217234337,0.8779820853925304,0.9254701191296621,0.13097072419106212,0.2559810967805505,0.11814512159102546,FLAT
FILATEX,1034,0.47826086956520664,0.9530737045381397,0.0838478352058757,0.9360005299453311,0.8555413511653108,0.0947030497592298,0.22617759858393546,-0.08850427770675919,FLAT
FILATEX,1034,-0.14285714285714285,1.2412191489020934,0.09335493142725766,0.9007212289707438,0.933385733935943,0.12359550561797625,0.20632737276479463,-0.27510316368638355,drift
FILATEX,1035,-0.7894736842105656,0.6465078854200194,0.09088096755626006,0.3447065367225178,0.4716054234623737,0.1254019292604498,0.1866771467871858,-0.3537040675967768,drift
FILATEX,1035,-0.7499999999999926,2.0589073786376666,0.08029260165630143,-0.09329559274795168,0.0,0.06382978723404255,0.473559589581693,-0.3551696921862662,drift
FILATEX,1036,-0.3571428571428354,0.2193756034760219,0.08074381176431461,0.1345371767605838,0.08884501480750584,0.06221547799696428,0.2764067127344532,0.23692003948668225,drift
FILATEX,1036,0.9090909090908621,0.17880096239412016,0.07708395175924061,0.15559435894908405,0.07890324489594466,0.08295625942684676,0.2169839234638513,-0.088766150507943,FLAT
FILATEX,1037,1.0,0.18343914629204378,0.07867990920731883,0.17882789309954616,0.36456793772784546,0.07738998482549142,0.2266233126416295,-0.10838506256774011,FLAT
FILATEX,1037,-1.0,0.3105220910969549,0.07465399770699041,0.30368506054705335,0.836861277936393,0.08295625942684676,0.029536280397756364,-0.1772176823865242,FLAT
FILATEX,1038,0.4666666666666035,0.06012231781901109,0.07507517780390735,-0.3899231335388538,0.059066745422329474,0.07033639143730754,0.14766686355582367,-0.2658003544004686,drift
FILATEX,1038,-0.3333333333333965,0.22057142857142858,0.07454102647875427,-0.45006079049298625,-0.019694731659277227,0.08864696734058944,0.14771048744461418,-0.37419990152633725,drift
FILATEX,1039,0.8620689655172651,0.3102849803880732,0.0751551216899392,-0.4947532398001224,0.10805500982318215,0.12443778110944446,0.2848722986247466,-0.3929273084479288,drift
FILATEX,1039,0.769230769230765,0.43622354741675023,0.07425164402145175,-0.37677983580168983,-0.029484029484030602,0.14329268292682826,0.25552825552826053,-0.520884520884522,DOWN-LEG
FILATEX,1040,-0.6363636363637069,0.13321206933447463,0.07295380508537658,-0.28068924250526955,-0.08850427770675919,0.15919629057186968,0.10817189497492323,-0.5113580489723631,DOWN-LEG
FILATEX,1040,-0.11111111111109356,0.2667428041185603,0.07224410507742049,0.09053195889707157,0.33431661750246155,0.14733542319749127,0.1769911504424706,-0.5014749262536924,DOWN-LEG
FILATEX,1041,-1.0,0.8414342344916252,0.0760489160763471,-0.07230688613168909,0.2560063016935852,0.12135176651305717,0.2658526979125601,-0.31508467900749054,drift
FILATEX,1041,-1.0,0.3927079928823038,0.07654624680326384,-0.18862147124656428,0.00986193293886106,0.06646058732612133,0.1676528599605399,-0.3944773175542462,drift
FILATEX,1042,0.12500000000001665,0.2963838510693311,0.07739982031191416,-0.22390433979725044,0.04924167815640276,0.08206686930091248,0.3151467402009133,-0.36438841835730207,drift
FILATEX,1042,1.0,0.49029754204398446,0.07481269600998766,-0.054799583157826876,0.1769041769041836,0.08345978755690375,0.23587223587223086,-0.5601965601965535,DOWN-LEG
FILATEX,1043,0.37142857142856445,2.18184168728992,0.06300690062750529,0.09840835156573195,0.3042496810285625,0.09715994020926803,0.34350770438707856,-0.7164589262930651,DOWN-LEG
FILATEX,1043,-0.5555555555555556,0.6142672334134172,0.06608935266553691,0.04742679904425124,0.1376733208771763,0.1021021021021004,0.2655128331202775,-0.5506932835087052,DOWN-LEG
FILATEX,1044,-8.881784197000653e-14,0.2576469282834634,0.06974581979653038,-0.00844644934709233,-0.19685039370079022,0.025316455696201792,0.15748031496064058,-0.4921259842519685,drift
FILATEX,1044,-1.0,0.6450015239256325,0.07503110222086314,-0.21341051580444592,-0.24630541871921183,0.0015748031496070956,0.08866995073891962,-0.39408866995074454,drift
FILATEX,1045,-0.6000000000000568,0.13531560548332613,0.08204743774528288,-0.21148156629805487,-0.2662196805363794,0.006269592476487757,0.09859988168013638,-0.30565963320844236,drift
FILATEX,1045,-1.0,0.7398604706160578,0.09735402407735634,-0.3466663377045642,-0.6930693069306959,0.0,0.4158415841584175,0.14851485148515414,FLAT
FILATEX,1046,0.8000000000000379,0.6986908199185223,0.1117033936736087,-0.0578144668069735,-0.019696671262552708,0.09925925925925888,0.5909001378766933,-0.4530234390388102,drift
FILATEX,1046,-1.0,0.8725691508636308,0.11047791331759824,-0.13701150251038652,-0.09871668311945561,0.026706231454004633,0.2764067127344532,0.019743336623885513,FLAT
FILATEX,1047,1.0,0.09528104628756509,0.11102522535506097,-0.12708406490523577,-0.15782205563228527,0.04579025110782873,0.12823042020121864,-0.2564608404024373,drift
FILATEX,1047,0.5,0.1387850659218795,0.11081687681959954,-0.21655215412261436,-0.355064602031758,0.09062980030721952,0.11835486734392402,-0.10849196173192566,FLAT
FILATEX,1048,-1.0,0.08126568736369995,0.11334224355407058,-0.4003418306065366,-0.572500246767346,0.08396946564885384,0.12831902082715965,-0.08883624518804008,FLAT
FILATEX,1048,0.06666666666665404,0.31008691291993984,0.11700707020956191,-0.33637863357201236,-0.5139863595927607,0.0823170731707321,0.296530592072746,0.05930611841455201,FLAT
FILATEX,1049,1.0,0.3630575951784729,0.1164674114179448,-0.2672634938251075,-0.19723865877710908,0.0878787878787891,0.3747534516765381,-0.15779092702170688,FLAT
FILATEX,1049,-0.8947368421052159,0.06601375102248358,0.12656828906016032,-0.14527130198384208,-0.2766251728907342,0.05760709010339698,0.18770993874729494,-0.06915629322267652,FLAT
FILATEX,1050,-1.0,0.1669435215946844,0.12624817091722393,-0.17335800261116258,-0.2471088267272907,0.020472440944881008,0.05930611841455201,0.039537412276358645,FLAT
FILATEX,1050,-0.6923076923077428,0.04147608898680524,0.13003652337872496,-0.01740380653858515,0.18776558948512476,0.026941362916006417,0.1284711928056087,-0.03952959778633466,FLAT
FILATEX,1051,0.7142857142855403,0.05575745507044357,0.13911518800146916,-0.1427679238740119,-0.296325563018581,0.00483091787439629,0.06914263137099287,0.098775187672865,FLAT
FILATEX,1051,-1.0,0.47937719889213265,0.1434529688843554,-0.029931654527381935,-0.29702970297029424,0.04881889763779546,0.23762376237623253,0.4356435643564334,drift
FILATEX,1052,0.6470588235294019,0.13691845922961482,0.1483266849691308,-0.03502646411328402,-0.207571414450918,0.007898894154817843,0.16803400217455935,0.039537412276358645,FLAT
FILATEX,1052,1.0,0.06583981716868244,0.14741360137165768,-0.04101120311914289,-0.20755089938722446,0.07744107744107843,0.12848389009686664,-1.3836726625815432,DOWN-LEG
FILATEX,1053,0.3846153846153342,0.045850261172373764,0.19766848478701277,-0.02392192845374018,-0.1482799525504208,0.06976744186046448,0.12850929221036939,-1.8189007512850963,DOWN-LEG
FILATEX,1053,0.45454545454543105,0.1502731519358159,0.20554759609926074,-0.014134495752029677,-0.03955305052902823,0.08560311284046576,0.10877088895481009,-1.9084346880253067,DOWN-LEG
FILATEX,1054,-1.0,0.17594254937163376,0.2067628524970842,-0.16936131483805691,-0.29673590504452163,0.11683168316831659,0.0890207715133565,-1.9782393669634029,DOWN-LEG
FILATEX,1054,-1.0,0.011309885579895885,0.2285936340808325,-0.1574849188355918,-0.11869436201780866,0.13709677419354876,0.07912957467854848,-2.1167161226508413,DOWN-LEG
FILATEX,1055,-0.5999999999998863,0.038032266596138585,0.22798935919310065,-0.1214778900254373,-0.05934131144298514,0.1348088531187115,0.049451092869163646,-2.1857383048165304,DOWN-LEG
FILATEX,1055,-0.2631578947367555,1.7757577359088867,0.1709724647896454,-0.274221849431288,-0.03954522985664067,0.045751633986926284,0.1878398418190783,-1.8487394957983239,DOWN-LEG
FILATEX,1056,-0.3846153846154855,0.192964824120603,0.1509406571553797,-0.31117437038664836,-0.15829046299960092,0.04782608695652096,0.12861100118717397,-1.7115156311832251,DOWN-LEG
FILATEX,1056,1.0,1.2782284702587003,0.1476017655219763,0.22073348326131698,0.31583103039873,0.014736842105264582,0.31583103039873,-2.1910777733912346,DOWN-LEG
FILATEX,1057,-0.7647058823528231,0.15725998413118222,0.15715221840325444,0.16169750787521436,-0.04944620253164275,0.07628865979381186,0.1681170886075966,-1.7207278481012747,DOWN-LEG
FILATEX,1057,-0.3333333333330175,0.10229323707399936,0.17228081546278498,0.13674950290443025,0.09873617693522345,0.05882352941176267,0.029620853080569845,-1.698262243285939,DOWN-LEG
FILATEX,1058,0.3333333333333333,0.08561078259016568,0.17109550974111098,0.14007704978553062,0.05927682276230219,0.07228915662650544,0.14819205690574144,-1.8573404465520602,DOWN-LEG
FILATEX,1058,0.2500000000000222,0.09824162128478149,0.1680535713808463,0.1276501309168055,0.09878494517436384,0.06451612903225622,0.15805591227897936,-1.6793440679640452,DOWN-LEG
FILATEX,1059,0.2857142857141262,0.14913441393758958,0.15632462128834534,0.19831031769741858,0.1382852627419998,0.11864406779660996,0.1382852627419998,-1.4421177400237,DOWN-LEG
FILATEX,1059,-1.0,0.06515328548378123,0.14801243879092635,0.18914108702806479,0.049431537320821915,0.12605042016806553,0.13840830449827046,-1.285219970341089,DOWN-LEG
FILATEX,1100,0.8823529411764116,0.35506513926325245,0.14509810681340005,0.2869017114099198,0.09880446596185588,0.1008403361344545,0.1679675921351662,-1.2449362711194458,DOWN-LEG
FILATEX,1100,-0.07692307692300965,0.24407295689679476,0.14409870223638838,0.42977023925114377,0.0,0.11434511434511403,0.12852199703410325,-0.8897676717745977,DOWN-LEG
FILATEX,1101,0.5199999999999818,0.442513444664591,0.14775704360757183,0.5674361616244705,0.2565620682849863,0.04526748971193406,0.24669429642786658,-1.0854549042826214,DOWN-LEG
FILATEX,1101,0.4117647058823923,0.4468103374259466,0.13770860494205225,0.19232981708632174,0.11829652996845876,0.008333333333331704,0.1675867507886452,-0.9759463722397426,DOWN-LEG
FILATEX,1102,-0.8400000000000318,0.36437832831674,0.13859369782023348,0.13281042223273223,0.08892401936566466,0.06748466257668986,0.24701116490465372,-0.7607943879063295,DOWN-LEG
FILATEX,1102,-0.6271186440677977,15.450788471995649,0.07871397484706794,-1.7339960423462648,-1.5033072760072157,0.322422258592472,1.7739025856885107,0.6814992984565971,UP-LEG
FILATEX,1103,-0.7358490566037998,2.896688366827059,0.07980600875037937,-2.0573462910497384,-1.913008457511081,0.39968895800933285,0.5336286749899327,1.1377366089408072,UP-LEG
FILATEX,1103,-0.2765957446808421,3.3531418261776564,0.07246229302987553,-2.1908028068423553,-2.046370967741937,0.39212598425196893,0.473790322580644,0.8971774193548393,UP-LEG
FILATEX,1104,0.17647058823521544,0.811321822813473,0.0722935032442754,-2.159221387788226,-2.1594349142280533,0.3930817610062902,0.17154389505550122,1.1099899091826526,UP-LEG
FILATEX,1104,0.42028985507245364,6.921771488174104,0.06037354714273891,-1.4982072309773413,-2.213015359741322,0.39687500000000153,0.6972514147130131,1.2025060630557922,UP-LEG
FILATEX,1105,-0.2799999999999727,0.9432776677045004,0.059663481691767155,-1.5834293690261414,-2.3356926188068634,0.39498432601880934,0.2527805864509606,1.142568250758337,UP-LEG
FILATEX,1105,1.0,1.8825021847602401,0.06504306077732783,-1.2320723472844066,-1.8835616438356209,0.27129337539432263,0.38275584206284796,0.8460918614020985,UP-LEG
FILATEX,1106,0.03703703703700195,1.9752920035938903,0.062008751896681105,-1.2935309202199512,-2.0030196275792744,0.3730834752981305,0.27176648213388044,0.7851031706089594,UP-LEG
FILATEX,1106,-0.8181818181818182,0.7339102979731063,0.0632900656821726,-1.4572070245680895,-2.361251261352173,0.37414965986394905,0.3329969727548058,1.0292633703330074,UP-LEG
FILATEX,1107,0.24324324324322041,1.7215296495956873,0.061964469490396114,-1.3215904767491253,-1.8414167840611777,0.32894736842105504,0.3723083115314856,0.8251157174481861,UP-LEG
FILATEX,1107,1.0,0.8814027570264709,0.061079796088774785,0.3819243523286366,-0.22097227802330138,0.2928000000000017,0.17075130574528094,0.6830052229811095,UP-LEG
FILATEX,1108,-0.7599999999999909,0.700707613925842,0.0624320587834841,0.6253722152964909,0.0201328769881319,0.30829420970266225,0.25166096235152,0.7348500100664281,UP-LEG
FILATEX,1108,1.0,2.102162207876413,0.06189164456878056,1.017685940232916,0.33155832412337816,0.25465838509316957,0.2009444388626573,0.6430222043604948,UP-LEG
FILATEX,1109,-0.22222222222221782,1.9880390835579516,0.06238203524466246,0.933994106832782,0.6814992984566113,0.25077399380805215,0.3607937462417312,0.4710362798155932,drift
FILATEX,1109,0.7499999999999667,1.107605853224281,0.06068463090938874,0.6166147724354383,0.891337005508263,0.21574803149606583,0.32048072108162984,0.8713069604406656,UP-LEG
FILATEX,1110,0.750000000000222,0.47523584905660377,0.06103107114239711,0.7005349406037701,1.0505252626313129,0.19062500000000135,0.0800400200100033,0.8304152076038,UP-LEG
FILATEX,1110,0.7021276595744964,1.0929171535080398,0.062823406058254,0.5313847321935891,0.967581047381545,0.14071856287425222,0.4688279301745624,0.6384039900249382,UP-LEG
FILATEX,1111,-0.3636363636364224,0.5696877807726864,0.060478946550026884,0.49010853162533885,0.8878691141260979,0.15060240963855517,0.21947326416600046,0.5686352753391933,UP-LEG
FILATEX,1111,0.6666666666667005,1.4155121571245757,0.060524626220824614,0.6923387122329375,1.3439522150323628,0.08320726172465955,0.4181184668989564,-0.8063713290194149,DOWN-LEG
FILATEX,1112,0.8823529411764116,0.6139937106918238,0.05760981821112849,0.6985098474215643,1.05535643170052,0.11317829457364448,0.1692552767821602,-0.6371963361210679,DOWN-LEG
FILATEX,1112,1.0,0.14675950723085163,0.05981770630192509,0.5998261428507552,0.8958789567987174,0.11145510835913575,0.07963368504877394,-0.7764284292255494,DOWN-LEG
FILATEX,1113,0.3846153846154855,0.1450891593546561,0.05672878008942863,0.6763495713606319,1.1050273768043797,0.11007751937984492,0.12941762070681478,-0.9556993529119043,DOWN-LEG
FILATEX,1113,-1.0,0.8764488709538937,0.06688481762129928,0.27816014208155126,0.5594964531921294,0.1533923303834809,0.40963133180137534,-0.40963133180137534,drift
FILATEX,1114,0.21739130434780995,1.088593263515426,0.0663939128287298,0.3648749882000296,0.4191616766467083,0.13119533527696778,0.22954091816367664,-0.5588822355289444,DOWN-LEG
FILATEX,1114,-1.0,0.3220858017801437,0.08496647899970891,0.21408873371480397,0.2995506739890278,0.13748191027496337,0.04992511233149991,-0.7888167748377495,DOWN-LEG
FILATEX,1115,-0.7391304347826033,1.0,0.08638994916887177,0.07463150308060122,0.07997600719783894,0.15384615384615494,0.2299310206937958,-0.5498350494851516,DOWN-LEG
FILATEX,1115,1.0,0.27486677228863604,0.08505419537638167,0.011507919386699936,-0.12984418697562472,0.14568599717114716,0.11985617259289308,-0.5193767479025272,DOWN-LEG
FILATEX,1116,-0.2173913043478852,0.6541444778884001,0.08954184396678068,0.020167023664813623,-0.1098571856586432,0.13552068473609324,0.22970138819533586,-0.5293118945371029,DOWN-LEG
FILATEX,1116,-0.42857142857119657,0.27672882445782426,0.08410947723005646,-0.11820368470217292,-0.32960447463044173,0.1769911504424784,0.06991610067919236,-0.6492209348781519,DOWN-LEG
FILATEX,1117,0.3846153846154855,0.3058212303695832,0.08454537697906808,-0.17440569481138338,-0.23952095808382723,0.13813813813813994,0.12974051896207128,-0.6287425149700695,DOWN-LEG
FILATEX,1117,0.6470588235294019,0.5351954647454824,0.08146901830249278,-0.14906161444958968,-0.21947326416600046,0.15902140672783163,0.1695929768555484,-0.5885873902633572,DOWN-LEG
FILATEX,1118,-1.0,0.028647371529828707,0.08317544358333033,-0.15976003943138858,-0.3797341860697609,0.1729323308270706,0.13990206855201417,-0.30978315179373245,drift
FILATEX,1118,0.39130434782611917,0.7155657428630965,0.08813185165896681,-0.014246325759913669,0.07986423080762534,0.15727002967359263,0.22960966357191748,-0.3294399520814598,drift
FILATEX,1119,-0.1111111111111111,0.7854527996159155,0.08932092029287172,-0.05479963886358649,0.04987531172069542,0.14537444933920776,0.2693266832917808,-0.4488778054862871,drift
FILATEX,1119,0.7142857142857215,1.575149584734915,0.1043780624544523,0.11801889418036997,0.5659253375694928,0.05980528511822119,0.5559968228753001,-0.883637807783956,DOWN-LEG
FILATEX,1120,0.3333333333333333,0.482626177759107,0.10276611270343239,0.22781407322319025,0.7441952768406429,0.059805285118219094,0.2679102996626416,-1.0716411986505243,DOWN-LEG
FILATEX,1120,0.18181818181814657,0.674959437533802,0.0979537798975268,0.20805332566662144,0.7632074536624006,0.035911602209945624,0.21805927247497162,-1.1894142134998542,DOWN-LEG
FILATEX,1121,-0.8000000000000285,0.5186232625308382,0.10189180623434345,0.17614776293113904,0.6745362563237841,0.07433380084151522,0.1983930165658056,-0.9126078762027593,DOWN-LEG
FILATEX,1121,-0.8404907975460174,7.544859082987801,0.10014475989847327,-0.4617767848235051,-0.4817342432757969,0.21951219512195155,1.6358892011240422,0.2509032517061421,drift
FILATEX,1122,0.7333333333332891,1.9402268499069795,0.0982408281200944,-0.32467745864417347,-0.4008016032064185,0.17343173431734346,0.3006012024048068,0.11022044088176296,FLAT
FILATEX,1122,-0.22222222222216959,1.473402196886256,0.09496862393586086,-0.5101234835806784,-0.5617977528089768,0.014662756598239712,0.1805778491171818,0.2307383627608244,drift
FILATEX,1123,-1.0,1.552687536916716,0.0938078714212912,-0.7195523371714873,-0.5829731631319713,0.025954198473282827,0.29148658156599283,0.46235802593226255,drift
FILATEX,1123,0.6521739130434917,1.2089287823314043,0.08818378106328627,-0.6570019658453365,-0.49157303370786004,0.07250755287009134,0.4614767255216773,0.2106741573033645,drift
FILATEX,1124,-0.11111111111100584,0.19627879503839338,0.09008894683106754,-0.651332884717068,-0.6122039341629861,0.08231707317073281,0.09032517061421458,0.1806503412284149,FLAT
FILATEX,1124,-0.6470588235294019,0.4850415265084988,0.09569251122828525,-0.9218589243973719,-1.3687600644122377,0.05970149253731438,0.342190016103063,0.4629629629629567,drift
FILATEX,1125,0.8823529411765788,0.776570845586029,0.09687787619731936,-0.8353006065931249,-1.3067953357458757,0.08579881656804703,0.1708886208283089,0.26135906714916657,drift
FILATEX,1125,1.0,0.446547683432486,0.09700764486723303,-0.8355840397358085,-1.2951807228915726,0.04923076923076818,0.16064257028112108,0.030120481927711985,FLAT
FILATEX,1126,0.8181818181817242,0.1695047836813286,0.09899994912070195,-0.7520761497873389,-1.214859437751012,0.03888024883359249,0.11044176706827252,0.07028112449799939,FLAT
FILATEX,1126,-1.0,0.40265740600936134,0.10178338809755771,0.1264241651971339,-0.1709058007439446,0.058637083993661555,0.1407459535538359,0.1407459535538359,FLAT
FILATEX,1127,1.0,0.3877303588748788,0.10200776111577571,-0.028664003502655754,-0.23099327106558604,0.03099510603588872,0.2008637139700599,0.12051822838204736,FLAT
FILATEX,1127,0.2000000000001137,0.5691629955947136,0.10302505318298211,0.03870673786687308,-0.030105368790768826,0.014925373134328922,0.05017561465127662,0.06021073758152339,FLAT
FILATEX,1128,0.7333333333333965,0.24849260003654303,0.10041289709414496,0.31454352922644757,0.27064955894146975,0.07094594594594622,0.1503608660785943,0.05012028869286002,FLAT
FILATEX,1128,-0.1999999999999716,0.5758015243620206,0.10061160137254749,0.18705626411118148,0.16025641025640683,0.05335628227194529,0.20032051282050145,-0.2403846153846245,drift
FILATEX,1129,-0.2000000000001137,0.12359269452089067,0.10263507800920534,0.19043791657831552,0.16032064128256174,0.0035714285714278553,0.10020040080159752,-0.08016032064128087,FLAT
FILATEX,1129,0.3999999999999432,0.10821922140349767,0.09712601563117722,0.26248100771529254,0.47080036061304104,0.003597122302157547,0.10017028949213093,0.030051086847642128,FLAT
FILATEX,1130,-0.4285714285713899,1.1030147610708032,0.0964716643571659,0.05623536764203102,0.22066198595787245,0.044722719141323766,0.21063189568705493,0.2006018054162516,drift
FILATEX,1130,0.8823529411764116,0.41598937415009013,0.09486376142766731,0.03947009258871862,0.09027986758953095,0.10566037735849076,0.1705286387802204,0.1504664459825516,FLAT
FILATEX,1131,0.14285714285713125,2.2871528646484864,0.09090437553210189,0.07145973459588113,0.2903193512864213,0.06375227686702982,0.3503854239663715,0.030033036339975113,FLAT
FILATEX,1131,-1.0,0.039910186268618954,0.08929128757706367,0.14444924090297562,0.4204625087596373,0.10606060606060647,0.07007708479326577,0.01001101211332978,FLAT
FILATEX,1132,1.0,0.043305827416362824,0.09614140657367583,0.08056546835026858,0.34030627564808674,0.10018903591682456,0.10009008107295998,0.07006305675108336,FLAT
FILATEX,1132,-0.07692307692311055,0.02195184756019055,0.10237284312230904,0.058517965150988435,0.26023421078970166,0.10436432637571111,0.13011710539486504,-0.03002702432189084,FLAT
FILATEX,1133,0.5000000000003553,0.7080012957563978,0.10274665303723608,0.08685410582094304,0.1900950475237596,0.09433962264150923,0.04002001000499454,-0.07003501750876176,FLAT
FILATEX,1133,0.07692307692311055,0.1887663837122321,0.1060689737979531,0.11663520918254587,0.050055060566620437,0.04000000000000045,0.13014315747323021,-0.01001101211332978,FLAT
FILATEX,1134,-1.0,0.03239289446185998,0.11013136580347255,0.11671788961483145,0.020036064916846348,0.07661290322580806,0.08014425966741386,0.0,FLAT
FILATEX,1134,-1.0,0.002830437072143233,0.09632946461748317,0.10955803722570197,-0.010018032458430292,0.06720977596741565,0.030054097375276638,-0.23041474654376856,drift
FILATEX,1135,0.04347826086952761,0.3483943736730361,0.09888205451400836,0.21703477913065267,0.0401042711048647,0.05954825462012426,0.23059955885300762,-0.14036494886705492,FLAT
FILATEX,1135,-0.29411764705880383,0.3936145497992101,0.0992479773945842,0.11848151850738095,-0.06022282445046902,0.10020449897750668,0.1706313359429908,-0.010037137408401993,FLAT
FILATEX,1136,0.0,0.16973238594860215,0.10253280599441386,0.049154054677255546,-0.22072840373231548,0.09349593495934776,0.12039731112672274,-0.010033109260564981,FLAT
FILATEX,1136,-0.7142857142855983,0.02298082704255461,0.10207811448866921,0.054667529537845753,-0.2810962754743511,0.10261569416499011,0.07027406886859491,0.14054813773717556,FLAT
FILATEX,1137,-0.2799999999999727,0.6418442099603467,0.09795031107284578,0.009273463678920135,-0.2206841207743995,0.10261569416499011,0.2507774099709098,0.060186578393020634,FLAT
FILATEX,1137,-0.1250000000000666,0.047735451891084406,0.10003453264139542,0.008608659648033562,-0.20058168689198963,0.10707070707070632,0.160465349513586,0.04011633737840363,FLAT
FILATEX,1138,0.5555555555556608,0.02737564322469983,0.10236968223311009,-0.06367609341987102,-0.1402665063620885,0.05327868852458773,0.09017132551848853,-0.06011421701232569,FLAT
FILATEX,1138,-0.4736842105263394,0.49946379769605975,0.11591742568584676,-0.11441657130364596,-0.29116465863454444,0.11422845691382795,0.19076305220883308,0.21084337349398388,drift
FILATEX,1139,1.0,0.11261512698855708,0.1234528927817674,-0.0851429129382711,-0.10028078620135812,0.10536779324055567,0.12033694344164114,0.040112314480551796,FLAT
FILATEX,1139,1.0,0.4252519596864502,0.12828443549836716,-0.00045288477853034536,0.04005607850992014,0.18297872340425286,0.11015421590226261,-0.10014019627477899,FLAT
FILATEX,1140,1.0,0.08213984835720303,0.14037449787133918,0.01326167882672672,0.16016016016017096,0.1880341880341845,0.0400400400400463,-0.07007007007007746,FLAT
FILATEX,1140,-1.0,1.099384098544233,0.13321525708869814,-0.18112708943982686,0.21033653846154643,0.2267818574514,0.16025641025640683,-0.02003205128206153,FLAT
FILATEX,1141,0.33333333333337845,0.2589862398202752,0.1749103167435077,-0.16735355244470115,0.2502001601281025,0.19222462203023494,0.21016813450759983,-0.15012009607686716,FLAT
FILATEX,1141,0.8000000000001706,0.0023953783288713543,0.17893810544238423,-0.2608799123543642,0.2902902902902965,0.07471264367816108,0.1001001001000944,-0.180180180180187,FLAT
FILATEX,1142,1.0,0.15851244343891402,0.1830826968646676,-0.17051874278939258,0.2900580116023267,0.05294117647058927,0.190038007601518,-0.3200640128025679,drift
FILATEX,1142,0.39130434782603324,0.24364113661357267,0.18849977862442927,-0.13739433021785294,0.17020424509411466,0.05917159763313132,0.2302763315979215,-0.17020424509411466,FLAT
FILATEX,1143,0.4999999999998934,0.16375934496262015,0.20561080276511423,-0.13533925599254942,0.0700841009210985,0.1222570532915336,0.2002402883460181,-0.16019223067680877,FLAT
FILATEX,1143,1.0,0.00978746204679407,0.2051441962312009,-0.025400100686626046,0.2803364036844225,0.06666666666666161,0.02002402883459754,-0.16019223067680877,FLAT
FILATEX,1144,-0.7142857142859463,0.3452329749103943,0.19167150276260717,-0.19869988070708347,0.10018032458424596,0.059602649006619025,0.07012622720896933,-0.05009016229212298,FLAT
FILATEX,1144,-1.0,0.8035746721400806,0.19402006241018951,-0.7511460780761463,-0.27111155738527565,0.0774410774410777,0.27111155738527565,0.28115272617732817,drift
FILATEX,1145,1.0,0.05435663254032555,0.19620183496109156,-0.8387374568659736,-0.30120481927711984,0.04195804195803817,0.09036144578312169,1.676706827309239,UP-LEG
FILATEX,1145,-0.19999999999977264,0.044021415823914334,0.1981378559760477,-0.2981090763787602,-0.22083918891788681,0.007246376811597784,0.05019072475407686,2.3890784982935105,UP-LEG
FILATEX,1146,1.0,0.03371123958255124,0.20391471531542604,-0.3340966678540414,-0.26088701585390844,0.021428571428571935,0.06020469596628766,2.16736905478627,UP-LEG
FILATEX,1146,0.6363636363637069,0.020613903099608786,0.20826600482070393,-0.350620424847072,-0.15037593984962974,0.1014492753623175,0.11027568922305708,1.9248120300751896,UP-LEG
FILATEX,1147,0.0,0.03927629099133057,0.22532886268567015,-0.47622201741449033,-0.23057644110276088,0.06766917293233203,0.0,2.5162907268170476,UP-LEG
FILATEX,1147,1.0,0.07027662884681062,0.2213724283617033,-0.5002531271485801,-0.1303258145363363,0.0387596899224778,0.04010025062657269,2.1854636591478767,UP-LEG
FILATEX,1148,1.0,0.3500916870415648,0.19284511321825842,-0.33869814764513373,-0.1303258145363363,0.00404858299595342,0.050125313283205165,2.1854636591478767,UP-LEG
FILATEX,1148,0.8000000000001706,0.045278682244780696,0.18908624729851756,-0.32885314682936356,-0.07013325318103715,0.01224489795918391,0.10019036168719998,1.873559763550751,UP-LEG
FILATEX,1149,-0.5999999999997726,0.027272028885303834,0.18131147994938734,-0.18338479158440416,-0.060144346431423475,0.01626016260162254,0.05012028869286002,2.024859663191656,UP-LEG
FILATEX,1149,-1.0,0.05093483111487266,0.17356751540625903,0.28760041260252645,0.17040898155573547,0.028806584362136692,0.07016840417000118,2.064955894145938,UP-LEG
FILATEX,1150,0.7499999999998668,0.0722817292132234,0.17987781901820907,0.310110159249008,0.23039166583191825,0.0548523206751028,0.0801362315937076,1.6728438345186836,UP-LEG
FILATEX,1150,0.3333333333330175,0.025157232704402517,0.2384848484047718,0.34541286451611936,0.20036064916849192,0.0548523206751028,0.030054097375276638,1.6930474854738649,UP-LEG
FILATEX,1151,-1.0,0.12619783616692426,0.2436975494975824,0.24719125196852668,0.11025358324145479,0.05405405405405544,0.11025358324145479,1.69389596070963,UP-LEG
FILATEX,1151,0.3333333333333333,3.2069298144075318,0.11804194153447482,0.8497079578379761,-0.030084235860410286,0.07488986784140964,0.1805054151624617,1.8351383874849563,UP-LEG
FILATEX,1152,-0.40000000000002844,0.0937403400309119,0.11704785673336811,0.828838892068536,-0.09030704394943148,0.10822510822510678,0.10034115994381751,0.41139875576961327,drift
FILATEX,1152,-0.5555555555556608,0.021155729676787464,0.11529768354164714,0.7771871036435342,-0.04011633737840363,0.08474576271186461,0.09026175910139747,0.9126466753585506,UP-LEG
FILATEX,1153,-0.2222222222222661,0.15955502582439413,0.11711643910589296,0.5752687978573064,-0.030084235860410286,0.09871244635193191,0.18050541516244747,0.7320497392699599,UP-LEG
FILATEX,1153,-0.6000000000000568,0.04883125200128082,0.11636906554513304,0.5325362828966702,-0.09025270758123086,0.07488986784140964,0.10028078620135812,0.782190132370639,UP-LEG
FILATEX,1154,-0.4736842105263394,0.495927090894427,0.11298887018398983,0.3866704719380659,0.010023053021941371,0.022222222222220818,0.19043800741705696,0.7316828706023895,UP-LEG
FILATEX,1154,1.0,0.04092505145901441,0.11120468222202919,0.4406387861690404,0.11014318614198401,0.021276595744685482,0.07009111845399758,0.6308200660859071,UP-LEG
FILATEX,1155,0.9568345323740991,8.021211388015162,0.12798911621422673,2.3256174770668228,1.42194134491952,0.41689373297002574,1.3725683815542615,-0.5628517823639708,DOWN-LEG
FILATEX,1155,0.7590361445783265,18.304274735830933,0.07122449292622111,3.166099810074593,2.137254901960791,0.5524475524475508,0.8137254901960769,-1.3725490196078487,DOWN-LEG
FILATEX,1156,-1.0,3.8870083432657925,0.0664858594249016,2.3038647130012455,2.0133569043409913,0.48532731376974747,0.4419563936358307,-1.1490866234531403,DOWN-LEG
FILATEX,1156,0.30769230769229505,2.4840744368266408,0.0632701271299098,2.2101111110521803,1.9179699026261463,0.45575221238938,0.2557293203501575,-0.855709648863976,DOWN-LEG
FILATEX,1157,0.8823529411764928,6.7272024729520865,0.06379852843787481,2.5112322490568575,2.5425386270291495,0.5109343936381708,0.6649716409153067,-1.427733229024064,DOWN-LEG
FILATEX,1157,-0.5555555555554854,1.4456920168229348,0.06744729744299648,2.375423574263406,2.1779652702835404,0.41573033707865276,0.3531835573432742,-1.0595506720298364,DOWN-LEG
FILATEX,1158,-0.2727272727271553,1.584418586730369,0.06562647326946351,2.308322070196389,2.168154615912889,0.4045801526717559,0.10791719807711117,-1.0006867458059554,DOWN-LEG
FILATEX,1158,-0.4399999999999409,0.6851101593548636,0.06781531067211141,2.27767995914686,1.9276160503540596,0.3939393939393962,0.24586939417781273,-0.8064516129032331,DOWN-LEG
FILATEX,1159,1.0,0.7594281298299845,0.06755116464429416,2.3412892889849095,1.9748477107486788,0.3916349809885943,0.17685203379839537,-0.9137355079583482,DOWN-LEG
FILATEX,1159,-0.33333333333349124,0.40266405484818807,0.06769840239827205,2.343945186639156,1.91514437242191,0.37984496124031014,0.11785503830289192,-0.9919465723826272,DOWN-LEG
FILATEX,1200,-1.0,1.0721792890262751,0.07021131692559984,1.4399033463837587,0.2266009852216788,0.29411764705882415,0.3054187192118249,-0.6699507389162629,DOWN-LEG
FILATEX,1200,0.3333333333333333,0.5342997061704211,0.06948913039364914,0.11345518181672944,-0.48271106294945804,0.3098330241187403,0.08866121564378229,-0.6501822480543895,DOWN-LEG
FILATEX,1201,-0.8000000000001706,0.4856575288041319,0.06898823872711539,0.46095926757818173,-0.354819633353045,0.2873134328358202,0.09856100926472927,-0.6012221565148822,DOWN-LEG
FILATEX,1201,1.0,0.8301312840217739,0.07316781930966644,0.4564884568028567,-0.11816838995569133,0.30386740331491596,0.09847365829640012,-0.7385524372230429,DOWN-LEG
FILATEX,1202,-0.9602649006622688,13.764163686928883,0.0752247623864693,-1.08386019396135,-2.1884680723493677,0.013177159590042346,1.5089437393824232,0.7894473868292259,UP-LEG
FILATEX,1202,0.928571428571443,0.739113032340698,0.0806706557116111,-0.961985079251415,-1.3019280461140947,0.10164835164835288,0.5565493937586983,0.3776585171933964,drift
FILATEX,1203,-0.5999999999999676,0.5860956528752319,0.08214320468958031,-0.9502866389194023,-1.4733698357391776,0.07651006711409493,0.34843205574913744,0.47784967645595217,drift
FILATEX,1203,1.0,1.367755363432597,0.08108599096182588,-0.8088228302495499,-1.1741293532338377,0.08266666666666728,0.1791044776119471,0.4975124378109453,drift
FILATEX,1204,0.7333333333333713,0.27163480925881117,0.08074432097715514,-0.8515898960795717,-1.273631840796021,0.09139784946236654,0.1492537313432751,0.35820895522388,drift
FILATEX,1204,0.0,0.6259030552528555,0.0787954227387412,-0.8552807015866677,-1.3134328358208887,0.1262135922330091,0.0597014925373157,0.47761194029851145,drift
FILATEX,1205,1.0,1.4399548350673441,0.07141099464279653,-0.6566169709405689,-0.794438927507445,0.1486486486486494,0.49652432969215493,0.28798411122144196,drift
FILATEX,1205,-1.0,0.12398595471606733,0.09131206341206828,-0.6766541145790353,-0.9045725646123368,0.13101604278074697,0.09940357852883552,0.39761431411531384,drift
FILATEX,1206,1.0,0.5290838584585555,0.09692352207749268,-0.6073767562118733,-0.8047690014903011,0.13217623497997386,0.1490312965722858,0.23845007451564318,drift
FILATEX,1206,1.0,0.7235019263874088,0.10199114525780141,-0.608640947901251,-0.7440476190476191,0.13907284768211836,0.23809523809523303,-0.31746031746031067,drift
FILATEX,1207,-0.7391304347826033,1.430683470673776,0.10550476239780782,0.22849496900484878,0.7242063492063532,0.13907284768211836,0.22817460317460714,-0.22817460317460714,drift
FILATEX,1207,-0.6470588235294019,0.27354701205016807,0.10236035693021996,0.17033573691457063,0.22806147744173505,0.14473684210526197,0.16856717897868292,-0.36688150718888485,drift
FILATEX,1208,0.7777777777776725,0.44417637271214644,0.10869003914371256,0.2162894042246629,0.45585174908333537,0.15143603133159175,0.08918838569022239,-0.34684372212862385,drift
FILATEX,1208,-0.5000000000000888,0.4811348225799742,0.10386350412945561,0.10832494796696605,0.3569303985722778,0.13725490196078358,0.07931786634939351,-0.32718619869125354,drift
FILATEX,1209,-0.3333333333339649,0.15741742241451037,0.10368361106901086,0.09162634194178673,0.34705007436786744,0.1432325886990782,0.02974714923153311,-0.39662865642041795,drift
FILATEX,1209,0.46666666666674245,1.5781022505095885,0.09951355247427422,0.137614080649562,0.3075091756770184,0.13725490196078358,0.1487947624243542,-0.21823231822239744,drift
FILATEX,1210,1.0,0.203843913803145,0.09373125924214082,0.05572315273464479,0.11902400317396385,0.13043478260869468,0.019837333862324957,-0.21821067248561682,drift
FILATEX,1210,0.5999999999997726,0.16941786117263571,0.09571520456137236,0.07019465822242288,0.2478929102627665,0.13534822601839674,0.04957858205255049,-0.2478929102627665,drift
FILATEX,1211,1.0,0.13719563392107473,0.09551597562474227,0.04420505057096073,0.19831432821020195,0.14285714285714232,0.03966286564203475,-0.14873574615765142,FLAT
FILATEX,1211,-1.0,0.5982949269857348,0.09527532823561402,-0.04030534144363368,0.0,0.14285714285714232,0.09920634920635765,-0.16865079365079536,FLAT
FILATEX,1212,0.3333333333333333,0.20188391038696538,0.10933781955747802,0.03374969014058457,0.05948839976204866,0.15873015873015875,0.08923259964307298,0.0,FLAT
FILATEX,1212,1.0,0.8958050271739131,0.08106471755306509,0.10013828424876736,0.14851485148515414,0.16862745098039253,0.18811881188118584,-0.33663366336634,drift
FILATEX,1213,-0.16666666666650876,0.30684908225696805,0.07624471962341452,0.07511302175194907,0.01981571386110198,0.15693904020752356,0.11889428316655558,-0.17834142474983336,FLAT
FILATEX,1213,1.0,0.6064415449304261,0.08335829545821918,0.12601081780000487,0.13861386138613918,0.16452442159383046,0.09900990099009338,-0.18811881188118584,FLAT
FILATEX,1214,-1.0,0.33466064950004426,0.09330635095346929,0.10945618101899192,0.009914733293679473,0.1385006353240156,0.11897679952409732,0.06940313305572814,FLAT
FILATEX,1214,0.6363636363637069,0.8037101140549416,0.10107381793468097,0.09273189849193221,0.16835016835017003,0.14068441064638776,0.10893246187363777,-0.09902951079422513,FLAT
FILATEX,1215,1.0,0.07799145299145299,0.09965299031535593,0.09633606511364759,0.16833349836617656,0.04307692307692325,0.11882364590552563,-0.07921576393702179,FLAT
FILATEX,1215,1.0,0.1180477748397795,0.09238636015857993,0.1298737345485625,0.14851485148515414,0.17301038062283733,0.04950495049504669,-0.11881188118812332,FLAT
FILATEX,1216,-0.15789473684211314,1.0320512820512822,0.09340562362622812,0.11303254626711548,0.03964714045000124,0.1628721541155856,0.1883239171374742,-0.019823570224993578,FLAT
FILATEX,1216,-1.0,6.970754005236764,0.07329990151427035,-0.442463633283147,-0.31847133757961105,0.1993299832495809,0.5175159235668749,0.3781847133757916,drift
FILATEX,1217,0.7499999999998668,0.10185185185185185,0.08512532703797454,-0.5161511612315339,-0.28835636869842524,0.3089579524680104,0.15909316893705538,0.30824301481555366,drift
FILATEX,1217,-0.545454545454569,0.3978846412405324,0.0868310749985956,-0.6421318946380407,-0.5175159235668749,0.2772466539196959,0.21894904458598613,0.3881369426751598,drift
FILATEX,1218,-0.3333333333333333,1.2740384615384615,0.0837635429386591,-0.6809203313200369,-0.3679395385839345,0.2580037664783449,0.23866348448686842,0.3679395385839345,drift
FILATEX,1218,-1.0,0.33469277999372565,0.08362572204440118,-0.777945180408113,-0.4675221326967063,0.2259332023575661,0.19894558838158047,0.43768029443946854,drift
FILATEX,1219,-1.0,0.037271004421983576,0.08806566712915058,-0.7637728440593073,-0.408163265306119,0.26232741617357075,0.14932802389247532,0.3683424589347838,drift
FILATEX,1219,0.875000000000111,0.25084684521927647,0.10241515637395467,-0.7931682527463453,-0.3877124962719958,0.2379110251450663,0.1590615369320972,0.4075951883885044,drift
FILATEX,1220,1.0,0.10171790235081374,0.1032271682951932,-0.8147661477835498,-0.387673956262426,0.18518518518518692,0.07952286282305994,0.37773359840955234,drift
FILATEX,1220,1.0,0.16922797126489042,0.10155068933445159,-0.8104018049494992,-0.39761431411531384,0.18762886597938444,0.06958250497017215,0.33797216699801536,drift
FILATEX,1221,0.46666666666674245,0.13252240717029448,0.10760842400152898,-0.7945642256062877,-0.1886792452830166,0.1551020408163254,0.148957298907638,0.148957298907638,FLAT
FILATEX,1221,-1.0,0.16485225505443235,0.1123591071238525,-0.06055619241128858,0.1490609162277566,0.1885245901639355,0.05962436649110829,0.36768359336182505,drift
FILATEX,1222,0.4444444444444752,1.0356685567953174,0.11634556479708547,-0.032559679312990183,0.2875272655165638,0.2176308539944932,0.3569303985722778,0.2577830656355395,drift
FILATEX,1222,-1.0,0.3065593266855731,0.12514229193724508,-0.048605800562554625,0.1788197893900185,0.012195121951217188,0.17881978939003262,0.9040333796940161,UP-LEG
FILATEX,1223,-0.2857142857143292,0.8501098096632503,0.12212209466517425,-0.013784412613848487,0.1885856079404444,0.09374999999999986,0.27791563275434356,0.694789081885859,UP-LEG
FILATEX,1223,0.0,0.5954374022629013,0.12191964863008421,0.05196925621981801,0.27775022319214476,0.09657320872274276,0.11903580993949464,0.5257414938994158,UP-LEG
FILATEX,1224,1.0,0.09330497503236546,0.1227573980239264,0.07792022451187025,0.47557713266620816,0.1291291291291318,0.11889428316655558,0.4062221341523794,drift
FILATEX,1224,0.16666666666650876,0.4044015228897762,0.12203920636766181,0.04707786676762932,0.28747026169705797,0.11242603550295739,0.11895321173672141,0.4064234734337934,drift
FILATEX,1225,0.6363636363634955,0.19526296158149944,0.122344826372529,0.05487175638343434,0.3072044395996455,0.06542056074766173,0.10900802695472565,0.3369339014963863,drift
FILATEX,1225,0.7499999999998668,0.06834955107413153,0.12401694142405056,0.029503589350515908,0.27755749405234054,0.08917197452229374,0.07930214115780956,0.5154639175257834,UP-LEG
FILATEX,1226,-0.12499999999988898,1.4177545691906006,0.11531706141727398,-0.021174086162636083,0.16853375632001755,0.07096774193548429,0.15862000594824682,0.4758600178447405,drift
FILATEX,1226,-0.6000000000000568,0.41884078409251163,0.16525943405293841,-0.03975459190677317,0.22803886575451515,0.020270270270271177,0.09914733293673837,0.47590719809637516,drift
FILATEX,1227,0.5999999999998294,0.34268651056972227,0.1534799316285866,-0.10451324339390376,0.019825535289448873,0.026845637583892266,0.09912767644727252,0.49563838223632045,drift
FILATEX,1227,1.0150610510858533e-13,0.4929873103711478,0.14387188674097237,-0.0318816384429642,0.2081887578070863,0.006802721088438926,0.1387925052047195,0.4758600178447405,drift
FILATEX,1228,0.30000000000007815,1.4481941416247985,0.14030968231661156,0.12736984117081787,0.17834142474983336,0.006802721088438926,0.19815713861092124,0.4161299910829163,drift
FILATEX,1228,1.0,0.5607289380784276,0.13823128857050065,0.25248149906575,0.15846290977517735,0.03754266211604122,0.16836684163613122,0.42586907002080504,drift
FILATEX,1229,-0.6923076923077764,0.5024488619994238,0.13847769055194697,0.14984594344787852,-0.10910533624282251,0.009771986970684522,0.12894267010514746,0.66455068438802,UP-LEG
FILATEX,1229,1.0,5.889418948573609,0.09032282115789621,1.130562392612441,0.11881188118812332,0.05919003115264764,0.19801980198020083,0.42574257425743256,drift
FILATEX,1230,-0.3333333333330175,0.8757322577547296,0.08664303514261615,1.0553261273240473,0.069320657555959,0.04968944099379241,0.029708853238266126,0.4753416518122299,drift
FILATEX,1230,-0.5000000000000888,0.8715777318000288,0.08535649426004333,0.9580731534292167,0.05944125222904921,0.027863777089784426,0.07925500297206092,0.49534376857539136,drift
FILATEX,1231,-0.875000000000111,1.044655718813022,0.08048929023271297,0.807486139495777,-0.019831432821031468,0.0,0.15865146256816717,0.45612295488349824,drift
FILATEX,1231,1.0,0.40850695279795984,0.08363502533824388,0.9275168759756675,0.13861386138613918,0.05847953216374349,0.04950495049504669,0.24752475247524752,drift
FILATEX,1232,0.15789473684211314,0.32613307618129217,0.08125624668408854,0.9022579443916375,0.23734177215190772,0.0747126436781623,0.18789556962025092,0.14833860759492826,FLAT
FILATEX,1232,0.9230769230768853,1.6087186642929316,0.08825719829680415,1.1276677343399455,0.6891798759476111,0.1503957783641146,0.511962193561101,0.27567195037905007,drift
FILATEX,1233,-0.8124999999999889,1.4156343032747527,0.08729637270718049,0.8300443584774946,0.5125677673730862,0.13541666666666602,0.3154263183834334,0.17742730409067778,FLAT
FILATEX,1233,-1.0,0.9684838569985084,0.08816753087155085,0.5832895976199373,0.365107558713247,0.08762886597938242,0.20722320899940178,0.2565620682849723,drift
FILATEX,1234,1.0,0.21234329797492768,0.08182796785690213,0.6739422116744469,0.5131241365699726,0.12834224598930605,0.11841326228538045,0.2565620682849723,drift
FILATEX,1234,0.03225806451619114,3.4687966126160803,0.07082317463535641,-0.23694318744194287,0.28630664428868224,0.08446866485013715,0.30605193010169046,0.25668871556914885,drift
FILATEX,1235,0.09090909090913789,0.11427193828351012,0.07151339873651236,-0.18954750708451812,0.2666666666666628,0.07027027027027159,0.1086419753086414,0.355555555555555,drift
FILATEX,1235,1.0,0.17336500702962138,0.07620040852313321,-0.09286657971719049,0.45364891518738454,0.10416666666666806,0.18737672583827605,-0.07889546351086045,FLAT
FILATEX,1236,-1.0,0.14741152383737935,0.08266747527938462,0.029281873470113424,0.493339911198816,0.12169312169311955,0.06906758756784154,0.15786877158363177,FLAT
FILATEX,1236,0.13043478260876012,0.21964469240933784,0.08349586638912894,-0.04430781824050989,0.3355042431419019,0.2544378698224843,0.2269587527136412,0.16775212157095096,FLAT
FILATEX,1237,0.4166666666666272,0.4273781446540881,0.08410731710108588,-0.016392227120741353,0.2564608404024373,0.243243243243243,0.23673308344842092,0.12823042020123265,FLAT
FILATEX,1237,-0.4736842105263394,0.31494513065301905,0.08576287469852864,-0.3853959125640473,-0.21706956092747792,0.2660550458715547,0.18746916625554783,0.10853478046373896,FLAT
FILATEX,1238,-1.0,0.08457368161655988,0.08890412335668015,-0.14645890755943727,-0.09866798223977162,0.24764890282131208,0.1282683769117017,0.13813517513566906,FLAT
FILATEX,1238,-0.45454545454543105,0.13894799346825673,0.09137777935207635,0.06430613084170171,0.059171597633138326,0.27102803738317593,0.10848126232741562,0.07889546351084645,FLAT
FILATEX,1239,1.0,0.4619435612082671,0.0886303842527955,0.11688650841765938,0.14779781259236524,0.3229813664596221,0.08867868755541354,-0.13794462508621594,FLAT
FILATEX,1239,0.1250000000000666,0.27083022062851736,0.1174084780008185,0.09985127583470589,0.13802622498274728,0.2675159235668788,0.15774425712313575,-0.18732130533373945,FLAT
FILATEX,1240,1.0,0.021367948077883177,0.12610464930639284,0.10275092884179245,0.20697811945593708,0.2721518987341761,0.0689927064853077,-0.21683422038241562,drift
FILATEX,1240,-0.2000000000001137,1.0321231137008815,0.12336524407643105,0.015967479098626922,0.039432176656143576,0.2641509433962269,0.09858044164037295,-0.1774447949526741,FLAT
FILATEX,1241,-0.36842105263154745,0.236445332001997,0.13495981593146433,0.03029193297694578,-0.039482775639119574,0.19003115264797527,0.18754318428585304,-0.059224163458693385,FLAT
FILATEX,1241,-1.0,0.11652051204515673,0.13103389111430822,-0.0022018190773715,-0.08888888888889225,0.19375000000000211,0.14814814814815375,0.06913580246912907,FLAT
FILATEX,1242,0.42857142857119657,0.16821003358095044,0.12464811682152081,-0.02771462932028418,-0.10862051940357403,0.13712374581939774,0.06912214871137295,0.11849511207663133,FLAT
FILATEX,1242,1.0,4.199274266706985,0.11186878735283758,0.7930394503054856,0.49091801669121254,0.35311572700296917,0.6087383406970941,-0.4221894943544356,drift
FILATEX,1243,-0.7647058823529903,2.338891662506241,0.1119374526211926,0.4391784831695064,0.2755092000393596,0.25142857142857217,0.33454688576208147,-0.29518842861359557,drift
FILATEX,1243,-1.0,0.035782683197258344,0.11400667817398853,0.44347536980276653,0.1968503937007762,0.22766570605187283,0.09842519685040209,-0.3444881889763724,drift
FILATEX,1244,1.0,0.04925206064923171,0.11538959203538125,0.37104731002658925,0.10826771653543253,0.1999999999999983,0.009842519685030419,-0.24606299212598426,drift
FILATEX,1244,0.0,0.6726702001749602,0.1457486060213502,0.3662252253581299,0.11816838995567734,0.2000000000000034,0.09847365829640012,-0.2954209748892143,drift
FILATEX,1245,0.7499999999998668,0.32781594836560485,0.14495254230644897,0.40239304561687433,0.14762326542663684,0.20710059171598005,0.07873240822753498,-0.19683102056884447,FLAT
FILATEX,1245,-0.5652173913043801,1.7371481500540318,0.1387242178205811,0.26054456827930045,-0.11843663639953075,0.12087912087912166,0.22700355309909592,0.01973943939993114,FLAT
FILATEX,1246,-0.8181818181817242,0.6246096189881324,0.14437871397455243,0.18973915557108378,0.19702492365284485,0.16753926701570787,0.10836370800906259,-0.2856861392966272,drift
FILATEX,1246,-1.0,0.02505742326164126,0.14582681684736076,0.20717037655753026,0.25613240074869975,0.1706036745406851,0.08866121564376829,-0.1576199389222843,FLAT
FILATEX,1247,-0.7499999999998668,0.14481675392670157,0.14612183603775553,0.17852135780545755,0.23642990838341946,0.1662269129287634,0.07880996946113515,-0.2462811545660526,drift
FILATEX,1247,-0.6923076923077428,0.6671248083734207,0.14416713200394068,-0.5921506410727166,-0.3843879361324666,0.1540469973890312,0.12812931204415084,-0.10841711019120781,FLAT
FILATEX,1248,1.0,0.07142094587381231,0.1466200683192049,-0.2870357937758261,-0.13794462508621594,0.14736842105262854,0.029559562518475847,-0.17735737511084107,FLAT
FILATEX,1248,-1.0,0.0872867304915227,0.14426679409158288,-0.301310729677225,-0.11824990145840593,0.13527851458886092,0.00985415845485899,-0.26606227828144485,drift
FILATEX,1249,-1.0,0.0034297963558413717,0.15266784370699085,-0.3151471959487162,-0.246669955599408,0.14133333333333364,0.13813517513566906,-0.009866798223967346,FLAT
FILATEX,1249,-0.6842105263157974,0.9240601503759398,0.1496192436784017,-0.5550325607782708,-0.3062030817858577,0.06521739130434656,0.1876728565784393,-0.15804030027656715,FLAT
FILATEX,1250,-0.2000000000001137,0.6442411194833154,0.14122366418278637,-0.6449591408736601,-0.36546819438957384,0.0710382513661178,0.09877518767285097,0.1185302252074324,FLAT
FILATEX,1250,-0.3846153846152669,0.3495114182367867,0.14891091850480223,-0.4582630593374342,-0.059253407070894784,0.08791208791208993,0.12838238198695975,0.1086312462966615,FLAT
FILATEX,1251,0.49999999999982236,0.008989494205566988,0.14234946867860576,-0.35973742999085156,-0.2567901234567952,0.11235955056179928,0.03950617283951235,0.12839506172839057,FLAT
FILATEX,1251,1.0,0.8433958151700087,0.1361470790698663,-0.15292705864523065,-0.1875246742992617,0.09195402298850405,0.0986971969995996,0.26648243189894416,drift
FILATEX,1252,0.07692307692311055,2.5768439293837324,0.12012663997044788,-0.08076922412018434,-0.11835486734392402,0.07871720116617976,0.12821777295592235,0.15780648979188933,FLAT
FILATEX,1252,0.8571428571427846,0.08358761987794246,0.11595100461055746,0.04793787087298392,-0.039439952672048945,0.049833887043186455,0.13803983435219933,-0.03943995267206296,FLAT
FILATEX,1253,-1.0,0.2431187630222612,0.12836173683092658,-0.032812461945204534,-0.15789993091877688,0.04026845637584021,0.11842494818908966,0.09868745682424604,FLAT
FILATEX,1253,-1.0,0.4171287400494098,0.12889627942202467,-0.12553641534711685,-0.22716049382716444,0.030508474576272166,0.19753086419753368,0.12839506172839057,FLAT
FILATEX,1254,0.5384615384615048,0.3210202286719437,0.13554629015520434,-0.07688235774581019,0.0,0.00327868852458717,0.12826837691168766,0.009866798223981368,FLAT
FILATEX,1254,-1.0,0.036509594765491836,0.1496188237893404,0.09426452228299279,0.009876543209881596,0.012903225806453594,0.07901234567901066,-0.009876543209881596,FLAT
FILATEX,1255,0.6470588235294019,0.8040919590804092,0.1532984287424116,0.2678581486992179,0.1676363277783273,0.049689440993787776,0.1676363277783273,-0.15777536732077369,FLAT
FILATEX,1255,-0.052631578947321185,0.6227901084980999,0.14817031318218626,0.29945549582198533,0.07894217485691563,0.019108280254777878,0.18748766528517635,0.04933885928557052,FLAT
FILATEX,1256,-1.0,0.24972424442973748,0.14659416490992383,0.22859630615084198,-0.029638411381151097,0.040498442367600085,0.16795099782651818,0.0790357636830649,FLAT
FILATEX,1256,1.0,0.13106073142478902,0.16003379476635474,0.03183791389165531,0.02960039467193008,0.003003003003000286,0.12826837691168766,0.02960039467193008,FLAT
FILATEX,1257,0.052631578947470774,0.32847842877634337,0.16734349598219347,-0.018260206007483213,-0.12838238198695975,0.03550295857987899,0.1876357890578686,0.1185068141418036,FLAT
FILATEX,1257,1.0,0.27458337931795607,0.17983014570077052,0.03670671826813685,-0.06906758756784154,0.0,0.049333991119878795,0.11840157868772032,FLAT
FILATEX,1258,-0.14285714285702686,0.732200022077492,0.168874284813822,0.07468181119019855,-0.019741387819559787,0.011494252873561059,0.06909485736846627,0.14806040864671943,FLAT
FILATEX,1258,-1.0,0.2306248620004416,0.17635995339855953,0.12451785362199774,-0.03952178638475077,0.05382436260623631,0.13832625234660664,0.4643809900207619,drift
FILATEX,1259,0.9130434782609448,0.7460527768576791,0.16411328266000355,0.25775116331168235,-0.009867771857105688,0.042016806722686935,0.22695875271362717,0.1973554371422961,FLAT
FILATEX,1259,-1.0,1.561713402517112,0.16973967368101223,-0.13329649160482399,-0.16818361693708123,0.09283819628647451,0.36604669568658943,0.51444400474871,UP-LEG
FILATEX,1300,-0.17647058823531378,0.14993927349011815,0.20603447070759612,-0.26542049903228115,-0.04932912391475647,0.024875621890545787,0.1677190213101692,0.29597474348855285,drift
FILATEX,1300,0.06666666666670457,0.0224160777385159,0.21159050920757094,-0.260716130954701,0.02959455460195436,0.017456359102242604,0.14797277300975778,0.26635099141757523,drift
FILATEX,1301,0.3333333333330175,0.00706791827719492,0.21163162531838978,-0.2002528016802758,0.15782205563227125,0.017994858611823372,0.029591635431052615,0.1972775695403461,FLAT
FILATEX,1301,1.0,1.1264355123674912,0.22043384797670829,0.04158748038576421,0.23624372477606959,0.08415841584158458,0.3149916330347548,-0.0689044197263583,FLAT
FILATEX,1302,0.11111111111100584,0.05323025952512424,0.2859974200857842,0.039116283833153104,0.28557360905956874,0.06896551724137907,0.08862629246676851,0.14771048744461418,FLAT
FILATEX,1302,-0.8571428571429877,0.08113815716349894,0.3048512866738142,-0.055333291675300975,0.029591635431052615,0.1287671232876697,0.13809429867824083,0.41428289603472257,drift
FILATEX,1303,0.33333333333349124,0.18189954133571987,0.3019140255399315,-0.004082122013855455,0.11830819284235881,0.05747126436781205,0.11830819284235881,0.3154885142462715,drift
FILATEX,1303,-0.33333333333349124,0.025481281921760118,0.31313468005456196,0.07873957695946558,0.16768593410929347,0.06285714285714152,0.05918327086210523,0.15782205563228527,FLAT
FILATEX,1304,0.3846153846153342,0.10216264924532552,0.3107835177181029,-0.16095734114244703,0.019731649565899786,0.0681818181818157,0.12825572217838366,0.27624309392265306,drift
FILATEX,1304,-1.0,0.019091730682331675,0.314463591888138,0.41416998321240794,0.15804030027656715,0.0863509749303613,0.098775187672865,0.35559067562228314,drift
FILATEX,1305,-1.0,0.18275549512803083,0.3195223661998092,0.3604616430691011,-0.1086419753086414,0.10169491525423531,0.12839506172839057,0.3456790123456734,drift
FILATEX,1305,1.0,0.10059037238873751,0.3583510463450835,0.43569338910401695,0.01972581122398266,0.02064896755162425,0.13808067856790665,0.2169839234638513,drift
FILATEX,1306,-1.0,0.11092150170648464,0.36130925075592774,0.4086285915418452,-0.07897334649555607,0.06382978723404402,0.09871668311945561,0.19743336623889718,FLAT
FILATEX,1306,1.0,0.05112298236544316,0.35721435993731837,-0.05624868799619828,-0.20714144801736828,0.038575667655788674,0.13809429867824083,0.16768593410929347,FLAT
FILATEX,1307,1.0,0.05557489267896508,0.3572814426207272,-0.03626013590272455,-0.16768593410929347,0.038575667655788674,0.12823042020121864,0.3156441112645565,drift
FILATEX,1307,0.09090909090913789,1.7015336894709634,0.28932216122033105,0.06032101087778916,0.08869616635459092,0.0029325513196495605,0.21681285108899068,0.13797181432935898,FLAT
FILATEX,1308,-0.6000000000001516,0.8690103260239007,0.28103351643535074,-0.18117249033633712,0.029568302779407578,0.008849557522124116,0.14784151389709393,0.2168342203824296,drift
FILATEX,1308,0.6842105263158486,1.8768453098971796,0.2456349289322259,0.31382332505787125,0.29504327301338645,0.05555555555555534,0.3737214791502709,0.0,FLAT
FILATEX,1309,-0.555555555555503,0.10523262559461655,0.26633441285260356,0.27643993533222905,0.17727004136301636,0.05263157894737091,0.17727004136301636,0.09848335631277753,FLAT
FILATEX,1309,1.0,0.09720125420973173,0.2920636810965321,0.33655710319834486,0.3543307086614168,0.10112359550561655,0.06889763779526888,-0.0984251968503881,FLAT
FILATEX,1310,1.0,0.7247471812158549,0.23725716403424005,0.6485197509268407,0.40330513476293195,0.11602209944751277,0.06885697422781152,-0.07869368483179057,FLAT
FILATEX,1310,0.6666666666665088,0.13743661479279595,0.23525358170103133,0.6474395659028523,0.24596615505706412,0.10497237569060552,0.05903187721369764,-0.13774104683195648,FLAT
FILATEX,1311,-1.0,0.2037643207855974,0.2366747786397267,0.6041603686679708,0.27564481197086155,0.08991825613078899,0.059066745422329474,0.06891120299272238,FLAT
FILATEX,1311,-1.0,0.04889228418640183,0.2510308949193878,0.6151607857442586,0.1379038613081172,0.05464480874316959,0.05910165484633794,0.09850275807723456,FLAT
FILATEX,1312,1.0,1.5142623334112695,0.22630617964706307,1.044689753815977,0.3146509341199679,0.08222811671087508,0.12782694198624353,-0.09832841691249608,FLAT
FILATEX,1312,1.0,0.6403008755949933,0.20302151036138474,1.153249650037917,0.32416502946954645,0.09895833333333133,0.14734774066796805,-0.14734774066796805,FLAT
FILATEX,1313,-0.11111111111100584,0.26491787782110365,0.20136209723025497,1.34002950289423,0.28501228501229114,0.11052631578947339,0.0884520884520918,-0.07862407862407694,FLAT
FILATEX,1313,-0.8999999999999503,0.5501367907695968,0.20990474509942922,0.7419979180295558,-0.13787669883789694,0.0737913486005101,0.19696671262556908,0.019696671262552708,FLAT
FILATEX,1314,0.8461538461537789,0.245120344868878,0.21659190023898534,0.827200354895647,0.09838646202282007,0.0737913486005101,0.12790240062968286,-0.07870916961825886,FLAT
FILATEX,1314,0.3333333333332544,0.06542956982769009,0.20597766570392229,0.8030380833103136,0.0,0.09043927648578587,0.11811023622047692,-0.08858267716534371,FLAT
FILATEX,1315,0.0,0.07457257184430702,0.20729272952712421,0.588836184476254,-0.05905511811023846,0.05121293800538972,0.0,-0.02952755905511923,FLAT
FILATEX,1315,-0.49999999999982236,0.12678712660461156,0.19113511494170682,0.5346570728294759,-0.029524653085327365,0.07397260273972396,0.039366204113774485,-0.06889085719908786,FLAT
FILATEX,1316,-1.0,1.4287619740511701,0.17084269245019051,0.11738871729261326,-0.0788177339901461,0.07692307692307632,0.11822660098522615,0.27586206896551835,drift
FILATEX,1316,-0.5000000000000355,0.14211839143395996,0.1663188899386637,0.11181463945133743,0.029542097488922833,0.056179775280898965,0.19694731659281423,0.22648941408173706,drift
FILATEX,1317,1.0,1.2574269431308354,0.16466374613525722,0.014619606215881112,0.0,0.12154696132596417,0.15732546705997696,0.15732546705997696,FLAT
FILATEX,1317,-0.23076923076924757,0.14260509825393927,0.18984127173819026,-0.18257186863719851,-0.18698946954039733,0.07182320441988942,0.1279401633697426,0.23619722468260496,drift
FILATEX,1318,1.0,0.1387057387057387,0.21153412343820263,-0.13452203362219864,-0.06884343036978086,0.10136986301369735,0.09834775767113346,0.16719118804090036,FLAT
FILATEX,1318,7.105427357602415e-13,0.13601028340576604,0.2271791819640002,0.009149763184203885,0.13768686073957567,0.1323943661971837,0.019669551534221105,0.17702596380801788,FLAT
FILATEX,1319,-0.14285714285720086,0.11722106296796367,0.21244795243099404,-0.059606585584379604,0.0,0.08670520231213592,0.06887052341598522,0.22628886265250292,drift
FILATEX,1319,-1.0,0.30452776576687873,0.2188437168887067,-0.17684169656295365,-0.09852216748767913,0.1257485029940097,0.17733990147783923,0.4729064039408907,drift
FILATEX,1320,0.5555555555555907,0.1172593882118876,0.2400375832838469,-0.15460599083944335,-0.019688915140771826,0.07006369426751397,0.08860011813348022,0.4233116755266852,drift
FILATEX,1320,-1.0,0.22233287688285822,0.24694094283657142,-0.20330528852270294,-0.10837438423645265,0.04049844236759901,0.0788177339901461,0.34482758620689097,drift
FILATEX,1321,1.0,0.09745762711864407,0.26458652847901354,0.3057456870351538,0.14756517461879556,0.08059701492537427,0.14756517461879556,0.23610427939005893,drift
FILATEX,1321,1.0,0.6501965188096575,0.24171284285470832,0.5684419100712118,0.06888407793742117,0.009463722397476481,0.11808699074985687,0.1968116512497428,FLAT
FILATEX,1322,-0.3333333333339649,0.2509681449094316,0.26037582375175405,0.09825763689550662,-0.09842519685040209,0.015873015873014585,0.02952755905511923,-0.167322834645657,FLAT
FILATEX,1322,1.0,0.47971179370496775,0.2592999614029717,0.26129682497031487,0.03935071323168347,0.08910891089108995,0.0983767830792017,-0.4033448106247031,drift
FILATEX,1323,0.6000000000000568,0.6116157093514136,0.2429635786813817,0.3244214170022599,-0.00983574309039551,0.0799999999999964,0.0983574309038992,-0.2754008065309345,drift
FILATEX,1323,-1.0,0.24937592011777507,0.23695169627776505,0.24209902791472787,-0.11815675462781071,0.0588235294117658,0.1083103584088218,-0.15754233950373828,FLAT
FILATEX,1324,-1.0,0.9582372533948245,0.1997764252063959,-0.04280528079626745,-0.07877116975186914,0.06578947368421009,0.039385584875927575,-0.17723513194171603,FLAT
FILATEX,1324,-1.0,0.7441502660426951,0.18542712369213332,-0.15704859241135707,0.009851246182647145,0.09090909090909265,0.04925623091320772,-0.3053886316619075,drift
FILATEX,1325,0.555555555555345,0.8023867573463365,0.17911114575756573,-0.053392958351893546,-0.009845426799256785,0.10596026490065864,0.08860884119326909,-0.20675396278428057,drift
FILATEX,1325,1.0,0.13404515340580175,0.18184796491824232,0.04351612527398709,0.03939334252511941,0.05154639175257883,0.03939334252511941,-0.04924167815640276,FLAT
FILATEX,1326,0.8461538461538713,2.8266392916720133,0.17468896340265821,0.5689525579786682,0.12772646885438735,0.15686274509803966,0.2554529377087747,-0.45195519748477886,drift
FILATEX,1326,0.6363636363637069,0.3506785875088442,0.1655653229804075,0.46112954378818355,0.15720180782078658,0.13422818791946417,0.10807624287679253,-0.5109058754175634,DOWN-LEG
FILATEX,1327,-0.2,1.6748363916335172,0.15245716104741305,0.39770792807382316,0.2552523070881652,0.15686274509803966,0.1472609463970211,-0.5399568034557207,DOWN-LEG
FILATEX,1327,-0.294117647058912,2.252323866914546,0.12050456715008367,0.13404311474556274,0.19636720667647387,0.12751677852348764,0.16691212567500002,-0.6676485027000418,DOWN-LEG
FILATEX,1328,1.0,0.6151674579751059,0.10990455954360903,0.18798916414941858,0.1767304860088293,0.13131313131313094,0.009818360333815323,-0.706921944035345,DOWN-LEG
FILATEX,1328,1.0,0.3218627387920499,0.1093976863278864,0.3337104550498136,0.29452189279402824,0.06521739130434502,0.019634792852931494,-0.7363047319850775,DOWN-LEG
FILATEX,1329,-0.6249999999999778,8.749262158347234,0.06572126325602885,-0.5473765478543159,0.30430941395896954,0.12547528517110154,0.15706292333365718,-0.8638460783351424,DOWN-LEG
FILATEX,1329,1.0,1.8156292070004487,0.059998166986252495,-0.08570590512000803,0.46087468131005965,0.1417910447761219,0.13728181996469951,-0.8629142969209743,DOWN-LEG
FILATEX,1330,1.0,1.64322316167051,0.053927216770767485,0.10868127963135832,0.4313302617390569,0.13207547169811543,0.049014802470357194,-0.8626605234780997,DOWN-LEG
FILATEX,1330,-1.0,1.8314024195096972,0.05443652351743621,-0.19224926268629783,0.3043691703485401,0.0752688172042979,0.24545900834560627,-0.7363770250368189,DOWN-LEG
FILATEX,1331,-0.2727272727271553,0.24429925698180888,0.049048378898647965,-0.5624176257498883,0.10795956423594016,0.11191335740072128,0.10795956423594016,-0.9029345372460513,DOWN-LEG
FILATEX,1331,-0.8461538461539807,0.2902750176293352,0.0516116142632501,-0.6281939738257943,0.039285012767621336,0.10791366906474548,0.12767629149479026,-1.050874091534073,DOWN-LEG
FILATEX,1332,1.6917684184764508e-14,8.342557007430182,0.05304552926599826,-0.616448601952106,-0.42393769101842904,0.09030100334447957,0.8281573498964696,-0.48309178743962244,drift
FILATEX,1332,0.3333333333333333,0.6774793255977948,0.057810902005984766,-0.4843126383120743,-0.6025286448044246,0.18181818181818013,0.23706045041485074,-0.3358356380877017,drift
FILATEX,1333,0.5294117647058135,0.7056332606185037,0.06232852628250982,-0.5162906279034895,-0.4536936581516853,0.11320754716980938,0.16766939540388767,-0.6608146760035523,DOWN-LEG
FILATEX,1333,1.0,2.6515802295018913,0.05499559091492385,-0.13253347610873845,-0.4536489151873706,0.04697986577181131,0.2071005917159842,-0.5818540433925083,DOWN-LEG
FILATEX,1334,-0.750000000000222,0.5733350442704992,0.05624502903030994,0.604683725895396,-0.48333004537384994,0.08965517241379249,0.07891102781613563,-0.4241467745117308,drift
FILATEX,1334,-1.0,0.4188589438476877,0.06120958940193591,0.27415293295320053,-0.7707509881422936,0.13157894736841552,0.21739130434782497,-0.10869565217391249,FLAT
FILATEX,1335,1.0,0.12780500386897084,0.06584374781398665,0.05512211534548916,-0.6412786108918761,0.074999999999997,0.06906077348065626,-0.42423046566692246,drift
FILATEX,1335,1.0,0.7065126186019492,0.06826009197071232,0.4097204484751797,-0.3547147502216962,0.036144578313253836,0.12809143758005267,-0.5517785003448499,DOWN-LEG
FILATEX,1336,-1.0,0.2532626954386872,0.07084289853550174,0.40155679757614066,-0.562574022897757,0.05325443786982368,0.157915515199379,-0.5230951440978947,DOWN-LEG
FILATEX,1336,-1.0,0.26343768458357947,0.0732591976326087,0.39717881393212295,-0.5530317993284495,0.08554572271386086,0.1382579498321159,-0.32589373888998446,drift
FILATEX,1337,-1.0,1.3367360124047034,0.07290432117105237,0.20378809765428973,-0.11844832691738677,0.11854103343464938,0.029612081729346693,-0.3257328990227996,drift
FILATEX,1337,-0.67999999999995,0.42528056704075606,0.0822521208892383,0.12849588510688975,-0.06919047148363465,0.13173652694610585,0.2471088267272907,-0.326183651280022,drift
FILATEX,1338,0.7931034482758486,4.083731748287892,0.07569732207820457,0.48524223958945367,-0.2570948284386484,0.1661631419939596,0.286759616335402,-0.34608919212893735,drift
FILATEX,1338,-1.0,1.0003874967708601,0.07464070512031566,0.010698508397648552,-0.28681633864109013,0.171171171171172,0.11868262288597028,-0.3956087429532249,drift
FILATEX,1339,-1.0,2.9820529373789544,0.09350064858249534,-0.2822023440894223,-0.38617684919299,0.19061583577712637,0.2376472918110794,-0.21784335082681341,drift
FILATEX,1339,1.0,6.1104587392735015,0.08201674658614928,0.3998557043877061,-0.09891196834817856,0.11834319526627303,0.2274975272007812,-0.2967359050445076,drift
FILATEX,1340,-0.052631578947470774,0.8272433828276308,0.08402849747292333,0.38323639796278297,-0.22743004054188073,0.1351351351351349,0.18787699001285252,-0.2768713537031555,drift
FILATEX,1340,1.0,0.25897700852492894,0.08306894229116522,0.3389889628932848,-0.3857566765578641,0.12195121951219576,0.08902077151334244,-0.24727992087042536,drift
FILATEX,1341,-0.36842105263154745,1.1136216914138153,0.08437757103361816,0.32110796601440605,-0.34663761513320224,0.20858895705521557,0.18817470535802489,-0.06932752302663482,FLAT
FILATEX,1341,-1.0,2.1116201045228724,0.08550605406014061,0.13564402065104136,-0.5062034739454145,0.25217391304347836,0.21836228287841078,0.17866004962779833,FLAT
FILATEX,1342,0.6800000000000068,1.3041011091049781,0.09816558382509188,0.33865880689586386,-0.36655438874579405,0.18232044198894912,0.49534376857539136,-0.04953437685753632,FLAT
FILATEX,1342,0.42857142857152525,0.6864959029614814,0.09131347778170631,0.3939444490629067,-0.26759167492566505,0.20775623268698146,0.20812685827551414,-0.009910802775029846,FLAT
FILATEX,1343,-1.0,0.4078760490639122,0.09374738799717858,0.055523257433791925,-0.4070691024622683,0.2519893899204254,0.17871326449563824,0.07942811755361229,FLAT
FILATEX,1343,0.05882352941179421,0.08537845517954017,0.10750174300261708,0.14961634074691235,-0.2975895248487225,0.2,0.16863406408094603,-0.05951790496974732,FLAT
FILATEX,1344,-0.06976744186046666,2.0628792769528728,0.1072699006652968,0.42252966628751376,-0.03962357602772862,0.15681233933161937,0.4259534422981741,-0.029717682020803503,FLAT
FILATEX,1344,0.20000000000004547,1.1692367249499969,0.1024640882290153,-0.1385301332193212,-0.00989217528933713,0.10552763819095509,0.24730438223365317,-0.13849045405084634,FLAT
FILATEX,1345,-0.6666666666666403,0.7848934796642996,0.1000881474677987,-0.18440031618039657,-0.1981571386109072,0.15686274509803538,0.1783414247498193,0.0594471415832637,FLAT
FILATEX,1345,1.0,0.03719969000258331,0.09648394454652805,-0.20619544697546924,-0.1684335678192683,0.1506172839506162,0.00990785693055099,0.0594471415832637,FLAT
FILATEX,1346,-1.0,0.07843390618943016,0.09573041388614778,-0.18456386867006117,-0.17858914574857884,0.2506329113924018,0.13890266891556757,0.19843238416508446,FLAT
FILATEX,1346,1.0,0.3939095622497867,0.09904438300310475,0.0703955044567512,0.17834142474983336,0.2078239608801926,0.14861785395819446,0.0693549985138147,FLAT
FILATEX,1347,0.8000000000001706,0.527740730861563,0.10214369541292308,0.02164982219807705,0.03961180431769286,0.21674876847290364,0.09902951079421105,0.0,FLAT
FILATEX,1347,-0.7647058823528231,0.2363223912463304,0.10290444199750953,-0.026296964792807274,-0.0595001983339967,0.24105011933173856,0.16858389527965262,0.15866719555731515,FLAT
FILATEX,1348,0.7142857142857723,3.195518805014671,0.10794886725786104,0.23316448820059332,0.05953562214725369,0.25176470588234967,0.13891645167692057,0.43659456241317496,drift
FILATEX,1348,-1.0,0.08713637576728049,0.11464981619737388,0.2256746503810199,-0.09929500546123377,0.26682134570765603,0.06950650382286505,0.39718002184490686,drift
FILATEX,1349,0.7142857142855983,0.0527369826435247,0.1267752080142993,0.28183167062542996,-0.17862459065198655,0.2522935779816517,0.06946511858688835,0.5656445370646099,UP-LEG
FILATEX,1349,1.0,0.30554442217768873,0.16756466620983998,0.30218442648462307,-0.2876984126984189,0.27570093457943895,0.07936507936507767,0.5853174603174637,UP-LEG
FILATEX,1350,0.19999999999982948,0.22874331550802138,0.17606536551134297,0.38924636376479116,-0.07932573128409767,0.26976744186046603,0.09915716410510098,0.5057015369360487,UP-LEG
FILATEX,1350,0.5999999999999621,0.19526548080781062,0.17432622511184848,0.4219419423683102,-0.07932573128409767,0.2415458937198059,0.14873574615765142,0.5552801189885992,UP-LEG
FILATEX,1351,0.8333333333334715,0.7400321113192401,0.17207792364794078,0.5030710452893872,0.10901883052527198,0.2385542168674675,0.11892963330028775,0.5054509415262546,UP-LEG
FILATEX,1351,1.0,0.07192217376719222,0.1807518794177011,0.46398933419217325,0.0,0.21654501216544608,0.06935499851382879,0.4161299910829163,drift
FILATEX,1352,1.0,0.017225137935674876,0.1844355457071314,0.4119575258921043,-0.08920606601249223,0.14361702127659612,0.009911785112503832,0.4856774705124342,drift
FILATEX,1352,-0.17647058823521544,1.0282455551828245,0.17511378619098444,0.4127110198738633,0.04955892556249099,0.09803921568627233,0.16850034691248064,0.38655961938745226,drift
FILATEX,1353,0.19999999999994317,0.2607993540573274,0.16735163103995307,0.12847533416413864,0.019841269841265895,0.16809116809116814,0.09920634920635765,0.35714285714285654,drift
FILATEX,1353,-0.3750000000000222,1.5620261657162027,0.1447044191696704,0.069270856403581,0.03970223325062656,0.18309859154929678,0.158808933002478,0.3473945409429224,drift
FILATEX,1354,0.1250000000000666,1.0623494781910623,0.16082532409085673,0.08337438602777875,0.14863258026159898,0.12432432432432254,0.15854141894569618,0.27744748315497536,drift
FILATEX,1354,1.0,0.009258638040925863,0.16521684028180883,0.04236596881037703,0.14858841010401752,0.07042253521126739,0.08915304606241051,0.27736503219415665,drift
FILATEX,1355,1.0,0.3430224734221505,0.15745654261890954,0.08380487989204824,0.13862758688979165,0.10787172011661919,0.03960788196850386,0.07921576393702179,FLAT
FILATEX,1355,0.0,0.05844330729868031,0.1571626865359966,0.06901820208605373,0.13862758688979165,0.151515151515151,0.0,0.009901970492133,FLAT
FILATEX,1356,0.8571428571427846,5.1122325393621315,0.09433167067061556,0.5327581986781937,0.08911773442914071,0.10543130990415249,0.13862758688979165,0.05941182295276985,FLAT
FILATEX,1356,1.0,0.008349043899811474,0.08536021950011174,0.529093429739926,0.06930693069306255,0.08441558441558535,0.009900990099014967,0.07920792079207752,FLAT
FILATEX,1357,-1.0,0.030588869424605848,0.08555577947911706,0.5466147519401903,0.08912655971479838,0.10819672131147394,0.019805902158839393,0.08912655971478431,FLAT
FILATEX,1357,1.0,0.205281379403978,0.07480766141074248,0.5994969808862436,0.10891089108910836,0.05802047781569982,0.05940594059406166,0.05940594059406166,FLAT
FILATEX,1358,0.12820512820512073,4.691011992992858,0.08121835047088624,0.7405071758763648,0.4149377593361012,0.028938906752412546,0.3852993479549502,-0.09879470460382761,FLAT
FILATEX,1358,0.3846153846153342,0.406625483673885,0.08288102925960196,0.8775920214535987,0.3560478686578968,0.0,0.12857284145980583,0.00989021857383554,FLAT
FILATEX,1359,0.9130434782609448,0.21080711354309165,0.09571736793411215,0.9958900923673926,0.4144464179988175,0.10574018126888422,0.22695875271362717,-0.21709098085652148,drift
FILATEX,1359,1.0,0.1354188104548261,0.09834590612507477,1.3836603978347395,0.4339678469277026,0.08923076923077077,0.09862905611992731,-0.266298451523815,drift
FILATEX,1400,0.53846153846153,1.4136798905608756,0.09030705761528975,1.4197588090928623,0.36503551696922315,0.07076923076923168,0.25651144435675327,-0.23677979479083947,drift
FILATEX,1400,-0.1250000000000666,1.4304527866404182,0.08796471460376398,1.3875154694562188,0.4141603392170414,0.09480122324159061,0.15777536732077369,-0.2169411300660673,drift
FILATEX,1401,0.5384615384615048,0.20164158686730507,0.08694033427765879,0.4406026528126495,0.4141603392170414,0.14012738853503046,0.12819248594812688,-0.325411695099101,drift
FILATEX,1401,-0.09090909090913789,0.029772929958153255,0.08932841964106132,0.500714802671199,0.3453379378391656,0.20134228187919148,0.10853478046373896,-0.17760236803156648,FLAT
FILATEX,1402,0.5999999999998294,0.22705380487133617,0.08759661247343167,0.5727625239316304,0.39455513908067813,0.15602836879432425,0.09863878477018005,-0.17754981258630165,FLAT
FILATEX,1402,-0.8461538461537789,0.2827557641861107,0.09889222354891986,0.4554018636048587,0.2764612954186425,0.13194444444444178,0.12835703001580734,-0.029620853080569845,FLAT
FILATEX,1403,-0.7142857142857723,0.17938772683197118,0.10163157354959626,0.26111273457140743,-0.059311981020168325,0.15602836879432425,0.13839462238038808,0.04942665085013559,FLAT
FILATEX,1403,-1.0,0.0627664779478577,0.11199636926503782,0.1997498014760831,-0.009891196834822072,0.10394265232974549,0.11869436201780866,0.09891196834817856,FLAT
FILATEX,1404,-1.0,0.6980812641083521,0.10888543006891906,-0.03844037478415594,-0.13833992094861716,0.09090909090908997,0.0790513833992078,-0.11857707509881872,FLAT
FILATEX,1404,-1.0,0.006674714194418803,0.10889898229513097,-0.07730344987632302,-0.15805591227896532,0.053030303030302664,0.019756989034867153,-0.15805591227897936,FLAT
FILATEX,1405,-0.36842105263169705,0.8714796283059328,0.11559098111501967,-0.3723379386537538,-0.2869298505986012,0.053030303030296995,0.1879885228059738,0.0692589294548406,FLAT
FILATEX,1405,-1.0,1.463466590925229,0.11213270876660753,-0.6492065622925786,-0.4059405940594026,0.02583025830258016,0.06930693069306255,0.16831683168317,FLAT
FILATEX,1406,-0.3333333333333965,0.30536097212294494,0.16033437800907355,-0.7003251043951665,-0.35625927758535325,0.09923664122136933,0.1484413656605697,0.08906481939634182,FLAT
FILATEX,1406,0.3333333333332544,0.41071556478762267,0.157722814374788,-0.6787490846714982,-0.2671151563118283,0.05976095617529461,0.11871784724970771,-0.05935892362485386,FLAT
FILATEX,1407,-0.7000000000001136,2.428591851322373,0.13350184609117444,-1.0490081688892043,-0.3067181161571211,0.03643724696355777,0.19788265558522675,0.04947066389632074,FLAT
FILATEX,1407,0.2000000000001137,1.2664915145920614,0.12448529845903787,-0.9315575845503877,-0.217692459924796,0.09401709401709225,0.09895111814762945,0.05937067088858329,FLAT
FILATEX,1408,1.0,0.2873481057898499,0.15298267086086403,-0.9530385717404316,-0.03955696202530858,0.14529914529914478,0.05933544303797693,0.0,FLAT
FILATEX,1408,1.0,0.23766205859179143,0.1427689352981655,-0.8672765472158036,0.019778481012668346,0.18061674008810855,0.09889240506329956,0.03955696202530858,FLAT
FILATEX,1409,1.0,0.08010335917312661,0.1178718835016884,-0.6644661823491012,-0.07911392405063122,0.15837104072398417,0.07911392405063122,0.17800632911391673,FLAT
FILATEX,1409,1.0,0.06412767500906782,0.11282457535841182,-0.6577019029293857,-0.10878164556961968,0.14678899082569005,0.07911392405063122,0.32634493670885906,drift
FILATEX,1410,1.0,0.19181698196216454,0.12233570587277579,-0.5213241496312468,0.049446202531656804,0.12676056338028507,0.0692246835443111,0.6625791139240522,UP-LEG
FILATEX,1410,1.0,0.20403373670700403,0.14205668854783582,-0.0912656872306411,0.18776558948512476,0.1545454545454549,0.07905919557268336,0.5435319695622068,UP-LEG
FILATEX,1411,-1.0,0.08700117370892019,0.1604624356200075,-0.09022708465270105,0.02967946181242693,0.07964601769911159,0.15829046299960092,0.6529481598733643,UP-LEG
FILATEX,1411,-1.0,0.2742208796876151,0.16096242287185947,-0.19468069901114923,0.08895917762182802,0.10344827586206642,0.04942176534545533,0.474448947316402,drift
FILATEX,1412,1.0,0.1090720734053574,0.16317505227534196,0.27708132395562574,0.12845849802372494,0.13419913419913504,0.09881422924902028,0.34584980237153584,drift
FILATEX,1412,1.0,0.825834326579261,0.14801017342028994,0.4015135108128441,0.18765432098765208,0.15254237288135572,0.04938271604937991,0.2172839506172828,drift
FILATEX,1413,-2.368475785867472e-13,1.7778599970401066,0.11861207531997305,0.3305664928697717,0.08892401936566466,0.17748917748917584,0.05928267957710509,0.2371307183084765,drift
FILATEX,1413,1.7763568394002883e-13,0.08268772348033374,0.11234803752035538,0.2819274247716224,0.0790513833992078,0.19823788546255666,0.0790513833992078,0.24703557312252966,drift
FILATEX,1414,-1.0,0.4051297435128244,0.11808274715752531,0.15731021567983125,-0.03957261574990725,0.07207207207207057,0.15829046299960092,0.17807677087456156,FLAT
FILATEX,1414,-1.0,0.20526315789473684,0.11367220111544916,0.08960589345768584,-0.04947066389632074,0.05454545454545008,0.08904719501336046,0.2968239833778682,drift
FILATEX,1415,1.0,0.034976631991557365,0.11064751169305179,0.05148318208256914,0.019774569903100673,0.06726457399103339,0.059323709709316066,0.24718212378880758,drift
FILATEX,1415,0.6363636363637069,0.38683872915251677,0.11757247136598589,0.05951400620544452,-0.019768706138179323,0.07964601769911737,0.10872788376000735,0.22734012058911135,drift
FILATEX,1416,1.0,0.09746146872166818,0.11722011107023715,0.14830257004583686,0.059323709709316066,0.06550218340611544,0.04943642475775871,0.06921099466085938,FLAT
FILATEX,1416,-0.8461538461539807,0.27783251231527095,0.1330582486612695,0.16126004438900773,-0.14848544842605987,0.008333333333331607,0.12868738863590917,0.37616313601268037,drift
FILATEX,1417,-0.04761904761900251,1.0743427017225748,0.17385126276487162,0.10641131062991914,-0.07911392405063122,0.0564516129032253,0.20767405063291927,0.15822784810126245,FLAT
FILATEX,1417,1.0,0.1729442970822281,0.20093924703583707,-0.11768801453843657,-0.12856012658227398,0.048780487804879175,0.0692246835443111,0.15822784810126245,FLAT
FILATEX,1418,1.0,0.4895849171354721,0.18331778254683068,0.047356699536633094,-0.08900316455695134,0.044642857142853855,0.0692246835443111,0.17800632911391673,FLAT
FILATEX,1418,-7.105427357602415e-13,0.026664635075422823,0.19783213030702998,0.04807446873293073,-0.0395413206801169,0.02304147465437625,0.019770660340051427,0.4448398576512484,drift
FILATEX,1419,1.0,3.627033601946176,0.15125704585499108,1.116086109059396,0.21717670286278268,0.01923076923077199,0.25666337611055373,0.4047384007897301,drift
FILATEX,1419,0.4736842105263394,1.4449412656309208,0.15257742076956363,1.3081306094842218,0.37456875308034465,0.027522935779817112,0.18728437654016533,0.36471168063084314,drift
FILATEX,1420,0.7000000000000532,5.210033242671502,0.13714801976006108,1.899772351836145,0.6385696040868509,0.17269076305220898,0.39296591020728117,-0.18665880734847423,FLAT
FILATEX,1420,-0.3529411764705981,3.168968379744925,0.1151191667766996,1.5227951530886548,0.5602516217810037,0.13253012048192428,0.3341851779044657,-0.23589541969726252,drift
FILATEX,1421,1.0,1.59520578923564,0.09926205307398138,1.7048661137638674,0.5897385492431634,0.13253012048192428,0.20640849223510296,-0.1769215647729434,FLAT
FILATEX,1421,-1.0,2.059097744360902,0.0915568714351283,1.2260017059637416,0.6197737333989273,0.11904761904762173,0.09837678307918771,-0.06886374815544259,FLAT
FILATEX,1422,-1.0,0.09754259007990351,0.09611292492540016,1.2205717220224763,0.4234367306745373,0.06563706563706513,0.029542097488922833,0.14771048744461418,FLAT
FILATEX,1422,0.6249999999999778,0.9137423590672402,0.09771320070552977,1.2737155328897767,0.3449295358233905,0.07392996108949183,0.15768207351926342,0.17739233270918184,FLAT
FILATEX,1423,0.5000000000000888,0.41039588999697796,0.10264302625188054,1.2211714898615917,0.3252833908329209,0.11740890688259165,0.07885657959585834,0.04928536224740972,FLAT
FILATEX,1423,0.3333333333336491,0.02697991663508905,0.10222472229307256,1.2258679830418875,0.2858551010349988,0.14522821576763603,0.029571217348434625,0.04928536224740972,FLAT
FILATEX,1424,-1.0,0.7349855557244944,0.10545496470094419,0.470523654622366,-0.039502271380596525,0.024000000000000635,0.1975113569030107,0.2863914675093739,drift
FILATEX,1424,0.3333333333333333,0.2454670120371781,0.11202765558186015,0.3644667643176133,-0.07891881227187363,0.05426356589147253,0.17756732761172617,0.12824306994179288,FLAT
FILATEX,1425,0.7777777777776725,0.20827607268285234,0.10780520524607322,-0.2437513763024987,-0.3945162244797374,0.13114754098360895,0.088766150507943,-0.05917743367196201,FLAT
FILATEX,1425,1.0,0.48376003056935424,0.1060274320033685,0.03810759766913502,-0.33530571992109387,0.168067226890757,0.11834319526627665,-0.09861932938856856,FLAT
FILATEX,1426,-1.0,0.29054467564259484,0.11573805282368362,-0.3062607875543726,-0.523663669597867,0.06349206349206117,0.1778480387313574,0.18772848532754863,FLAT
FILATEX,1426,1.0,0.6424782842647397,0.11847436308413174,0.18239393233948292,-0.2465483234714004,0.11940298507462742,0.0887573964497075,0.1577909270216929,FLAT
FILATEX,1427,-1.0,0.11184921983624285,0.12504120341123756,0.19500002840402472,-0.26658767772511455,0.0752688172043026,0.11848341232227938,0.36532385466035205,drift
FILATEX,1427,-0.3333333333333333,0.2692039916453934,0.12452693793622087,0.06832852350784588,-0.18759873617693298,0.07913669064747995,0.14810426540283517,0.5233017377567152,UP-LEG
FILATEX,1428,-0.6000000000000568,0.03346761698171676,0.1285336140985825,0.02490217878888726,-0.1480750246791764,0.06569343065693037,0.09871668311944158,0.2961500493583387,drift
FILATEX,1428,0.729729729729738,1.5626208710450995,0.13757744126790447,0.23310423007196035,0.15746481645506996,0.1606557377049135,0.3641373880523476,-0.1279401633697426,FLAT
FILATEX,1429,0.8888888888888274,0.44979857452742483,0.15644849868341731,0.4389348465943207,0.44243437223477405,0.187301587301581,0.17697374889390682,-0.21630124864811612,drift
FILATEX,1429,0.38461538461530054,3.0715556586988475,0.1422673602397467,0.6083234488842998,0.4419563936358168,0.21472392638036147,0.2553525829895945,-0.21606757022195922,drift
FILATEX,1430,-0.310344827586261,0.9233033777502324,0.16768575930990218,0.5282725499848826,0.2066929133858206,0.13793103448275384,0.2854330708661479,0.0,FLAT
FILATEX,1430,-1.0,0.3155275639530363,0.20658955178882238,0.3876792001351859,0.09852216748767913,0.08831908831908776,0.08866995073891962,-0.049261083743839564,FLAT
FILATEX,1431,1.0,0.18557827376307165,0.23634832389021415,0.46807442361391033,0.3446238676644432,0.1387283236994211,0.059078377313905354,-0.059078377313905354,FLAT
FILATEX,1431,0.0,0.1812504878619936,0.26769669606775237,0.36166556111545234,0.17720023626697443,0.12094395280235734,0.0,-0.029533372711164737,FLAT
FILATEX,1432,1.0,1.1190884969564538,0.24807495212179578,0.5499596376354224,0.41297935103245004,0.1436781609195383,0.13765978367748335,-0.24582104228121926,drift
FILATEX,1432,0.2857142857143292,0.1389430957770666,0.261401056623103,0.5915838438920917,0.3639940973930197,0.11494252873563228,0.1377274963108712,-0.0983767830792017,FLAT
FILATEX,1433,-1.0,0.33479075577763895,0.2809106936028887,0.5303071779787667,0.19704433497537227,0.0807799442896943,0.06896551724137259,-0.049261083743839564,FLAT
FILATEX,1433,-1.0,0.7275,0.26473917063019775,0.20787100928290483,-0.10837438423645265,0.08379888268156216,0.059113300492613076,-0.029556650246306538,FLAT
FILATEX,1434,0.11111111111100584,1.0702685821361648,0.24069633270109864,0.16350740544970624,-0.1575578532742458,0.13390313390313177,0.08862629246676851,-0.059084194977845665,FLAT
FILATEX,1434,-1.0,0.0753125,0.23661919870157727,-0.046368345933695376,-0.3152709359605844,0.12112676056338084,0.049261083743839564,-0.0788177339901461,FLAT
FILATEX,1435,-0.4482758620689892,1.3482198625858839,0.2338291895006949,-0.09657294292313351,-0.2664561334254377,0.052054794520546836,0.2861936247902953,0.0,FLAT
FILATEX,1435,-0.7142857142857723,0.30015625,0.23959538705814395,-0.08003985285505488,-0.19743336623889718,0.03561643835616281,0.1382033563672266,0.05923000987167056,FLAT
FILATEX,1436,1.0,0.510475297060663,0.2254395486248959,-0.026838296023026842,-0.1577909270216929,0.06989247311828016,0.1380670611439848,0.1380670611439848,FLAT
FILATEX,1436,1.0,1.76109375,0.20507522082470978,0.2402932199505419,-0.019692792437963787,0.14361702127659612,0.19692792437967982,-0.2166207168176436,drift
FILATEX,1437,1.0,0.9224515322076298,0.19123594955856663,0.20369280864648331,-0.049188391539593854,0.14133333333333256,0.06886374815544259,-0.05902606984751822,FLAT
FILATEX,1437,1.0,1.95296875,0.1867815907900149,0.45368540702633353,0.15715548570866966,0.1764705882352924,0.2455554464198016,-0.383066496414891,drift
FILATEX,1438,-1.0,0.1841776110068793,0.20213542129101883,0.4796322247395753,0.0984251968503881,0.11650485436892863,0.20669291338583462,0.03937007874016364,FLAT
FILATEX,1438,-0.4117647058823431,2.78890625,0.1729798602138578,0.4051459681995058,-0.019708316909731984,0.07619047619047738,0.1675206937327429,-0.10839574300354693,FLAT
FILATEX,1439,1.0,0.08427141963727329,0.16885894141195582,0.45587669142160064,-0.05911912503695169,0.046683046683045876,0.08867868755541354,0.039412750024639134,FLAT
FILATEX,1439,1.0,0.9831570701135919,0.19138980108638828,0.6097687975549404,0.0984251968503881,0.03722084367245432,0.14763779527558216,-0.0984251968503881,FLAT
FILATEX,1440,-0.09090909090913789,0.415763856178364,0.17584844610017142,0.8083003833443236,0.2657480314960591,0.05149051490515212,0.10826771653543253,-0.0787401574803133,FLAT
FILATEX,1440,-1.0,0.12669398046013236,0.18313048474248983,0.8627079051283886,0.14785608674224315,0.07651715039577643,0.18728437654016533,0.04928536224740972,FLAT
FILATEX,1441,-1.0,0.5040328957773209,0.1784583649340173,0.7160973727352374,0.09852216748767913,0.06249999999999884,0.06896551724137259,0.019704433497533026,FLAT
FILATEX,1441,1.0,1.3230381342578001,0.16911481723199093,0.6555210293650642,-0.00984736582964561,0.026315789473686475,0.04923682914820006,0.029542097488922833,FLAT
FILATEX,1442,-1.0,0.3518899256681955,0.17543304167485474,0.3951669817594736,-0.19714144898965286,0.02631578947368283,0.0689995071463708,0.21685559388861395,drift
FILATEX,1442,1.0,1.0327765521588401,0.17076492634708643,0.2061111539311826,-0.2560315115706599,0.02094240837696302,0.09847365829640012,0.059084194977845665,FLAT
FILATEX,1443,-0.42857142857148656,3.1375412152614226,0.14248486889445847,-0.017479767065015944,-0.14785608674222914,0.0,0.0689995071463708,0.12814194184326808,FLAT
FILATEX,1443,0.7142857142855983,0.10416010085092972,0.14881163581402426,0.20734686778475045,-0.009855129594959216,0.00510204081632555,0.0689859071646865,0.02956538878486364,FLAT
FILATEX,1444,-0.5000000000000888,1.3245407442298633,0.14448649911264078,0.07095794675337715,0.0,0.06133333333333107,0.07882550004926425,0.0,FLAT
FILATEX,1444,-0.07692307692300965,1.135605170387779,0.138462020505722,-0.1262442997245673,-0.17747978702424827,0.013477088948786423,0.1281798461841801,0.1281798461841801,FLAT
FILATEX,1445,-0.7499999999999112,0.4247134558015387,0.13871651821491504,-0.17661450892484504,-0.2664561334254377,0.01587301587301659,0.07894996545940246,0.24671864206059407,drift
FILATEX,1445,0.5789473684210132,0.7992436180271036,0.13526515032537728,-0.06952589482054515,-0.08879242304657006,0.010526315789475417,0.18745067087609701,0.2170481452249397,drift
FILATEX,1446,1.0,3.2391270215104413,0.12441986214228899,0.5414188664134174,0.03939334252511941,0.08707124010554504,0.2560567264132412,0.019696671262552708,FLAT
FILATEX,1446,-1.0,1.3502546024285156,0.12956965579217244,0.10783919082412792,-0.20722320899940178,0.015789473684211314,0.20722320899940178,0.09867771857114103,FLAT
FILATEX,1447,0.9000000000000853,2.4319887429643527,0.13171768811464776,0.4688915837262313,0.1378088394527026,0.07888040712468351,0.196869770646706,-0.12796535092037567,FLAT
FILATEX,1447,-0.8000000000000285,0.673560517038778,0.14001050337703977,0.23762612723471793,-0.1281798461841801,0.03414634146341518,0.19719976336027276,0.09859988168013638,FLAT
FILATEX,1448,1.0,0.7481551263934684,0.13724746201131086,0.5225243770606914,0.18693427784336653,0.07906976744186209,0.2164502164502153,0.0,FLAT
FILATEX,1448,-0.8947368421052081,0.7934131736526946,0.16149036153467397,0.4204718347159529,-0.09864851533983852,0.056338028169013565,0.1874321791457016,0.2959455460195296,drift
FILATEX,1449,1.0,0.035426221730191366,0.17295320648407733,0.5258261847933101,0.03939722249582021,0.041666666666665436,0.10834236186348806,0.019698611247903106,FLAT
FILATEX,1449,0.5,0.06459273331750177,0.17473900830553957,0.5665826054056221,0.0788177339901461,0.0754716981132068,0.11822660098522615,0.08866995073891962,FLAT
FILATEX,1450,0.3333333333333333,1.383678633560019,0.1682316991008906,0.678271259506671,0.18715524034672748,0.01980198019801963,0.14775413711583085,0.1379038613081172,FLAT
FILATEX,1450,-0.7777777777778129,0.44344177946647667,0.1562991037268141,0.5586167569482979,0.13793103448275917,0.0,0.17733990147782525,0.059113300492613076,FLAT
FILATEX,1451,-0.5555555555556608,0.15340729001584785,0.15668327549267544,0.06613311107463235,-0.019700551615455312,0.0102040816326548,0.08865248226950691,-0.019700551615441313,FLAT
FILATEX,1451,-0.7999999999999148,0.10551368504561681,0.1671100839223469,0.25428127676867,0.23626698168930388,0.0,0.09844457570388711,-0.08860011813349421,FLAT
FILATEX,1452,1.0,1.9820919175911251,0.15372565577679093,0.2128985804785403,0.07868594472312215,0.0076335877862599285,0.059014458542345105,-0.07868594472312215,FLAT
FILATEX,1452,-0.19999999999994317,0.43284410948036495,0.15519404319846905,0.277812502885642,0.18698946954039733,0.010152284263961094,0.09841551028442921,-0.09841551028441523,FLAT
FILATEX,1453,-0.7499999999999112,0.9537728355837967,0.16772037335340773,0.0678747825926588,-0.059066745422329474,0.020942408376963175,0.07875566056311528,-0.059066745422329474,FLAT
FILATEX,1453,-1.0,0.3611774065234686,0.1704041457537251,0.11920502115743666,0.12807881773398566,0.0,0.1576354679802922,0.4334975369458106,drift
FILATEX,1454,0.6666666666665088,0.14756972111553784,0.18093396255707142,0.12818205454070933,-0.039412750024639134,0.015544041450777965,0.05911912503695169,0.42368706276481116,drift
FILATEX,1454,1.0,0.6246807151979565,0.1855650566489235,0.20789166889079086,0.04923682914820006,0.012919896640826265,0.11816838995567734,0.3249630723781372,drift
FILATEX,1455,1.0,0.4399488245642092,0.18004204789761594,0.2055036834425451,0.059066745422329474,0.06702412868632777,0.07875566056310129,0.3051781846820263,drift
FILATEX,1455,0.0,0.2535233824471493,0.18319380419156767,0.25601105946086034,0.07875566056310129,0.07567567567567679,0.0,-0.27564481197086155,drift
FILATEX,1456,0.42857142857148656,1.1132256516871901,0.19331376080602328,0.33561509794566213,0.039385584875941564,0.04419889502762401,0.06892477353288025,0.009846396218974896,FLAT
FILATEX,1456,-0.8666666666667804,1.0196360153256705,0.18929912297342028,0.2305092293147504,-0.13801261829653055,0.033519553072627384,0.1478706624605594,0.10843848580441584,FLAT
FILATEX,1457,-1.0,1.08398406374502,0.18178401521367754,-0.21714012889038756,-0.2069781194559511,0.05413105413105833,0.04928050463237864,0.12812931204416486,FLAT
FILATEX,1457,-0.250000000000074,2.862370723945903,0.14393882326148177,-0.32347387668114586,-0.08865248226950691,0.0850439882697977,0.23640661938533775,0.37431048069346895,drift
FILATEX,1458,0.043478260869586706,1.7890389197776013,0.12492605100477891,-0.2032878134388314,0.05903187721369764,0.0120481927710864,0.22628886265250292,0.324675324675323,drift
FILATEX,1458,-0.45454545454543105,0.7645186953062848,0.1016925684248126,-0.20772679719787365,0.1672076325366398,0.058823529411764705,0.10819317399429472,0.32457952198288414,drift
FILATEX,1459,-1.0,2.5925337569499605,0.08430345385596501,-0.5762874807757093,0.059084194977845665,0.01796407185628824,0.22648941408173706,0.3840472673559828,drift
FILATEX,1459,-0.42857142857134156,0.4743038981702466,0.08330875867413187,-0.7154171673460972,0.03937395412934959,0.003058103975532404,0.1378088394527026,0.48233093808445204,drift
FILATEX,1500,0.2727272727271553,5.822557585385226,0.07086225734724937,-0.5152871511572369,0.07869368483179057,0.01796407185628824,0.1082038166437138,0.6295494786543385,UP-LEG
FILATEX,1500,-0.3333333333333333,1.1873066243554145,0.07386187038776147,-0.5654942145706534,-0.019692792437963787,0.033434650455927105,0.1476959432847494,0.16738873572272717,FLAT
FILATEX,1501,-1.0,1.7042789223454833,0.07182975332174449,-0.8336714354020857,-0.059113300492613076,0.0,0.059113300492613076,0.0788177339901461,FLAT
FILATEX,1501,1.0,0.53550178500595,0.06765357010649661,-0.6626432925989364,0.049265937530788416,0.01840490797546087,0.0591191250369377,0.1280914375800667,FLAT
FILATEX,1502,1.0,2.0616481774960382,0.06804864205194318,-0.21894761392118803,0.12796535092037567,0.042944785276073726,0.1378088394527026,0.3937395412934259,drift
FILATEX,1502,-1.0,0.7587465291550972,0.0683949349436097,-0.22685695030296912,-0.009851246182633144,0.012345679012343189,0.07880996946113515,0.4630085705841777,drift
FILATEX,1503,-0.5000000000000888,0.11294678316123907,0.06941636373707742,-0.2552386161849314,-0.11820330969267588,0.022222222222220017,0.07880220646177925,0.6107171000788068,UP-LEG
FILATEX,1503,0.7599999999999909,12.381753272510908,0.06129999831868027,0.8162954985025704,0.2648616833431391,0.13239436619718237,0.4904845987835982,0.16676476358642506,FLAT
FILATEX,1504,0.15789473684211314,6.61014263074485,0.052666743084872424,1.1809974747349963,0.36302982731554606,0.12112676056338181,0.18642072213500563,-0.1569858712715822,FLAT
FILATEX,1504,-0.15789473684211314,1.642681864956859,0.05077510380724246,1.169988249264474,0.28464860620336874,0.13068181818181548,0.18649391440910654,-0.12760109933254363,FLAT
FILATEX,1505,0.0,1.3438241341135537,0.049091864118070164,1.0164593526609715,0.2257336343115163,0.16279069767441803,0.01962901167927199,-0.08833055255668212,FLAT
FILATEX,1505,-0.7567567567567506,18.11676646706587,0.049730581205686304,-0.270553908728874,-0.2566633761105678,0.015000000000000463,0.7305034550839182,0.612043435340577,UP-LEG
FILATEX,1506,1.0,6.543884440257497,0.051406081054517716,0.34477237737552224,0.06891798759475552,0.007334963325180146,0.3839716451708048,0.33474451117456283,drift
FILATEX,1506,1.0,0.5586196028994642,0.04947849635744085,0.3518125971268842,0.059084194977845665,0.05370843989769646,0.03938946331855445,0.43328409650418287,drift
FILATEX,1507,0.13333333333335545,2.3666195635107554,0.0489996341708448,0.2323679337959574,0.0,0.0,0.295304655970073,0.37405256422875816,drift
FILATEX,1507,1.0,2.1560050172467857,0.05504572902576708,0.44130088179061133,0.3827281648675177,0.12500000000000047,0.29440628066733204,0.029440628066733202,FLAT
FILATEX,1508,0.13333333333335545,5.735869735400032,0.0509806642774788,0.5021744511585022,0.4413062665489878,0.08943089430894234,0.2942041776993205,-0.058840835539866895,FLAT
FILATEX,1508,-0.06666666666670457,0.9810285355910944,0.05081997123493915,-0.19571022523841827,0.05882352941176693,0.1826086956521717,0.14705882352940342,-0.14705882352941735,FLAT
FILATEX,1509,-1.0,1.380773446062314,0.0503584061158496,-0.36795753235193734,0.019619383951340025,0.12238805970149069,0.058858151854034015,-0.029429075927017007,FLAT
FILATEX,1509,1.0,1.6404599859187985,0.05164397599279968,-0.22203715297621573,0.19592476489028493,0.16763005780346665,0.13714733542319807,0.31347962382445865,drift
FILATEX,1510,0.6774193548387156,5.963258286429018,0.05460309388107916,0.06245093349220512,0.40078201368523614,0.2131147540983595,0.3030303030302914,0.0586510263929641,FLAT
FILATEX,1510,-0.07692307692300965,5.99078125,0.060482481245240874,0.9426040963707766,0.4226875061437204,0.05463182897862299,0.12778924604344388,0.6487761722205806,UP-LEG
FILATEX,1511,-0.6129032258064397,1.4861024359775141,0.06241203509907952,0.4389477856515472,0.009844457570392907,0.01382488479262715,0.3051781846820263,0.7580232329198623,UP-LEG
FILATEX,1511,-0.3846153846153762,2.733119975021466,0.06126535527870191,0.3275307269587895,0.06888407793742117,0.00925925925926063,0.25585514662467124,0.718362527061592,UP-LEG
FILATEX,1512,0.45454545454543105,11.945372249102544,0.05909555685613333,0.6253647811165779,0.39219531326599816,0.06956521739130252,0.4314148445926049,0.5294636729091149,UP-LEG
FILATEX,1512,0.750000000000222,0.30380142065412535,0.058183031612764426,0.505985775239447,0.0784467542655406,0.08131868131868211,0.0784467542655406,0.333398705628544,drift
FILATEX,1513,0.12000000000000455,2.427813329171219,0.05921186122099519,0.4800478247860303,0.16643822204817085,0.11965811965811997,0.2447620912473076,0.3328764440963417,drift
FILATEX,1513,-0.7777777777776725,0.3774880961673562,0.060484372417942384,0.46634593371685085,0.10772696112035984,0.13174946004319615,0.08814024091666184,0.34276760356477753,drift
FILATEX,1514,-0.2647058823529332,7.697518339316373,0.06584300082040508,0.4129640329274292,-0.17688679245282293,0.05432595573440851,0.6682389937106845,1.0711477987421276,UP-LEG
FILATEX,1514,-0.6521739130434299,0.9548044649129654,0.06581611782363539,0.27702659447076927,-0.3243243243243227,0.0406504065040656,0.22604422604422997,1.2186732186732137,UP-LEG
FILATEX,1515,0.2799999999999727,1.36647416887779,0.06654576994790781,0.05754299466959788,-0.4911591355599214,0.044534412955465376,0.2455795677799607,0.9626719056974499,UP-LEG
FILATEX,1515,1.0,0.7250019514479744,0.07319895251235889,0.12748096195842024,0.18642072213500563,0.0671936758893287,0.11773940345369363,0.6671899529042313,UP-LEG
FILATEX,1516,-0.2857142857143292,1.101607616669268,0.07312878337086108,0.16331084431729537,0.3238151309979377,0.06930693069306802,0.13737611618094453,0.9125699146305631,UP-LEG
FILATEX,1516,0.7499999999998668,1.1316382862918901,0.07396943341054915,0.27689941702796544,0.36278066477104653,0.10978043912175581,0.07843906265319962,0.8824394548485202,UP-LEG
FILATEX,1517,-0.3000000000000284,4.638673690734429,0.0706349371727078,-0.13014620612908834,-0.019613611846617654,0.10179640718562966,0.19613611846620438,0.8237716975581088,UP-LEG
EMMVEE,0930,-0.3333333333334175,2.693905760865146,0.06118371136598666,1.0950923213104498,2.071048468287067,0.6426229508196675,0.2588810585358773,-0.5033798360419963,DOWN-LEG
EMMVEE,0930,-0.4418604651163049,2.059929917605834,0.05908821842027704,1.1825088395447716,1.6464471403812793,0.5680751173708884,0.621028307336793,-0.014442518775277692,FLAT
EMMVEE,0931,0.6999999999999886,1.8062628555216682,0.0571883192173465,1.2115803576361706,1.783146390566577,0.5868263473053856,0.5752085130859937,-0.21570319240724764,drift
EMMVEE,0931,-0.6666666666666385,2.049098465044574,0.057817639017011986,0.9753364337801241,1.3155992482290042,0.5035460992907785,0.7806852681798598,0.4915425762613817,drift
EMMVEE,0932,0.4117647058823687,1.7453459559057118,0.05717422421186556,1.0695663220339648,1.4151624548736397,0.5028409090909073,0.2454873646209452,1.0685920577617296,UP-LEG
EMMVEE,0932,0.9591836734693783,2.278678640561038,0.058414236374847855,1.1271791884677593,1.336398907889058,0.5361527967257825,0.7041241557695038,-0.12932892656990622,FLAT
EMMVEE,0933,-0.3333333333333649,1.6650183846836566,0.05811834360078027,0.6275052799956294,0.6193288203946355,0.5006711409395952,0.34567189975514584,-0.08641797493877418,FLAT
EMMVEE,0933,-1.0,1.1237663417214538,0.06223971797346001,0.5252321982685136,0.3185635679119672,0.44631306597671305,0.47784535186793436,0.8977700550246064,UP-LEG
EMMVEE,0934,0.1034482758620149,2.475055608516047,0.058018878620030606,0.3707717399831923,-0.31893302406495294,0.4248704663212414,0.42041171354015333,1.04378080603074,UP-LEG
EMMVEE,0934,-0.44827586206899256,0.922239854908184,0.05642380758134286,-0.08582470712161358,-0.8553203827196422,0.4173228346456672,0.42041171354015333,1.1597564511452596,UP-LEG
EMMVEE,0935,0.4999999999999763,1.0798162752404887,0.05458872023444996,0.0947301762309741,-0.7827221336425536,0.37021276595744534,0.3478765038411331,1.4204957240179834,UP-LEG
EMMVEE,0935,0.22222222222227836,0.6744955792337338,0.05780231655879044,0.22230077179434862,-0.3914745541539701,0.3959537572254333,0.2609830361026467,2.2618529795563154,UP-LEG
EMMVEE,0936,0.8095238095238766,0.7763725117281602,0.05677244881697082,0.15186763053986677,-0.607638888888879,0.3704819277108426,0.3038194444444477,2.271412037037027,UP-LEG
EMMVEE,0936,-0.05263157894738102,0.7729191127471202,0.05635663911129491,0.32758107042889206,-0.11579099724997369,0.34869431643624954,0.2750036184686608,2.1566073237805727,UP-LEG
EMMVEE,0937,0.7454545454545289,3.4612336756688222,0.0584398180625691,0.5509568945784825,0.4885759448196548,0.46407185628742387,0.7903434401494467,0.8765627245293898,UP-LEG
EMMVEE,0937,7.105427357600901e-14,2.343111917176755,0.05288431662697292,0.26687086193257903,-0.17273643299264888,0.45103857566765654,0.23031524399021486,0.8061033539657274,UP-LEG
EMMVEE,0938,-0.25925925925927173,1.8135020365716266,0.05026739712769125,0.2689890043759406,-0.04322766570604532,0.42428785607196307,0.3890489913544734,1.0951008645533173,UP-LEG
EMMVEE,0938,-0.16666666666667193,1.1537680505415162,0.05089943275299235,0.39308287855757024,0.20231213872832043,0.37829912023460316,0.5202312138728357,1.5462427745664804,UP-LEG
EMMVEE,0939,-0.2307692307692375,1.437195205951233,0.04833531007123904,0.3058212589524833,0.028985507246383404,0.3294797687861263,0.37681159420290183,1.6231884057971082,UP-LEG
EMMVEE,0939,-0.3333333333333694,0.30491313176895307,0.047327429683030976,0.3462535873651036,0.08690614136732659,0.33333333333333226,0.30417149478561833,1.6222479721900411,UP-LEG
EMMVEE,0940,0.1111111111110924,0.7706618135598117,0.05069066861612462,0.2845427520290501,0.2746458514021361,0.3696275071633234,0.39028620988725726,1.474414570685176,UP-LEG
EMMVEE,0940,0.4666666666666212,0.5394392805864128,0.048993448517811365,0.2964328790686796,0.375559728441414,0.3567251461988302,0.43333814820164673,1.1844576050845075,UP-LEG
EMMVEE,0941,0.8749999999999734,1.0558107288326544,0.04760192985275218,0.3508782137756464,0.38910505836574893,0.33434190620272336,0.2305807753278603,0.9943795936013803,UP-LEG
EMMVEE,0941,0.20000000000004547,1.627538357400722,0.043895593801194704,0.4071634703401379,0.6042296072507618,0.3282442748091603,0.28772838440512155,0.5322975111494651,UP-LEG
EMMVEE,0942,1.0,5.962832346053175,0.04263016181511013,0.7933546037912415,0.5715102157451065,0.3705293276108725,0.7001000142877521,0.15716530932990752,FLAT
EMMVEE,0942,-0.957446808510629,1.8433639009389928,0.044798344932951366,0.5456218505686803,0.04316546762589274,0.27001356852103114,0.676258992805762,0.8776978417266219,UP-LEG
EMMVEE,0943,-1.0,0.7104559856729578,0.04552010778371296,0.506071532019202,-0.04324636009801852,0.2563758389261752,0.18740089375810212,0.9946662822545735,UP-LEG
EMMVEE,0943,0.8095238095237682,0.7754399819494585,0.045075987742234466,0.5897917737887511,0.6888633754305331,0.28238341968911923,0.3013777267508644,0.04305396096441852,FLAT
EMMVEE,0944,-0.6666666666666035,0.5686801282606812,0.04720398552891608,0.5949870872241614,1.0043041606886656,0.26912928759894483,0.17216642754663494,0.05738880918220621,FLAT
EMMVEE,0944,0.8095238095237682,0.9182498299705282,0.048371151956857136,0.6787908643237914,1.0604757810260788,0.25935828877005374,0.30094582975064815,-0.05732301519059577,FLAT
EMMVEE,0945,1.0,1.7582112834734378,0.049789981292683506,0.8485825767607387,1.129055309418335,0.2533692722371979,0.25725310847507044,-0.3144204659139696,drift
EMMVEE,0945,0.8644067796609882,7.765568592057762,0.045875700457842485,1.3591475446040266,1.84318729618602,0.3048933500627354,0.8365234651921297,-0.978307103360269,DOWN-LEG
EMMVEE,0946,0.10000000000002274,4.7858107177297144,0.041098441926358004,1.3219865102550938,1.8390154194369783,0.30138713745271156,0.2829254491441505,-1.4287735181779635,DOWN-LEG
EMMVEE,0946,-0.44000000000005457,1.2049310856075999,0.041322952146288006,1.2299811559898588,1.5160102011901293,0.28999999999999954,0.35420799093227545,-1.2468121280816031,DOWN-LEG
EMMVEE,0947,-0.4339622641509385,3.112205532299105,0.039959388396187706,0.49871097427636835,0.29914529914530236,0.2305854241338112,0.7549857549857485,-0.7549857549857485,DOWN-LEG
EMMVEE,0947,-1.0,1.0426443859696715,0.04157692294396274,0.5663565045549498,0.7568185063544131,0.16809815950920184,0.34271026702842944,-0.42838783378552053,drift
EMMVEE,0948,0.8518518518518986,1.3069639831078355,0.04261309966381691,0.7621370710317543,1.1259977194982864,0.1460957178841313,0.38483466362598795,-0.7981755986317021,DOWN-LEG
EMMVEE,0948,0.3333333333333333,0.913300599517131,0.04187504035186298,0.7370959771232689,0.8396186139177588,0.18124207858048255,0.21346235947061332,-0.8965419097765857,DOWN-LEG
EMMVEE,0949,-0.6842105263157139,0.5374976059536513,0.04232308221370307,0.7506040037323151,0.5989731888191736,0.11979166666666732,0.2709640616086676,-0.6132344552196332,DOWN-LEG
EMMVEE,0949,0.0,0.5925264949755642,0.041979892462401774,0.726652222934615,0.5416191562143768,0.08027210884353723,0.399087799315843,-0.5273660205245219,DOWN-LEG
EMMVEE,0950,0.13043478260867847,0.8380493180878908,0.04079444883657201,0.567670071821881,0.32763532763532116,0.09115646258503492,0.32763532763532116,-0.4273504273504274,drift
EMMVEE,0950,-0.8999999999999773,0.8812894855595668,0.04143018946236837,-0.22093583999156038,-0.6852248394004218,0.11234396671289938,0.28551034975017847,-0.585296216987869,DOWN-LEG
EMMVEE,0951,0.7999999999999545,1.3305138448822151,0.03972197428425641,-0.15771808024477052,-0.8704337899543412,0.07780979827089332,0.2853881278538813,-0.4566210045662003,drift
EMMVEE,0951,-0.7037037037037256,1.0787436164955246,0.04108928347576607,-0.1841005112655116,-1.0017172295363481,0.10487444608567102,0.3863766456783122,-0.15741270749855596,FLAT
EMMVEE,0952,0.6923076923077125,0.714864306378289,0.04458400015541453,0.016528136774109,-0.14265335235378032,0.12301013024602042,0.37089871611983205,-0.55634807417974,DOWN-LEG
EMMVEE,0952,0.6666666666667088,0.6504681859205776,0.04021404098817816,0.184784433229634,0.11410640422194669,0.07902735562310105,0.25673940949935165,-0.5847953216374302,DOWN-LEG
EMMVEE,0953,-0.12499999999995559,0.5232978016581449,0.03945574567071091,0.04942734851784167,-0.14273479874393374,0.09737248840803825,0.22837567799029726,-0.49957179560376813,drift
EMMVEE,0953,0.04761904761905793,1.9895927346570397,0.03848985730384278,0.025321721734693135,-0.8033280734471414,0.10077519379844961,0.30124802754268004,0.2295223066991856,drift
EMMVEE,0954,0.8181818181817806,0.2997660109194904,0.038923284838621466,0.09635902731899434,-0.5448809865213748,0.11875000000000056,0.15772870662460894,0.14338973329509608,FLAT
EMMVEE,0954,0.8666666666666364,0.6052076621170406,0.03825366839000816,0.1538303197050932,-0.60223687983941,0.11875000000000056,0.21508459994264412,0.229423573272157,drift
EMMVEE,0955,0.33333333333329723,1.4219025334373285,0.03638115364191459,0.19433972357769771,-0.6451612903225806,0.11875000000000056,0.30107526881720753,0.5878136200716879,UP-LEG
EMMVEE,0955,0.5199999999999818,0.4876398570675414,0.03952809951149677,0.3123365572457248,-0.30068728522337096,0.13446676970633603,0.3579610538373425,0.859106529209622,UP-LEG
EMMVEE,0956,-0.7894736842105956,0.28443282739774856,0.0486737015742029,0.16504514403794812,-0.5740528128587831,0.08641975308641842,0.2726750861079187,1.1194029850746368,UP-LEG
EMMVEE,0956,-0.6666666666666035,0.23006976922487157,0.049411800804558655,0.23806689039134113,-0.25824964131993605,0.0942812982998459,0.17216642754663494,0.8034433285509358,UP-LEG
EMMVEE,0957,-0.8181818181817806,0.24232914923291493,0.04986798515707921,0.16980453653110744,-0.6171953495048018,0.013333333333334495,0.15788718243146585,0.8324960528204327,UP-LEG
EMMVEE,0957,1.0,0.14689175895662107,0.050089295657562684,0.1321241894248573,-0.5449591280654049,0.043771043771042344,0.10038720780151038,0.6883694249247194,UP-LEG
EMMVEE,0958,-1.0,0.5672850879979668,0.053161396633836525,0.07832625112331222,-0.6609195402298883,0.03333333333333346,0.1724137931034548,0.6321839080459737,UP-LEG
EMMVEE,0958,0.6923076923076384,0.46833001195695495,0.05319824270992404,0.10144959134682871,-0.10051694428490027,0.07534246575342458,0.18667432510052676,0.6892590465249955,UP-LEG
EMMVEE,0959,0.7999999999999545,0.2645053925176817,0.051481696726029855,0.09545326891652466,-0.07174630506528915,0.12126537785588766,0.1434926101305783,0.5452719184962073,UP-LEG
EMMVEE,0959,0.5238095238095289,0.6605566980261347,0.05342885943460031,0.07014073786013046,0.07164350193437455,0.13043478260869618,0.3009027081243764,0.48717581315374375,drift
EMMVEE,1000,0.6923076923076384,0.2987872828580793,0.05815641200464569,0.0354698927958803,0.2145922746781116,0.12587412587412708,0.18597997138770647,0.1859799713876902,FLAT
EMMVEE,1000,-0.7333333333333485,1.7634600126301472,0.05866572924803934,-0.12699835536094423,-0.2871912693854107,0.06913996627318775,0.43078690407811604,0.8472142446869583,UP-LEG
EMMVEE,1001,0.6842105263158336,0.3969845952146837,0.06642420833254281,-0.07580722253199682,0.11467889908257857,0.06281833616298903,0.27236238532109763,0.8027522935779848,UP-LEG
EMMVEE,1001,0.7500000000002132,0.39401250677039734,0.06422905891789067,-0.02837816864714802,0.10032965457933861,0.04498269896193823,0.11466246237637301,0.9889637379962701,UP-LEG
EMMVEE,1002,0.4117647058823687,0.5003123253443797,0.0602781924327986,0.017258077350828682,0.05738057667479232,0.052238805970148496,0.24386745086788772,1.4488595610385917,UP-LEG
EMMVEE,1002,-0.25000000000007105,0.22791347972695122,0.06280030015587029,-0.009686352685728653,-0.04304160688665058,0.04098360655737709,0.11477761836441241,1.5208034433285542,UP-LEG
EMMVEE,1003,0.25000000000007105,0.1905326222924485,0.06334607057638884,0.07780002294795953,0.15779658585569112,0.07142857142857091,0.11476115334958464,1.2193372543394059,UP-LEG
EMMVEE,1003,0.7000000000000455,0.6424474187380497,0.06504182090997737,0.0924036598659882,0.3291827679977198,0.0412147505423012,0.2862458852154,1.0161728925146571,UP-LEG
EMMVEE,1004,-0.20000000000004547,0.3236754379743244,0.06529345145522915,0.05435299185934656,0.2147766323024055,0.030303030303029707,0.14318442153493702,1.288659793814433,UP-LEG
EMMVEE,1004,1.0,0.3220929397399986,0.0705430330192825,0.04722963455297688,0.15736766809728508,0.02608695652173999,0.14306151645207438,0.47210300429183893,drift
EMMVEE,1005,0.384615384615416,2.5684445705369177,0.07634029553373416,0.15542816329640716,0.3705815279361492,0.040685224839399806,0.5558722919042157,-0.7981755986317021,DOWN-LEG
EMMVEE,1005,0.5789473684210242,2.2899822452881726,0.07330115553497295,0.7210495141353539,1.135718341851221,0.020501138952163395,0.5394662123793397,-2.2146507666098842,DOWN-LEG
EMMVEE,1006,-0.22222222222220117,1.67733227993943,0.06140049138703212,0.5987384060217097,0.9934714731762702,0.05411764705882217,0.25546409310247914,-2.625603179108714,DOWN-LEG
EMMVEE,1006,-1.0,0.6306337066375307,0.06573725726800708,0.4178858540341425,0.6974096214062022,0.0737327188940073,0.32735553657841654,-1.9356675206376346,DOWN-LEG
EMMVEE,1007,0.25000000000007105,0.3972622171785233,0.06454661474741333,0.42790708043281267,0.7686832740213491,0.012594458438287067,0.11387900355871239,-2.021352313167266,DOWN-LEG
EMMVEE,1007,-0.7142857142856679,0.373698197227609,0.06305284155144025,0.4098189026484912,0.7263922518159839,0.04687500000000153,0.09970089730808225,-1.8515880928642643,DOWN-LEG
EMMVEE,1008,-1.0,0.563904851967702,0.06465437061897902,0.29574466408254696,0.47115933752140987,0.03092783505154742,0.31410622501428404,-1.5134209023415224,DOWN-LEG
EMMVEE,1008,0.16666666666669824,0.18437569223953335,0.06741520835299675,0.2014817247704958,0.35653166001140896,0.03896103896103873,0.1711351968054828,-1.6115231032515782,DOWN-LEG
EMMVEE,1009,-1.0,0.3071819476722393,0.06741712473328347,0.15120606044344836,0.32824318538605224,0.013333333333333253,0.17125731411444722,-1.4414157271300159,DOWN-LEG
EMMVEE,1009,1.0,0.7335816357555488,0.06624906268051402,0.2272645300558606,0.3279623556252609,0.007957559681699389,0.1711107942392602,-0.9268501354627121,DOWN-LEG
EMMVEE,1010,-0.3333333333333965,0.8942418869960688,0.06382531104463825,-0.05420183388846065,-0.18563472797373531,0.044386422976502284,0.17135513351421472,-0.8282164786519999,DOWN-LEG
EMMVEE,1010,0.27999999999992725,0.8976262274800897,0.0665019903913755,-0.32203101023666014,-0.2990175138829593,0.0463917525773182,0.3559732308130429,-1.9364943756229405,DOWN-LEG
EMMVEE,1011,1.0,0.20642984565267974,0.06652940785963923,-0.19896581261524818,-0.19908987485778973,0.06091370558375816,0.12798634812287982,-1.9624573378839685,DOWN-LEG
EMMVEE,1011,0.3333333333333694,1.1827495554009124,0.06795489270769364,0.05582202235212556,0.2838489923360772,0.14948453608247483,0.29804144195286814,-2.0720976440533665,DOWN-LEG
EMMVEE,1012,1.0,3.3376628382024203,0.06386116557454408,0.7118917081379827,0.6645927601810019,0.1581632653061225,0.3676470588235326,-2.2058823529411793,DOWN-LEG
EMMVEE,1012,0.6842105263158336,1.9003496503496504,0.05954958128997519,1.0042506427821491,0.7772752967778406,0.1645569620253155,0.2685132843414326,-2.105709440361783,DOWN-LEG
EMMVEE,1013,-1.0,5.512782067621261,0.05115226345521953,-0.00019180243432126385,0.7369614512471719,0.12195121951219444,0.5527210884353709,-1.7715419501133787,DOWN-LEG
EMMVEE,1013,0.45454545454541695,1.1193974747101825,0.04740729080553017,0.07608137254343525,0.651742703315374,0.23076923076922798,0.31170303202039273,-1.5868517993765843,DOWN-LEG
EMMVEE,1014,-2.5837917664003778e-14,2.23343274896341,0.046540227883282936,0.12592273927638165,0.9471303364433039,0.2564102564102549,0.6219960418433669,-1.7387616624257782,DOWN-LEG
EMMVEE,1014,-1.0,6.899554693672341,0.04425599141486116,-0.9010426163269384,0.14238929232521716,0.11111111111110997,0.9397693293464364,-1.0963975509041624,DOWN-LEG
EMMVEE,1015,-0.10000000000002274,6.022590254627988,0.0452653465437554,-0.9441867700580082,-0.6178160919540164,0.029821073558648003,0.5747126436781609,-0.38793103448276517,drift
EMMVEE,1015,-0.6190476190476397,7.49208790457637,0.044918283474275095,-1.4057457763153487,-1.9599303135888504,0.16961130742049435,1.2195121951219479,0.4645760743321785,drift
EMMVEE,1016,-1.0,3.3730870712401058,0.0460135309710842,-1.6842692392841414,-2.4923480542195047,0.1854419410745217,0.5538551231598826,0.9473837632998104,UP-LEG
EMMVEE,1016,0.0967741935484084,2.3548716596922468,0.045174219323490965,-1.6935296343789938,-2.26415094339623,0.1324503311258276,0.44992743105950983,0.7547169811320821,UP-LEG
EMMVEE,1017,-0.5294117647059217,0.8460751978891821,0.04534529903115197,-2.0542691703611777,-2.74589568502108,0.1381578947368432,0.24698532616592267,0.8717129158797037,UP-LEG
EMMVEE,1017,-0.20000000000004547,1.012224455501005,0.04509478364439243,-2.201132328690797,-2.684661152227543,0.13442622950819486,0.14511681903932666,0.1306051371353907,FLAT
EMMVEE,1018,-0.2631578947369051,0.8483509234828496,0.04368343053748786,-1.697977081401765,-2.2905189910118975,0.10264900662251676,0.2754421571469959,0.47839953609742947,drift
EMMVEE,1018,0.7999999999999545,0.6351891725622886,0.04249783892673554,-1.686475959554006,-2.304681837947525,0.10815307820299436,0.14494854326714016,0.6377735903754135,UP-LEG
EMMVEE,1019,0.6470588235294511,1.7032321899736147,0.04138073185742749,-1.5236295880581805,-2.432667245873147,0.10447761194029705,0.24616275702286877,0.49232551404575403,drift
EMMVEE,1019,0.8695652173912753,1.7081946686876008,0.04409306065997984,-0.6397488960355683,-1.0794473229706392,0.04881889763779537,0.6620610247553286,0.4029936672423818,drift
EMMVEE,1020,-0.6000000000000606,0.841688654353562,0.04331919741145255,-0.6288531756542588,-0.21598272138228944,0.07177033492822936,0.21598272138228944,0.21598272138228944,drift
EMMVEE,1020,-0.9130434782608495,1.7464825859171638,0.04627562410148714,-0.3206091742540713,-0.014520110352825476,0.11684370257966477,1.0018876143458655,0.9583272832873397,UP-LEG
EMMVEE,1021,0.599999999999909,0.6216688654353562,0.045666765488399395,0.07418409779539252,0.47867711053088985,0.1253822629969424,0.1450536698578474,1.276472294749067,UP-LEG
EMMVEE,1021,1.0,1.9311015189956835,0.044058728075770666,0.24301862975521402,0.14492753623188406,0.11684370257966668,0.15942028985507575,1.2753623188405732,UP-LEG
EMMVEE,1022,1.0,1.0272236486931332,0.04480963995640495,0.3839899680893788,0.47715442452285545,0.08221225710014937,0.3614806246385193,1.6049739733950292,UP-LEG
EMMVEE,1022,0.1764705882353413,0.6051929223368151,0.04654843734785782,0.4140569874255191,0.5197055002165472,0.06332842415316567,0.2454164862133581,1.4436263894903998,UP-LEG
EMMVEE,1023,0.6666666666667614,0.533179419525066,0.04956297541516703,0.467601447127215,0.47612177175011805,0.05865102639296184,0.17313518972730224,1.3995094502957626,UP-LEG
EMMVEE,1023,1.0,0.5010765918179022,0.051673216500130445,0.4663720245489984,0.6766484307515183,0.06020558002936889,0.2591419522027164,1.1229484595450554,UP-LEG
EMMVEE,1024,0.5000000000000474,0.5776296191219236,0.05232427577276194,0.3829083143452828,0.6473888649115235,0.04831625183016042,0.17263703064306313,1.2660048913825284,UP-LEG
EMMVEE,1024,-0.07692307692300965,0.6605257487610429,0.054779368187102974,0.23512479534725905,-0.028793550244735355,0.0645161290322578,0.18715807659083708,1.5980420385833607,UP-LEG
EMMVEE,1025,-0.5200000000000727,0.4055066559976722,0.05650289334630563,0.27066356023954785,-0.1730852444829144,0.12406576980568118,0.3605942593393913,1.6875811337083582,UP-LEG
EMMVEE,1025,-1.0,0.5308277338846636,0.0609496660935963,0.39032881529791363,0.4768786127167564,0.18960244648318014,0.187861271676294,1.9942196531791843,UP-LEG
EMMVEE,1026,0.11111111111113918,0.23914836194617287,0.06574677060782057,0.35795425375677786,0.4620271440947221,0.18237082066869315,0.12994513427663545,1.9347386658966181,UP-LEG
EMMVEE,1026,0.379310344827597,0.5668896321070234,0.0692214081718094,0.18069193801311498,0.6050129645635328,0.12844036697247677,0.4177470469605268,1.6997983290118055,UP-LEG
EMMVEE,1027,-1.0,0.2517151005935404,0.07011753249140536,0.05139996662657449,0.3888808872245329,0.12538226299694286,0.11522396658505951,1.5843295405444335,UP-LEG
EMMVEE,1027,-1.0,4.228336880510794,0.06913025812161616,-0.311564712128568,-0.3913043478260936,0.17460317460317534,0.8115942028985541,1.8695652173913009,UP-LEG
EMMVEE,1028,0.672727272727281,1.309768348451908,0.07388912704658977,-0.2699847440059671,0.0,0.10325318246110288,0.7935362862501804,1.2840859904775612,UP-LEG
EMMVEE,1028,0.4285714285713358,0.4024019458802067,0.0776078918913607,-0.3006417999516049,-0.043208987469403465,0.09704641350211142,0.2016419415238501,0.10082097076192505,FLAT
EMMVEE,1029,-0.6923076923076384,0.39836583673784015,0.08243756274126221,-0.3484297095076524,-0.15850144092219348,0.09449929478138336,0.18731988472623462,-0.08645533141210703,FLAT
EMMVEE,1029,1.0,1.6677941623593797,0.08201129100256384,-0.20377120459738451,0.43004587155963303,0.05006765899864607,0.5160550458715629,-0.8887614678899147,DOWN-LEG
EMMVEE,1030,-1.0,0.30366915902258534,0.08841103436076832,-0.21009527645251172,0.38793103448276517,0.05771812080536869,0.18678160919539577,-0.5747126436781609,DOWN-LEG
EMMVEE,1030,-1.0,0.4623057295291116,0.08046949694312021,-0.20187692444952737,0.4746152739824471,0.09562841530054668,0.21573421544656984,-0.5896735222206111,DOWN-LEG
EMMVEE,1031,0.933333333333394,1.1529715563092577,0.08507731929194622,-0.11724026609861767,0.8020624462904644,0.06648936170212782,0.429676310512747,-1.0312231452305995,DOWN-LEG
EMMVEE,1031,0.27272727272722574,1.350182426269383,0.08927927264712786,-0.10524661327368376,0.65827132226673,0.07795698924731301,0.31482541499714445,-0.7441327990841345,DOWN-LEG
EMMVEE,1032,1.0,4.056675912737087,0.08256076962820422,0.23367538044469616,1.1953892130354475,0.05944517833553515,0.583463782553013,-1.8215454674825766,DOWN-LEG
EMMVEE,1032,1.0,1.3680129956435059,0.07697427133944425,0.6681437283714449,1.807314643517866,0.06507304116865853,0.22769318343532413,-1.9069304112708254,DOWN-LEG
EMMVEE,1033,-0.058823529411843385,1.1196624718120318,0.0742613531185912,0.6646849602117056,1.3801935116676056,0.03814713896457871,0.24188958451907305,-1.8782014797950959,DOWN-LEG
EMMVEE,1033,-0.777777777777848,1.7775982187746893,0.06741219581641018,0.5130187218745832,1.1531890660592288,0.04619565217391286,0.25626423690204364,-1.7653758542141198,DOWN-LEG
EMMVEE,1034,1.0,0.9416236269731578,0.06864619701386564,0.606693347928126,1.4064497797982636,0.04761904761904777,0.19889188805227695,-2.0173320073874033,DOWN-LEG
EMMVEE,1034,0.8400000000000546,2.0213675213675213,0.06747417191773938,0.6969343045561266,1.1477965140994788,0.04843304843304985,0.3542581833640357,-2.2389117188607153,DOWN-LEG
EMMVEE,1035,-0.6363636363635612,1.302964749272998,0.06365409689956099,0.6381573910066732,1.276595744680851,0.1393188854489166,0.15602836879432946,-2.255319148936167,DOWN-LEG
EMMVEE,1035,1.0,0.8571428571428571,0.06170563443356091,0.8488310077652913,1.487673561915557,0.2920962199312724,0.25502975347123186,-2.337772740153018,DOWN-LEG
EMMVEE,1036,-0.5000000000000355,1.7302645577700546,0.05735116609167993,0.6967131212201334,1.1048158640226564,0.35727109515260325,0.2266288951841392,-2.1388101983002867,DOWN-LEG
EMMVEE,1036,-1.0,1.0688142068039854,0.05304965703010775,0.510440253168925,1.0198300283286184,0.32196969696969724,0.12747875354107324,-2.110481586402263,DOWN-LEG
EMMVEE,1037,-1.0,0.7982835662103696,0.05305066753130644,-0.0310401929963448,0.36863745923719116,0.32196969696969724,0.1417836381681554,-2.0558627534382534,DOWN-LEG
EMMVEE,1037,-0.4090909090909267,1.480976717773992,0.05419822818984646,-0.25249895139432926,0.028453549580300438,0.2536764705882351,0.62597809076682,-1.8210271731398429,DOWN-LEG
EMMVEE,1038,-0.8181818181817806,0.5794027945244343,0.05098969847000171,-0.2974083964007437,-0.1139601139601075,0.22344322344322465,0.31339031339031986,-1.6809116809116744,DOWN-LEG
EMMVEE,1038,-0.839999999999994,3.6147849878684633,0.0555441159324769,-0.4636041908464942,-1.0647482014388456,0.0829268292682932,1.079136690647482,-0.6330935251798528,DOWN-LEG
EMMVEE,1039,0.2903225806451518,4.7869630620090255,0.049478083048661886,-0.401647503194774,-1.5142774733198732,0.04487179487179424,0.8941447937698364,-0.4759157773290964,drift
EMMVEE,1039,-0.2903225806451518,0.9878193199120284,0.04775186286101009,-0.6308638235243939,-2.068267283772067,0.0564784053156143,0.448365634943596,-0.2169511136823836,drift
EMMVEE,1040,0.05263157894738102,0.9660900839184792,0.04512083982961598,-0.5421940499408962,-1.8786127167630058,0.04132231404958678,0.274566473988436,-0.2601156069364096,drift
EMMVEE,1040,-1.0,0.6867595818815331,0.044904596918074885,-0.7330838362789853,-2.1122685185185053,0.04504504504504504,0.13020833333333004,-0.24594907407408062,drift
EMMVEE,1041,0.4736842105263095,1.4146257920876864,0.04021124882790596,-0.5517236065366037,-2.170767004341534,0.029090909090909445,0.27496382054992435,-0.21707670043415342,drift
EMMVEE,1041,1.0,1.2216883776010827,0.04328426232572042,-0.2903585302367211,-1.7877739331026494,0.06315789473684238,0.17301038062284393,-0.6199538638985104,DOWN-LEG
EMMVEE,1042,-0.708333333333359,1.6151763329433395,0.04604060573201149,-0.33711857866667355,-2.2322075663139556,0.02876480541455231,0.6957530076822662,-0.15944339759385748,FLAT
EMMVEE,1042,0.12499999999995559,1.1139038764837719,0.0472274614972426,-0.24821684678115036,-1.9730161032931994,0.05802047781570108,0.23211954156390874,-0.04352241404322567,FLAT
EMMVEE,1043,0.5555555555556959,1.516853562005277,0.046746529937895936,-0.0887391048972496,-1.7981438515081174,0.059829059829059596,0.13051044083526353,-0.08700696055684784,FLAT
EMMVEE,1043,1.0,0.13852411388727484,0.04928332765003664,0.2841647900921192,-0.7246376811594203,0.08013937282229976,0.07246376811594203,-0.11594202898550066,FLAT
EMMVEE,1044,0.14285714285732848,0.6842386762493732,0.047569758718420056,0.12846423370596283,-0.5364651297665552,0.09440559440559375,0.1014934029288162,-0.11599246049007803,FLAT
EMMVEE,1044,0.7142857142856679,0.29352055489764844,0.04757501082130517,0.18723286380975612,-0.21742281490071025,0.08260105448154724,0.10146398028700471,-0.10146398028698822,FLAT
EMMVEE,1045,-1.0,3.221895370215611,0.044419276416482564,-0.19136828125270855,-0.420838775214044,0.0744680851063818,0.1306051371353907,0.05804672761572736,FLAT
EMMVEE,1045,-0.5555555555556959,0.7736761969209948,0.04347382958365133,-0.16564565734407508,-0.2756419556071509,0.04882459312839146,0.1305672421296935,0.0,FLAT
EMMVEE,1046,0.882352941176447,0.21267340297996232,0.048314414143558956,-0.21698986947629986,-0.014473874656248768,0.030195381882771703,0.2460558691561797,-0.17368649587493587,FLAT
EMMVEE,1046,0.6000000000001364,0.751184668989547,0.049258176692123096,-0.30063888373525194,-0.3617421501953408,0.05646630236794215,0.14469686007813629,-0.1591665460859532,FLAT
EMMVEE,1047,0.8571428571428223,0.4009572770785322,0.04924990473762201,-0.13894182597257246,0.13028372900984037,0.06352087114337553,0.20266357845975352,-0.13028372900984037,FLAT
EMMVEE,1047,-0.7142857142856679,0.48490328528624366,0.04798139959945013,-0.20953517961838738,0.11592522822780295,0.0019417475728159713,0.10143457469932553,-0.028981307056954855,FLAT
EMMVEE,1048,-0.24999999999989342,0.09007731044754948,0.04733801400017414,-0.32269499203220836,0.08693132425384276,0.05979381443298908,0.1159084323384625,-0.014488554042309872,FLAT
EMMVEE,1048,-0.599999999999909,0.32471450118508943,0.03963543778002578,-0.36202240645829975,0.08688097306690164,0.07756813417190607,0.1448016217781639,-0.05792064871126227,FLAT
EMMVEE,1049,-0.3333333333333333,0.2935913290172401,0.04707218978921776,-0.3869871746920928,0.057962614113893245,0.08141962421711818,0.217359802927112,-0.028981307056954855,FLAT
EMMVEE,1049,0.333333333333207,0.273794580225947,0.04382319952257761,-0.42049104447379215,0.0,0.17303370786516867,0.0869691259602874,0.07247427163357008,FLAT
EMMVEE,1050,0.40000000000009095,0.29503710922857784,0.04480917111791062,0.010915178375144517,0.15937409446537565,0.13425925925925736,0.14488554042306576,-0.014488554042309872,FLAT
EMMVEE,1050,-1.0,0.08509425357251445,0.046240028310899024,0.057103661083983875,0.029006526468461996,0.13425925925925736,0.0870195794053695,0.13052936910804602,FLAT
EMMVEE,1051,0.3333333333333333,1.2381737761451383,0.04645135580302194,0.08300515102792314,-0.20304568527918454,0.2158808933002483,0.17403915881072252,0.15953589557650802,FLAT
EMMVEE,1051,-0.7142857142859463,0.09505168744299179,0.04177674302469479,0.017111177225901348,-0.2611344842594035,0.2380952380952362,0.10155229943419873,0.21761207021616133,drift
EMMVEE,1052,-0.6923076923077864,0.28285670238187005,0.03376040237902173,-0.05633797179706236,-0.29036004645760743,0.3808219178082193,0.18873403019743826,0.421022067363544,drift
EMMVEE,1052,1.0,0.26383717565351594,0.03471122949406361,0.029916149955698645,-0.15965166908563466,0.3732970027247941,0.11611030478954347,0.4934687953555845,drift
EMMVEE,1053,-0.49999999999992895,0.1806945034570667,0.038076135842663,0.020817783084010225,-0.1741654571843317,0.3770491803278639,0.11611030478955997,0.47895500725688744,drift
EMMVEE,1053,-0.5555555555554432,0.4400193517174649,0.03622284440094776,0.016791530950671072,-0.20313406848519694,0.36263736263735646,0.1305861868833397,0.34822983168891136,drift
EMMVEE,1054,-0.5000000000000355,0.3374699449313581,0.03768270561359845,0.007784031594968904,-0.17419073885905728,0.4261363636363576,0.23225431847873754,0.36289737262302224,drift
EMMVEE,1054,-0.6666666666666035,0.10910926458025938,0.03896180937167427,-0.018342232716616422,-0.10156703424259021,0.4896142433234349,0.08705745792223196,0.4352872896111433,drift
EMMVEE,1055,1.0,0.0890288469014851,0.0542469140152337,-0.024400066497759245,-0.1015228426396005,0.46546546546545975,0.13052936910804602,0.290065264684554,drift
EMMVEE,1055,0.4999999999998579,0.02697810218978102,0.06131465730755226,-0.008311428424230804,-0.029014942695494775,0.5045871559632951,0.05802988539097306,0.1160597707819626,FLAT
EMMVEE,1056,0.33333333333358595,0.1818110942189997,0.0515830620240848,-0.07337010414803183,0.02899811512252363,0.49544072948327306,0.0869943453675544,0.07249528780629258,FLAT
EMMVEE,1056,0.3333333333334175,0.3195435092724679,0.0569659458263699,-0.04464837449353122,0.10144927536232544,0.4819277108433662,0.13043478260869237,-0.7246376811594203,DOWN-LEG
EMMVEE,1057,0.7333333333332727,0.8330329153605016,0.05178367814599035,0.10538193115785677,0.15944339759385748,0.4723926380368022,0.21742281490071025,-0.753732424989119,DOWN-LEG
EMMVEE,1057,1.0,0.08049164954007622,0.0491092595461575,0.07231232768639016,0.13045368894042286,0.43046357615893327,0.11595883461370554,-0.9856500942165466,DOWN-LEG
EMMVEE,1058,1.0,0.5290482579176322,0.04685714704178026,0.187548943416761,0.15939718881321877,0.40338983050846605,0.07245326764237067,-0.6665700623098135,DOWN-LEG
EMMVEE,1058,0.14285714285732848,0.14536565491953554,0.04573555581783519,0.28578792952920457,0.14488554042306576,0.21238938053096587,0.10141987829615264,-0.7099391480730354,DOWN-LEG
EMMVEE,1059,-0.6666666666666035,0.17707099987751604,0.044967755223291016,0.32732623736504424,0.14494854326714016,0.16431924882628618,0.0869691259602874,-0.521814755761708,DOWN-LEG
EMMVEE,1059,1.0,0.10030706243602866,0.04935646516971742,0.3754088305554169,0.17381228273463672,0.05050505050504888,0.07242178447276941,-0.4345307068366165,drift
EMMVEE,1100,-0.24999999999998224,0.862298312600074,0.04537994001893715,0.29733467759412624,0.08694392117084809,0.09743589743589343,0.23185045645558947,-0.4057382987972856,drift
EMMVEE,1100,0.333333333333207,0.017117637353572017,0.04229019537117842,0.31029124314072776,0.15932792584009597,0.04210526315789707,0.08690614136732659,-0.4055619930475022,drift
EMMVEE,1101,1.0,0.1198044009779951,0.05423001830660529,0.3388584725916771,0.13032145960034425,0.021052631578945543,0.08688097306690164,-0.5212858384013933,DOWN-LEG
EMMVEE,1101,1.0,0.10000208337673702,0.054267044726594084,0.3691145885717089,0.11580775911985446,0.16867469879518,0.08685581933988261,-0.5211349160393615,DOWN-LEG
EMMVEE,1102,0.40000000000009095,0.3912351265292442,0.05777888479311023,0.2501546317941582,0.26022842272662544,0.13043478260869565,0.28914269191846176,-0.5493711146450871,DOWN-LEG
EMMVEE,1102,1.0,0.14675275028670942,0.06485200040942687,0.2697305098625713,0.3610629693818602,0.22302158273380765,0.14442518775274407,-0.7365684575389981,DOWN-LEG
EMMVEE,1103,-0.2727272727273291,0.5175725730037041,0.06242992071450989,0.059215318779337646,0.31778130868119775,0.19708029197079238,0.15889065434060706,-0.7077856420626863,DOWN-LEG
EMMVEE,1103,-0.1666666666666193,1.4643843180563225,0.0579253515009507,-0.029669417038307166,0.20242914979756754,0.11428571428571313,0.17351069982647943,-0.5639097744360869,DOWN-LEG
EMMVEE,1104,-1.0,0.4769575329485744,0.05617841822676221,-0.14142300817429415,0.2169511136823836,0.12230215827337258,0.2169511136823836,-0.6508533410471506,DOWN-LEG
EMMVEE,1104,0.8333333333334755,0.487505385609651,0.05759866510842027,-0.0448973886684708,0.2600404507367911,0.1586206896551709,0.17336030049117765,-0.8379081190407496,DOWN-LEG
EMMVEE,1105,0.0,0.1287820015515904,0.06072890983914101,0.03950703492873697,0.20245842371655492,0.16666666666665744,0.057845263919029784,-0.8966015907447644,DOWN-LEG
EMMVEE,1105,-1.0,0.4571058035231817,0.0670039454391567,-0.179308934202818,-0.04347196058541581,0.051282051282053334,0.10143457469930905,-0.7824952905375999,DOWN-LEG
EMMVEE,1106,-0.599999999999909,0.028357108788969344,0.06606610900123337,-0.25309598259909527,-0.057954216169223007,0.04964539007091467,0.07244277021153288,-0.8693132425383946,DOWN-LEG
EMMVEE,1106,-0.05263157894738102,6.032638063330811,0.06113430742247491,-0.471722328595152,-0.8467153284671467,0.3193717277486805,0.2773722627737193,-0.072992700729927,FLAT
EMMVEE,1107,0.16666666666669824,1.1917938108783726,0.06082454821107554,-0.46562657212133984,-1.0223455527968452,0.31937172774867645,0.17525923762232298,0.029209872937042757,FLAT
EMMVEE,1107,0.30909090909091735,9.773718224903059,0.0398382462970359,0.7623492485752374,-1.3614404918752678,0.34999999999998804,0.8051529790660225,0.4245352071438995,drift
EMMVEE,1108,0.9285714285714141,0.7399793121282648,0.045435193725107896,1.017741181043315,-0.9919766593727141,0.21076233183856105,0.4084609773887773,-0.07293946024799416,FLAT
EMMVEE,1108,-9.47390314346854e-14,0.6601534637414892,0.0447430071008803,1.1318045672865258,-0.9193054136874462,0.2398190045248823,0.17510579308331123,-0.04377644827082366,FLAT
EMMVEE,1109,0.46153846153843125,0.5769847808177601,0.04584223987224609,1.3881864548921903,-0.7431152557190767,0.16814159292035175,0.3788430715430603,-0.26227597260672514,drift
EMMVEE,1109,0.44444444444443043,0.8620261708288881,0.045981086309041526,1.3446502241995437,-0.6982833866744353,0.10638297872340116,0.2618562700029029,-0.3200465522257684,drift
EMMVEE,1110,-0.1250000000000977,0.7589434094288463,0.045771183950542985,1.3161995550134769,-0.6110868616324815,0.12446351931330522,0.23279499490761282,-0.2618943692710541,drift
EMMVEE,1110,1.0,0.27287552891396333,0.04532176429895701,1.5517079217836889,-0.3635834787667248,0.0829694323144071,0.13089005235601764,-0.3635834787667248,drift
EMMVEE,1111,0.25000000000007105,0.4911150599733452,0.045682537447467024,1.6516301070746924,-0.4657933042212585,0.10638297872340116,0.11644832605530633,-0.27656477438136495,drift
EMMVEE,1111,0.42857142857156777,0.2715063358914867,0.04540271166011741,1.802290918224891,0.3201396973224746,0.08936170212765311,0.10186263096622987,-0.26193247962748367,drift
EMMVEE,1112,1.0,0.2130052881598996,0.04527528949400521,1.806873820388444,0.4651838930076947,0.037974683544301856,0.13083296990841362,-0.3924989097252409,drift
EMMVEE,1112,-0.5000000000004263,0.029388313019706118,0.045256994664601424,0.7199387163815109,0.6110868616324651,0.07053941908713708,0.05819874872689906,-0.40739124108831,drift
EMMVEE,1113,-0.5,0.09971734395996479,0.04602998300736845,0.4481543363100034,0.27640384055862344,0.06611570247933811,0.05819028222288201,-0.3636892638929299,drift
EMMVEE,1113,0.5000000000004263,0.02447844228094576,0.04784060219897894,0.4637854877374318,0.3489893849062223,0.061728395061726775,0.058164897484364875,-1.308710193398284,DOWN-LEG
EMMVEE,1114,-0.3333333333333965,0.3336889466116239,0.04980150301206085,0.3247225989073762,0.08734895909157413,0.08064516129032051,0.17469791818314825,-1.1937691075847914,DOWN-LEG
EMMVEE,1114,0.0,0.15750385351954785,0.04974199915049971,0.17894907093613555,-0.1456876456876457,0.11200000000000018,0.11655011655010994,-1.1363636363636298,DOWN-LEG
EMMVEE,1115,-1.0,0.2724022766828167,0.050588020437162665,0.11617224189700537,-0.29184298847220197,0.16279069767441634,0.20429009193055464,-0.904713264263816,DOWN-LEG
EMMVEE,1115,-0.49999999999990524,0.35071695613080306,0.04872535832042333,-0.04759180230309263,-0.42354315758726113,0.17557251908396265,0.17525923762232298,-0.8178764422374795,DOWN-LEG
EMMVEE,1116,0.058823529411843385,1.3142198598240744,0.04739769256023188,-0.06592488039890254,-0.40923706518561154,0.20912547528516784,0.24846536100556058,-0.6577024261911721,DOWN-LEG
EMMVEE,1116,-0.36842105263154745,0.4132790686668875,0.04517859019396895,-0.161019546761953,-0.39444850255661734,0.20912547528516784,0.2775748721694634,-0.759678597516442,DOWN-LEG
EMMVEE,1117,-0.0909090909091097,0.11712612483930868,0.04835642735273117,-0.2586146160455638,-0.4380201489268506,0.1879699248120275,0.16060738793984855,-0.8176376113301246,DOWN-LEG
EMMVEE,1117,1.0,0.13070609129746075,0.10448478693276829,-0.20486240287143806,-0.18950437317783594,0.14079422382671203,0.2332361516035019,-0.9620991253644348,DOWN-LEG
EMMVEE,1118,-1.0,0.14349320040652375,0.10112296364894201,-0.24856820464498805,-0.3503649635036463,0.1789473684210513,0.11678832116787656,-0.8905109489051127,DOWN-LEG
EMMVEE,1118,0.3333333333334175,0.48706948786931337,0.10259535807808406,-0.19001367290780996,-0.3941605839416125,0.18309859154929534,0.1313868613138653,-0.7591240875912475,DOWN-LEG
EMMVEE,1119,-0.14285714285718926,0.2049912604389202,0.1039522089029913,-0.15943026560420917,-0.35062089116142836,0.18881118881118636,0.10226442658874094,-0.8473338203067867,DOWN-LEG
EMMVEE,1119,-0.11111111111099883,0.2608060392061366,0.11068726190952025,-0.17166627896985956,-0.17513134851137357,0.18055555555555133,0.13134851138355091,-1.0215995329830707,DOWN-LEG
EMMVEE,1120,0.4285714285713358,0.2629830475352973,0.12362416124946246,-0.023860804644085853,0.0291757840992043,0.15972222222222138,0.10211524434719846,-1.0795040116703103,DOWN-LEG
EMMVEE,1120,-0.11111111111113918,0.15739245338423138,0.1278472053904901,0.038179990712083264,0.05838563713326189,0.183391003460204,0.1313676835498434,-0.8903809662822979,DOWN-LEG
EMMVEE,1121,-0.49999999999992895,0.21057018188949356,0.12776812725242148,-0.03214915238049086,0.1313676835498434,0.19163763066201908,0.11677127426654038,-0.8611881477156587,DOWN-LEG
EMMVEE,1121,0.333333333333207,0.08076394344069128,0.13421002032565532,0.03817164149738264,0.13131018383425405,0.18749999999999728,0.0875401225561749,-0.9629413481178908,DOWN-LEG
EMMVEE,1122,-1.0,0.17591818673484438,0.12903007038065142,-0.024733695611190164,0.043782837127855835,0.23131672597864655,0.043782837127839244,-0.8902510215995363,DOWN-LEG
EMMVEE,1122,-1.0,0.12119559829483494,0.12828904403189034,-0.122273283100437,-0.2191380569758948,0.2811387900355839,0.16070124178232617,-0.8473338203067867,DOWN-LEG
EMMVEE,1123,1.0,0.051826677994902294,0.13355996521889524,-0.04733140343089701,-0.014600671630898341,0.26056338028168746,0.05840268652357677,-0.9636443276390747,DOWN-LEG
EMMVEE,1123,-1.0,5.78343412312878,0.10347561260999698,-1.5271621095577317,-0.9282451745984903,0.3805309734513245,0.9135111242080347,0.044202151171350304,FLAT
EMMVEE,1124,0.2727272727273291,2.3478047101627415,0.0833987840450586,-1.349103106577816,-0.8545749226462287,0.3768545994065244,0.16207455429497902,-0.014734050390455684,FLAT
EMMVEE,1124,0.6666666666667614,0.6830574006146525,0.07817595150602882,-1.2288266183628904,-0.972590627763045,0.4121212121212114,0.17683465959327024,-0.014736221632776707,FLAT
EMMVEE,1125,0.2857142857142741,0.8981958118846519,0.07188826045073086,-1.175057447897568,-0.9424237962008506,0.3780487804878034,0.20615520541893348,-0.07362685907819172,FLAT
EMMVEE,1125,0.11111111111113918,0.3583469413390278,0.06892912940600832,-1.196743282062076,-0.8835223089383006,0.3503184713375786,0.13252834634074176,-0.17670446178766683,FLAT
EMMVEE,1126,1.0,0.45403111739745405,0.07432194106624437,-1.0288325038568706,-0.7944681477122226,0.32915360501567303,0.16183610416360492,0.0441371193173392,FLAT
EMMVEE,1126,-1.0,0.2968805298548966,0.07567948140135809,-1.1124981446218067,-0.897983218018552,0.21033210332103383,0.10304725452672538,0.22081554541439719,drift
EMMVEE,1127,-0.4545454545455485,0.23135310191276187,0.07292091237814162,-1.1026258951771393,-0.8685411452966424,0.20149253731343486,0.16193139997056127,0.20609450905345075,drift
EMMVEE,1127,-0.5000000000001421,0.07772598297527361,0.06781930963683253,-1.3781380669219374,-0.75066234913159,0.1462450592885383,0.11775095672651671,0.23550191345305016,drift
EMMVEE,1128,-1.0,0.3254693049213597,0.06429857109401126,-1.5543647774536025,-0.8837825894829873,0.28205128205128055,0.16202680807188433,0.3093239063190489,drift
EMMVEE,1128,1.0,0.1546349883236877,0.07099560256251496,0.4059833333311548,0.16181229773461447,0.2282157676348535,0.10297146219475314,0.11768167107973938,FLAT
EMMVEE,1129,-1.0,0.47185817332114194,0.07296074320146995,0.043655182419915846,0.0,0.3140495867768552,0.10313835273315629,0.2652129070281353,drift
EMMVEE,1129,-1.0,0.3709542091480003,0.07139448783853981,-0.22154519960246985,-0.05897965202004972,0.389830508474573,0.1916838690651658,0.2654084340902321,drift
EMMVEE,1130,-1.0,0.2662255026724357,0.07036698448882138,-0.3837587654767469,-0.1474708745022858,0.389830508474573,0.08848252470137483,0.4129184486063935,drift
EMMVEE,1130,0.7142857142856679,0.31612190926130385,0.07231357264546948,-0.32875170911936225,-0.014727540500739726,0.3553719008264482,0.10309278350516134,0.3681885125184094,drift
EMMVEE,1131,0.7500000000002132,0.10921148067557766,0.07397441294312915,-0.4495785054297348,-0.07361601884570082,0.3277310924369735,0.1177856301531146,0.22084805653710243,drift
EMMVEE,1131,-1.4210854715200792e-13,0.11616995622657335,0.07437477322077644,-0.3587986802635837,-0.07365939893930466,0.3500000000000038,0.11785503830289751,0.3241013553329472,drift
EMMVEE,1132,0.7499999999999645,0.39864183776327655,0.0738590725198367,-0.23244700548221697,-0.029450743631266645,0.3728813559321993,0.1178029745251168,0.2797820644971252,drift
EMMVEE,1132,-0.14285714285700366,0.1789459710606664,0.07205444406700344,-0.2276701366397419,-0.10313835273315629,0.3675213675213622,0.10313835273317304,0.3830853101517473,drift
EMMVEE,1133,-1.0,0.5915178571428571,0.06954941778243028,-0.2921697933290821,-0.08845643520566457,0.38396624472573676,0.16217013121038226,0.3685684800235884,drift
EMMVEE,1133,1.0,0.05165637282425604,0.06922047028513424,-0.32366950066633154,-0.11782032400588431,0.36099585062240647,0.11782032400588431,0.32400589101620697,drift
EMMVEE,1134,-0.333333333333207,0.6908259348937315,0.0910954203984754,-0.24410732405903304,-0.014736221632776707,0.3502109704641324,0.08841732979664349,0.3389330975537805,drift
EMMVEE,1134,-0.49999999999992895,0.09958170287410606,0.09975949104434188,-0.1453631463496198,0.044215180545313856,0.33905579399141433,0.11790714812086488,0.3979366249078917,drift
EMMVEE,1135,0.14285714285718926,0.050676773145641583,0.10999983769198886,-0.06437677631113921,0.07368110816386678,0.3004484304932696,0.10315355142940345,0.2799882110226904,drift
EMMVEE,1135,-0.4117647058823687,1.378437457832951,0.10217888282969805,-0.29075249254503127,-0.16226582091754282,0.3035714285714288,0.2507744505089313,0.3392830801003199,drift
EMMVEE,1136,1.0,0.25425013535462915,0.12375094627917745,-0.24031367366628145,0.11764705882352272,0.17500000000000024,0.26470588235293446,0.07352941176470588,FLAT
EMMVEE,1136,0.647058823529341,0.3268317825461845,0.1283747772222743,-0.18092979455626734,0.2937720329024677,0.15102040816326576,0.24970622796710423,-0.044065804935363474,FLAT
EMMVEE,1137,-1.0,0.7586581851791442,0.1203695648501918,-0.45284081494500994,0.23505215219627187,0.1735537190082605,0.1909798736594615,-0.058763038049080486,FLAT
EMMVEE,1137,0.4285714285713358,0.08356909684439608,0.12258826526292173,-0.4397570343789816,0.33773861967693897,0.21367521367521283,0.1027900146842945,-0.058737151248161125,FLAT
EMMVEE,1138,1.0,0.05749441933903196,0.12196074561566286,-0.26560015812999677,0.3964757709251168,0.17857142857142785,0.08810572687225005,0.1027900146842945,FLAT
EMMVEE,1138,-0.7142857142856679,0.13716353270105805,0.1166528999290888,-0.30738210271913297,0.23508668821628306,0.1929824561403493,0.10285042609462908,0.19100793417572062,FLAT
EMMVEE,1139,-0.7499999999999645,0.1000828043058239,0.11158490505363568,-0.26394795680103045,0.27920646583394226,0.17857142857142785,0.11756061719325028,0.2204261572373255,drift
EMMVEE,1139,-1.0,0.15911547094521572,0.11588670545217707,-0.28995998869895445,0.22058823529411764,0.2342342342342358,0.13235294117646723,0.1911764705882286,FLAT
EMMVEE,1140,1.0,0.10149120854662809,0.13003539783082782,-0.26597510065496044,0.33778822147157506,0.20175438596491269,0.13217799970626778,0.05874577764722826,FLAT
EMMVEE,1140,0.5384615384615923,0.26241312902955705,0.1276974383752196,-0.07631788494164962,0.5282465150403555,0.156521739130435,0.19075568598678716,0.04402054292002267,FLAT
EMMVEE,1141,-0.6363636363635612,0.21980175841406732,0.1335287158685066,-0.17951446829471646,0.10283531658587415,0.18487394957983044,0.16159835463493794,0.014690759512253423,FLAT
EMMVEE,1141,0.333333333333207,0.11567655379099795,0.13237140914288184,-0.22548608229946507,0.02936857562408891,0.18487394957983044,0.08810572687225005,-0.46989720998532236,drift
EMMVEE,1142,-1.0,0.15275131682169674,0.13417762401248876,-0.0645449494819472,0.04405286343611667,0.17796610169491614,0.11747430249632225,-0.46989720998532236,drift
EMMVEE,1142,1.0,0.09795454545454546,0.13486385345153384,-0.04933147809133875,0.04403346543372297,0.1379310344827603,0.10274475267869247,-0.3816233670923102,drift
EMMVEE,1143,0.14285714285709644,0.3727670853981791,0.14259621224362565,-0.05125543594946632,-0.02937720329025345,0.17596566523605195,0.20564042303172406,-0.30846063454757777,drift
EMMVEE,1143,1.0,0.026069576803869884,0.13887593354567837,-0.03265284480131286,0.08807985907222882,0.142857142857141,0.0733998825601879,-0.27891955372872734,drift
EMMVEE,1144,-1.8947806286935286e-13,0.07490244044498806,0.15542750307214645,0.0012736700421668962,0.05874577764722826,0.12359550561797164,0.08811866647085075,-0.3818475547070088,drift
EMMVEE,1144,1.0,0.0649358329883494,0.16011951184564285,0.11499576768634238,0.17615971814445763,0.14444444444444296,0.029359953024081835,-0.4110393423370623,drift
EMMVEE,1145,-1.0,0.07195627365006907,0.16971670671866154,0.02928924698359766,-0.058780308596616794,0.07692307692307404,0.10286554004409192,-0.27920646583394226,drift
EMMVEE,1145,-0.4285714285713358,0.15487461810702077,0.22102670820874235,-0.07744692041727713,-0.19112025874742053,0.059459459459459595,0.10291090855631364,-0.3234342840341143,drift
EMMVEE,1146,1.0,0.049055453991468614,0.1915258572340633,0.02090519363970445,-0.029390154298316748,0.043956043956040795,0.07347538574577515,-0.2645113886847839,drift
EMMVEE,1146,0.6666666666666035,0.052278001710028096,0.18818255436998843,0.01796957292865257,-0.07347538574577515,0.06741573033708052,0.08817046289493354,-0.36737692872887584,drift
EMMVEE,1147,-0.6000000000001364,0.17131839882482555,0.23892936318457697,0.052292763087743215,-0.10289578127297451,0.05555555555555485,0.14699397324709687,-0.36748493311774216,drift
EMMVEE,1147,-0.3333333333332491,0.153068105192178,0.23385800415802266,-0.031382012271312126,-0.10285042609461237,0.06593406593406745,0.13223626212167072,-0.4114017043784996,drift
EMMVEE,1148,0.5714285714286295,0.306299115913556,0.24797268530665387,0.032613675609615145,0.13202288396656756,0.14893617021276725,0.2053689306146365,-0.6161067918439262,DOWN-LEG
EMMVEE,1148,1.0,0.1278732975904357,0.24410380828057196,0.08810364499655479,0.10265434814487927,0.11602209944751346,0.05865962751136197,-0.5719313682358085,DOWN-LEG
EMMVEE,1149,0.3333333333334175,0.3067549177285661,0.2292942821637991,0.15428482057509915,0.1612903225806485,0.19298245614034412,0.13196480938416089,-0.4985337243401726,drift
EMMVEE,1149,-1.0,0.1739185348910641,0.23545697227495052,0.014920504923617907,0.014677821811229862,0.1791907514450772,0.1174225744899557,-0.3963011889035567,drift
EMMVEE,1150,-1.0,0.08023735810113519,0.2122991967152942,0.013694194799408024,0.11742257448993904,0.18604651162789884,0.08806693086746262,-0.48436811977101935,drift
EMMVEE,1150,1.0,0.052445166531275386,0.22667205766820042,0.0919512493127583,0.23467292461130965,0.1666666666666599,0.08800234672923278,-0.44001173364623064,drift
EMMVEE,1151,-1.0,0.13849780629952196,0.24215002028387697,-0.027138211247395492,0.044065804935363474,0.09090909090908386,0.14688601645123384,-0.32314923619270447,drift
EMMVEE,1151,-1.0,4.012802599512591,0.14261939252119799,-1.5723194746612612,-0.3983475951608212,0.049504950495048834,0.5901445854234287,0.11802891708469583,FLAT
EMMVEE,1152,-0.6666666666667614,0.2170126383340973,0.14182635824280954,-1.620190972989432,-0.368840365889643,0.0653266331658319,0.17704337562701858,-0.07376807317792859,FLAT
EMMVEE,1152,1.0,0.14536390173505198,0.1495067674424194,-1.5255576064320633,-0.279946957418591,0.0,0.1326064535140844,-0.1915426550758904,FLAT
EMMVEE,1153,2.8421709430405623e-13,0.265409383624655,0.14593162258488346,-1.718094577045914,-0.44202151171357,0.02000000000000432,0.058936201561805984,-0.14734050390452336,FLAT
EMMVEE,1153,1.0,0.353069595130987,0.142094236151317,-1.5826554839274787,-0.38274694538495846,0.015075376884419756,0.08832621816574548,-0.25025761813630676,drift
EMMVEE,1154,-0.5000000000000947,0.41914213400825895,0.14492808909436436,-1.721991584092701,-0.5454813504349175,0.014634146341466661,0.17691287041132914,-0.1031991744065947,FLAT
EMMVEE,1154,0.599999999999909,0.23367858336117608,0.13940982378466663,-1.5808237125337143,-0.4274764150943363,0.004878048780488887,0.07370283018867925,-0.11792452830188009,FLAT
EMMVEE,1155,1.0,0.04994636631804773,0.13360965155850682,-1.5222935945037248,-0.3978779840848706,0.0,0.08841732979664349,-0.08841732979664349,FLAT
EMMVEE,1155,-1.0,0.18902850966085663,0.13716581799954336,-1.7031171771672133,-0.5604719764011733,0.004878048780488887,0.17699115044248456,-0.02949852507375302,FLAT
EMMVEE,1156,1.0,0.043913398692810454,0.14245829975590818,-1.6736820259565386,-0.3094150581994856,0.06806282722512802,0.10313835273317304,-0.14734050390452336,FLAT
EMMVEE,1156,-1.0,0.13458720910422842,0.14993005755602223,0.026302818273663642,0.02949852507375302,0.14736842105262743,0.1032448377581188,-0.08849557522124228,FLAT
EMMVEE,1157,-0.40000000000009095,0.529158993247391,0.1438348652043524,0.0005785891231145054,0.0,0.15183246073298617,0.14753614635585718,-0.014753614635572301,FLAT
EMMVEE,1157,0.333333333333207,0.16708564344502222,0.1402978188407853,-0.043384872662671305,-0.1327825317202849,0.17021276595744553,0.08852168781351767,-0.08852168781350091,FLAT
EMMVEE,1158,-1.0,0.2899568785644735,0.1315662152351824,-0.16949690458504998,-0.17712177121771888,0.18324607329842582,0.10332103321033881,-0.04428044280442133,FLAT
EMMVEE,1158,1.0,0.06565056281898903,0.13652229369593946,-0.3055985776061622,-0.19174041297934433,0.13541666666666513,0.02949852507375302,-0.1032448377581188,FLAT
EMMVEE,1159,0.24999999999998224,0.5418892324992972,0.13947649928181755,-0.1491999305391052,0.04420866489833012,0.09644670050761117,0.23577954612437704,-0.14736221632773355,FLAT
EMMVEE,1159,0.5000000000001421,0.23845007451564829,0.13044592864046847,-0.16346862470349974,0.029472443265553414,0.07291666666666402,0.11788977306218015,-0.16209843796051027,FLAT
EMMVEE,1200,-1.0,0.042425111079260426,0.13836551272372974,-0.20666891665820575,-0.08849557522124228,0.15343915343914874,0.07374631268436578,-0.1622418879056081,FLAT
EMMVEE,1200,0.4999999999998579,0.33439100021634094,0.13769461510423628,-0.04742607417154467,0.11785503830288077,0.1413612565445023,0.11785503830288077,-0.2062463170300497,drift
EMMVEE,1201,0.599999999999909,0.1372278664731495,0.12862720077397785,-0.03250069834637337,-0.014736221632776707,0.11351351351351265,0.07368110816386678,-0.16209843796051027,FLAT
EMMVEE,1201,0.6666666666666035,0.13061373156073575,0.17830861736041378,0.06717724376357362,0.08841732979664349,0.13186813186812782,0.08841732979664349,-0.14736221632773355,FLAT
EMMVEE,1202,-0.5789473684210715,0.7345521023765996,0.18817879499154339,-0.017563933962321133,-0.07382253063635022,0.18974358974358765,0.28052561641812745,0.0,FLAT
EMMVEE,1202,-0.5,0.03646875694907716,0.17617416999120947,-0.050468037598022854,-0.059049306170649137,0.20207253886009696,0.05904930617066592,0.02952465308533296,FLAT
EMMVEE,1203,1.0,0.096565717291651,0.18974191552183006,0.11831739479334352,0.029511583296450563,0.16230366492145618,0.11804633318578546,0.014755791648208505,FLAT
EMMVEE,1203,0.599999999999909,0.22781155015197568,0.1853227635684382,0.14340824129841584,-0.05903187721369204,0.19148936170212355,0.07378984651711924,0.02951593860683763,FLAT
EMMVEE,1204,1.0,0.10620149081687544,0.17609506465927105,0.12538899619451835,-0.14757969303423848,0.17837837837837153,0.05903187721369204,-0.02951593860685441,FLAT
EMMVEE,1204,1.0,0.19588426427355718,0.1764694261067683,0.14956558221998165,-0.14757969303423848,0.19780219780219485,0.08854781582054644,0.0,FLAT
EMMVEE,1205,0.333333333333207,0.2425422540696316,0.17450575424946546,0.19863320140420349,0.0,0.13966480446927126,0.08849557522124228,0.0,FLAT
EMMVEE,1205,0.599999999999909,0.13199324722233127,0.16807568567685566,0.1594515587285385,-0.14753614635585718,0.13483146067415933,0.07376807317792859,-0.029507229271161374,FLAT
EMMVEE,1206,-0.7142857142856215,0.14225775807473084,0.1508574422488739,0.08656492420185474,-0.13280212483399398,0.15909090909090323,0.10329054153754341,0.014755791648208505,FLAT
EMMVEE,1206,-1.0,0.20505981247979307,0.14017670380538408,-0.024688649696990785,-0.1771479185119642,0.17318435754189654,0.0885739592559821,0.10333628579864858,FLAT
EMMVEE,1207,-0.1999999999998181,0.05465653896961691,0.1605595478676585,0.14445109459541455,0.059023166592901126,0.14444444444443574,0.07377895824110964,-0.014755791648225281,FLAT
EMMVEE,1207,2.8421709430405623e-13,0.026275436197107215,0.18052792352323083,0.15273225574433602,-0.02953337271115354,0.1868131868131816,0.05906674542232387,0.1772002362669716,FLAT
EMMVEE,1208,-0.1999999999998181,0.05583756345177665,0.184269020944467,0.11245021692497609,-0.07383343177790903,0.2631578947368365,0.07383343177790903,0.2215002953337271,drift
EMMVEE,1208,0.1999999999998181,0.4121565362198168,0.1598609632620046,0.08841772396125132,-0.044293518381820204,0.2705882352941136,0.07382253063635022,0.17717407352724723,FLAT
EMMVEE,1209,1.0,0.07898025493626594,0.17327312697968886,0.07542705054733996,0.0,0.255813953488365,0.08854781582054644,0.0,FLAT
EMMVEE,1209,0.0,0.054505237677893247,0.18698350852467432,-0.003254119847167856,-0.014760147601479371,0.22891566265059465,0.059040590405917484,-0.014760147601479371,FLAT
EMMVEE,1210,-1.0,0.2121592239504934,0.17926335972545568,-0.1154880759489091,-0.16250553996159295,0.255813953488365,0.07386615452799528,0.16250553996159295,FLAT
EMMVEE,1210,1.0,0.1648276451971602,0.18028954376961412,-0.08589199295039843,-0.059049306170649137,0.255813953488365,0.04428697962798266,0.02952465308533296,FLAT
EMMVEE,1211,1.0,0.08123249299719888,0.18090217929898048,-0.017205526642841053,-0.029520295202958742,0.20245398773005346,0.059040590405900706,-0.08856088560885944,FLAT
EMMVEE,1211,1.0,0.0732681086298425,0.1884897033774533,0.17015500523334415,0.02951593860685441,0.014925373134322786,0.014757969303427204,-0.05903187721369204,FLAT
EMMVEE,1212,-0.6000000000003638,0.4572081977306711,0.17345816239741685,-0.009627756788117699,-0.0590580245090936,0.03649635036496217,0.07382253063635022,-0.04429351838180342,FLAT
EMMVEE,1212,0.20000000000027285,0.11047434314935638,0.17772760755097566,0.005423936520125929,0.05903187721369204,0.08396946564885363,0.07378984651711924,-0.17709563164109288,FLAT
EMMVEE,1213,0.4285714285713358,0.2418029164825453,0.16750256681838518,0.08391625498276285,0.08852168781350091,0.06766917293233558,0.10327530244910675,-0.08852168781350091,FLAT
EMMVEE,1213,-1.0,0.15116690240452615,0.16927914138645775,-0.08298428962885161,0.07376807317792859,0.11811023622046779,0.014753614635589074,-0.14753614635585718,FLAT
EMMVEE,1214,-0.6666666666666035,0.1367937041294544,0.18387862762884025,-0.21615534992878463,-0.02952465308533296,0.07438016528925138,0.0885739592559821,-0.059049306170649137,FLAT
EMMVEE,1214,-0.3333333333332491,0.4266358669095109,0.1808826445234577,-0.32416764879171545,0.014757969303427204,0.06557377049179686,0.13282172373082804,-0.08854781582054644,FLAT
EMMVEE,1215,0.6666666666666035,0.08659168005713265,0.1909142643237188,-0.11306855174072007,0.1622418879056081,0.0483870967741937,0.08849557522124228,-0.13274336283185503,FLAT
EMMVEE,1215,-1.0,0.17439935573352422,0.19718449980516822,-0.3760243764062809,0.02951593860685441,0.032786885245898734,0.07378984651711924,-0.17709563164109288,FLAT
EMMVEE,1216,-2.8421709430405623e-13,0.0651179477980088,0.20665985313148014,-0.44341530367375687,0.044260843906750454,0.07692307692308291,0.05901445854233952,-0.07376807317792859,FLAT
EMMVEE,1216,1.0,1.0083665160395507,0.16791573425286074,0.23120646852273438,0.0737354372511429,0.008849557522125675,0.0737354372511429,-0.1179766996018387,FLAT
EMMVEE,1217,-1.0,0.014799533590456543,0.17613162966949536,0.4233226245841266,0.044273907910281615,0.017241379310338575,0.05903187721369204,-0.11806375442740084,FLAT
EMMVEE,1217,0.3333333333332491,0.13591274294178374,0.18099716436170743,0.44101017949293386,0.11792452830188009,0.04838709677419458,0.13266509433963605,-0.20636792452829855,drift
EMMVEE,1218,0.2727272727273291,0.40772686433063793,0.17595573101456533,0.4661395729041951,0.1326064535140844,0.09677419354838827,0.16207455429497902,-0.3094150581995024,drift
EMMVEE,1218,0.14285714285718926,0.5449468564222663,0.1750672324003393,0.6335232843253926,0.10316875460575467,0.041322314049585536,0.1031687546057379,-0.2947678703021371,drift
EMMVEE,1219,-0.7999999999999545,1.0813117699910153,0.15840384558878826,0.0679616205608328,0.02951593860685441,0.08064516129032051,0.14757969303423848,-0.1918536009445201,FLAT
EMMVEE,1219,-1.0,0.14258692127544587,0.15840897190259462,0.06907598971745758,-0.02952465308533296,0.0952380952380961,0.0885739592559821,-0.13286093888396477,FLAT
EMMVEE,1220,1.0,0.13319487086870146,0.16104767188735972,0.11539719017839885,0.0,0.0,0.07374631268436578,-0.14749262536873156,FLAT
EMMVEE,1220,-1.0,0.026932983867323422,0.16290780898335153,0.2156601852976546,0.0,0.09836065573769621,0.05903187721369204,0.1623376623376657,FLAT
EMMVEE,1221,-0.6923076923077864,0.5829036635006785,0.16272784882157143,-0.04388446403737409,-0.13295907815038815,0.13385826771653375,0.19205200177278098,0.14773230905599055,FLAT
EMMVEE,1221,0.42857142857156777,0.11936339522546419,0.1659681704088425,-0.6486397067169917,-0.1329001772002329,0.10769230769230123,0.10336680448906257,0.10336680448906257,FLAT
EMMVEE,1222,0.1999999999998181,0.18323929331236705,0.17197291625618247,-0.6680457871404677,-0.0886262924667685,0.025210084033608467,0.07385524372230429,0.177252584933537,FLAT
EMMVEE,1222,-1.0,0.6412449179868218,0.16453825388611987,-1.0154938980085766,-0.29568302779420463,0.08064516129031903,0.11827321111769194,0.23654642223536704,drift
EMMVEE,1223,1.0,0.1404420098224405,0.18042803389803672,-0.9988561593734967,-0.2215002953337271,0.03875968992247898,0.11813349084466451,0.05906674542232387,FLAT
EMMVEE,1223,-0.6000000000003638,0.04385218788394292,0.19252103122546727,-1.084913167381541,-0.25118203309693343,0.06060606060606295,0.07387706855791963,0.17730496453901384,FLAT
EMMVEE,1224,1.0,0.10610932475884244,0.18933998989746845,-0.47898617383266784,-0.0886262924667685,0.044776119402984565,0.05908419497784007,0.14771048744460857,FLAT
EMMVEE,1224,0.0,0.16101048617731173,0.19394313424603749,-0.40366840127797965,-0.05908419497784007,0.044776119402984565,0.0,0.0,FLAT
EMMVEE,1225,1.0,0.031135883144339804,0.18893365931007006,-0.47641070495052906,-0.13291980505094925,0.06870229007633044,0.01476886722788698,0.01476886722788698,FLAT
EMMVEE,1225,-1.0,0.17879998075350045,0.19624145174122914,-0.5620940469699777,-0.1774098166765295,0.10294117647058122,0.1626256652868159,0.14784151389710232,FLAT
EMMVEE,1226,1.0,0.1175676977931965,0.21095188768203643,-0.2286253689091646,0.059058024509076816,0.027777777777782602,0.10335154289088024,0.0590580245090936,FLAT
EMMVEE,1226,1.0,0.059286438468594604,0.24499642611991035,-0.2319647465400422,0.014764506127256617,0.007092198581561542,0.059058024509076816,0.10335154289089703,FLAT
EMMVEE,1227,-0.20000000000004547,0.15712074303405574,0.2384520373723248,-0.27478480538030026,-0.02955082742317457,0.0629370629370665,0.14775413711583926,0.13297872340426875,FLAT
EMMVEE,1227,1.0,0.05779042386185243,0.2260688448710624,0.17308649848072763,0.0886262924667685,0.014285714285716837,0.10339734121123272,0.10339734121123272,FLAT
EMMVEE,1228,0.11111111111113918,0.37320859872611467,0.232271107172129,0.10863022740796517,-0.08867868755542753,0.04166666666666634,0.1330180313331329,0.16257759385161435,FLAT
EMMVEE,1228,0.16666666666669824,3.4028649921507066,0.14877089771521865,0.4381311529029936,-0.04434589800442787,0.05555555555554942,0.1773835920177451,0.22172949002217296,drift
EMMVEE,1229,-0.6666666666669193,0.32703025477707004,0.15247473628721275,0.24970880952415964,-0.10350436196954688,0.09090909090909091,0.08871802454530668,0.3105130859086238,drift
EMMVEE,1229,1.0,0.912954760364306,0.13805965765916917,0.6672281712105218,-0.07390983000739099,0.06944444444444071,0.1034737620103541,0.23651145602365453,drift
EMMVEE,1230,0.38461538461539807,0.4190144350423096,0.13174651314032046,0.7383239041823434,-0.014771048744464216,0.006993006993008216,0.19202363367798442,0.19202363367798442,FLAT
EMMVEE,1230,0.8888888888889871,0.6763665354526882,0.1435894812459281,1.0717456366822056,0.33888315898041377,0.08387096774193557,0.2652129070281353,-0.10313835273317304,FLAT
EMMVEE,1231,0.11111111111113918,0.28112529928172386,0.1513554274823194,1.0368045111208803,0.08850862959138851,0.02469135802468867,0.1327629443870744,0.029502876530468427,FLAT
EMMVEE,1231,1.0,0.07438775510204082,0.1471823706432776,1.0435208745687448,0.08850862959138851,0.018633540372667037,0.0737571913261543,0.10326006785662273,FLAT
EMMVEE,1232,1.0,0.12552213868003342,0.1502784858088336,1.1412761904156388,0.20642878207019918,0.05590062111801523,0.08846947803008297,0.02948982601001648,FLAT
EMMVEE,1232,0.25000000000007105,0.06429100137464312,0.1547219188317842,1.1215330187588608,0.14749262536873156,0.024999999999997337,0.11799410029497855,0.0,FLAT
EMMVEE,1233,-1.0,0.10162775754979653,0.1481865020281106,1.0584451181836083,0.14757969303423848,0.012345679012340828,0.04427390791026484,0.014757969303427204,FLAT
EMMVEE,1233,1.0,0.029312288613303268,0.14853818998242027,0.8058067187412431,0.22123893805309736,0.012048192771086482,0.05899705014748927,0.01474926253687651,FLAT
EMMVEE,1234,0.333333333333207,0.10237915814404133,0.14504656993945997,0.9376234141761357,0.25073746312685036,0.037037037037036515,0.08849557522124228,0.01474926253687651,FLAT
EMMVEE,1234,-1.0,0.19929786659465298,0.16381644488507272,0.3887581893132128,0.07385524372230429,0.03529411764705851,0.14771048744460857,0.1624815361890728,FLAT
EMMVEE,1235,-0.1999999999998181,0.30197268588770865,0.16061863829519107,0.28122032177210105,0.029533372711170326,0.04761904761904246,0.07383343177790903,0.1772002362669716,FLAT
EMMVEE,1235,-1.0,0.4225459289053158,0.1476212451976738,-0.20602399166987062,-0.1919102450546307,0.012048192771086482,0.01476232654266648,0.13286093888396477,FLAT
EMMVEE,1236,1.0,0.21554731792411688,0.13556051029204214,-0.12247164736696894,-0.029511583296433788,0.00598802395209002,0.08853474988933491,0.04426737494465907,FLAT
EMMVEE,1236,1.0,0.14328651838898301,0.13973132829926424,-0.10760823525855029,0.01474926253687651,0.005988023952096869,0.044247787610612765,-0.01474926253687651,FLAT
EMMVEE,1237,-1.0,0.18220663964062672,0.1361188686359406,-0.2561355577609804,-0.07377895824110964,0.0060606060606071465,0.04426737494465907,0.04426737494465907,FLAT
EMMVEE,1237,-1.0,0.05043030203365675,0.13278499568813032,-0.2884848926649021,-0.04426737494465907,0.04458598726113976,0.029511583296433788,0.07377895824110964,FLAT
EMMVEE,1238,-0.333333333333207,0.15379552435278632,0.1293353360650118,-0.2658366306438591,0.014755791648225281,0.06493506493506168,0.08853474988933491,0.059023166592884355,FLAT
EMMVEE,1238,0.0,0.17931490252230423,0.22465078178981443,-0.28360388651512264,0.0,0.032258064516127616,0.08849557522122553,0.0,FLAT
EMMVEE,1239,0.0909090909091097,0.2997124529971245,0.23358727224384074,-0.3288762130132977,0.058962264150940046,0.053333333333327876,0.16214622641509768,-0.07370283018867925,FLAT
EMMVEE,1239,-0.14285714285700366,0.3122573488630061,0.273374826331411,-0.24454230759987458,0.16221796195251773,0.04635761589404093,0.10322961215160677,-0.0737354372511429,FLAT
EMMVEE,1240,1.0,0.1912550066755674,0.2795276213563575,-0.10151391505347712,0.1621701312103655,0.020408163265302336,0.07371369600471768,-0.0442282176028239,FLAT
EMMVEE,1240,-1.0,0.05301553711644484,0.2702689709204277,0.11111712717234254,0.08849557522124228,0.02739726027397015,0.044247787610612765,-0.01474926253687651,FLAT
EMMVEE,1241,-1.0,0.07135689597502509,0.2554843028090908,-0.055078305636058755,0.058988349800910965,0.08571428571428617,0.029494174900447097,-0.044241262350695795,FLAT
EMMVEE,1241,0.42857142857156777,0.10676759688170828,0.27801964423904757,-0.11534176681296807,0.08841732979664349,0.09859154929577037,0.10315355142940345,-0.05894488653109008,FLAT
EMMVEE,1242,-0.5555555555556959,0.35738005267376616,0.25684648728168746,-0.1174397122435313,0.10318396226414091,0.09859154929577037,0.1326650943396193,-0.08844339622641845,FLAT
EMMVEE,1242,-1.0,0.3989675939202753,0.24422620620619134,-0.33157241085136335,0.044247787610612765,0.11428571428571313,0.14749262536873156,-0.07374631268436578,FLAT
EMMVEE,1243,0.3333333333334175,1.1516088400320623,0.19049167130187095,-0.06704728672416464,0.0,0.03703703703703641,0.13280212483399398,-0.08853474988933491,FLAT
EMMVEE,1243,1.0,0.2531689131058216,0.18249440805772837,0.07736584311801496,0.014747087450231932,0.09629629629630054,0.10322961215160677,-0.1474708745022858,FLAT
EMMVEE,1244,0.7142857142856679,0.09365663065961848,0.18303463790178937,0.09988950287738295,-0.04424126235067903,0.08270676691729452,0.10322961215160677,-0.16221796195251773,FLAT
EMMVEE,1244,-0.1999999999998181,0.06284168728779421,0.1552734462298215,0.11873624442197554,0.0,0.08270676691729452,0.0737354372511429,-0.10322961215160677,FLAT
EMMVEE,1245,0.6666666666666035,0.1461671469740634,0.16414506003613283,0.06147960436299219,0.0147405660377392,0.09629629629629292,0.08844339622641845,-0.17688679245282013,FLAT
EMMVEE,1245,0.7142857142856215,0.14887839433293978,0.17113846206608888,0.15248360775590694,0.0442282176028239,0.14728682170542484,0.1031991744065947,-0.1621701312103655,FLAT
EMMVEE,1246,0.0,0.15983061101028434,0.17395127630635,0.19829737824095386,-0.01474926253687651,0.05691056910569497,0.08849557522122553,-0.02949852507375302,FLAT
EMMVEE,1246,1.0,0.021749696233292832,0.17141838775593804,0.18455475393492843,-0.10326006785662273,0.04838709677419547,0.044254314795685874,0.0,FLAT
EMMVEE,1247,0.0,0.039780353874313605,0.16965259496822102,0.3027635677761274,-0.05899705014748927,0.1000000000000038,0.08849557522122553,-0.02949852507375302,FLAT
EMMVEE,1247,0.6666666666669193,0.11007268951194185,0.17547254646152652,0.5783321629534449,0.029489826010033242,0.1000000000000038,0.0884694780300662,-0.058979652020066484,FLAT
EMMVEE,1248,1.0,0.07815557729941291,0.1830661022062222,0.39349239239100686,0.058988349800910965,0.1282051282051277,0.058988349800910965,-0.058988349800910965,FLAT
EMMVEE,1248,-1.0,0.14931068439192516,0.17708818866740134,0.17683437766483498,-0.01474926253687651,0.1282051282051277,0.07374631268436578,-0.07374631268436578,FLAT
EMMVEE,1249,-0.3333333333334175,0.06826065411298315,0.1753544784891967,0.12557791729062381,-0.029502876530468427,0.1379310344827603,0.1327629443870744,-0.014751438265234213,FLAT
EMMVEE,1249,-0.333333333333207,0.07681294740118269,0.1873047758657491,0.14244741005601733,-0.07378984651711924,0.09401709401709651,0.08854781582054644,0.014757969303427204,FLAT
EMMVEE,1250,0.599999999999909,0.048542474665332166,0.2048955986430096,0.08942592874592613,-0.05899705014748927,0.08620689655172481,0.07374631268436578,-0.02949852507375302,FLAT
EMMVEE,1250,0.1999999999998181,0.06527217741935484,0.19510020292822813,0.016711726856331235,-0.05900575306092008,0.08000000000000773,0.0737571913261543,-0.029502876530451663,FLAT
EMMVEE,1251,0.6666666666666035,0.06358674958751111,0.19598131922735287,0.05322681769317826,-0.02950722927117815,0.01075268817204564,0.08852168781351767,0.044260843906767225,FLAT
EMMVEE,1251,0.6000000000003638,0.09384126984126984,0.1925015042538761,0.08278672628264908,0.044234739015049866,0.03092783505155364,0.07372456502506636,-0.014744913005016621,FLAT
EMMVEE,1252,-1.0,0.1073561173929615,0.2183551062401504,-0.010448363392725025,-0.02950722927117815,0.04081632653062171,0.0590144585423563,0.02950722927117815,FLAT
EMMVEE,1252,-0.1999999999998181,0.09431185616482181,0.2359658313083767,-0.09372817778164451,-0.10332103321033881,0.0505050505050512,0.07380073800738007,0.07380073800738007,FLAT
EMMVEE,1253,-0.23076923076920386,0.22299561742717194,0.3580886157826325,-0.2125615077316912,-0.1476886722788362,0.0505050505050512,0.19199527396248037,0.02953773445575717,FLAT
EMMVEE,1253,-1.0,0.04021205068528575,0.36386899469440465,-0.11046746686595765,-0.13291980505094925,0.0947368421052619,0.08861320336730509,0.05907546891153112,FLAT
EMMVEE,1254,-1.0,0.1390402075226978,0.3673291336082895,-0.2063905720239085,-0.13293943870014435,0.10416666666666766,0.07385524372230429,0.11816838995568014,FLAT
EMMVEE,1254,1.0,0.34594594594594597,0.3569442008334626,0.10762925397200046,-0.02952465308533296,0.04444444444444248,0.13286093888396477,0.04428697962799945,FLAT
EMMVEE,1255,1.0,0.034401569653368214,0.36957812663362705,0.1117846329879564,-0.11813349084464773,0.0,0.04430005906675549,0.05906674542232387,FLAT
EMMVEE,1255,-0.4285714285713358,0.11636651494161884,0.3691292107744944,0.06555013480625552,-0.10336680448906257,0.022727272727265387,0.10336680448907935,0.02953337271115354,FLAT
EMMVEE,1256,1.0,0.11724780409901517,0.407072395599227,0.1359812003002873,0.0,0.01098901098900138,0.08852168781350091,0.0,FLAT
EMMVEE,1256,0.1999999999998181,0.3079381992541289,0.35905307141975834,0.14210829031537472,-0.044254314795702646,0.011235955056182646,0.0737571913261543,0.029502876530468427,FLAT
EMMVEE,1257,-2.8421709430405623e-13,0.08491069048253799,0.3529843504811176,0.2643877062114159,0.0,0.011494252873553004,0.05901445854233952,0.1327825317202849,FLAT
EMMVEE,1257,1.0,0.06676498190105912,0.34449932730955324,0.35122846893107545,0.044260843906750454,0.011494252873553004,0.044260843906750454,0.14753614635585718,FLAT
EMMVEE,1258,-0.4999999999998579,0.06728694714131607,0.3472061591192509,0.37420669597614514,0.08853474988933491,0.0,0.059023166592884355,0.26560424966798796,drift
EMMVEE,1258,-0.16666666666669824,0.36271666554259124,0.32833179483283925,0.3502016416211181,0.059040590405900706,0.05747126436781729,0.17712177121771888,0.26568265682656156,drift
EMMVEE,1259,0.7999999999999545,0.20658480636891108,0.3270183356325526,0.6371662038534687,0.11802891708467904,0.06976744186046942,0.14753614635585718,0.10327530244910675,FLAT
EMMVEE,1259,-1.0,0.06264406779661016,0.3148852742163689,0.23205706380295033,0.04426737494467584,0.04761904761904633,0.014755791648208505,0.20658108307510362,drift
EMMVEE,1300,1.0,0.15438070581823138,0.28248558602674584,0.3514165675399556,0.08852168781350091,0.060240963855423664,0.10327530244908997,0.1327825317202849,FLAT
EMMVEE,1300,0.5000000000004263,0.02733360666940003,0.28685306343884853,0.41973899707427137,0.07377895824110964,0.03703703703703288,0.059023166592884355,0.16231370813042778,FLAT
EMMVEE,1301,0.7999999999999545,0.3139136394790953,0.2836862203736685,0.5259291117711592,0.044241262350695795,0.0,0.1474708745022858,0.13272378705205387,FLAT
EMMVEE,1301,0.0,0.08558216578093726,0.2586935082208368,0.4726299682977304,0.029494174900463865,0.06329113924050925,0.0,0.3834242737059464,drift
EMMVEE,1302,0.6666666666666035,0.3946344175701974,0.21915523516386357,0.7154843121336244,0.02949852507375302,0.051282051282050906,0.17699115044248456,0.4424778761061947,drift
EMMVEE,1302,1.0,0.14854111405835543,0.19821550664651252,0.8557684114785412,0.02949852507375302,0.0,0.11799410029497855,0.501474926253684,UP-LEG
EMMVEE,1303,-0.7500000000002132,0.22868760515984296,0.21711146393918374,0.7770119005778879,-0.0590580245090936,0.051282051282064735,0.11811604901815363,0.6939317879816987,UP-LEG
EMMVEE,1303,-0.1999999999998181,0.07965860597439545,0.22686680183751018,0.8997078643773296,0.0,0.07894736842105775,0.07380073800738007,0.7675276752767595,UP-LEG
EMMVEE,1304,1.0,0.15473441108545036,0.23879681323048166,0.8571480378253776,0.0,0.03797468354431363,0.014753614635572301,0.6639126586013574,UP-LEG
EMMVEE,1304,-1.0,0.13300456885923562,0.23759283207223106,0.7587160356637567,0.0,0.04999999999999929,0.04426737494465907,0.7525453740593049,UP-LEG
EMMVEE,1305,2.8421709430405623e-13,0.1279696837195744,0.22513792104016134,0.6010660768281798,-0.02951593860683763,0.10256410256410033,0.05903187721369204,0.6936245572609109,UP-LEG
EMMVEE,1305,-1.0,0.16351558507920286,0.23527779875785404,0.3997743221928717,-0.04428697962799945,0.11392405063291212,0.07381163271331562,0.8857395925597875,UP-LEG
EMMVEE,1306,1.0,0.03743784732377888,0.2288996675751604,0.1450916594644875,-0.044260843906767225,0.025000000000006396,0.07376807317792859,0.9147241074063213,UP-LEG
EMMVEE,1306,1.0,0.7961834862385321,0.21303957925299913,0.8337605893741892,0.0,0.02439024390244511,0.0737354372511429,0.840583984663019,UP-LEG
EMMVEE,1307,0.8000000000001819,0.2565198172977752,0.23131959608409497,0.7343416470779033,0.10313835273317304,0.08045977011494944,0.14734050390452336,0.7219684691321611,UP-LEG
EMMVEE,1307,0.6666666666666035,0.27932121940231264,0.22549251027890976,0.7415726419488845,0.11785503830288077,0.06976744186045712,0.08839127872716894,0.8691809074838084,UP-LEG
EMMVEE,1308,0.7499999999999645,0.7908436686571735,0.2204244507502227,1.245950726172662,0.32376747608536355,0.15217391304348069,0.11773362766741254,0.6622516556291391,UP-LEG
EMMVEE,1308,-0.2727272727273291,8.138309055413727,0.0867844119507289,-0.28910353780440895,0.2649786544972699,0.13978494623655835,0.16193139997056127,0.971588399823351,UP-LEG
EMMVEE,1309,-1.0,0.5343745215127852,0.09330172632833346,-0.618230766700005,0.10316875460575467,0.06000000000000432,0.13264554163595835,1.0906411201179038,UP-LEG
EMMVEE,1309,0.7142857142856679,0.2463076923076923,0.10045294860294082,-0.45326102383684613,0.20615520541893348,0.1456310679611689,0.10307760270947511,1.0602267707259507,UP-LEG
EMMVEE,1310,-0.1999999999998181,0.6579069407945587,0.10185803223999132,-0.5110198952707247,0.16207455429497902,0.0679611650485499,0.07367025195226168,1.2965964343597987,UP-LEG
EMMVEE,1310,1.0,0.02245798807403392,0.10191688820418865,-0.41716260662229704,0.2062463170300497,0.0873786407767001,0.014731879787847534,1.2816735415439078,UP-LEG
EMMVEE,1311,0.20000000000004547,0.6945996275605214,0.09636406309156517,-0.3661388183065683,0.17673048600884322,0.11538461538462379,0.14727540500736377,1.7673048600883652,UP-LEG
EMMVEE,1311,1.0,1.0601719197707737,0.11542872329813413,-0.23474938010209678,0.3819597473189397,0.21367521367522116,0.24974291170854201,1.601292786837076,UP-LEG
EMMVEE,1312,0.7499999999999645,0.41899441340782123,0.11853837379545631,-0.18969781830796814,0.33773861967693897,0.2758620689655341,0.11747430249633894,1.6152716593245229,UP-LEG
EMMVEE,1312,0.1999999999998181,0.535189361536667,0.1215378627972688,-0.22319972572269406,0.3815673613149432,0.3333333333333463,0.0733783387144115,1.3208100968594072,UP-LEG
EMMVEE,1313,1.0,0.7452844894777865,0.11642359300546444,-0.154645496397258,0.36656891495601174,0.4117647058823676,0.08797653958944615,1.2170087976539523,UP-LEG
EMMVEE,1313,0.3333333333333965,1.7626565051714753,0.11189359352464091,0.9033335641512412,0.49802255749232327,0.44444444444446146,0.1757726673502337,1.171817782334847,UP-LEG
EMMVEE,1314,-0.6000000000003638,0.6525331254871395,0.11016986526010651,0.9395727656206737,0.5569397625677789,0.41085271317830263,0.07328154770628756,1.2457863110068885,UP-LEG
EMMVEE,1314,1.0,0.19976553341148887,0.11474277947391864,0.9654801306181737,0.5418863503221927,0.4153846153846245,0.043936731107198965,1.200937316930294,UP-LEG
EMMVEE,1315,-0.42857142857156777,3.3250194855806705,0.10212660037641913,0.4412579512831571,0.5276271434852572,0.3834586466165424,0.10259416678879257,1.289755239630671,UP-LEG
EMMVEE,1315,0.6923076923076384,1.1822070145423438,0.10659245324368398,0.6580054185321703,0.6731050629206939,0.4305555555555583,0.19022534386890083,1.1267193444542063,UP-LEG
EMMVEE,1316,1.0,1.5769708255741774,0.1016641390239058,0.9881623863847389,0.7309941520467835,0.4305555555555628,0.08771929824561736,1.008771929824558,UP-LEG
EMMVEE,1316,-1.0,0.36068123493273196,0.10274807923684705,0.5856710761157818,0.45334893243637164,0.4068965517241396,0.029248318221708904,1.243053524422346,UP-LEG
EMMVEE,1317,-0.14285714285700366,0.8910366328916601,0.09637435006681282,0.46286305522116633,0.3803393797542456,0.397260273972613,0.10239906377999494,1.2287887653598561,UP-LEG
EMMVEE,1317,1.0,0.3299726455646737,0.10550719156515297,0.5132870416653375,0.4819629034613799,0.4394904458598835,0.16065430115379328,0.8616912516430519,UP-LEG
EMMVEE,1318,0.6111111111110883,6.781605611847233,0.08477838865807522,1.1057544321433992,0.29239766081871343,0.38650306748466084,0.5263157894736875,0.8771929824561403,UP-LEG
EMMVEE,1318,1.0,2.454778754179952,0.12127446197895314,1.3280718494559136,0.46654031199882373,0.46666666666666834,0.33532584924915504,0.583175389998542,UP-LEG
EMMVEE,1319,1.0,0.8144972720187061,0.1125241853751862,1.5064168155171185,0.5248578509986912,0.45762711864407085,0.043738154249884025,0.583175389998542,UP-LEG
EMMVEE,1319,0.4999999999999763,2.9005365891593438,0.09990483535708511,1.6298511653425722,0.5099810578464229,0.47777777777777275,0.3497012968089724,0.5099810578464229,UP-LEG
EMMVEE,1320,0.9047619047618841,4.067039106145251,0.09466188734617378,2.169963686628796,0.7563636363636429,0.50785340314136,0.30545454545454875,0.36363636363636365,drift
EMMVEE,1320,0.4285714285713358,1.1126771470611012,0.09068963778112442,2.084657369455686,0.5963636363636396,0.5157894736842019,0.10181818181818844,0.36363636363636365,drift
EMMVEE,1321,1.0,7.098933374555573,0.09479781908363574,2.314717846580517,1.0130246020260492,0.5837104072398114,0.5788712011577424,-0.0434153400868241,FLAT
EMMVEE,1321,0.5714285714286295,4.660923076923077,0.08051324090069992,2.475230362792464,1.1278195488721903,0.594713656387658,0.20242914979756754,-0.101214574898792,FLAT
EMMVEE,1322,0.6666666666666035,3.2281427040269484,0.07585337182239438,2.591957156955956,1.213872832369939,0.608695652173907,0.08670520231214202,-0.1300578034682048,FLAT
EMMVEE,1322,-0.882352941176447,2.762426790809431,0.07782045854309082,2.1697545105843137,0.8256083429895614,0.5040650406504005,0.2462340672074226,0.05793742757821223,FLAT
EMMVEE,1323,0.833333333333286,1.8236334168262855,0.07355208719747343,1.8624393421863001,0.9126466753585333,0.5416666666666615,0.1738374619730453,0.0,FLAT
EMMVEE,1323,-1.0,1.372623853211009,0.0725787921339587,1.4496166521454683,0.6949471550600937,0.5454545454545412,0.11582452584334073,-0.014478065730421708,FLAT
EMMVEE,1324,0.4285714285713358,0.6236923530278473,0.0711377052031295,1.398142961613657,0.7093225246091456,0.5416666666666615,0.10133178922988499,-0.05790387955992723,FLAT
EMMVEE,1324,0.0,1.567119266055046,0.06764413534493861,1.2717890124122935,0.6801736613603538,0.5518672199170023,0.11577424023154191,0.0,FLAT
EMMVEE,1325,-0.6666666666666035,1.3966071950862826,0.06832548681477556,0.8311271077610528,0.520908696281294,0.560165975103726,0.08681811604688507,-0.3762118362031577,drift
EMMVEE,1325,0.25000000000007105,0.8939449541284403,0.0633839307174478,0.8086467927280339,0.520908696281294,0.57322175732217,0.11575748806250247,0.1302271740703194,FLAT
EMMVEE,1326,-0.14285714285718926,1.416203568294823,0.06155246973429888,0.1595727390840871,-0.014473874656248768,0.5527426160337472,0.10131712259370848,0.28947749312490956,drift
EMMVEE,1326,0.7894736842104759,10.170576627932471,0.05506616043354116,0.5759435264986096,0.10111223458037438,0.5725806451612807,0.2744474938610396,0.23111367904088154,drift
EMMVEE,1327,-1.0,2.324324324324324,0.053965134327751685,0.21673959317388847,0.0,0.5428571428571359,0.08670520231214202,0.2890173410404624,drift
EMMVEE,1327,-0.4285714285714131,4.438056325696775,0.05126664705821146,0.24447841416418029,0.028960324355639368,0.45736434108526874,0.3040834057341475,0.5502461627570163,UP-LEG
EMMVEE,1328,0.11111111111113918,1.6541320507214692,0.055221151586927496,0.14732032602317524,-0.043478260869558624,0.40856031128404235,0.13043478260869237,0.5217391304347859,UP-LEG
EMMVEE,1328,-0.8181818181818745,2.9846979476394226,0.04767087822527718,0.06517728510148205,-0.11595883461372203,0.41406249999999684,0.31888679518769847,0.5363096100884251,UP-LEG
EMMVEE,1329,0.599999999999909,0.2645386969829471,0.048099398009928684,0.05767570151989892,-0.13045368894042286,0.4596774193548323,0.07247427163357008,0.5652993187418434,UP-LEG
EMMVEE,1329,0.7777777777777216,0.45045965270684374,0.04895335541208135,0.08364295082569718,-0.17396346767179552,0.4403292181069877,0.1304726007538384,0.52189040301537,UP-LEG
EMMVEE,1330,1.0,0.20613586559532507,0.048240341621512375,0.16814341519994208,-0.15942028985507575,0.4688796680497836,0.08695652173913374,0.4057971014492688,drift
EMMVEE,1330,1.0,0.2158883285829131,0.04906639420066922,0.16704308274595733,-0.15942028985507575,0.46666666666665974,0.07246376811594203,0.34782608695651845,drift
EMMVEE,1331,1.0,1.1037253469685901,0.0417114149481113,0.2592698924710458,-0.028956131460826953,0.4775510204081563,0.17373678876502757,0.36195164326046037,drift
EMMVEE,1331,-0.20000000000004547,0.5133377183366221,0.04372209835782283,-0.3387533763235546,-0.2026342451874334,0.44347826086955566,0.14473874656245478,0.21710811984368217,drift
EMMVEE,1332,1.0,0.39792336940625916,0.04578075385723544,-0.1367887078799623,-0.1302271740703194,0.44104803493449046,0.057878744031251234,0.1591665460859532,FLAT
EMMVEE,1332,-1.4210854715200792e-13,0.11596330275229358,0.041140684273184444,0.0040712376000014245,0.028951939779955384,0.41228070175437553,0.11580775911987091,0.28951939779965263,drift
EMMVEE,1333,0.09090909090901575,0.3578900839840872,0.045590114703879435,-0.007279817441359946,0.04345936549325721,0.36563876651981375,0.15935100680862077,0.37664783427495624,drift
EMMVEE,1333,1.0,1.2374311926605503,0.04512589184893145,0.2662840156367342,0.10136113524472133,0.35426008968608935,0.1592817839559836,0.2896032435563278,drift
EMMVEE,1334,0.24999999999989342,0.2771474878444084,0.04627260962504527,0.2610288087236695,0.07242178447276941,0.3665158371040655,0.11587485515644094,0.31865585168019195,drift
EMMVEE,1334,0.7142857142856679,0.7088151374080193,0.050284492452871074,0.27005234974456566,0.1736613603473293,0.3693693693693631,0.10130246020261151,0.21707670043415342,drift
EMMVEE,1335,-0.26829268292683334,6.121850596729041,0.05794757138201347,0.13342288620701917,-0.2178649237472767,0.2561983471074346,0.5954974582425596,0.5954974582425596,UP-LEG
EMMVEE,1335,0.7948717948718054,8.151779816513761,0.06539470191578002,0.5365221314803641,0.2890173410404624,0.32330827067668677,0.5635838150288984,0.04335260115606279,FLAT
EMMVEE,1336,1.0,1.8338695525007311,0.0681619008458798,0.5817266176795405,0.3175061336412083,0.33085501858735444,0.17318516380429091,-0.18761726078798593,FLAT
EMMVEE,1336,0.19999999999996967,6.7597749031645105,0.07184668564315981,0.6669445438014003,0.43233895373973197,0.3646209386281546,0.43233895373973197,-0.38910505836574893,drift
EMMVEE,1337,0.11111111111113918,1.7387874360847333,0.07184123157548339,0.6528323770115871,0.41786743515849817,0.37681159420289123,0.12968299711815234,-0.36023054755043227,drift
EMMVEE,1337,0.4545454545453418,0.82657311992984,0.07317710131323961,0.6765547703066855,0.5184331797235056,0.3605947955390251,0.1584101382488512,-0.4032258064516064,drift
EMMVEE,1338,-1.0,1.7110299488677867,0.0742248686565676,0.5837537951967238,0.47577854671281256,0.3555555555555519,0.12975778546712474,-0.23068050749711974,drift
EMMVEE,1338,-1.0,1.1167371953888807,0.07772589128625965,0.4339552057502686,0.4325259515570934,0.3067729083665312,0.05767012687427584,-0.23068050749711974,drift
EMMVEE,1339,1.0,1.2332021571199534,0.07677172829930283,0.5101594683404878,0.49005477082732457,0.31225296442687295,0.18737388296338348,-0.2594407610262258,drift
EMMVEE,1339,0.1999999999998181,0.7990661024368889,0.077800014052064,0.4976673809239922,0.3461205653302534,0.2806324110671913,0.07210845111047015,-0.21632535333141045,drift
EMMVEE,1340,-0.33333333333358595,0.6360847333820306,0.0792196098561796,0.6322408262872232,0.6206697459584231,0.21457489878542088,0.08660508083141207,-0.20207852193995052,drift
EMMVEE,1340,-0.07692307692309037,1.158908507223114,0.07948068366351377,0.15010068603130175,0.05777007510109435,0.19521912350597326,0.18775274407857714,-0.12998266897746638,FLAT
EMMVEE,1341,1.0,0.5773557341124909,0.08120610349753825,0.06407279860995012,0.043277553375659,0.09821428571428635,0.1298326601269606,-0.2596653202539048,drift
EMMVEE,1341,-1.0,0.15917561938171454,0.08554294404680948,-0.06603211837778111,-0.21663778162911612,0.03539823008849299,0.08665511265164974,-0.12998266897746638,FLAT
EMMVEE,1342,-0.4999999999998579,0.992834162035683,0.08414414200595571,-0.13144612721728957,-0.2600404507367747,0.008928571428573331,0.1155735336607851,-0.057786766830408974,FLAT
EMMVEE,1342,0.7142857142856215,0.4002348279151684,0.08521481746483846,-0.14677645246629153,-0.23094688221709336,0.11214953271027824,0.10103926096996707,-0.18764434180137912,FLAT
EMMVEE,1343,1.0,0.09353365738694948,0.08350115715120626,0.027500801094799816,-0.10102467888584868,0.12149532710280364,0.014432096983695011,-0.21648145475537595,drift
EMMVEE,1343,0.3333333333334175,0.37080141426045965,0.08552506626616807,0.15573118931760743,-0.1443834825295986,0.08920187793427095,0.12994513427663545,-0.1443834825295986,FLAT
EMMVEE,1344,0.33333333333345966,0.37188743185501694,0.08411231693835863,0.04161241077719039,-0.17326017903550847,0.08490566037736107,0.08663008951774603,-0.057753393011836164,FLAT
EMMVEE,1344,0.7499999999999645,0.36251689442859286,0.08191951236543832,0.0520244529029267,-0.12996389891696422,0.07109004739336447,0.11552346570398098,-0.014440433212999673,FLAT
EMMVEE,1345,0.42857142857156777,1.64137321349639,0.0772068644886006,0.14596515909404817,-0.028876696505909873,0.07109004739336447,0.10106843777070917,-0.33208200981808667,drift
EMMVEE,1345,0.8181818181817806,0.9959316517493898,0.07193411644917169,0.2344761678039076,-0.014444604940058175,0.05607476635513646,0.15889065434060706,-0.21666907410082337,drift
EMMVEE,1346,-1.0,0.3360071301247772,0.07490814028442344,0.14193945976917235,-0.23134759976865568,0.031963470319636644,0.08675534991324793,-0.08675534991324793,FLAT
EMMVEE,1346,0.38461538461545186,1.8760263333086766,0.08883481601127138,0.28221718441433485,-0.17361111111110122,0.05263157894736384,0.18807870370371355,-0.05787037037038353,FLAT
EMMVEE,1347,1.0,0.48247177658942364,0.09846099716433102,0.4270572821029207,-0.10122921185828568,0.02392344497607645,0.15907447577729902,-0.10122921185828568,FLAT
EMMVEE,1347,1.0,0.21337555605820704,0.09832885951663647,0.44146367494696287,-0.17351069982647943,0.05102040816326495,0.05783689994215981,-0.05783689994215981,FLAT
EMMVEE,1348,1.0,0.9026182820395039,0.09829493883523244,0.5359015366883509,-0.1300578034682048,0.10309278350515416,0.10115606936416842,-0.17341040462428403,FLAT
EMMVEE,1348,-0.333333333333207,0.27892307692307694,0.10439748856412233,0.5517240033221253,-0.08670520231214202,0.1088082901554412,0.08670520231214202,-0.08670520231214202,FLAT
EMMVEE,1349,0.4999999999998579,0.20343175142989642,0.10966264363066994,0.5490376599357033,-0.08670520231214202,0.1088082901554412,0.0578034682080892,0.0,FLAT
EMMVEE,1349,0.599999999999909,0.04135367459149694,0.11136245097944034,0.5195636766952264,-0.0867177337765606,0.1088082901554412,0.07226477814713109,0.0,FLAT
EMMVEE,1350,-0.7142857142856679,0.12740533829919304,0.11456744349581328,0.4037185154599297,-0.17356089094591343,0.07142857142857019,0.10124385305178558,0.028926815157657722,FLAT
EMMVEE,1350,1.0,0.02084143401508671,0.12112490335288423,0.28734604495571214,-0.11569052783802669,0.07614213197969526,0.014461315979757446,0.014461315979757446,FLAT
EMMVEE,1351,1.0,0.11940763834762276,0.11184411043561356,0.3685076151823655,-0.028926815157657722,0.036649214659682246,0.04339022273647014,0.0,FLAT
EMMVEE,1351,0.4999999999998579,0.6497850722938648,0.09257196443414828,0.3015012844071473,0.043383947939255894,0.03157894736842206,0.057845263919013346,0.057845263919013346,FLAT
EMMVEE,1352,0.7142857142856215,0.4288401253918495,0.10042561521993112,0.27306940707853267,0.04336513443191017,0.036649214659682246,0.10118531367446254,0.0,FLAT
EMMVEE,1352,0.25000000000007105,0.09847707725084826,0.09697746226247785,0.24388784124707005,-0.014461315979757446,0.03664921465968842,0.11569052783802669,-0.043383947939255894,FLAT
EMMVEE,1353,0.599999999999909,0.09566184649610679,0.09703230370550357,0.11660519926423914,-0.08678044547295671,0.058823529411766134,0.07231703789412786,0.04339022273648658,FLAT
EMMVEE,1353,1.0,0.046712525995840665,0.0981955005208935,0.14391399211422953,-0.05783689994215981,0.05376344086021532,0.028918449971088125,0.0,FLAT
EMMVEE,1354,0.40000000000009095,0.9908197777419875,0.10599405897883672,0.18512590900501683,0.028893383415204487,0.09473684210526731,0.14446691707598958,-0.15891360878359184,FLAT
EMMVEE,1354,1.0,0.062419354838709674,0.11165761510944035,0.1939702413426083,0.07221259387637204,0.07526881720430068,0.043327556325816655,-0.21663778162911612,drift
EMMVEE,1355,-1.0,1.1976163633435335,0.1670907192403536,0.028606547494570395,-0.15935100680863723,0.0989010989010974,0.30421555845284987,0.0869187309865309,FLAT
EMMVEE,1355,0.4285714285713358,1.6323788193888977,0.16250777671875632,0.17745379331799002,-0.10133178922988499,0.07894736842105657,0.10133178922988499,0.20266357845976998,drift
EMMVEE,1356,1.0,0.23014978257368338,0.15309148540970471,0.2193155338825034,-0.057887120115770956,0.13103448275862015,0.0289435600578937,0.11577424023154191,FLAT
EMMVEE,1356,0.599999999999909,0.17693548387096775,0.18231373858609556,0.18203880287290666,-0.10133178922988499,0.2262773722627765,0.07237984944991316,0.20266357845976998,drift
EMMVEE,1357,0.599999999999909,0.28412211274430627,0.17902027538708004,0.14712572878062952,-0.14475969889982632,0.23529411764706373,0.07237984944991316,0.17371163867979814,FLAT
EMMVEE,1357,1.0,0.9430630922491293,0.1724137308641422,0.35873020181960796,-0.04340277777777119,0.2352941176470534,0.1157407407407506,0.13020833333333004,FLAT
EMMVEE,1358,-1.0,1.0421579712485867,0.17066253610917995,0.10401365097398167,-0.08685581933989907,0.21212121212121474,0.11580775911987091,0.3763752171395517,drift
EMMVEE,1358,0.7142857142856679,0.16878593990443022,0.18934438058192965,0.13128870604700132,-0.028926815157657722,0.15942028985507367,0.10124385305178558,0.26034133641887014,drift
EMMVEE,1359,1.0,0.535899935022742,0.19820522842120747,0.17734432619296675,-0.028901734104052813,0.12676056338027605,0.1445086705202312,0.187861271676294,FLAT
EMMVEE,1359,0.8181818181817806,2.081315299262979,0.16156376230314057,0.5779680411498865,-0.07226477814713109,0.10791366906474573,0.15898251192369167,0.20234137881196376,drift
EMMVEE,1400,-0.4999999999998579,0.07569850552306692,0.1581365635178587,0.8863489800515012,0.18796992481203992,0.08823529411764042,0.05783689994215981,0.20242914979756754,drift
EMMVEE,1400,1.0,0.9236269093272668,0.14418159679447207,0.8937598229438819,0.11567379988433606,0.06060606060605591,0.101214574898792,0.24580682475418328,drift
EMMVEE,1401,0.0909090909091097,0.5001625487646294,0.14168616770726705,0.8802194512397378,0.057853630315299,0.14285714285714543,0.1590974833670846,0.23141452126121242,drift
EMMVEE,1401,1.0,0.7812448946250613,0.14811055860457373,1.011604530666691,0.15898251192369167,0.040650406504064436,0.17343546755310477,0.13007660066483268,FLAT
EMMVEE,1402,0.599999999999909,0.047454844006568145,0.14910488547445755,1.0088426526206349,0.14455044810638915,0.03278688524590836,0.07227522405319457,0.14455044810638915,FLAT
EMMVEE,1402,-1.0,0.32147843942505133,0.15224112245549584,0.6899208187044209,0.0,0.13114754098359616,0.11574074074073416,0.28935185185185186,drift
EMMVEE,1403,1.0,0.02826622843056697,0.16086419286239403,0.9659924776240486,0.13011421136332094,0.09523809523808793,0.057828538383705504,0.20239988434291992,drift
EMMVEE,1403,0.5,0.08092295014421096,0.1585046248930295,0.9512644247099129,0.028918449971088125,0.08064516129032051,0.05783689994217625,0.1301330248698637,FLAT
EMMVEE,1404,0.11111111111113918,1.1252259654889072,0.1551491236901603,0.846801865280117,-0.1302271740703194,0.11627906976743899,0.1302271740703194,0.24598466213282183,drift
EMMVEE,1404,0.333333333333207,0.10894107952204367,0.15459667704673194,0.4270247614126899,-0.14473874656245478,0.1230769230769216,0.08684324793747616,0.2460558691561797,drift
EMMVEE,1405,0.599999999999909,0.17487603305785124,0.12498511579949428,0.4847669960815569,-0.10131712259372491,0.13178294573643437,0.07236937328122739,0.18816037053120108,FLAT
EMMVEE,1405,1.0,1.5441285537700866,0.1433320152948648,0.6208108775880087,0.08668015024559703,0.007194244604309839,0.20225368390639856,0.028893383415188066,FLAT
EMMVEE,1406,-1.0,0.4456198347107438,0.1448658075127033,0.49271257937508217,0.05782017924255237,0.014705882352935644,0.10118531367447899,0.07227522405319457,FLAT
EMMVEE,1406,0.5000000000004263,0.2651979459996687,0.1479257296919193,0.339685412293233,0.04334007512280673,0.07352941176470269,0.05778676683039255,-0.057786766830408974,FLAT
EMMVEE,1407,-0.3333333333333333,0.12881806108897742,0.1541864060621122,0.33158109638620537,0.028901734104052813,0.03703703703703517,0.04335260115607922,-0.04335260115606279,FLAT
EMMVEE,1407,1.0,0.2516989680342311,0.15775463828191805,0.48832184142896673,0.13003901170350776,0.03703703703703517,0.05779511631266829,-0.04334633723451354,FLAT
EMMVEE,1408,1.0,1.6752988047808766,0.1682563855300775,0.8962880062524388,0.24516873377558868,0.09722222222221619,0.20190366310931315,-0.17306028266511853,FLAT
EMMVEE,1408,0.33333333333358595,1.0796753354315056,0.148027503299569,0.9634785761987497,0.23081361800346548,0.0821917808219176,0.0865551067513016,-0.18753606462782285,FLAT
EMMVEE,1409,1.0,0.20401726427622843,0.14225334866169442,0.9774938525727594,0.31732294821865453,0.08843537414965376,0.07211885186787827,-0.18750901485647695,FLAT
EMMVEE,1409,1.0,0.12534608608104708,0.1685317674647593,0.9936373400448181,0.3461704889658124,0.09589041095889941,0.043271311120720406,-0.5481032741958684,DOWN-LEG
EMMVEE,1410,-1.0,0.09754028837998303,0.16821164172966763,0.9427933110211043,0.3030303030303063,0.11111111111110936,0.04329004329003673,-0.8225108225108292,DOWN-LEG
EMMVEE,1410,1.0,0.30645024220277045,0.1875136063946755,0.6132908048142631,0.15866147410931908,0.12328767123287053,0.07211885186787827,-1.0962065483917367,DOWN-LEG
EMMVEE,1411,1.0,0.46798365122615804,0.1911859473978348,0.8218041332691232,0.17316017316017973,0.10810810810810749,0.07215007215007214,-1.0966810966811,DOWN-LEG
EMMVEE,1411,0.1999999999998181,0.5534462117325124,0.18864036284853225,0.8275983783343578,0.08660508083139565,0.08724832214764609,0.07217090069284064,-1.0681293302540382,DOWN-LEG
EMMVEE,1412,0.1999999999998181,0.5319477842665751,0.17684716348895518,0.8757731784076098,0.11547344110853848,0.0684931506849298,0.07217090069284064,-1.0103926096997693,DOWN-LEG
EMMVEE,1412,0.7142857142859463,1.0011152097452174,0.16084685537677348,0.9474597408284611,0.15868436237738354,0.11564625850340052,0.10098095787650486,-1.1829197922677503,DOWN-LEG
EMMVEE,1413,0.6666666666666035,0.08347646856750257,0.15059535504903507,0.5563627045035516,-0.04328379743182146,0.11564625850340052,0.08656759486365932,-1.3995094502957792,DOWN-LEG
EMMVEE,1413,-1.0,0.8552484284853181,0.15132317292692,0.2581919834227579,-0.10108303249098129,0.05960264900661913,0.10108303249098129,-1.2707581227436757,DOWN-LEG
EMMVEE,1414,1.0,0.23847349335175272,0.16021232333909813,0.26676770759836427,-0.07217090069284064,0.04054054054053327,0.07217090069284064,-1.3712471131639723,DOWN-LEG
EMMVEE,1414,1.8947806286935286e-13,0.6655151567492875,0.1521559997673101,0.2387659411569777,-0.10106843777070917,0.013513513513516212,0.08663008951776245,-1.3572047357782235,DOWN-LEG
EMMVEE,1415,-0.333333333333207,0.27349689011748446,0.15992597945909348,0.25789780289163,-0.1155735336607851,0.1450381679389342,0.08668015024559703,-1.3579890205143152,DOWN-LEG
EMMVEE,1415,0.749999999999929,1.5892564124708524,0.135484823976193,0.4580107975432504,-0.12998266897746638,0.12499999999999889,0.1155401502021887,-1.1265164644713972,DOWN-LEG
EMMVEE,1416,0.3333333333330807,0.13061506565307532,0.1327273713761044,0.3611029843975622,-0.1011122345803908,0.10236220472440367,0.0433338148201581,-1.025566950743884,DOWN-LEG
EMMVEE,1416,-0.7142857142859463,0.6116133518776078,0.13101291443244029,0.2270889735791433,-0.14455044810638915,0.07692307692307558,0.10118531367446254,-1.0985834056085444,DOWN-LEG
EMMVEE,1417,0.6666666666669193,0.266445066480056,0.1272646717891241,0.2431332070801512,-0.15902848055514082,0.0687022900763421,0.08674280757552537,-1.1131993638860842,DOWN-LEG
EMMVEE,1417,-1.8947806286935286e-13,0.5082456140350877,0.12457364627333371,0.07989080265657006,-0.20237062734895797,0.04687499999999306,0.08673026886383677,-1.0985834056085444,DOWN-LEG
EMMVEE,1418,0.6666666666669193,0.4755453905700211,0.11815514165728384,0.15064643613959983,-0.13002022536838734,0.1093750000000075,0.08668015024558062,-0.9968217278243412,DOWN-LEG
EMMVEE,1418,-0.5,0.15962606931828205,0.13339356510475925,0.35511134269194444,-0.0867177337765606,0.04,0.05781182251771801,-0.9828009828009762,DOWN-LEG
EMMVEE,1419,0.3333333333333333,0.12325375773651635,0.13475018943194209,0.31408409821930294,-0.1156069364161784,0.0,0.04335260115607922,-1.0115606936416186,DOWN-LEG
EMMVEE,1419,-0.7142857142857143,4.389628715054237,0.13961576328282066,-0.4774868904691197,-0.44960116026106206,0.16666666666666535,0.5076142131979695,-0.6526468455402465,DOWN-LEG
EMMVEE,1420,-1.0,3.1409218859957777,0.1434032344211261,-1.0293551871260633,-0.7129346719045674,0.2638036809815982,0.3637421795431398,-0.33464280517968203,drift
EMMVEE,1420,-0.8260869565216962,5.2482456140350875,0.12594434478005076,-1.8554710215569459,-0.9771036896601912,0.3296089385474852,0.3354236546594654,-0.2187545573866122,drift
EMMVEE,1421,0.27272727272725394,2.095521343596921,0.11712537530919466,-1.7224772841741605,-1.0067114093959697,0.3333333333333333,0.1604902246863013,-0.18967026553836513,FLAT
EMMVEE,1421,0.07692307692300965,1.6032684283727399,0.10991406141856498,-1.6766846555774375,-0.9337613072658268,0.37142857142857144,0.18967026553836513,-0.20426028596439702,drift
EMMVEE,1422,1.0,0.5227431770468859,0.11425422969402636,-1.5804908300822358,-0.8603091280256767,0.33707865168539414,0.13123359580052163,-0.24788568095653715,drift
EMMVEE,1422,-0.6470588235294511,1.4384561891515995,0.11649072261198552,-1.6998091378479436,-0.9927007299270006,0.344444444444447,0.24817518248174186,-0.145985401459854,FLAT
EMMVEE,1423,-0.4210526315789458,5.516240497581203,0.10792051408662397,-1.9598501957660077,-1.2876792508048096,0.4345549738219926,0.556043312847537,0.08779631255487602,FLAT
EMMVEE,1423,1.0,0.3647426981919332,0.10721808178488378,-1.8673915229437086,-1.199356442884296,0.4093264248704637,0.1023840865876913,-0.04387889425187483,FLAT
EMMVEE,1424,-0.0909090909091097,0.42267319804058784,0.10746275976401547,-1.886298396931672,-1.2732328406263789,0.40625000000000017,0.16098346260793542,0.1024440216595998,FLAT
EMMVEE,1424,-1.0,0.10298245614035088,0.10871978193463815,-1.4215497512858355,-0.9221311475409768,0.40314136125654043,0.05854800936767817,0.1756440281030345,FLAT
EMMVEE,1425,-0.5000000000001421,0.20126671358198453,0.1090562578388917,-0.9593815464578692,-0.6590509666080844,0.41538461538461413,0.117164616285875,0.2636203866432438,drift
EMMVEE,1425,1.0,1.2675438596491229,0.12468744145562932,-0.10565035453439996,-0.16067776803973455,0.37999999999999895,0.2337131171487033,0.0,FLAT
EMMVEE,1426,1.0,0.276917663617171,0.12851637535800783,-0.1528043082555891,-0.029188558085220632,0.32673267326732147,0.14594279042615294,-0.14594279042615294,FLAT
EMMVEE,1426,-0.6666666666666035,0.8909074874327542,0.13178284569916313,-0.25984948272130276,-0.17538731365096927,0.38461538461538547,0.17538731365098587,-0.05846243788367304,FLAT
EMMVEE,1427,0.7142857142856679,1.4956016889514427,0.1273177856016811,-0.1702153193716486,-0.2631578947368355,0.38461538461538547,0.10233918128655635,-0.19005847953215707,FLAT
EMMVEE,1427,1.0,2.1396491228070174,0.12162900241604613,0.26578735940483694,-0.11692487576731284,0.3779904306220089,0.07307804735457468,-0.1315404852382477,FLAT
EMMVEE,1428,1.0,0.7302955665024631,0.1262651480274327,0.7176598865257264,0.27725083904858855,0.39130434782608936,0.18969794250692465,-0.2188822413541515,drift
EMMVEE,1428,1.0,0.2289443513537349,0.12522547215307778,0.7014172233277421,0.20434972996642492,0.39130434782608936,0.014596409283319624,-0.20434972996642492,drift
EMMVEE,1429,0.4999999999998579,0.2772767462422635,0.12464342007248601,0.7288149352365072,0.2481751824817585,0.4009661835748761,0.05839416058393828,-0.16058394160584272,FLAT
EMMVEE,1429,0.4999999999998579,0.10277603090468063,0.12093646382201462,0.7531257561451608,0.2627737226277306,0.4009661835748761,0.05839416058393828,-0.145985401459854,FLAT
EMMVEE,1430,1.0,0.06044558071585099,0.11337175150886056,0.7772693603087624,0.32116788321168543,0.3921568627450963,0.043795620437949566,-0.17518248175183146,FLAT
EMMVEE,1430,-1.0,0.4080696928014672,0.13049810189945782,0.5353988118732104,-0.05846243788365642,0.4354066985645871,0.11692487576731284,-0.05846243788367304,FLAT
EMMVEE,1431,-0.3333333333330807,0.20611530668631423,0.14127226944531918,0.4934285763931088,-0.1607952053793338,0.4299516908212516,0.04385323783071986,-0.08770647566145633,FLAT
EMMVEE,1431,0.4285714285713358,0.7358334101170183,0.15018924288659694,0.6200183883796642,-0.02923976608187799,0.42718446601941246,0.10233918128655635,-0.08771929824561736,FLAT
EMMVEE,1432,-0.4999999999998579,1.2274820408915086,0.14057763502384205,0.37292022175406064,0.014617745943578824,0.42028985507245725,0.05847098377429867,-0.17541295132291265,FLAT
EMMVEE,1432,0.0,0.18409656316225928,0.14058827820168682,0.06796031178077495,-0.02923976608187799,0.450980392156863,0.11695906432747873,-0.14619883040935672,FLAT
EMMVEE,1433,1.0,0.10896017699115045,0.17269222160312933,-0.02394536158116507,-0.19005847953215707,0.44827586206896514,0.04385964912280037,-0.07309941520467836,FLAT
EMMVEE,1433,-0.3333333333334175,1.4840136367824566,0.16430587418907505,-0.12851331651512227,-0.2487562189054793,0.44827586206896514,0.13169446883230573,0.014632718759148778,FLAT
EMMVEE,1434,0.6470588235294511,1.5437465463252902,0.15527597551590316,-0.006935600817521373,-0.14619883040935672,0.42718446601941246,0.24853801169589648,-0.10233918128655635,FLAT
EMMVEE,1434,1.0,0.1936791670505851,0.16004908516793556,0.01248373893989005,-0.0876680303915872,0.394230769230768,0.07305669199298656,-0.16072472238457375,FLAT
EMMVEE,1435,0.599999999999909,0.1963495575221239,0.1563805674248104,0.020269376785819523,-0.058428279287171675,0.3689320388349481,0.07303534910896874,-0.2337131171487033,drift
EMMVEE,1435,1.0,0.15767558064217638,0.1331349034150623,0.10204277174113516,0.058428279287171675,0.3823529411764624,0.029214139643594136,-0.1898919076833287,FLAT
EMMVEE,1436,-0.4782608695651873,2.0416666666666665,0.11362259456495284,-0.026622384188329896,0.01461560947091826,0.3913043478260774,0.3361590178310369,-0.14615609470914936,FLAT
EMMVEE,1436,0.1999999999998181,0.2163412602942537,0.10788107253476065,-0.06519773640290545,-0.029248318221708904,0.38834951456309996,0.14624159110851126,-0.13161743199765683,FLAT
EMMVEE,1437,-1.0,0.359836522385287,0.13713511213714588,-0.02897357593611963,-0.20506811190859486,0.41666666666665964,0.16112494507102812,0.24901127874614498,drift
EMMVEE,1437,1.0,0.11864406779661017,0.1747398962355324,-0.012557364511567694,-0.1024440216595998,0.3846153846153783,0.0878091614224951,0.1756183228450235,FLAT
EMMVEE,1438,1.0,0.05042016806722689,0.1711044908656217,-0.02097595878398297,-0.029248318221708904,0.37837837837837784,0.07312079555425563,0.16086575021936572,FLAT
EMMVEE,1438,2.8421709430405623e-13,0.30882903105125326,0.16730269222161642,0.04852640243066853,0.04387889425187483,0.3727272727272677,0.05850519233581647,0.07313149041977475,FLAT
EMMVEE,1439,1.0,0.29773280869402285,0.1699388734965136,-0.050387907349499064,-0.014622020763272809,0.36651583710407304,0.07311010381634742,0.014622020763272809,FLAT
EMMVEE,1439,0.25000000000007105,0.5566604127579737,0.1653324802714834,-0.06549772681161653,-0.05847953216373936,0.2791878172588826,0.11695906432747873,0.0,FLAT
EMMVEE,1440,1.0,2.5347573543189057,0.13826939125156393,0.3161400531365696,-0.116993272886819,0.19774011299434976,0.1608657502193491,-0.043872477332546726,FLAT
EMMVEE,1440,1.0,1.9023569023569022,0.10910530854622952,0.6656146800600411,-0.116993272886819,0.1180124223602531,0.13161743199765683,0.0,FLAT
EMMVEE,1441,0.11111111111113918,1.7098039215686274,0.10229691796162771,0.8931767723431477,-0.10241404535479817,0.11801242236024687,0.1316752011704429,0.04389173372347543,FLAT
EMMVEE,1441,0.4999999999998579,0.2673026561915451,0.105449725800294,0.9094934627124902,-0.058530875036578466,0.12345679012345645,0.058530875036578466,0.08779631255487602,FLAT
EMMVEE,1442,-1.0,0.16188870151770657,0.1209160330754078,0.9634075696461736,0.02928686484110877,0.17791411042944572,0.0732171621027969,0.0878605945233596,FLAT
EMMVEE,1442,1.0,0.057598499061913694,0.12200916385051688,0.9954941296033131,-0.04392386530013975,0.12820512820512708,0.02928257686677093,0.07320644216691069,FLAT
EMMVEE,1443,0.7499999999999645,0.2586887093744129,0.1302079809413996,1.1527254091624302,-0.04389173372347543,0.006896551724139445,0.11704462326262886,0.029261155815661372,FLAT
EMMVEE,1443,1.0,0.26077892542405,0.13008709968800458,1.2178737198530025,-0.029261155815661372,0.014084507042256679,0.05852231163130611,0.029261155815661372,FLAT
EMMVEE,1444,0.7777777777777216,0.4965583173996176,0.1326679868930119,1.2131399461108818,-0.08780916142251174,0.0,0.1317137421337593,0.07317430118542369,FLAT
EMMVEE,1444,-0.6666666666669193,0.14901960784313725,0.12420473653790248,1.1630120706190028,-0.1024440216595998,0.007194244604309957,0.0878091614224951,0.058539440948352256,FLAT
EMMVEE,1445,-1.0,0.2474641148325359,0.12603148097262937,0.5600545268909426,-0.11713030746705044,0.014492753623191749,0.05856515373352522,0.0,FLAT
EMMVEE,1445,0.4999999999998579,0.200326201669385,0.13239281079085446,0.18549197978405896,-0.07317430118542369,0.10569105691057602,0.05853944094833562,-0.1317137421337593,FLAT
EMMVEE,1446,-0.333333333333207,0.6387071950750288,0.14263157687952124,0.0946221149011383,-0.04391100702575447,0.16949152542373272,0.08782201405152557,-0.08782201405152557,FLAT
EMMVEE,1446,-0.5,0.2806137218952041,0.139405091621439,0.033264599883910846,-0.0732171621027969,0.11711711711712543,0.05857372968225083,-0.11714745936446838,FLAT
EMMVEE,1447,0.7142857142856447,0.5757986447241046,0.14682042674218826,0.1738565483061117,0.21917007597895966,0.03225806451612785,0.20455873758035903,-0.263004091174745,drift
EMMVEE,1447,1.0,0.2707517619420517,0.13268375803854188,0.2561537681594209,0.2191380569758948,0.024390243902435868,0.13148283418553355,-0.2921840759678598,drift
EMMVEE,1448,1.0,0.16669966343298356,0.12897200762415195,0.2573316916136232,0.20440940283252698,0.0344827586206883,0.0730033581544751,-0.4672214921886307,drift
EMMVEE,1448,-0.3749999999999645,0.7585863613738179,0.13858313401012,0.10096444960974617,0.1023092662964112,0.07438016528925558,0.23384975153462567,-0.21923414206372402,drift
EMMVEE,1449,0.333333333333207,0.2943532238686424,0.13884783691486244,0.015992184221874012,0.10233918128655635,0.08196721311475533,0.08771929824561736,-0.21929824561403508,drift
EMMVEE,1449,1.0,0.2660522888911149,0.1401928192175363,0.11738916375485832,0.10233918128655635,0.08196721311475533,0.10233918128655635,-0.014619883040938995,FLAT
EMMVEE,1450,-0.2727272727273291,0.5165363800360794,0.18003736566406542,0.14909404152613837,0.0731528895391368,0.11811023622047413,0.16093635698610428,0.0731528895391368,FLAT
EMMVEE,1450,1.0,0.13862380713209443,0.2335806399296209,0.1616850632948154,0.07312079555425563,0.032786885245909586,0.08774495466509345,0.029248318221708904,FLAT
EMMVEE,1451,1.0,0.09142166733789771,0.28438723873836885,0.2486553043171493,0.08774495466509345,0.024793388429758124,0.029248318221692278,0.029248318221708904,FLAT
EMMVEE,1451,1.0,2.8606730286288298,0.2052317754984935,0.9229815584397096,0.16081871345029572,0.0,0.10233918128655635,-0.04385964912280037,FLAT
EMMVEE,1452,-0.25000000000007105,0.7893677003624647,0.1919398452880519,0.7977281316836953,-0.1316752011704429,0.0476190476190502,0.11704462326261222,0.0731528895391368,FLAT
EMMVEE,1452,1.0,0.16604534005037783,0.18679553869033091,0.7627120171500568,-0.1463057790782736,0.04000000000000073,0.04389173372347543,-0.05852231163130611,FLAT
EMMVEE,1453,1.0,0.17765678564226658,0.17946610589968864,0.7619258655879141,-0.1755155770074494,0.023622047244091247,0.1023840865876913,-0.0585051923358331,FLAT
EMMVEE,1453,1.0,0.26581895246745385,0.17969045754491458,0.9093769873954829,-0.07313149041977475,0.024793388429758124,0.07313149041977475,-0.014626298083958275,FLAT
EMMVEE,1454,1.0,0.3597979797979798,0.17969416172178537,1.0181697595373818,-0.029248318221708904,0.01724137931034922,0.07312079555425563,-0.07312079555425563,FLAT
EMMVEE,1454,0.33333333333383863,0.22313371616078753,0.1816376063204571,0.9772417582828441,-0.043878894251858196,0.06194690265486334,0.043878894251858196,-0.014626298083958275,FLAT
EMMVEE,1455,-0.49999999999992895,1.0,0.1803630632799753,0.8673429384246701,-0.07320644216691069,0.1355932203389894,0.1171303074670671,0.04392386530013975,FLAT
EMMVEE,1455,-1.0,0.24317617866004962,0.18862521605292992,0.7697258390848315,-0.2051582649472417,0.17741935483871854,0.08792497069167977,0.10257913247362918,FLAT
EMMVEE,1456,0.0,1.226488706365503,0.18195624923640066,0.8002570403970256,-0.17579841781422967,0.1311475409836116,0.11719894520948644,0.043949604453553254,FLAT
EMMVEE,1456,-0.466666666666697,5.410386965376782,0.12725734184232484,-0.5485508819233994,-0.27855153203342287,0.13821138211381995,0.2199091042369154,0.07330303474563847,FLAT
EMMVEE,1457,1.0,2.5864646464646466,0.09645851281210045,0.0807908136810744,-0.13184881336067641,0.008547008547010706,0.13184881336067641,-0.43949604453559915,drift
EMMVEE,1457,0.4285714285713358,1.4229488343929761,0.09062663210175048,0.167229909071768,-0.14652014652014653,0.07142857142856852,0.10256410256410922,-0.3663003663003663,drift
EMMVEE,1458,-0.13043478260867847,2.621496269409155,0.08578493791599837,0.06270353397961016,-0.29338418659234267,0.1826086956521696,0.3373918145811874,-0.24937655860349794,drift
EMMVEE,1458,0.8571428571429848,2.5279596977329977,0.0830992182999179,0.3947555638739513,-0.14647722279185588,0.08064516129032347,0.20506811190859486,-0.39548850153801746,drift
EMMVEE,1459,0.333333333333207,0.6819923371647509,0.08174047712746087,0.3728763565441135,-0.19047619047618383,0.11290322580644999,0.08791208791209124,-0.3809523809523843,drift
EMMVEE,1459,0.7999999999999545,3.5862972292191437,0.08701309011038103,0.7776818446509501,0.029244041526528996,0.007299270072994397,0.14622020763269483,-0.19008626992249664,FLAT
EMMVEE,1500,1.0,0.935672514619883,0.08134741308619721,1.0818031542885485,0.14619883040935672,0.014705882352944618,0.14619883040935672,-0.24853801169591308,drift
EMMVEE,1500,1.0,0.5786658593198103,0.07685802682942383,1.3037098524230648,0.2339181286549741,0.014705882352944618,0.04385964912280037,-0.3362573099415138,drift
EMMVEE,1501,1.0,1.9080459770114941,0.07212183100455415,1.53324769800359,0.2046783625730961,0.037593984962406145,0.02923976608187799,-0.2339181286549741,drift
EMMVEE,1501,-1.0,1.0917884130982367,0.07781914936731867,1.703474654222874,0.23402076934328253,0.022222222222227462,0.043878894251858196,-0.19014187509142433,FLAT
EMMVEE,1502,1.0,0.8058076225045372,0.07564469119061491,1.3783442226403309,0.2046783625730961,0.08270676691729593,0.05847953216373936,-0.2046783625730961,drift
EMMVEE,1502,-1.0,0.7944293066908871,0.08334401438974591,1.1226235797043682,0.08783487044356941,0.007092198581561999,0.13175230566534582,0.04391743522177639,FLAT
EMMVEE,1503,0.07692307692300965,1.1522484371849162,0.08057451116727232,1.194665966262627,0.2341577637933425,0.014492753623191988,0.19025318308209493,-0.04390458071124755,FLAT
EMMVEE,1503,0.40000000000009095,1.6324433249370278,0.07986629928224688,0.9457294457605763,0.1316559391456959,0.007092198581561999,0.14628437682855472,-0.07314218841427736,FLAT
EMMVEE,1504,-0.5000000000001421,0.7906836055656382,0.08065623561273898,0.8508599338211968,0.11707888189667125,0.0,0.11707888189667125,-0.02926972047415949,FLAT
EMMVEE,1504,0.33333333333345966,0.35402159652840853,0.08219765070422935,0.42925940720713424,-0.04388531304855976,0.02068965517241866,0.08777062609711953,-0.16091281451141348,FLAT
EMMVEE,1505,-0.25000000000007105,0.8870707070707071,0.07866041093921493,0.25263914193990644,-0.1024440216595998,0.020689655172410656,0.11707888189667125,-0.05853944094833562,FLAT
EMMVEE,1505,0.14285714285718926,0.3615071283095723,0.07457514179490557,0.17225447502631333,-0.13175230566534582,0.013888888888884173,0.1024740155174838,-0.014639145073931012,FLAT
EMMVEE,1506,-0.6000000000001364,1.9244444444444444,0.0729041308242996,-0.2873797636228636,-0.1610777566261565,0.020689655172418334,0.1464343242055938,0.0,FLAT
EMMVEE,1506,-1.0,0.4046843177189409,0.08408007849504726,-0.1830934632703006,-0.16114854966305636,0.020689655172410656,0.10254907705829648,0.08789920890712316,FLAT
EMMVEE,1507,-1.0,11.275151515151515,0.08445092845325435,-1.398410186037416,-0.6474396703943462,0.29999999999999716,0.5150088287227781,0.6032960565038291,UP-LEG
EMMVEE,1507,1.0,2.8983752144515087,0.08349845351293493,-0.945684302007676,-0.45588235294117985,0.27607361963190263,0.05882352941176136,0.4999999999999966,drift
EMMVEE,1508,1.0,3.872353297035693,0.07462335891828767,-0.5257898921167633,-0.48529411764705216,0.3081761006289298,0.0882352941176504,0.6470588235294084,UP-LEG
EMMVEE,1508,0.4999999999998579,2.2297229219143575,0.06746164805237845,-0.47527220397448505,-0.5294117647058857,0.2763157894736864,0.05882352941176136,0.5882352941176471,UP-LEG
EMMVEE,1509,0.599999999999909,1.630487313733387,0.06506748479640392,-0.34686076834159046,-0.5000735402265006,0.27152317880794813,0.07354022650389763,0.5000735402265006,UP-LEG
EMMVEE,1509,0.600000000000039,4.897639377197388,0.07245346393103579,-0.09556090719738025,-0.1464986815118664,0.07865168539325684,0.5127453852915324,-0.10254907705831313,FLAT
EMMVEE,1510,-0.07692307692318455,1.2339146121467228,0.07336299203145717,-0.08531860341808419,-0.14656309541257512,0.06818181818182023,0.190532024036341,-0.17587571449508016,FLAT
EMMVEE,1510,-1.0,1.3206450966643293,0.07631408914326065,-0.1939017408965975,-0.2053689306146365,0.11731843575418427,0.13202288396655087,-0.014669209329620469,FLAT
EMMVEE,1511,0.7142857142856447,1.0538646375650782,0.08299697620945083,-0.040259822652652766,-0.07327080890973037,0.07526881720429976,0.2051582649472417,-0.07327080890973037,FLAT
EMMVEE,1511,0.24999999999989342,3.8170233947237433,0.07565375575049135,0.07050544527826201,-0.02930832356389881,0.08695652173913178,0.11723329425557859,-0.11723329425556192,FLAT
EMMVEE,1512,0.6842105263158336,5.051870916650168,0.06816072136917625,1.2025191022780677,0.43949604453559915,0.04972375690607603,0.27834749487254284,-0.08789920890712316,FLAT
EMMVEE,1512,1.0,0.7056246888999502,0.0676521609713158,1.023950049866748,0.49751243781094195,0.005291005291006501,0.13169446883230573,-0.21949078138718175,drift
EMMVEE,1513,0.20000000000004547,1.1987725202930113,0.06879251347229791,0.74684017071111,0.43923865300146414,0.03664921465968842,0.14641288433382138,-0.16105417276720685,FLAT
EMMVEE,1513,0.42857142857156777,0.7713290194126431,0.06878530422221273,0.6865763794737667,0.45381349729176146,0.0312500000000013,0.1024740155174838,-0.17566974088713883,FLAT
EMMVEE,1514,0.599999999999909,0.31277533039647576,0.06758233626099698,0.628577010590079,0.4684526423656925,0.036649214659682246,0.0731957253696384,-0.21958717610891526,drift
EMMVEE,1514,-0.20000000000004547,1.1048282727725236,0.06836818857877369,0.38576675588480874,-0.014652014652017983,0.06122448979592026,0.14652014652014653,-0.13186813186812854,FLAT
EMMVEE,1515,0.20000000000004547,1.1148287467828153,0.06863152528293384,0.4123336527371465,0.0878605945233596,0.005181347150260227,0.1464343242055938,-0.4978767022990156,drift
EMMVEE,1515,0.0,0.2713787954206073,0.0681283667276068,0.5161368800291167,0.19033674963396113,0.03191489361702237,0.11713030746705044,-0.4245973645680787,drift
EMMVEE,1516,-0.7142857142856679,0.5754905887064478,0.06947347322156398,0.4229106098675094,0.0732171621027969,0.01604278074866063,0.10250402694392231,-0.33679894567285906,drift
EMMVEE,1516,0.20000000000027285,0.5256936792547331,0.06927827195906909,0.3744882742073107,0.11709601873537297,0.05945945945946032,0.07318501170960187,-0.46838407494145856,drift
EMMVEE,1517,0.8000000000001819,0.7470434956905191,0.06885536383151593,0.14762500057188085,0.16088927892350777,0.05945945945946032,0.1462629808395495,-0.5557993271902981,DOWN-LEG
