symbol,securityId,segment
011NSETEST,14747,NSE_EQ
021NSETEST,14751,NSE_EQ
031NSETEST,14753,NSE_EQ
041NSETEST,14755,NSE_EQ
051NSETEST,14758,NSE_EQ
061NSETEST,14762,NSE_EQ
071NSETEST,14764,NSE_EQ
081NSETEST,14767,NSE_EQ
091NSETEST,14769,NSE_EQ
0IRFC35,760080,NSE_EQ
0MOFSL27,23704,NSE_EQ
0NHIT34,29432,NSE_EQ
0NHIT35,29425,NSE_EQ
0RL34,25706,NSE_EQ
0SCL27,23299,NSE_EQ
1003IIFL29,24141,NSE_EQ
1003ISFL28,20779,NSE_EQ
1003SCFL31,23315,NSE_EQ
1003SCL30,18874,NSE_EQ
1003SCL30A,20116,NSE_EQ
1003SCL31,23967,NSE_EQ
1003SCL31A,25566,NSE_EQ
1003SCL31P,28929,NSE_EQ
1003SCL32,30228,NSE_EQ
1003SFIL28,15249,NSE_EQ
10157PCP27,24549,NSE_EQ
1015ECL29,7975,NSE_EQ
1015SCFL29,23303,NSE_EQ
1015SCL28,20102,NSE_EQ
1015SCL28A,14710,NSE_EQ
1015SCL28B,17542,NSE_EQ
1015SCL29,23952,NSE_EQ
1015SCL29B,25558,NSE_EQ
1015SCL29T,28925,NSE_EQ
1015SCL30,30236,NSE_EQ
1015UCL27,756000,NSE_EQ
1018GS2026,6833,NSE_EQ
101NSETEST,14772,NSE_EQ
1020CCSP27,27134,NSE_EQ
1025IIFL30,756154,NSE_EQ
1025PATE28,758732,NSE_EQ
1025SCFL34,23317,NSE_EQ
1025SCL33,21030,NSE_EQ
1025SCL33A,18897,NSE_EQ
1025SCL34,23323,NSE_EQ
1025SCL34A,23974,NSE_EQ
1025SCL34B,25575,NSE_EQ
1025SCL34C,25568,NSE_EQ
1025SCL34U,28930,NSE_EQ
1025SCL34Z,28933,NSE_EQ
1025SCL35,30234,NSE_EQ
1025SCL35A,30204,NSE_EQ
1025UCL26A,25914,NSE_EQ
1025UCL27A,756002,NSE_EQ
1025VCCL28,757413,NSE_EQ
102CCSP27A,28967,NSE_EQ
1030SFIL28,14034,NSE_EQ
1035CCSP26,23390,NSE_EQ
1035CCSP27,23604,NSE_EQ
1039UCL26,755998,NSE_EQ
1040UCL27B,25916,NSE_EQ
1050IIFL29,24143,NSE_EQ
1050ISFL28,20784,NSE_EQ
1050NFL26,17349,NSE_EQ
1050SCFL31,23311,NSE_EQ
1050SCL30,20111,NSE_EQ
1050SCL31,23964,NSE_EQ
1050SCL31A,25564,NSE_EQ
1050SCL31T,28928,NSE_EQ
1050SCL32,30242,NSE_EQ
1050UCL28,756004,NSE_EQ
105IIFL29,19047,NSE_EQ
1060ECL29,7986,NSE_EQ
1065NFL27,23123,NSE_EQ
1075SCFL34,23319,NSE_EQ
1075SCL33,21042,NSE_EQ
1075SCL33A,18902,NSE_EQ
1075SCL33B,20118,NSE_EQ
1075SCL34,23970,NSE_EQ
1075SCL34C,25570,NSE_EQ
1075SCL34T,28931,NSE_EQ
1075SCL35,30232,NSE_EQ
1075WCA28,759215,NSE_EQ
1075WCAP28,758995,NSE_EQ
1077IIFL30,23024,NSE_EQ
1096GIPL28,760487,NSE_EQ
10CAGL27,12465,NSE_EQ
10IIFL28,5212,NSE_EQ
10IIFL28A,2871,NSE_EQ
10IIFL29,19045,NSE_EQ
10IIFLSF27,24139,NSE_EQ
10ISFL26,20771,NSE_EQ
10MWL29,763206,NSE_EQ
10NIDO26,17866,NSE_EQ
10SCL30A,18868,NSE_EQ
10SCL31,23309,NSE_EQ
10SCL31A,23961,NSE_EQ
10UCL26,755996,NSE_EQ
1102NFL26,17352,NSE_EQ
1116AFL27,763346,NSE_EQ
1119NFL27,23125,NSE_EQ
111ESFB31,757892,NSE_EQ
111NSETEST,14774,NSE_EQ
1125AFIL29,763044,NSE_EQ
1125VCCL27,760047,NSE_EQ
113ESFB31,759296,NSE_EQ
113ESFB31B,759791,NSE_EQ
1150AFIL28,760459,NSE_EQ
1150AFIL29,760641,NSE_EQ
115VCCL27,757719,NSE_EQ
115VCCL28,760049,NSE_EQ
115VCCL28A,760451,NSE_EQ
115VCCL31,761599,NSE_EQ
115VCCL31A,763380,NSE_EQ
1165ESFB32,761461,NSE_EQ
116VCCL26A,758340,NSE_EQ
116VCCL27,758531,NSE_EQ
116VCCL27A,759392,NSE_EQ
1175IFL28,760555,NSE_EQ
1175IFL28A,763510,NSE_EQ
1180IFL28,759712,NSE_EQ
1180IFL28A,761397,NSE_EQ
1180VCCL26,25814,NSE_EQ
118VCCL27,758342,NSE_EQ
118VCCL27A,758533,NSE_EQ
118VCCL27B,759394,NSE_EQ
1190VCCL26,24223,NSE_EQ
119VCCL26,24828,NSE_EQ
11MCS27,763292,NSE_EQ
11NSETEST,12841,NSE_EQ
11VCCL27,760045,NSE_EQ
1215DHPL27,759444,NSE_EQ
121NSETEST,14777,NSE_EQ
1225DCCL27,760956,NSE_EQ
1225IFL27,759897,NSE_EQ
1225IFL28,760656,NSE_EQ
125VCCL31,760558,NSE_EQ
1275DCC28,763717,NSE_EQ
1275DCCL28,761737,NSE_EQ
12AFIL27,759446,NSE_EQ
12AFIL27A,759098,NSE_EQ
12AFIL28,759283,NSE_EQ
12DCCL27,759793,NSE_EQ
12DCCL29,760763,NSE_EQ
12DCCL29A,760614,NSE_EQ
12VCCL27,25464,NSE_EQ
12VCCL27A,25812,NSE_EQ
12VCCL27B,29749,NSE_EQ
12VCCL27D,758338,NSE_EQ
12VCCL28,759281,NSE_EQ
12VCCL29,25466,NSE_EQ
12VCCL29A,29274,NSE_EQ
12VCCL29B,756916,NSE_EQ
12VCCL29C,757721,NSE_EQ
12VPT28,763575,NSE_EQ
131NSETEST,14778,NSE_EQ
13DCCL29,761609,NSE_EQ
141NSETEST,14781,NSE_EQ
14DCCL31,760767,NSE_EQ
14DCCL31A,760765,NSE_EQ
14RARL30,30269,NSE_EQ
151NSETEST,14782,NSE_EQ
161NSETEST,14784,NSE_EQ
1650RARL27,24693,NSE_EQ
165RARL28,759237,NSE_EQ
171NSETEST,23446,NSE_EQ
181NSETEST,23447,NSE_EQ
182D030926,760887,NSE_EQ
182D051126,763288,NSE_EQ
182D060826,760784,NSE_EQ
182D081026,761686,NSE_EQ
182D090726,760592,NSE_EQ
182D100926,761383,NSE_EQ
182D101226,31718,NSE_EQ
182D121126,763373,NSE_EQ
182D130826,760940,NSE_EQ
182D151026,762430,NSE_EQ
182D170726,760713,NSE_EQ
182D180626,760390,NSE_EQ
182D180926,761480,NSE_EQ
182D191126,763526,NSE_EQ
182D210826,761054,NSE_EQ
182D221026,763078,NSE_EQ
182D230726,760779,NSE_EQ
182D260626,760525,NSE_EQ
182D270826,760165,NSE_EQ
182D271126,763625,NSE_EQ
182D291026,763204,NSE_EQ
182D300726,760760,NSE_EQ
18MVL27,23111,NSE_EQ
18PVL29,756035,NSE_EQ
18PVL29A,756037,NSE_EQ
20MICRONS,16921,NSE_EQ
21STCENMGM,4,NSE_EQ
360ONE,13061,NSE_EQ
364D020726,757747,NSE_EQ
364D021026,759341,NSE_EQ
364D030926,758940,NSE_EQ
364D031226,760100,NSE_EQ
364D040227,760785,NSE_EQ
364D040327,760888,NSE_EQ
364D060527,763289,NSE_EQ
364D060826,758207,NSE_EQ
364D061126,759600,NSE_EQ
364D070127,760593,NSE_EQ
364D080427,761687,NSE_EQ
364D081026,759433,NSE_EQ
364D090726,757673,NSE_EQ
364D100627,31784,NSE_EQ
364D100926,758888,NSE_EQ
364D101226,760299,NSE_EQ
364D110227,760941,NSE_EQ
364D110327,761384,NSE_EQ
364D121126,759831,NSE_EQ
364D130527,763374,NSE_EQ
364D130826,758414,NSE_EQ
364D150127,760714,NSE_EQ
364D150427,762431,NSE_EQ
364D151026,759476,NSE_EQ
364D160726,757909,NSE_EQ
364D170926,759199,NSE_EQ
364D171226,760391,NSE_EQ
364D180626,756801,NSE_EQ
364D190227,761055,NSE_EQ
364D190327,761481,NSE_EQ
364D191126,759866,NSE_EQ
364D200527,763527,NSE_EQ
364D200826,758589,NSE_EQ
364D210127,760780,NSE_EQ
364D220427,763079,NSE_EQ
364D230726,757718,NSE_EQ
364D231026,758835,NSE_EQ
364D240926,759047,NSE_EQ
364D250227,760166,NSE_EQ
364D250626,757564,NSE_EQ
364D251226,760526,NSE_EQ
364D261126,760030,NSE_EQ
364D280127,760761,NSE_EQ
364D280527,763626,NSE_EQ
364D280826,758731,NSE_EQ
364D290427,763205,NSE_EQ
364D291026,759504,NSE_EQ
364D300726,757977,NSE_EQ
3BBLACKBIO,762518,NSE_EQ
3IINFOLTD,6232,NSE_EQ
3MINDIA,474,NSE_EQ
3PLAND,2595,NSE_EQ
574GS2026,6695,NSE_EQ
575PY26,836,NSE_EQ
577GS2030,22292,NSE_EQ
579GS2030,18857,NSE_EQ
57KA26,21927,NSE_EQ
582RJ27,1824,NSE_EQ
585GS2030,1341,NSE_EQ
588CG26,1703,NSE_EQ
591GS2028,757753,NSE_EQ
593CG26,1449,NSE_EQ
596PY26,5880,NSE_EQ
597CG27,1887,NSE_EQ
599MP26,5525,NSE_EQ
5PAISA,445,NSE_EQ
601GS2028,6866,NSE_EQ
601GS2030,757983,NSE_EQ
601RJ26,5994,NSE_EQ
603GS2029,760622,NSE_EQ
604AS26,7038,NSE_EQ
604GJ26,6209,NSE_EQ
607RJ26,6987,NSE_EQ
609AS26,6304,NSE_EQ
609KA28,21930,NSE_EQ
60TN28,757425,NSE_EQ
610GS2031,5012,NSE_EQ
612KA27,21929,NSE_EQ
613GS2028,6868,NSE_EQ
613OR28,757931,NSE_EQ
614TN28,757728,NSE_EQ
617KL27,1709,NSE_EQ
619GS2034,18973,NSE_EQ
61CG27,2013,NSE_EQ
61GJ28,757559,NSE_EQ
61RJ27,837,NSE_EQ
622AS30,757018,NSE_EQ
622GS2035,953,NSE_EQ
622KL27,1361,NSE_EQ
623RJ27,5877,NSE_EQ
624MH26,5330,NSE_EQ
624MH28,21947,NSE_EQ
624RJ26,4863,NSE_EQ
625AS26,5226,NSE_EQ
627PFCL27,757449,NSE_EQ
627RJ26,5078,NSE_EQ
627TN27,758923,NSE_EQ
627TN29,758200,NSE_EQ
628GJ27,5524,NSE_EQ
628GS2032,757994,NSE_EQ
629RJ26,5025,NSE_EQ
629RJ26A,7500,NSE_EQ
62RJ27,22272,NSE_EQ
632KA28,22302,NSE_EQ
633AS26,4982,NSE_EQ
633AS26A,7495,NSE_EQ
633GS2035,756890,NSE_EQ
633TN30,22135,NSE_EQ
634RJ27,6307,NSE_EQ
635AP27,20572,NSE_EQ
635LT28,758336,NSE_EQ
635MH28,1212,NSE_EQ
636GS2031,761020,NSE_EQ
636HP28,22267,NSE_EQ
637RECL27,758294,NSE_EQ
638MH27,5467,NSE_EQ
639BR27,3650,NSE_EQ
63MOONS,11868,NSE_EQ
63PY27,7153,NSE_EQ
640NHPCL27,758440,NSE_EQ
640TN32,757398,NSE_EQ
641GA30,21040,NSE_EQ
641TN30,22103,NSE_EQ
642GA30,852,NSE_EQ
642JK31,756807,NSE_EQ
642JK31A,757426,NSE_EQ
642MN30,21919,NSE_EQ
642PN30,22298,NSE_EQ
642TN31,756787,NSE_EQ
642UP30,849,NSE_EQ
643AP30,976,NSE_EQ
643MH27,5414,NSE_EQ
643RJ27,7867,NSE_EQ
643UK30,22451,NSE_EQ
644GJ29,20601,NSE_EQ
644GJ29A,22337,NSE_EQ
644MH28,22342,NSE_EQ
644UK30,853,NSE_EQ
644UP30,22262,NSE_EQ
645BR27,3695,NSE_EQ
645GJ30,22448,NSE_EQ
645GJ30A,1827,NSE_EQ
645GS2029,13472,NSE_EQ
645HP29,838,NSE_EQ
645MH27,599,NSE_EQ
645ML30,22449,NSE_EQ
645MN30,22301,NSE_EQ
645RJ27,2071,NSE_EQ
645RJ27A,7894,NSE_EQ
645RJ30,855,NSE_EQ
646GJ30,982,NSE_EQ
646JK30,22303,NSE_EQ
646RJ30,22340,NSE_EQ
646RJ30A,22450,NSE_EQ
646WB30,22269,NSE_EQ
647GJ30,21422,NSE_EQ
647IRFC28,758169,NSE_EQ
647KA30,1080,NSE_EQ
647MH28,773,NSE_EQ
648AP27,20922,NSE_EQ
648AP32,21039,NSE_EQ
648AS30,985,NSE_EQ
648GS2035,759396,NSE_EQ
648HR40,22299,NSE_EQ
648KA30,22335,NSE_EQ
648KA31,861,NSE_EQ
648MZ30,988,NSE_EQ
648RJ27,8319,NSE_EQ
649AP33,22264,NSE_EQ
649GJ29,1364,NSE_EQ
649KA30,21390,NSE_EQ
649KA30A,1158,NSE_EQ
649KA31,22336,NSE_EQ
649MH31,22343,NSE_EQ
649OR30,757729,NSE_EQ
649RJ30,22043,NSE_EQ
649TN50,22136,NSE_EQ
649TS50,22263,NSE_EQ
64AP28,1362,NSE_EQ
64GJ30,22296,NSE_EQ
64GJ30A,846,NSE_EQ
64KA30,22265,NSE_EQ
64KA30A,22452,NSE_EQ
64KA30B,843,NSE_EQ
64KA30C,972,NSE_EQ
64KA31,22266,NSE_EQ
64MH30,973,NSE_EQ
651GJ33,757019,NSE_EQ
651HP30,840,NSE_EQ
651KA30,758,NSE_EQ
651KA30B,1650,NSE_EQ
651KA30C,1727,NSE_EQ
651KA31,21419,NSE_EQ
651UP32,756808,NSE_EQ
652KA30,1522,NSE_EQ
652MH30,1236,NSE_EQ
652ML30,22009,NSE_EQ
652MP35,21949,NSE_EQ
652NL30,21993,NSE_EQ
652PY30,994,NSE_EQ
652RL28,757917,NSE_EQ
652TS50,22304,NSE_EQ
653CG28,5671,NSE_EQ
653HP29,1215,NSE_EQ
653KA30,1365,NSE_EQ
653TN31,1839,NSE_EQ
654AP30,20923,NSE_EQ
654AR30,1157,NSE_EQ
654GA30,20921,NSE_EQ
654GA30A,1516,NSE_EQ
654GJ30,21216,NSE_EQ
654GS2032,7843,NSE_EQ
654KA30,1453,NSE_EQ
654MH27,8126,NSE_EQ
654MH30,21932,NSE_EQ
654MP35,22297,NSE_EQ
654RJ30,22059,NSE_EQ
654RJ30A,1160,NSE_EQ
654TN29,759716,NSE_EQ
654TN31,756853,NSE_EQ
654UP30,779,NSE_EQ
654WB35,22173,NSE_EQ
655AP28,21549,NSE_EQ
655AP33,864,NSE_EQ
655AP35,22294,NSE_EQ
655AS30,20653,NSE_EQ
655AS30A,22447,NSE_EQ
655GA30,1074,NSE_EQ
655GA30A,1454,NSE_EQ
655KL30,21901,NSE_EQ
655MH28,605,NSE_EQ
655RJ30,22079,NSE_EQ
655RJ50,22023,NSE_EQ
655RJ55,22033,NSE_EQ
655TN29,759851,NSE_EQ
655TN30,22114,NSE_EQ
655TR30,858,NSE_EQ
655WB30,22178,NSE_EQ
656AP31,20666,NSE_EQ
656AS30,754,NSE_EQ
656KA30,14,NSE_EQ
656MH30,776,NSE_EQ
656MH32,1000,NSE_EQ
656MN30,21921,NSE_EQ
656RJ29,759984,NSE_EQ
656UP30,1525,NSE_EQ
657AP30,21235,NSE_EQ
657GA30,1237,NSE_EQ
657GJ29,20279,NSE_EQ
657GJ31,2014,NSE_EQ
657GS2033,7194,NSE_EQ
657HP30,1644,NSE_EQ
657HP30A,1647,NSE_EQ
657MH31,21936,NSE_EQ
657MP30,21975,NSE_EQ
657MZ35,22014,NSE_EQ
657RJ30,22056,NSE_EQ
657TN31,1890,NSE_EQ
658AP30,20280,NSE_EQ
658GA30,20598,NSE_EQ
658GA30A,1646,NSE_EQ
658GA31,1830,NSE_EQ
658GJ27,3061,NSE_EQ
658IRFC30,758167,NSE_EQ
658JK30,22179,NSE_EQ
658KA30,20288,NSE_EQ
658MP35,21948,NSE_EQ
658RJ30,22050,NSE_EQ
658TN29,759305,NSE_EQ
658UP30,1239,NSE_EQ
659CG28,5971,NSE_EQ
659HR30,1077,NSE_EQ
659PFCL30,757451,NSE_EQ
659RJ30,22073,NSE_EQ
659RJ30A,1241,NSE_EQ
659RJ31,1836,NSE_EQ
659UP30,997,NSE_EQ
65AP30,20654,NSE_EQ
65AP38,22295,NSE_EQ
65GA30,22261,NSE_EQ
65GA30A,22369,NSE_EQ
65GJ30,1075,NSE_EQ
65GJ30A,1233,NSE_EQ
65KA30,22368,NSE_EQ
65KA30A,1227,NSE_EQ
65KL27,21909,NSE_EQ
65NL30,991,NSE_EQ
65RJ30,22372,NSE_EQ
65RJ50,22293,NSE_EQ
65TN30,22374,NSE_EQ
65UP30,22081,NSE_EQ
65WB30,22174,NSE_EQ
660AP39,22332,NSE_EQ
660AP40,22333,NSE_EQ
660RECL27,757577,NSE_EQ
660TN35,757020,NSE_EQ
660TS30,22195,NSE_EQ
661AP34,757399,NSE_EQ
661GJ32,756855,NSE_EQ
661KA30,593,NSE_EQ
661KA33,1944,NSE_EQ
661KA35,22454,NSE_EQ
661MP35,22338,NSE_EQ
661MP37,1953,NSE_EQ
661PFCL28,756767,NSE_EQ
661RJ30,1083,NSE_EQ
661RJ31,1896,NSE_EQ
661RJ31A,2016,NSE_EQ
661TS51,2017,NSE_EQ
661UP31,1891,NSE_EQ
661WB36,1947,NSE_EQ
662AS30,1425,NSE_EQ
662CG28,6315,NSE_EQ
662GA31,1939,NSE_EQ
662GS2051,7193,NSE_EQ
662HR41,2019,NSE_EQ
662JH30,761,NSE_EQ
662JK30,22180,NSE_EQ
662KA32,782,NSE_EQ
662KA32A,1733,NSE_EQ
662NL30,1428,NSE_EQ
662PY28,6895,NSE_EQ
662RJ30,1369,NSE_EQ
662RJ41,2020,NSE_EQ
662TS41,1959,NSE_EQ
662UK30,617,NSE_EQ
662UP30,1695,NSE_EQ
662UP31,1938,NSE_EQ
662WB35,22341,NSE_EQ
663AP37,1905,NSE_EQ
663AS35,756809,NSE_EQ
663GA35,757400,NSE_EQ
663GJ29,65,NSE_EQ
663HP31,2021,NSE_EQ
663HP33,2023,NSE_EQ
663HR28,6317,NSE_EQ
663KA30,22410,NSE_EQ
663KA34,1651,NSE_EQ
663KL30,21910,NSE_EQ
663MH30,596,NSE_EQ
663ML31,1940,NSE_EQ
663MN31,1833,NSE_EQ
663PN51,1910,NSE_EQ
663TN35,1652,NSE_EQ
663TN55,22102,NSE_EQ
663UP30,614,NSE_EQ
663WB31,2022,NSE_EQ
663WB41,1902,NSE_EQ
664AP39,1866,NSE_EQ
664AS30,1246,NSE_EQ
664GJ36,756811,NSE_EQ
664GS2027,27405,NSE_EQ
664GS2035,3204,NSE_EQ
664HR36,757034,NSE_EQ
664JK36,1863,NSE_EQ
664KA32,22370,NSE_EQ
664ML35,757382,NSE_EQ
664MP30,21971,NSE_EQ
664MZ32,1899,NSE_EQ
664PFCL30,756765,NSE_EQ
664PY32,1730,NSE_EQ
664RJ30,22412,NSE_EQ
664RJ35,757383,NSE_EQ
664SK31,1888,NSE_EQ
664TN29,761318,NSE_EQ
664TS50,22183,NSE_EQ
664TS51,1872,NSE_EQ
664UP30,21,NSE_EQ
664UP31,2024,NSE_EQ
665AP33,757427,NSE_EQ
665AP34,757428,NSE_EQ
665AP36,1739,NSE_EQ
665AP40,1745,NSE_EQ
665AP41,1871,NSE_EQ
665GA35,756810,NSE_EQ
665GJ30,22406,NSE_EQ
665GJ37,756812,NSE_EQ
665HP32,756100,NSE_EQ
665IRFC30,756947,NSE_EQ
665JK30,1373,NSE_EQ
665KA30,72,NSE_EQ
665KA35,1531,NSE_EQ
665ML30,609,NSE_EQ
665PN50,21716,NSE_EQ
665PN50A,1757,NSE_EQ
665TR35,1738,NSE_EQ
665TS40,1742,NSE_EQ
665WB28,3726,NSE_EQ
665WB30,22176,NSE_EQ
666JH34,1860,NSE_EQ
666KA32,1248,NSE_EQ
666NBRD28,758642,NSE_EQ
666RJ29,759548,NSE_EQ
666SIDBI28,758644,NSE_EQ
666TN29,7050,NSE_EQ
666TN30,22413,NSE_EQ
666TN35,757430,NSE_EQ
667AP32,756854,NSE_EQ
667GS2035,5577,NSE_EQ
667GS2050,956,NSE_EQ
667MH31,29,NSE_EQ
667MH32,1251,NSE_EQ
667NBFID30,757483,NSE_EQ
667RJ30,87,NSE_EQ
667RJ50,22080,NSE_EQ
667TN50,22375,NSE_EQ
667TS50,1535,NSE_EQ
667UK30,76,NSE_EQ
667UP30,22414,NSE_EQ
667UP32,756101,NSE_EQ
668AP33,1378,NSE_EQ
668AP35,22453,NSE_EQ
668AP35A,1432,NSE_EQ
668AP35B,757429,NSE_EQ
668AP39,22455,NSE_EQ
668GA30,22405,NSE_EQ
668GJ33,756856,NSE_EQ
668GS2031,7205,NSE_EQ
668GS2033,760623,NSE_EQ
668GS2040,757847,NSE_EQ
668HR38,757035,NSE_EQ
668HR39,22373,NSE_EQ
668JH32,1376,NSE_EQ
668KA36,1437,NSE_EQ
668MZ31,1430,NSE_EQ
668RJ35,756788,NSE_EQ
668TN55,22134,NSE_EQ
668UP30,92,NSE_EQ
668WB30,22411,NSE_EQ
668WB35,1532,NSE_EQ
669GJ34,757109,NSE_EQ
669GJ35,757110,NSE_EQ
669KA37,1379,NSE_EQ
669MP30,21992,NSE_EQ
669PN30,590,NSE_EQ
669TN30,179,NSE_EQ
669TN50,22113,NSE_EQ
669TS40,1655,NSE_EQ
669TS50,22371,NSE_EQ
669UP30,22097,NSE_EQ
66AS30,1163,NSE_EQ
66AS30A,1645,NSE_EQ
66GA30,21389,NSE_EQ
66GA30A,20,NSE_EQ
66GJ29,21650,NSE_EQ
66HP30,1221,NSE_EQ
66KA37,1950,NSE_EQ
66MH31,21937,NSE_EQ
66ML30,1528,NSE_EQ
66ML30A,1712,NSE_EQ
66MN30,1368,NSE_EQ
66MZ30,22017,NSE_EQ
66PN30,1165,NSE_EQ
66RJ30,18,NSE_EQ
66RJ30A,611,NSE_EQ
66RJ30B,1422,NSE_EQ
66RJ30C,1715,NSE_EQ
66SK30,1084,NSE_EQ
66TN29,22129,NSE_EQ
66TN30,22111,NSE_EQ
66UK31,1854,NSE_EQ
66UP30,1086,NSE_EQ
66UP30A,1649,NSE_EQ
66UP31,1842,NSE_EQ
66WB30,1721,NSE_EQ
670GJ33,757731,NSE_EQ
670RECL29,758296,NSE_EQ
670RJ50,22070,NSE_EQ
670TN50,22128,NSE_EQ
671AP35,756858,NSE_EQ
671MN40,757036,NSE_EQ
671RJ30,22077,NSE_EQ
671TN29,6741,NSE_EQ
671TN35,755926,NSE_EQ
671TN35A,757111,NSE_EQ
671TS40,1446,NSE_EQ
671TS50,22457,NSE_EQ
671WB40,1443,NSE_EQ
672AP28,20914,NSE_EQ
672GA30,20913,NSE_EQ
672GJ30,3750,NSE_EQ
672HR35,867,NSE_EQ
672KA33,1166,NSE_EQ
672KL27,2901,NSE_EQ
672MH38,756063,NSE_EQ
672MH40,756065,NSE_EQ
672PN30,21786,NSE_EQ
672RJ30,171,NSE_EQ
672TN27,420,NSE_EQ
672TR40,756814,NSE_EQ
673HPCL30,756705,NSE_EQ
673KL28,21903,NSE_EQ
673MP30,21981,NSE_EQ
673PFCL27,759021,NSE_EQ
673PN40,1382,NSE_EQ
673RJ35,757560,NSE_EQ
673SK30,173,NSE_EQ
673TN30,22122,NSE_EQ
673TN40,1254,NSE_EQ
673TS50,1256,NSE_EQ
674AP37,756859,NSE_EQ
674GA30,165,NSE_EQ
674MH29,758843,NSE_EQ
674SIDBI29,759983,NSE_EQ
674TN50,22112,NSE_EQ
674TS50,1386,NSE_EQ
674UK35,756092,NSE_EQ
674UK35A,757561,NSE_EQ
674UP30,161,NSE_EQ
675AS40,756061,NSE_EQ
675BR27,4980,NSE_EQ
675GJ27,29517,NSE_EQ
675GJ29,6093,NSE_EQ
675GJ31,4575,NSE_EQ
675GS2029,28530,NSE_EQ
675HP29,760063,NSE_EQ
675HR38,756094,NSE_EQ
675KA33,74,NSE_EQ
675KA33A,618,NSE_EQ
675KA34,1092,NSE_EQ
675KA35,1006,NSE_EQ
675MH39,756064,NSE_EQ
675MH40,756097,NSE_EQ
675RJ30,969,NSE_EQ
675RJ30A,759863,NSE_EQ
675RJ31,3195,NSE_EQ
675TR40,756098,NSE_EQ
676AS32,757730,NSE_EQ
676GS2061,2317,NSE_EQ
676JK31,756908,NSE_EQ
676MH37,756062,NSE_EQ
676MP33,95,NSE_EQ
676MP40,1012,NSE_EQ
676PN40,877,NSE_EQ
676RJ31,3641,NSE_EQ
676TN31,5742,NSE_EQ
677AP31,758201,NSE_EQ
677AP38,876,NSE_EQ
677AP40,22422,NSE_EQ
677AS40,757113,NSE_EQ
677BR28,5227,NSE_EQ
677HR39,757112,NSE_EQ
677KA33,22421,NSE_EQ
677KA34,35,NSE_EQ
677KL37,757386,NSE_EQ
677MH30,759907,NSE_EQ
677MH37,756093,NSE_EQ
677MH38,756095,NSE_EQ
677MP37,756864,NSE_EQ
677MP39,756865,NSE_EQ
677OR29,759165,NSE_EQ
677PN43,756099,NSE_EQ
677RJ31,3511,NSE_EQ
677RJ31A,5743,NSE_EQ
677TCL28,759101,NSE_EQ
677TN29,760274,NSE_EQ
677TN31,3364,NSE_EQ
677TN40,757114,NSE_EQ
677WB40,42,NSE_EQ
678AP33,756909,NSE_EQ
678AP37,757385,NSE_EQ
678AP38,3196,NSE_EQ
678AP39,3200,NSE_EQ
678GA31,4578,NSE_EQ
678IRFC30,756331,NSE_EQ
678JK33,3244,NSE_EQ
678KA32,182,NSE_EQ
678KL31,3655,NSE_EQ
678KL40,756866,NSE_EQ
678KL46,756103,NSE_EQ
678MH31,3659,NSE_EQ
678MH32,185,NSE_EQ
678MH39,756096,NSE_EQ
678MN31,3304,NSE_EQ
678RJ30,22063,NSE_EQ
678RJ31,3241,NSE_EQ
678RJ31A,3373,NSE_EQ
678RJ47,756104,NSE_EQ
678SK31,3643,NSE_EQ
678TS50,878,NSE_EQ
678WB35,1169,NSE_EQ
679AP34,1004,NSE_EQ
679AP34A,756906,NSE_EQ
679AP36,756863,NSE_EQ
679AS45,756867,NSE_EQ
679GS2027,7202,NSE_EQ
679GS2029,7195,NSE_EQ
679GS2031,28894,NSE_EQ
679GS2034,25736,NSE_EQ
679GS2034A,27273,NSE_EQ
679HP34,756102,NSE_EQ
679HR30,761319,NSE_EQ
679HR31,3517,NSE_EQ
679JK30,22182,NSE_EQ
679MP33,32,NSE_EQ
679MP40,1095,NSE_EQ
679PN35,1007,NSE_EQ
679PN45,756860,NSE_EQ
679TN55,756709,NSE_EQ
679TS52,756105,NSE_EQ
679TS53,756861,NSE_EQ
679TS56,756710,NSE_EQ
679WB28,4877,NSE_EQ
679WB28A,5344,NSE_EQ
67AS27,2374,NSE_EQ
67GJ30,167,NSE_EQ
67HR30,26,NSE_EQ
67HR39,756813,NSE_EQ
67JK30,23,NSE_EQ
67JK32,1253,NSE_EQ
67KA30,170,NSE_EQ
67KL27,21916,NSE_EQ
67MH28,158,NSE_EQ
67ML30,83,NSE_EQ
67NL30,86,NSE_EQ
67PN30,21719,NSE_EQ
67PN40,22456,NSE_EQ
67RJ35,756091,NSE_EQ
67TR30,89,NSE_EQ
680AP35,757732,NSE_EQ
680GJ34,757910,NSE_EQ
680NHB32,756996,NSE_EQ
680RJ35,757734,NSE_EQ
680TN35,757735,NSE_EQ
681HR39,755854,NSE_EQ
681KL31,4581,NSE_EQ
681MH28,427,NSE_EQ
681MH31,3704,NSE_EQ
681PN31,3755,NSE_EQ
681RL36,757915,NSE_EQ
681TR35,1172,NSE_EQ
682AP36,757384,NSE_EQ
682BR28,5026,NSE_EQ
682CG28,4984,NSE_EQ
682GJ27,25828,NSE_EQ
682JH34,3082,NSE_EQ
682KL32,3077,NSE_EQ
682KL35,3083,NSE_EQ
682MH32,3376,NSE_EQ
682ML31,3238,NSE_EQ
682PN36,3085,NSE_EQ
682RJ31,3259,NSE_EQ
682TN35,757913,NSE_EQ
682TN36,757546,NSE_EQ
683AP34,756857,NSE_EQ
683BR30,7043,NSE_EQ
683GA31,5882,NSE_EQ
683GJ30,297,NSE_EQ
683GS2039,6935,NSE_EQ
683JK42,755855,NSE_EQ
683KA31,6988,NSE_EQ
683KA31A,7045,NSE_EQ
683KA31B,7155,NSE_EQ
683MH30,761454,NSE_EQ
683MH31,4752,NSE_EQ
683MH32,3567,NSE_EQ
683MH32A,3665,NSE_EQ
683MH32B,4580,NSE_EQ
683MN40,757115,NSE_EQ
683TN31,4755,NSE_EQ
683TN31A,7156,NSE_EQ
683WB28,4989,NSE_EQ
683WB31,2925,NSE_EQ
683WB31A,3519,NSE_EQ
684AP37,756911,NSE_EQ
684AP38,757387,NSE_EQ
684AP39,757388,NSE_EQ
684AR31,3257,NSE_EQ
684BR30,7152,NSE_EQ
684GA31,3076,NSE_EQ
684GJ30,454,NSE_EQ
684GJ31,2928,NSE_EQ
684GJ31A,5558,NSE_EQ
684GJ31B,759852,NSE_EQ
684HP35,756910,NSE_EQ
684HR32,3571,NSE_EQ
684JK31,3073,NSE_EQ
684JK31A,758202,NSE_EQ
684JK42,757037,NSE_EQ
684KL30,21913,NSE_EQ
684KL33,3656,NSE_EQ
684KL47,756815,NSE_EQ
684MH32,3520,NSE_EQ
684MZ34,1090,NSE_EQ
684PN31,5883,NSE_EQ
684RJ30,22068,NSE_EQ
684RJ31,3713,NSE_EQ
684RJ31A,4571,NSE_EQ
684RJ31B,6990,NSE_EQ
684TN29,758711,NSE_EQ
684TS40,68,NSE_EQ
684TS56,755925,NSE_EQ
684UK31,2919,NSE_EQ
684UP31,5887,NSE_EQ
685AP36,38,NSE_EQ
685AP41,756913,NSE_EQ
685AR31,2922,NSE_EQ
685AS29,8186,NSE_EQ
685AS31,2930,NSE_EQ
685AS31A,5881,NSE_EQ
685BR30,5556,NSE_EQ
685GA31,2077,NSE_EQ
685GA31A,2910,NSE_EQ
685GA31B,5674,NSE_EQ
685GA31C,7154,NSE_EQ
685KA30,300,NSE_EQ
685ML31,2937,NSE_EQ
685MP31,5677,NSE_EQ
685NBRD29,759019,NSE_EQ
685NL31,3265,NSE_EQ
685NL31A,3710,NSE_EQ
685PFCL31,760799,NSE_EQ
685RJ30,302,NSE_EQ
685RJ31,2079,NSE_EQ
685RJ47,756816,NSE_EQ
685RJ51,756817,NSE_EQ
685TN51,2097,NSE_EQ
685TS50,757119,NSE_EQ
685WB30,22219,NSE_EQ
685WB30A,22226,NSE_EQ
685WB31,5566,NSE_EQ
686AP35,5736,NSE_EQ
686AS35,757733,NSE_EQ
686HP30,6878,NSE_EQ
686JH36,2916,NSE_EQ
686KA30,449,NSE_EQ
686KL35,5737,NSE_EQ
686MH32,3707,NSE_EQ
686NBFID30,759834,NSE_EQ
686NHPCL31,756934,NSE_EQ
686NHPCL32,756932,NSE_EQ
686NHPCL33,756923,NSE_EQ
686NHPCL34,756886,NSE_EQ
686NHPCL35,756888,NSE_EQ
686NHPCL36,756903,NSE_EQ
686NHPCL37,756905,NSE_EQ
686NHPCL38,756919,NSE_EQ
686NHPCL39,756921,NSE_EQ
686NHPCL40,756884,NSE_EQ
686PN33,2940,NSE_EQ
686PY34,2943,NSE_EQ
686REC35,756720,NSE_EQ
686RJ36,5740,NSE_EQ
686RJ52,757041,NSE_EQ
686TN29,760478,NSE_EQ
686TS41,2095,NSE_EQ
686TS46,757117,NSE_EQ
686TS47,757118,NSE_EQ
686UP30,22094,NSE_EQ
686UP33,757932,NSE_EQ
687AP33,757933,NSE_EQ
687AP35,746,NSE_EQ
687AP37,2096,NSE_EQ
687AP38,41,NSE_EQ
687AP40,5741,NSE_EQ
687AS31,5670,NSE_EQ
687AS31A,7041,NSE_EQ
687BR30,5970,NSE_EQ
687BR30A,6877,NSE_EQ
687GJ28,30080,NSE_EQ
687GJ28A,30413,NSE_EQ
687HR31,5536,NSE_EQ
687JH31,5676,NSE_EQ
687KA31,6887,NSE_EQ
687MH30,448,NSE_EQ
687MH33,3379,NSE_EQ
687MH33A,3574,NSE_EQ
687MN31,5691,NSE_EQ
687REC30,756722,NSE_EQ
687RJ31,5561,NSE_EQ
687SK31,6991,NSE_EQ
687TN28,30414,NSE_EQ
687TS47,755856,NSE_EQ
687TS55,755857,NSE_EQ
687UP31,5695,NSE_EQ
688AP34,21138,NSE_EQ
688AP34A,757934,NSE_EQ
688AP35,21054,NSE_EQ
688AP40,756912,NSE_EQ
688BR35,757627,NSE_EQ
688GA31,5557,NSE_EQ
688GJ31,4893,NSE_EQ
688KA31,5986,NSE_EQ
688KA32,7047,NSE_EQ
688MH33,3522,NSE_EQ
688ML35,756907,NSE_EQ
688MN31,2078,NSE_EQ
688MP41,757389,NSE_EQ
688PN45,756914,NSE_EQ
688PN45A,757116,NSE_EQ
688PN46,756915,NSE_EQ
688PY31,22026,NSE_EQ
688RJ46,2089,NSE_EQ
688UK30,22168,NSE_EQ
688UP31,2080,NSE_EQ
688UP31A,4757,NSE_EQ
688WB40,1015,NSE_EQ
689AP35,2086,NSE_EQ
689BR28,2065,NSE_EQ
689GA30,303,NSE_EQ
689GA31,4750,NSE_EQ
689GA31A,5972,NSE_EQ
689GA35,757912,NSE_EQ
689GJ31,5977,NSE_EQ
689KA33,7159,NSE_EQ
689KL51,757040,NSE_EQ
689MH31,4881,NSE_EQ
689MH32,4760,NSE_EQ
689MP35,21983,NSE_EQ
689MP40,767,NSE_EQ
689NL30,759908,NSE_EQ
689NTPC35,756938,NSE_EQ
689OR28A,29696,NSE_EQ
689PN31,5560,NSE_EQ
689PN46,757038,NSE_EQ
689RJ48,757039,NSE_EQ
689TN28,30175,NSE_EQ
689TS51,3266,NSE_EQ
689UP31,5565,NSE_EQ
689WB41,2092,NSE_EQ
68AS30,164,NSE_EQ
68GS2060,22438,NSE_EQ
68JK35,1009,NSE_EQ
68KL31,3070,NSE_EQ
68MH31,4579,NSE_EQ
68MN30,21924,NSE_EQ
68NL31,5744,NSE_EQ
68PN26,21711,NSE_EQ
68RJ31,3752,NSE_EQ
68SK31,5745,NSE_EQ
68TS50,1018,NSE_EQ
68TS50A,1098,NSE_EQ
68TS57,756862,NSE_EQ
68UK31,3067,NSE_EQ
690AP27,20599,NSE_EQ
690BR35,757911,NSE_EQ
690GS2065,756014,NSE_EQ
690LICH27,756852,NSE_EQ
690PFCL31,760800,NSE_EQ
690UP30,22093,NSE_EQ
691AP39,626,NSE_EQ
691AP40,3388,NSE_EQ
691AS30,431,NSE_EQ
691AS31,5969,NSE_EQ
691GJ30,4991,NSE_EQ
691HP31,6879,NSE_EQ
691MH33,5678,NSE_EQ
691MH34,5679,NSE_EQ
691MP40,629,NSE_EQ
691NL30,437,NSE_EQ
691RJ31,4866,NSE_EQ
691RJ31A,5541,NSE_EQ
691RJ31B,5995,NSE_EQ
691TN31,760877,NSE_EQ
691TN31A,761320,NSE_EQ
691UP30,22100,NSE_EQ
691UP30A,439,NSE_EQ
691WB31,6897,NSE_EQ
692AP41,6992,NSE_EQ
692AVTL28,759789,NSE_EQ
692BR32,21161,NSE_EQ
692GS2039,27127,NSE_EQ
692HP33,6881,NSE_EQ
692HP45,757393,NSE_EQ
692HR30,5415,NSE_EQ
692HR36,3382,NSE_EQ
692HR36A,4612,NSE_EQ
692JH28,30174,NSE_EQ
692MP43,757390,NSE_EQ
692OIT28,759505,NSE_EQ
692PFCL28,761026,NSE_EQ
692PN35,21895,NSE_EQ
692RJ30,430,NSE_EQ
692RJ31,6557,NSE_EQ
692TN29,30415,NSE_EQ
692TN30,760556,NSE_EQ
692TN45,757394,NSE_EQ
692TN46,6993,NSE_EQ
692TS44,757391,NSE_EQ
692TS45,757392,NSE_EQ
692UP31,6000,NSE_EQ
692WB45,757395,NSE_EQ
693AP38,5889,NSE_EQ
693GJ31,2230,NSE_EQ
693GJ31A,6320,NSE_EQ
693HP31,5537,NSE_EQ
693HP32,6880,NSE_EQ
693JH30,428,NSE_EQ
693KA32,5987,NSE_EQ
693OR28,30090,NSE_EQ
693SK31,2913,NSE_EQ
693TS37,5896,NSE_EQ
693UP31,6558,NSE_EQ
693UP31A,6744,NSE_EQ
694AP37,3513,NSE_EQ
694AP38,3514,NSE_EQ
694AP41,5897,NSE_EQ
694AS31,6556,NSE_EQ
694CG29,2907,NSE_EQ
694GA30,21139,NSE_EQ
694GS2036,763340,NSE_EQ
694JK36,7044,NSE_EQ
694KL62,757397,NSE_EQ
694MH31,4993,NSE_EQ
694MP35,21979,NSE_EQ
694PGCIL35,756743,NSE_EQ
694RJ33,5886,NSE_EQ
694RJ35,757748,NSE_EQ
694TN50,22126,NSE_EQ
694TN55,757396,NSE_EQ
694TS50,322,NSE_EQ
694TS50A,630,NSE_EQ
694TS60,22207,NSE_EQ
694UK31,4891,NSE_EQ
694UP31,2140,NSE_EQ
694UP31A,4889,NSE_EQ
694WB36,7160,NSE_EQ
695AS30,21162,NSE_EQ
695BR30,6318,NSE_EQ
695GJ31,5033,NSE_EQ
695GS2061,6817,NSE_EQ
695HP29,21141,NSE_EQ
695HP33,20859,NSE_EQ
695HP34,20858,NSE_EQ
695HR33,3696,NSE_EQ
695KA28,25470,NSE_EQ
695KA31,6210,NSE_EQ
695MH31,5035,NSE_EQ
695MH32,4883,NSE_EQ
695MN30,21925,NSE_EQ
695MP30,760557,NSE_EQ
695OR31,758578,NSE_EQ
695PN31,4887,NSE_EQ
695PN40,319,NSE_EQ
695RECL28,761826,NSE_EQ
695RJ31,2137,NSE_EQ
695SK30,22156,NSE_EQ
695TN31,2260,NSE_EQ
695TN31A,4994,NSE_EQ
695TN31B,5471,NSE_EQ
695WB35,22145,NSE_EQ
696AP33,758203,NSE_EQ
696AP34,758188,NSE_EQ
696AP35,3575,NSE_EQ
696AP36,3576,NSE_EQ
696GA31,4880,NSE_EQ
696HR29,8011,NSE_EQ
696HR40,20860,NSE_EQ
696JH29,30416,NSE_EQ
696JK35,314,NSE_EQ
696KA30,30418,NSE_EQ
696KA31,6095,NSE_EQ
696KA31A,7304,NSE_EQ
696KL34,3701,NSE_EQ
696PFCL28,760859,NSE_EQ
696PY30,7511,NSE_EQ
696RJ31,6327,NSE_EQ
696RJ41,2147,NSE_EQ
696TN28,27326,NSE_EQ
696TN31,6481,NSE_EQ
696TN51,3578,NSE_EQ
696TN56,3580,NSE_EQ
696TS45,7055,NSE_EQ
696TS51,3391,NSE_EQ
696UP31,7314,NSE_EQ
697AS31,5416,NSE_EQ
697AS31A,7295,NSE_EQ
697GA31,5469,NSE_EQ
697GR2034,24705,NSE_EQ
697GS2026,7158,NSE_EQ
697KA28,20864,NSE_EQ
697KA30,20912,NSE_EQ
697KA31,311,NSE_EQ
697KL31,5474,NSE_EQ
697MH28,21946,NSE_EQ
697NL31,5418,NSE_EQ
697PN31,5419,NSE_EQ
697PN40,21789,NSE_EQ
697RJ30,22057,NSE_EQ
697RJ31,4997,NSE_EQ
697RJ51,2150,NSE_EQ
697RJ51A,2257,NSE_EQ
697TN28,28180,NSE_EQ
697TN31,5086,NSE_EQ
697TN31A,5173,NSE_EQ
697TN31B,5417,NSE_EQ
697TN31C,6096,NSE_EQ
697TN46,3647,NSE_EQ
697UK35,757749,NSE_EQ
697UP31,5421,NSE_EQ
697UP31A,6099,NSE_EQ
697WB36,2149,NSE_EQ
698AP36,5668,NSE_EQ
698AS31,2134,NSE_EQ
698AS31A,5468,NSE_EQ
698BR30,6478,NSE_EQ
698GA31,7296,NSE_EQ
698GJ30,29912,NSE_EQ
698GJ31,5334,NSE_EQ
698GJ31A,761008,NSE_EQ
698GJ32,759985,NSE_EQ
698GR2054,27819,NSE_EQ
698HP32,5538,NSE_EQ
698HR31,5229,NSE_EQ
698HR41,2146,NSE_EQ
698JK36,5890,NSE_EQ
698MH28,21939,NSE_EQ
698MH37,757547,NSE_EQ
698MP30,21978,NSE_EQ
698OR29,30176,NSE_EQ
698OR37,757925,NSE_EQ
698PGCIL35,758494,NSE_EQ
698PN33,5885,NSE_EQ
698PY33,3079,NSE_EQ
698RJ31,6100,NSE_EQ
698RJ31A,6480,NSE_EQ
698SHFL28,760707,NSE_EQ
698TN31,5037,NSE_EQ
698TN31A,5230,NSE_EQ
698TR30,22138,NSE_EQ
698TS28,22191,NSE_EQ
698TS41,3577,NSE_EQ
698UP31,5473,NSE_EQ
698WB35,22149,NSE_EQ
698WB36,5697,NSE_EQ
698WB37,6749,NSE_EQ
699AR30,20861,NSE_EQ
699AS31,6330,NSE_EQ
699GA30,20862,NSE_EQ
699GA31,4998,NSE_EQ
699GA31A,5027,NSE_EQ
699GA31B,5333,NSE_EQ
699GS2051,6696,NSE_EQ
699HP31,759201,NSE_EQ
699HR31,6211,NSE_EQ
699JH30,22200,NSE_EQ
699JK31,2074,NSE_EQ
699KA28,2735,NSE_EQ
699KL36,5891,NSE_EQ
699MH29,8128,NSE_EQ
699MN30,21922,NSE_EQ
699MP41,6750,NSE_EQ
699NL30,761414,NSE_EQ
699PY29,8284,NSE_EQ
699RJ41,2251,NSE_EQ
699SFL27,757341,NSE_EQ
699TN31,30419,NSE_EQ
699TN32,758831,NSE_EQ
699TN41,3645,NSE_EQ
699TR36,5892,NSE_EQ
699TS28,22190,NSE_EQ
699TS43,6752,NSE_EQ
699UP31,5038,NSE_EQ
699UP31A,5174,NSE_EQ
699UP31B,6350,NSE_EQ
699WB30,5172,NSE_EQ
699WB31,5470,NSE_EQ
699WB35,620,NSE_EQ
699WB36,3089,NSE_EQ
699WB36A,5895,NSE_EQ
69AP32,2081,NSE_EQ
69AP39,3385,NSE_EQ
69AS30,20155,NSE_EQ
69AS30A,294,NSE_EQ
69GA30,20148,NSE_EQ
69GA30A,440,NSE_EQ
69GJ30,3064,NSE_EQ
69HP30,446,NSE_EQ
69JK33,3392,NSE_EQ
69KA27,25699,NSE_EQ
69KA30,20154,NSE_EQ
69KA31,6743,NSE_EQ
69MH30,760840,NSE_EQ
69ML30,306,NSE_EQ
69MN30,21926,NSE_EQ
69MZ33,3523,NSE_EQ
69PY28,7893,NSE_EQ
69PY29,291,NSE_EQ
69RJ29,760479,NSE_EQ
69RJ32,4764,NSE_EQ
69TN31,5997,NSE_EQ
69UK30,22172,NSE_EQ
69UK30A,309,NSE_EQ
69UP30,307,NSE_EQ
700AP37,757736,NSE_EQ
700ML35,758204,NSE_EQ
700TN29,25886,NSE_EQ
701AP39,3762,NSE_EQ
701BR37,757711,NSE_EQ
701GJ31,29047,NSE_EQ
701GJ31A,758924,NSE_EQ
701MH32,5002,NSE_EQ
701MN31,5087,NSE_EQ
701NBRD29,761002,NSE_EQ
701NGEL35,759774,NSE_EQ
701TN32,759735,NSE_EQ
701TN35,30436,NSE_EQ
701UP31,5089,NSE_EQ
702AP30,20863,NSE_EQ
702AP36,6351,NSE_EQ
702AP37,6352,NSE_EQ
702AP41,5569,NSE_EQ
702AS30,20851,NSE_EQ
702AS30A,30417,NSE_EQ
702AS35,758189,NSE_EQ
702BR30,21375,NSE_EQ
702BR30A,758844,NSE_EQ
702GJ31,760905,NSE_EQ
702GJ31A,29697,NSE_EQ
702GJ33,30427,NSE_EQ
702GJ33A,758579,NSE_EQ
702GS2027,23854,NSE_EQ
702GS2031,24072,NSE_EQ
702HP36,2236,NSE_EQ
702HR29,2539,NSE_EQ
702KA31,7524,NSE_EQ
702KA33,7305,NSE_EQ
702KL28,2537,NSE_EQ
702MH29,2670,NSE_EQ
702ML41,5570,NSE_EQ
702MP30,760480,NSE_EQ
702MP35,30431,NSE_EQ
702OIT40,759507,NSE_EQ
702PGCIL35,760264,NSE_EQ
702PN28,2668,NSE_EQ
702RECL40,756741,NSE_EQ
702TN29,27000,NSE_EQ
702TN29A,30177,NSE_EQ
702TN30,8287,NSE_EQ
702TN31,7533,NSE_EQ
702UP31,5335,NSE_EQ
702UP32,759736,NSE_EQ
702WB31,5039,NSE_EQ
703AP40,475,NSE_EQ
703AS31,7512,NSE_EQ
703CG30,25484,NSE_EQ
703GJ32,760878,NSE_EQ
703GJ35,29281,NSE_EQ
703HP31,7519,NSE_EQ
703HR35,30430,NSE_EQ
703HR39,757435,NSE_EQ
703HR40,21236,NSE_EQ
703KA32,6104,NSE_EQ
703KA33,30428,NSE_EQ
703KL30,21915,NSE_EQ
703MH38,757548,NSE_EQ
703MN31,6479,NSE_EQ
703MP31,2239,NSE_EQ
703NBFID30,755988,NSE_EQ
703NL30,21997,NSE_EQ
703OR31,29278,NSE_EQ
703PY28,22029,NSE_EQ
703RJ30,22076,NSE_EQ
703RJ31,7531,NSE_EQ
703RJ36,2248,NSE_EQ
703TN29,25212,NSE_EQ
703TN29A,28824,NSE_EQ
703TN30,8321,NSE_EQ
703TN31,761415,NSE_EQ
703TN46,3719,NSE_EQ
703TN51,3722,NSE_EQ
703TS51,4556,NSE_EQ
703UP30,22087,NSE_EQ
704AP33,30424,NSE_EQ
704AP34,5967,NSE_EQ
704AP40,3689,NSE_EQ
704AP41,3692,NSE_EQ
704GJ30,20359,NSE_EQ
704GJ32,27327,NSE_EQ
704GJ33,27660,NSE_EQ
704GS2029,23919,NSE_EQ
704HR37,30438,NSE_EQ
704HR40,757551,NSE_EQ
704IRFC28,29607,NSE_EQ
704JK36,3697,NSE_EQ
704KA32,30422,NSE_EQ
704KL34,5539,NSE_EQ
704MH29,2542,NSE_EQ
704MH40,757552,NSE_EQ
704ML30,22012,NSE_EQ
704MP30,21965,NSE_EQ
704MZ30,22019,NSE_EQ
704MZ33,2143,NSE_EQ
704NBFID35,755873,NSE_EQ
704REC28,29614,NSE_EQ
704RJ30,22048,NSE_EQ
704RJ32,30423,NSE_EQ
704RJ36,4780,NSE_EQ
704SIDBI29,760722,NSE_EQ
704TN30,7812,NSE_EQ
704TN30A,8134,NSE_EQ
704TN30B,30178,NSE_EQ
704TS32,7315,NSE_EQ
704TS51,3767,NSE_EQ
704UK30,22170,NSE_EQ
704UP30,22085,NSE_EQ
704UP31,7534,NSE_EQ
704WB35,315,NSE_EQ
705AP31,21237,NSE_EQ
705AP35,5527,NSE_EQ
705AP39,757434,NSE_EQ
705AS30,20774,NSE_EQ
705AS31,25489,NSE_EQ
705GJ28,24838,NSE_EQ
705GJ29,27183,NSE_EQ
705GJ31,27113,NSE_EQ
705GJ32,29051,NSE_EQ
705GJ34,29279,NSE_EQ
705HP35,2233,NSE_EQ
705HR38,757549,NSE_EQ
705HR40,321,NSE_EQ
705JCL27,759472,NSE_EQ
705JH30,22198,NSE_EQ
705KL30,21899,NSE_EQ
705KL36,5991,NSE_EQ
705MH32,466,NSE_EQ
705MN30,21920,NSE_EQ
705MP32,30420,NSE_EQ
705MZ29,8130,NSE_EQ
705MZ35,316,NSE_EQ
705NL30,21994,NSE_EQ
705NL31,2242,NSE_EQ
705OR35,30433,NSE_EQ
705PFCL41,760808,NSE_EQ
705PN31,2135,NSE_EQ
705RJ31,2245,NSE_EQ
705RJ37,30439,NSE_EQ
705RJ41,3716,NSE_EQ
705SFL27,758829,NSE_EQ
705SFL28,760310,NSE_EQ
705SFL28A,760035,NSE_EQ
705TN26,22119,NSE_EQ
705TN31,759167,NSE_EQ
705TS35,5526,NSE_EQ
705TS41,3725,NSE_EQ
705UK29,25765,NSE_EQ
705UK31,7535,NSE_EQ
705UK32,30421,NSE_EQ
705WB30,22143,NSE_EQ
705WB31,2265,NSE_EQ
705WB36,6001,NSE_EQ
705WB36A,7319,NSE_EQ
706AP30,20737,NSE_EQ
706CG29,2740,NSE_EQ
706GJ29,24839,NSE_EQ
706GJ30,29995,NSE_EQ
706GJ32,8189,NSE_EQ
706GJ33,759385,NSE_EQ
706GJ34,29057,NSE_EQ
706GS2028,14970,NSE_EQ
706GS2046,7184,NSE_EQ
706HR39,757751,NSE_EQ
706JK33,6484,NSE_EQ
706KL38,4790,NSE_EQ
706KL39,5545,NSE_EQ
706KL41,4793,NSE_EQ
706KL55,30454,NSE_EQ
706MZ34,5992,NSE_EQ
706OR31A,29698,NSE_EQ
706RECL35,757575,NSE_EQ
706RJ35,30434,NSE_EQ
706RJ38,757750,NSE_EQ
706TCHE28,760405,NSE_EQ
706TN29,25006,NSE_EQ
706TN29A,25105,NSE_EQ
706TS41,4792,NSE_EQ
706UK30,22166,NSE_EQ
706UK30A,27001,NSE_EQ
706UK32,759986,NSE_EQ
706WB36,4782,NSE_EQ
707AP34,29498,NSE_EQ
707AP36,30412,NSE_EQ
707AS31,2266,NSE_EQ
707GJ30,760501,NSE_EQ
707GJ31,2381,NSE_EQ
707GJ32,29568,NSE_EQ
707GJ32A,759026,NSE_EQ
707GJ33,760004,NSE_EQ
707GJ34,29499,NSE_EQ
707GJ34A,759308,NSE_EQ
707HR37,4784,NSE_EQ
707JK30,20796,NSE_EQ
707KA29,27184,NSE_EQ
707LICH30,756707,NSE_EQ
707MH32,25491,NSE_EQ
707MH33,759737,NSE_EQ
707MP32,460,NSE_EQ
707RJ46,3763,NSE_EQ
707TN38,7318,NSE_EQ
707TN55,757715,NSE_EQ
707TS52,30452,NSE_EQ
707TS55,30453,NSE_EQ
707WB37,757926,NSE_EQ
70826LTF28,759287,NSE_EQ
708AP35,6485,NSE_EQ
708AP35A,29520,NSE_EQ
708AP37,30437,NSE_EQ
708AP40,6487,NSE_EQ
708AP40A,757437,NSE_EQ
708CG29,2380,NSE_EQ
708CG30,22159,NSE_EQ
708GJ31,2671,NSE_EQ
708GJ33,27114,NSE_EQ
708GJ33B,29708,NSE_EQ
708GJ34,29569,NSE_EQ
708HP34,25830,NSE_EQ
708HR39,30440,NSE_EQ
708IIFCL35,757058,NSE_EQ
708JCL28,757345,NSE_EQ
708JK36,5544,NSE_EQ
708JK46,27688,NSE_EQ
708JK46A,757554,NSE_EQ
708JK55,29301,NSE_EQ
708KA31,20797,NSE_EQ
708KA31A,29572,NSE_EQ
708KA34,468,NSE_EQ
708KA34A,6212,NSE_EQ
708KA34B,25831,NSE_EQ
708KL31,27151,NSE_EQ
708KL40,30443,NSE_EQ
708MH31,2383,NSE_EQ
708MH39,757550,NSE_EQ
708MP29,8351,NSE_EQ
708MZ39,757436,NSE_EQ
708OR33,759306,NSE_EQ
708PFCL35,759981,NSE_EQ
708PGC34,25905,NSE_EQ
708PN34,27320,NSE_EQ
708PY26,22025,NSE_EQ
708RJ30,22035,NSE_EQ
708RJ34,27314,NSE_EQ
708TFSIL27,760429,NSE_EQ
708TML28,757123,NSE_EQ
708TML28A,757125,NSE_EQ
708TN30,29998,NSE_EQ
708TN34,27321,NSE_EQ
708TS42,6488,NSE_EQ
708TS49,29298,NSE_EQ
708TS56,757441,NSE_EQ
708TS57,757442,NSE_EQ
708UK29,763201,NSE_EQ
708UP31,2264,NSE_EQ
708UP32,25829,NSE_EQ
708UP38,27686,NSE_EQ
708WB41,6361,NSE_EQ
709AP35,30429,NSE_EQ
709AP39,5968,NSE_EQ
709AS32,8187,NSE_EQ
709GJ32,8289,NSE_EQ
709GS2054,24949,NSE_EQ
709GS2074,27170,NSE_EQ
709HR29,8569,NSE_EQ
709HR37,27672,NSE_EQ
709HR40,30441,NSE_EQ
709IRFC34,27951,NSE_EQ
709KA30,20313,NSE_EQ
709KA30A,27185,NSE_EQ
709KA35,25827,NSE_EQ
709KL36,4748,NSE_EQ
709KL52,757557,NSE_EQ
709MP30,21991,NSE_EQ
709PY31,759168,NSE_EQ
709PY34,25832,NSE_EQ
709PY40,757438,NSE_EQ
709RJ32,8191,NSE_EQ
709RJ35,25825,NSE_EQ
709RJ43,757553,NSE_EQ
709RL39,27057,NSE_EQ
709TN30,8489,NSE_EQ
709TN30A,30069,NSE_EQ
709TN32,760064,NSE_EQ
709TN35,29575,NSE_EQ
709TN35A,758584,NSE_EQ
709TN55,757558,NSE_EQ
709TS34,5343,NSE_EQ
709TS40,5998,NSE_EQ
709TS58,756790,NSE_EQ
709TS59,756791,NSE_EQ
709TS60,756792,NSE_EQ
709TS60A,757937,NSE_EQ
709TS61,756793,NSE_EQ
709TS63,757924,NSE_EQ
709UP30,22096,NSE_EQ
709WB40,472,NSE_EQ
70AP38,3758,NSE_EQ
70AP38A,6563,NSE_EQ
70AP39,318,NSE_EQ
70AP39A,5567,NSE_EQ
70AP39B,6564,NSE_EQ
70CG29,25351,NSE_EQ
70GA31,6483,NSE_EQ
70GA31A,7513,NSE_EQ
70JH33,5983,NSE_EQ
70JK33,7307,NSE_EQ
70KA30,25700,NSE_EQ
70MH28,21944,NSE_EQ
70MN31,4885,NSE_EQ
70MN31A,6101,NSE_EQ
70MN31B,7530,NSE_EQ
70MP31,5034,NSE_EQ
70MZ34,5559,NSE_EQ
70NL31,6103,NSE_EQ
70NL31A,7316,NSE_EQ
70OR30,29518,NSE_EQ
70RJ31,5036,NSE_EQ
70TN29,30099,NSE_EQ
70TN31,5336,NSE_EQ
70TN31A,758712,NSE_EQ
70TS36,5568,NSE_EQ
70TS51,2227,NSE_EQ
70UK31,5040,NSE_EQ
70UP30,22088,NSE_EQ
70WB31,5231,NSE_EQ
70WB31A,6482,NSE_EQ
710AP34,27328,NSE_EQ
710BOB33,761108,NSE_EQ
710GJ30,20099,NSE_EQ
710GR2028,14971,NSE_EQ
710GS2029,9047,NSE_EQ
710JK44,27317,NSE_EQ
710JK49,28278,NSE_EQ
710KA32,29048,NSE_EQ
710KA33,29052,NSE_EQ
710KA35,25884,NSE_EQ
710KL42,28256,NSE_EQ
710NBRD29,760782,NSE_EQ
710PFCL35,27617,NSE_EQ
710PFCL36,760803,NSE_EQ
710PFCL40,759574,NSE_EQ
710RECL35,28479,NSE_EQ
710RJ46,28267,NSE_EQ
710RJ50,29296,NSE_EQ
710RJ51,29300,NSE_EQ
710TN34,27664,NSE_EQ
710TN54,28279,NSE_EQ
710TS44,27324,NSE_EQ
710TS45,27325,NSE_EQ
710TS46,28272,NSE_EQ
710TS47,28277,NSE_EQ
710TS50,29299,NSE_EQ
710TS57,757936,NSE_EQ
710UK30,22164,NSE_EQ
710UP30,22083,NSE_EQ
710UP32,27154,NSE_EQ
711AP38,25685,NSE_EQ
711AP38A,27316,NSE_EQ
711AP38B,29505,NSE_EQ
711AP39,27323,NSE_EQ
711AR44,28260,NSE_EQ
711AS30,20100,NSE_EQ
711AS45,29294,NSE_EQ
711BR33,25353,NSE_EQ
711BR33A,25701,NSE_EQ
711BR33B,25883,NSE_EQ
711BR45,29293,NSE_EQ
711CG30,22157,NSE_EQ
711GJ31,2721,NSE_EQ
711GJ33,28815,NSE_EQ
711HP28,20041,NSE_EQ
711HP30,20040,NSE_EQ
711HP34,27313,NSE_EQ
711JK55,29001,NSE_EQ
711KA33,29573,NSE_EQ
711KA35,28220,NSE_EQ
711KA35A,29500,NSE_EQ
711MH29,8935,NSE_EQ
711MH36,25499,NSE_EQ
711MH38,29061,NSE_EQ
711ML33,28205,NSE_EQ
711MP30,21963,NSE_EQ
711MZ30,22020,NSE_EQ
711OR37,29504,NSE_EQ
711PFCL40,27598,NSE_EQ
711PN44,25833,NSE_EQ
711RJ34,28211,NSE_EQ
711SDIL30,759601,NSE_EQ
711TN34,27153,NSE_EQ
711TN34A,28825,NSE_EQ
711TN45,29292,NSE_EQ
711TN55,29072,NSE_EQ
711TS45,25834,NSE_EQ
711TS47,29297,NSE_EQ
711TS55,29071,NSE_EQ
711UK30,22169,NSE_EQ
711WB44,757713,NSE_EQ
711WB47,756789,NSE_EQ
7123TCHF27,756823,NSE_EQ
712AP35,5041,NSE_EQ
712AP37,4789,NSE_EQ
712AS32,7691,NSE_EQ
712AS32A,8295,NSE_EQ
712AS34,27318,NSE_EQ
712BR33,25493,NSE_EQ
712BR34,28213,NSE_EQ
712BR37,29282,NSE_EQ
712BR37A,29502,NSE_EQ
712EXIM30,30489,NSE_EQ
712GA34,25498,NSE_EQ
712GA34A,25885,NSE_EQ
712GA35,25704,NSE_EQ
712GA36,758408,NSE_EQ
712GJ32,8324,NSE_EQ
712GJ35,29237,NSE_EQ
712GJ37A,29694,NSE_EQ
712HP36,28226,NSE_EQ
712HR36,25501,NSE_EQ
712HR36A,25705,NSE_EQ
712HR37,27117,NSE_EQ
712HR40,20775,NSE_EQ
712HR41,757651,NSE_EQ
712INBK34,25931,NSE_EQ
712JK37,8334,NSE_EQ
712KA33,25767,NSE_EQ
712KA34,7539,NSE_EQ
712KA36,28233,NSE_EQ
712KA37,8196,NSE_EQ
712KL35,27315,NSE_EQ
712LTFL27,757970,NSE_EQ
712LTFL28,757828,NSE_EQ
712MH36,25356,NSE_EQ
712MH36A,29501,NSE_EQ
712MH38,25502,NSE_EQ
712MH38A,29507,NSE_EQ
712MH43,25476,NSE_EQ
712MH47,757928,NSE_EQ
712ML34,25703,NSE_EQ
712MN40,30444,NSE_EQ
712MP35,21966,NSE_EQ
712MP36,25500,NSE_EQ
712MP47,29005,NSE_EQ
712MPL28,759903,NSE_EQ
712MZ34,5003,NSE_EQ
712OIT40,759526,NSE_EQ
712PGCIL34,28615,NSE_EQ
712PN36,27322,NSE_EQ
712PN37,8197,NSE_EQ
712PN45,29295,NSE_EQ
712RJ39,28235,NSE_EQ
712SHFL30,758143,NSE_EQ
712TACA28,759836,NSE_EQ
712TN30,8352,NSE_EQ
712TN32,761019,NSE_EQ
712TN34,25769,NSE_EQ
712TN34A,27003,NSE_EQ
712TN55,29242,NSE_EQ
712TS39,25686,NSE_EQ
712TS51,29006,NSE_EQ
712TS54,29070,NSE_EQ
712UP32,7709,NSE_EQ
712UP33,758583,NSE_EQ
712UP33A,759307,NSE_EQ
712UP33B,759853,NSE_EQ
712WB36,7548,NSE_EQ
712WB51,5542,NSE_EQ
713AP36,4766,NSE_EQ
713AP36A,6112,NSE_EQ
713AP39,8335,NSE_EQ
713AP40,8193,NSE_EQ
713AP41,8194,NSE_EQ
713AS31,758713,NSE_EQ
713AS34,25355,NSE_EQ
713AS34A,25770,NSE_EQ
713AS39,25691,NSE_EQ
713BR32,8298,NSE_EQ
713BR34,27002,NSE_EQ
713BR34A,27149,NSE_EQ
713BR34B,27319,NSE_EQ
713GA34,27150,NSE_EQ
713HP39,27116,NSE_EQ
713HR32,7692,NSE_EQ
713HR36,25359,NSE_EQ
713HR36A,27004,NSE_EQ
713HR42,8336,NSE_EQ
713JK34,8192,NSE_EQ
713KA34A,29709,NSE_EQ
713KA38,8301,NSE_EQ
713KA39,8302,NSE_EQ
713KA41,29285,NSE_EQ
713KL46,4897,NSE_EQ
713KL58,757744,NSE_EQ
713MH37,25360,NSE_EQ
713MH37A,25773,NSE_EQ
713MH37B,29503,NSE_EQ
713MH43,25364,NSE_EQ
713MH48,757935,NSE_EQ
713MZ39,28241,NSE_EQ
713PN50,757439,NSE_EQ
713RJ29,8680,NSE_EQ
713RJ31,2673,NSE_EQ
713RJ34,25957,NSE_EQ
713RJ35,29280,NSE_EQ
713RJ39,25474,NSE_EQ
713RJ41,4869,NSE_EQ
713RJ46,25481,NSE_EQ
713TN30,8570,NSE_EQ
713TN34,25956,NSE_EQ
713TN47,8198,NSE_EQ
713TS34,8333,NSE_EQ
713TS36,25357,NSE_EQ
713TS37,8299,NSE_EQ
713TS39,27115,NSE_EQ
713TS49,29069,NSE_EQ
713TS55,757656,NSE_EQ
713UK32,29049,NSE_EQ
713WB40,28250,NSE_EQ
713WB42,29286,NSE_EQ
713WB44,29291,NSE_EQ
714AP33,759386,NSE_EQ
714AP34,20019,NSE_EQ
714AP34A,27187,NSE_EQ
714AP35,7540,NSE_EQ
714AP36,5044,NSE_EQ
714AP37,5234,NSE_EQ
714AP40,7549,NSE_EQ
714AP41,5236,NSE_EQ
714AP41A,6115,NSE_EQ
714AP41B,7550,NSE_EQ
714AP44,25696,NSE_EQ
714AP48,25698,NSE_EQ
714BR30,20016,NSE_EQ
714BR33,25768,NSE_EQ
714BR37,29565,NSE_EQ
714BR45,29236,NSE_EQ
714CG32,30181,NSE_EQ
714CG33,29567,NSE_EQ
714EXIM29,27811,NSE_EQ
714GA30,20667,NSE_EQ
714HP33,7536,NSE_EQ
714HR31,2743,NSE_EQ
714HR38,29238,NSE_EQ
714HR38A,29283,NSE_EQ
714HR38B,29570,NSE_EQ
714JK36,7543,NSE_EQ
714JK40,757628,NSE_EQ
714JK51,28817,NSE_EQ
714KA29,22218,NSE_EQ
714KA29A,22225,NSE_EQ
714KA32,7813,NSE_EQ
714KL35,7541,NSE_EQ
714KL45,29240,NSE_EQ
714KL47,25365,NSE_EQ
714MH29,21941,NSE_EQ
714MH39,29508,NSE_EQ
714MH43,29064,NSE_EQ
714MH45,757654,NSE_EQ
714MH46,757655,NSE_EQ
714MP32,30179,NSE_EQ
714MP41,757652,NSE_EQ
714MP43,25477,NSE_EQ
714MP45,28820,NSE_EQ
714MZ33,759738,NSE_EQ
714MZ40,757650,NSE_EQ
714NHB34,27130,NSE_EQ
714NL30,759166,NSE_EQ
714NL30A,760336,NSE_EQ
714NPC39,28371,NSE_EQ
714PN32,7708,NSE_EQ
714PN36,7544,NSE_EQ
714PN49,25483,NSE_EQ
714PY30,760335,NSE_EQ
714PY31A,29707,NSE_EQ
714PY35,28823,NSE_EQ
714RJ30,22074,NSE_EQ
714RJ32,7819,NSE_EQ
714RJ37A,29695,NSE_EQ
714SDIL32,758161,NSE_EQ
714SECIL35,759949,NSE_EQ
714SK30,22154,NSE_EQ
714SK34,25771,NSE_EQ
714TFSIL28,760643,NSE_EQ
714TN32,8325,NSE_EQ
714TN34,27190,NSE_EQ
714TN34A,760013,NSE_EQ
714TN35,758816,NSE_EQ
714TN35A,759549,NSE_EQ
714TN44,28826,NSE_EQ
714TS33,7538,NSE_EQ
714TS41,5237,NSE_EQ
714TS42,25692,NSE_EQ
714TS49,757740,NSE_EQ
714TS55,757743,NSE_EQ
714UK32,29519,NSE_EQ
714UP30,22095,NSE_EQ
714WB32,7710,NSE_EQ
715AP31,20772,NSE_EQ
715AP32,20773,NSE_EQ
715AP36,20919,NSE_EQ
715AP37,5004,NSE_EQ
715AP39,25962,NSE_EQ
715AP42,27007,NSE_EQ
715AP47,27009,NSE_EQ
715AS35,29058,NSE_EQ
715AS35B,29692,NSE_EQ
715BR34,25958,NSE_EQ
715BR34A,28814,NSE_EQ
715BR35,29059,NSE_EQ
715BR37,29235,NSE_EQ
715BR37B,29704,NSE_EQ
715BR40,29063,NSE_EQ
715GA30,20546,NSE_EQ
715GA32,8326,NSE_EQ
715HP50,757741,NSE_EQ
715HR28,9333,NSE_EQ
715HR38,29060,NSE_EQ
715HR40,757752,NSE_EQ
715INBK36,761579,NSE_EQ
715IRFC34,28895,NSE_EQ
715IRFC39,27121,NSE_EQ
715JK32,457,NSE_EQ
715KA31,760615,NSE_EQ
715KA36,25959,NSE_EQ
715KA38,29239,NSE_EQ
715KA42,29002,NSE_EQ
715KA43,29003,NSE_EQ
715KL39,25960,NSE_EQ
715KL40,27005,NSE_EQ
715MH45,757737,NSE_EQ
715MH46,757738,NSE_EQ
715MH47,757739,NSE_EQ
715MH49,757929,NSE_EQ
715MN39,25961,NSE_EQ
715MN39A,28821,NSE_EQ
715MP35,25772,NSE_EQ
715MP43,25776,NSE_EQ
715MP43A,757653,NSE_EQ
715MZ39,25774,NSE_EQ
715MZ40,27006,NSE_EQ
715NBFID35,756169,NSE_EQ
715NBFID40,759733,NSE_EQ
715NL34,28822,NSE_EQ
715OR38,27152,NSE_EQ
715PN44,25479,NSE_EQ
715PY39A,29710,NSE_EQ
715RJ30,22054,NSE_EQ
715RJ31,2545,NSE_EQ
715RJ31A,2744,NSE_EQ
715RJ35,30159,NSE_EQ
715RJ42,25475,NSE_EQ
715RJ53,757833,NSE_EQ
715SHFL28,757896,NSE_EQ
715SHFL30,757047,NSE_EQ
715TN27,22120,NSE_EQ
715TN32,759181,NSE_EQ
715TN33,30182,NSE_EQ
715TN35,29241,NSE_EQ
715UK30,28828,NSE_EQ
715UP32,7821,NSE_EQ
715UP35,758818,NSE_EQ
715UP37,29007,NSE_EQ
715UP37A,30160,NSE_EQ
715WB35,22150,NSE_EQ
715WB40,29009,NSE_EQ
715WB44,25478,NSE_EQ
715WB44A,25697,NSE_EQ
715WB45,25480,NSE_EQ
715WB52,757742,NSE_EQ
716AP40,29512,NSE_EQ
716AP47,25966,NSE_EQ
716AR44,27205,NSE_EQ
716AS40,29513,NSE_EQ
716CG33,30184,NSE_EQ
716CG34,30185,NSE_EQ
716GA31,2746,NSE_EQ
716GJ31,760502,NSE_EQ
716GS2050,18561,NSE_EQ
716HR27,15966,NSE_EQ
716HR37,28816,NSE_EQ
716HR38A,29706,NSE_EQ
716JK49,25775,NSE_EQ
716KA30,20845,NSE_EQ
716KA31,760560,NSE_EQ
716KA32,29913,NSE_EQ
716KA36,8190,NSE_EQ
716KA36B,29693,NSE_EQ
716KA40,28818,NSE_EQ
716KL30,21914,NSE_EQ
716KL38,29506,NSE_EQ
716MH50,757930,NSE_EQ
716MH55,758199,NSE_EQ
716ML31,2756,NSE_EQ
716MP37A,29705,NSE_EQ
716MP40A,29701,NSE_EQ
716MP44,27206,NSE_EQ
716MZ35,29574,NSE_EQ
716OR50,757831,NSE_EQ
716PFCL40,28786,NSE_EQ
716PY40A,29700,NSE_EQ
716RJ34,27189,NSE_EQ
716RJ35,759856,NSE_EQ
716RJ45,25965,NSE_EQ
716TN32,760337,NSE_EQ
716TN35,759854,NSE_EQ
716TN54,25969,NSE_EQ
716TN54A,27207,NSE_EQ
716TS47,25967,NSE_EQ
716TS49,25968,NSE_EQ
716UBI36,761517,NSE_EQ
716UP29,22090,NSE_EQ
716UP31,2759,NSE_EQ
716UP39,28827,NSE_EQ
716UP39B,29699,NSE_EQ
716WB39,28829,NSE_EQ
716WB42,29010,NSE_EQ
717AP32,29497,NSE_EQ
717AP37,28992,NSE_EQ
717AP38,28993,NSE_EQ
717AP39,28995,NSE_EQ
717AP43,25963,NSE_EQ
717AS31,2548,NSE_EQ
717BR30,22216,NSE_EQ
717BR30A,22223,NSE_EQ
717BR32,8327,NSE_EQ
717CG30,22160,NSE_EQ
717GA35,27197,NSE_EQ
717GA35A,758585,NSE_EQ
717GJ30,22214,NSE_EQ
717GJ30A,22222,NSE_EQ
717GJ32,760841,NSE_EQ
717GJ34,760067,NSE_EQ
717GS2028,7208,NSE_EQ
717GS2030,15050,NSE_EQ
717HP30,20846,NSE_EQ
717HR29,20310,NSE_EQ
717HR30,20849,NSE_EQ
717IRFC35,30487,NSE_EQ
717KA29,20573,NSE_EQ
717KA30,20918,NSE_EQ
717KL32,8329,NSE_EQ
717KL38,30161,NSE_EQ
717KL51,757832,NSE_EQ
717MH37,29926,NSE_EQ
717MH54,758198,NSE_EQ
717ML31,2551,NSE_EQ
717MP29,21976,NSE_EQ
717MP31,30085,NSE_EQ
717MP35,21973,NSE_EQ
717MP38,29004,NSE_EQ
717MP41,28819,NSE_EQ
717OR30,30091,NSE_EQ
717OR40,30164,NSE_EQ
717PN30,22212,NSE_EQ
717PN30A,22220,NSE_EQ
717PN44,25964,NSE_EQ
717RJ30,22044,NSE_EQ
717RJ32,8331,NSE_EQ
717RJ35,29920,NSE_EQ
717RJ52,758197,NSE_EQ
717SHFL30,757565,NSE_EQ
717SIHF28,758872,NSE_EQ
717TCHFL30,756825,NSE_EQ
717TN29,22123,NSE_EQ
717TN30,8681,NSE_EQ
717TN33,29914,NSE_EQ
717TN45,29576,NSE_EQ
717TR30,22140,NSE_EQ
717TS41,5090,NSE_EQ
717UK29,22167,NSE_EQ
717UK32,30180,NSE_EQ
717UP31,2676,NSE_EQ
717UP33,30183,NSE_EQ
717UP39,30162,NSE_EQ
717WB32,8332,NSE_EQ
717WB42,28831,NSE_EQ
718AP28,20309,NSE_EQ
718AP33,20020,NSE_EQ
718AP40,7713,NSE_EQ
718AP40A,27203,NSE_EQ
718AS29,20311,NSE_EQ
718AS30,20146,NSE_EQ
718BR30,20109,NSE_EQ
718BR34,27188,NSE_EQ
718BR45,29566,NSE_EQ
718BR45B,29702,NSE_EQ
718CG27,22161,NSE_EQ
718CG30,22163,NSE_EQ
718GJ28,16651,NSE_EQ
718GJ30,20696,NSE_EQ
718GS2033,18025,NSE_EQ
718GS2037,17398,NSE_EQ
718HP32,20108,NSE_EQ
718HR38,28996,NSE_EQ
718HR41,2407,NSE_EQ
718JK45,29571,NSE_EQ
718JK45A,757927,NSE_EQ
718KA33,7694,NSE_EQ
718KL29,21912,NSE_EQ
718KL50,29523,NSE_EQ
718KL50A,30172,NSE_EQ
718MH30,8934,NSE_EQ
718MH33,758845,NSE_EQ
718MH38,29929,NSE_EQ
718MH39,29930,NSE_EQ
718MN31,2679,NSE_EQ
718MP30,21972,NSE_EQ
718MP46,30167,NSE_EQ
718MP48A,29703,NSE_EQ
718MP49,30171,NSE_EQ
718MZ40,30163,NSE_EQ
718OR46,30168,NSE_EQ
718RJ29,22060,NSE_EQ
718RJ30,22072,NSE_EQ
718RJ38,27201,NSE_EQ
718SFL28,757900,NSE_EQ
718SK31,2681,NSE_EQ
718TN33,760065,NSE_EQ
718TN35,30070,NSE_EQ
718TN36,29924,NSE_EQ
718TN45,30165,NSE_EQ
718TN55,29524,NSE_EQ
718TN55A,29579,NSE_EQ
718TN55B,30173,NSE_EQ
718TS33,7690,NSE_EQ
718TS47,29521,NSE_EQ
718TS49,29522,NSE_EQ
718TS51,4900,NSE_EQ
718UP30,22213,NSE_EQ
718UP30A,22221,NSE_EQ
718UP35,759855,NSE_EQ
718WB35,22144,NSE_EQ
718WB39,27202,NSE_EQ
718WB41,27204,NSE_EQ
718WB45,30166,NSE_EQ
718WB46,30169,NSE_EQ
718WB47,30170,NSE_EQ
719AP34,20147,NSE_EQ
719AP38,5005,NSE_EQ
719AS34,28813,NSE_EQ
719BR45,29514,NSE_EQ
719CG35,29922,NSE_EQ
719CG35A,760014,NSE_EQ
719GJ33,760275,NSE_EQ
719GS2060,18474,NSE_EQ
719HR37,27199,NSE_EQ
719HUDCO28,29650,NSE_EQ
719JCL28,757898,NSE_EQ
719JK29,20959,NSE_EQ
719KA32,760503,NSE_EQ
719KA32A,760906,NSE_EQ
719KA39,2768,NSE_EQ
719KA40,2771,NSE_EQ
719KL51,5479,NSE_EQ
719LT34,27376,NSE_EQ
719MH40,29932,NSE_EQ
719ML41,4895,NSE_EQ
719MP38,27200,NSE_EQ
719MP40,21967,NSE_EQ
719OR35,29919,NSE_EQ
719OR40,29935,NSE_EQ
719PN37,7714,NSE_EQ
719PN40,757784,NSE_EQ
719PN45,29515,NSE_EQ
719PN49,757914,NSE_EQ
719RECL31,761311,NSE_EQ
719RJ35,30097,NSE_EQ
719SK31,2384,NSE_EQ
719TN30,22125,NSE_EQ
719TN32,8491,NSE_EQ
719TN32A,25106,NSE_EQ
719TN33,759182,NSE_EQ
719TN34,24895,NSE_EQ
719TN35,22110,NSE_EQ
719TN42,8337,NSE_EQ
719TS44,758194,NSE_EQ
719TS46,29516,NSE_EQ
719TS49,758196,NSE_EQ
719UP29,22092,NSE_EQ
719UP31,2552,NSE_EQ
719UP36,27198,NSE_EQ
719WB29,22148,NSE_EQ
719WB36,2762,NSE_EQ
71ABHFL27,757995,NSE_EQ
71AP37,469,NSE_EQ
71AS45,30447,NSE_EQ
71GS2034,23463,NSE_EQ
71HP40,30442,NSE_EQ
71HR33,759217,NSE_EQ
71JK30,20018,NSE_EQ
71JK33,4894,NSE_EQ
71JK33A,5342,NSE_EQ
71KA32,7693,NSE_EQ
71KA32A,25766,NSE_EQ
71KL34,25702,NSE_EQ
71KL43,30445,NSE_EQ
71KL45,757714,NSE_EQ
71MH32,313,NSE_EQ
71MH32A,25764,NSE_EQ
71MH33,25352,NSE_EQ
71MH36,5232,NSE_EQ
71MN40,757712,NSE_EQ
71NL35,30432,NSE_EQ
71PN45,30448,NSE_EQ
71RJ34,25494,NSE_EQ
71RJ43,30446,NSE_EQ
71SK35,30435,NSE_EQ
71TN32,8292,NSE_EQ
71TN32A,27186,NSE_EQ
71TN34,25354,NSE_EQ
71TS55,757440,NSE_EQ
71WB30,22151,NSE_EQ
71WB45,30449,NSE_EQ
71WB46,30450,NSE_EQ
71WB47,30451,NSE_EQ
71WB50,757555,NSE_EQ
71WB51,757556,NSE_EQ
72092LTF27,757045,NSE_EQ
720AR30,20518,NSE_EQ
720AS30,20358,NSE_EQ
720CL30,760528,NSE_EQ
720LT35,29233,NSE_EQ
720MH34,25010,NSE_EQ
720ML30,22010,NSE_EQ
720MZ30,22015,NSE_EQ
720NHB31,28493,NSE_EQ
720NHPC35,29266,NSE_EQ
720PFCL36,760804,NSE_EQ
720PFCL41,760809,NSE_EQ
720RECL35,29155,NSE_EQ
72190LTFL2,760211,NSE_EQ
721AP31,20575,NSE_EQ
721BR33,25214,NSE_EQ
721GJ35,30005,NSE_EQ
721KA32,8012,NSE_EQ
721MH35,24885,NSE_EQ
721MP34,21977,NSE_EQ
721PY28,22024,NSE_EQ
721RJ32,8013,NSE_EQ
721SK35,760015,NSE_EQ
721TN32,29999,NSE_EQ
721TN32A,760769,NSE_EQ
721TN34,24841,NSE_EQ
721TR29,22139,NSE_EQ
721TS47,758123,NSE_EQ
721TS48,758195,NSE_EQ
722AP28,22031,NSE_EQ
722AP30,22030,NSE_EQ
722AP31,22215,NSE_EQ
722AP31A,22032,NSE_EQ
722AP34,30001,NSE_EQ
722AP35,30003,NSE_EQ
722AP37,2395,NSE_EQ
722AP42,7715,NSE_EQ
722AS29,20915,NSE_EQ
722AS30,20850,NSE_EQ
722AS32,761411,NSE_EQ
722BR35,29132,NSE_EQ
722BR40,29121,NSE_EQ
722BR40A,758190,NSE_EQ
722GA29,20916,NSE_EQ
722GJ28,16781,NSE_EQ
722GJ35,29107,NSE_EQ
722HP39,25215,NSE_EQ
722HPCL29,25014,NSE_EQ
722HR38,29120,NSE_EQ
722HR38A,29928,NSE_EQ
722JK32,30072,NSE_EQ
722KA32,29997,NSE_EQ
722KA35,7707,NSE_EQ
722KA35A,30008,NSE_EQ
722KA36,29114,NSE_EQ
722KA38,2398,NSE_EQ
722KA38A,2578,NSE_EQ
722KL59,25005,NSE_EQ
722MH34,24752,NSE_EQ
722MH45,24890,NSE_EQ
722MH49,24997,NSE_EQ
722MH50,24891,NSE_EQ
722MP42,30086,NSE_EQ
722MP43,758193,NSE_EQ
722MP45,24994,NSE_EQ
722MP48,758187,NSE_EQ
722OR36,30010,NSE_EQ
722PFCL39,25437,NSE_EQ
722PN32,21893,NSE_EQ
722RJ32,8492,NSE_EQ
722RJ34,25011,NSE_EQ
722RJ35,30006,NSE_EQ
722RJ41,2413,NSE_EQ
722SIDBI29,760903,NSE_EQ
722TFSI28,760431,NSE_EQ
722TN32,760563,NSE_EQ
722TN33,30000,NSE_EQ
722TN35,29108,NSE_EQ
722TN54,25001,NSE_EQ
722TN54A,25217,NSE_EQ
722TS38,25213,NSE_EQ
722UCL34,27181,NSE_EQ
722UP30,22089,NSE_EQ
723AP34,25107,NSE_EQ
723AP46,24995,NSE_EQ
723BOB35,29167,NSE_EQ
723BOI35,761206,NSE_EQ
723DMEDL34,27711,NSE_EQ
723EXIM31,761526,NSE_EQ
723GA32,7871,NSE_EQ
723GA34,25009,NSE_EQ
723GJ27,24096,NSE_EQ
723GJ33,761321,NSE_EQ
723GS2039,23518,NSE_EQ
723HR39,30081,NSE_EQ
723JK51,24892,NSE_EQ
723JK54,25000,NSE_EQ
723KA28,21710,NSE_EQ
723KL45,25216,NSE_EQ
723LTFL28,758298,NSE_EQ
723MH35,25090,NSE_EQ
723MH40,24888,NSE_EQ
723MH41,29123,NSE_EQ
723MN32,7855,NSE_EQ
723MP42,757785,NSE_EQ
723MP47,30087,NSE_EQ
723MZ38,25218,NSE_EQ
723MZ40,29122,NSE_EQ
723OR47,30096,NSE_EQ
723PN31,2557,NSE_EQ
723PN37,29115,NSE_EQ
723RJ33,25008,NSE_EQ
723RJ35,758820,NSE_EQ
723RJ38,30098,NSE_EQ
723RJ46,24996,NSE_EQ
723SBI39,27128,NSE_EQ
723SK35,759218,NSE_EQ
723TN32,8573,NSE_EQ
723TN33,760613,NSE_EQ
723TN34,24753,NSE_EQ
723TN35,760341,NSE_EQ
723TN55,30083,NSE_EQ
723TS49,30077,NSE_EQ
723TS52,30100,NSE_EQ
723TS53,30079,NSE_EQ
723UK32,30075,NSE_EQ
723WB30,22147,NSE_EQ
723WB32,7857,NSE_EQ
723WB41,2414,NSE_EQ
723WB49,24998,NSE_EQ
724AP33,21644,NSE_EQ
724AP35,21645,NSE_EQ
724AP36,25012,NSE_EQ
724AP38,7711,NSE_EQ
724AR45,30078,NSE_EQ
724AS30,20917,NSE_EQ
724AS31,2389,NSE_EQ
724AS45,30101,NSE_EQ
724BR31,758925,NSE_EQ
724BR32,7870,NSE_EQ
724BR33,24894,NSE_EQ
724BR37,29925,NSE_EQ
724CANF28,758171,NSE_EQ
724GJ29,21169,NSE_EQ
724GJ33,759910,NSE_EQ
724GR2033,20448,NSE_EQ
724GS2055,758674,NSE_EQ
724HR29,20519,NSE_EQ
724HR36,24886,NSE_EQ
724HR36A,25013,NSE_EQ
724INBK34,25318,NSE_EQ
724JK36,2563,NSE_EQ
724KA37,2691,NSE_EQ
724KA38,2693,NSE_EQ
724KL40,25097,NSE_EQ
724KL41,758192,NSE_EQ
724KL43,30082,NSE_EQ
724KL44,29126,NSE_EQ
724MH34,758846,NSE_EQ
724MH39,24990,NSE_EQ
724MH40,25098,NSE_EQ
724MH44,29125,NSE_EQ
724MP45,758122,NSE_EQ
724OR32,760504,NSE_EQ
724PFCL31,761028,NSE_EQ
724PFCL35,29537,NSE_EQ
724RJ31,760481,NSE_EQ
724RJ32,7899,NSE_EQ
724RJ32A,8136,NSE_EQ
724RJ32B,8574,NSE_EQ
724RJ34,25109,NSE_EQ
724RJ35,760091,NSE_EQ
724RJ36,2560,NSE_EQ
724RJ36A,760016,NSE_EQ
724SFL28,759714,NSE_EQ
724SK32,8493,NSE_EQ
724TFSIL27,759349,NSE_EQ
724TN30,24665,NSE_EQ
724TN31,761549,NSE_EQ
724TN32,7904,NSE_EQ
724TN51,5091,NSE_EQ
724TS51,5045,NSE_EQ
724UP32,7856,NSE_EQ
724UP33,760276,NSE_EQ
724UP36,759739,NSE_EQ
724UP40,30071,NSE_EQ
724WB42,24889,NSE_EQ
725AP37,25095,NSE_EQ
725AP44,25099,NSE_EQ
725AP47,25104,NSE_EQ
725AS44,25100,NSE_EQ
725BACL28,760815,NSE_EQ
725BR33,25007,NSE_EQ
725GA35,25089,NSE_EQ
725GA36,759550,NSE_EQ
725GJ32,8354,NSE_EQ
725GJ34,758716,NSE_EQ
725GR2028,20151,NSE_EQ
725GS2063,16733,NSE_EQ
725HP33,24751,NSE_EQ
725HR32,8355,NSE_EQ
725HR36,25094,NSE_EQ
725HR39,24887,NSE_EQ
725IOCL30,29035,NSE_EQ
725IRFC34,25031,NSE_EQ
725IRFC35,11748,NSE_EQ
725IRFC35B,29180,NSE_EQ
725KA31,761551,NSE_EQ
725KA32,760663,NSE_EQ
725KA33,761012,NSE_EQ
725MH37,759740,NSE_EQ
725MH44,24993,NSE_EQ
725MH45,25101,NSE_EQ
725ML34,25108,NSE_EQ
725MPL29,759901,NSE_EQ
725MZ34,8359,NSE_EQ
725NBFI40,29525,NSE_EQ
725OR33,758714,NSE_EQ
725PFCL45,29539,NSE_EQ
725SIHF28,758292,NSE_EQ
725TN27,22127,NSE_EQ
725TN32,8357,NSE_EQ
725TS28,22210,NSE_EQ
725TS38,25096,NSE_EQ
725TS41,2581,NSE_EQ
725TS46,25103,NSE_EQ
725UK32,7907,NSE_EQ
725UP39,30021,NSE_EQ
725WB41,2657,NSE_EQ
725WB45,25102,NSE_EQ
726AS29,21034,NSE_EQ
726AS39,24988,NSE_EQ
726BOB34,25176,NSE_EQ
726BR33,24840,NSE_EQ
726GJ29,21032,NSE_EQ
726GS2029,8027,NSE_EQ
726GS2032,10722,NSE_EQ
726GS2033,14051,NSE_EQ
726HP29,16638,NSE_EQ
726HP35,30084,NSE_EQ
726HR32,8575,NSE_EQ
726HR36,24755,NSE_EQ
726HR39,30014,NSE_EQ
726IIFCL34,27038,NSE_EQ
726IRMT45,756724,NSE_EQ
726JCL30,759872,NSE_EQ
726JH27,22196,NSE_EQ
726KL39,24989,NSE_EQ
726MH30,15973,NSE_EQ
726MH41,759389,NSE_EQ
726MH42,759391,NSE_EQ
726MH49,24763,NSE_EQ
726MH50,25110,NSE_EQ
726MP35,24754,NSE_EQ
726MP38,24987,NSE_EQ
726MP39,30019,NSE_EQ
726MZ40,758191,NSE_EQ
726NTPC40,30263,NSE_EQ
726PN36,24985,NSE_EQ
726PN37,24986,NSE_EQ
726TN35,759027,NSE_EQ
726TN55,30025,NSE_EQ
726TS35,24842,NSE_EQ
726UP29,22082,NSE_EQ
726WB34,22146,NSE_EQ
727ABL35,760037,NSE_EQ
727AP36,759387,NSE_EQ
727AP41,24991,NSE_EQ
727AR32,7897,NSE_EQ
727AS29,21550,NSE_EQ
727CG35,30007,NSE_EQ
727GJ31,15744,NSE_EQ
727GJ34,760339,NSE_EQ
727HP35,758717,NSE_EQ
727HR30,9344,NSE_EQ
727JK49,24837,NSE_EQ
727KL59,24764,NSE_EQ
727MH30,21942,NSE_EQ
727MH34,24647,NSE_EQ
727MH36,759029,NSE_EQ
727MH39,24756,NSE_EQ
727MH44,24759,NSE_EQ
727ML32,8576,NSE_EQ
727MN36,24984,NSE_EQ
727MP45,29991,NSE_EQ
727MP48,29993,NSE_EQ
727MZ33,2683,NSE_EQ
727NBRD29A,761536,NSE_EQ
727NL35,30088,NSE_EQ
727OR41,30024,NSE_EQ
727PFCL31,25435,NSE_EQ
727PY33,30076,NSE_EQ
727RJ29,22034,NSE_EQ
727RJ30,22064,NSE_EQ
727RJ42,24992,NSE_EQ
727SHFL27,756006,NSE_EQ
727SK32,7900,NSE_EQ
727TCHFL28,756994,NSE_EQ
727TN32,24646,NSE_EQ
727TN54,24204,NSE_EQ
727TS47,29992,NSE_EQ
727TS49,29994,NSE_EQ
727UP41,29989,NSE_EQ
72841ABH30,759874,NSE_EQ
728AP36,30009,NSE_EQ
728CG34,30002,NSE_EQ
728GA37,759219,NSE_EQ
728GJ29,21214,NSE_EQ
728HP47,757830,NSE_EQ
728IREDA35,29196,NSE_EQ
728IRFC30,11730,NSE_EQ
728IRFC40,29641,NSE_EQ
728JH36,2688,NSE_EQ
728JH37,8360,NSE_EQ
728JK30,21646,NSE_EQ
728JK54,24205,NSE_EQ
728KL30,21908,NSE_EQ
728MP45,24760,NSE_EQ
728NTPC30B,10741,NSE_EQ
728OR49,759377,NSE_EQ
728PHFL28,760200,NSE_EQ
728RECL40,29629,NSE_EQ
728SK30,22155,NSE_EQ
728TFSIL28,760078,NSE_EQ
728TN33,761416,NSE_EQ
728TS35,7815,NSE_EQ
728TS38,24843,NSE_EQ
728TS45,24836,NSE_EQ
728TS46,24762,NSE_EQ
728UP29,22098,NSE_EQ
728UP32,7905,NSE_EQ
728WB39,30074,NSE_EQ
72959ABC28,757415,NSE_EQ
729AP30,21643,NSE_EQ
729AP34,8930,NSE_EQ
729BR30,21642,NSE_EQ
729CG30,16640,NSE_EQ
729GA29,22217,NSE_EQ
729GA29A,22224,NSE_EQ
729GJ32,8683,NSE_EQ
729GJ34,761456,NSE_EQ
729GR2033,14973,NSE_EQ
729HP31,16641,NSE_EQ
729HR29,16220,NSE_EQ
729HR37,759220,NSE_EQ
729JK45,24761,NSE_EQ
729KA34,7823,NSE_EQ
729KA36,2566,NSE_EQ
729KA37,2575,NSE_EQ
729KA39,2656,NSE_EQ
729KL49,16092,NSE_EQ
729KL51,16655,NSE_EQ
729MH35,760289,NSE_EQ
729MH50,758832,NSE_EQ
729ML29,22013,NSE_EQ
729MP30,21980,NSE_EQ
729MP35,21950,NSE_EQ
729MZ33,7898,NSE_EQ
729NHB31,29268,NSE_EQ
729NHPC32,760250,NSE_EQ
729NHPC33,760535,NSE_EQ
729NHPC34,760537,NSE_EQ
729NHPC35,760539,NSE_EQ
729NHPC36,760541,NSE_EQ
729NHPC37,760543,NSE_EQ
729NHPC38,760545,NSE_EQ
729NHPC39,760547,NSE_EQ
729NHPC40,760603,NSE_EQ
729NHPC41,760605,NSE_EQ
729NL29,21998,NSE_EQ
729PN33,760012,NSE_EQ
729RJ32,8684,NSE_EQ
729RJ34,24648,NSE_EQ
729RJ37,759858,NSE_EQ
729TN53,16656,NSE_EQ
729TN54,24664,NSE_EQ
729TR36,2690,NSE_EQ
729TS40,24766,NSE_EQ
729TS42,24758,NSE_EQ
729UK29,22171,NSE_EQ
729UP29,22099,NSE_EQ
729WB29,22153,NSE_EQ
729WB38,30073,NSE_EQ
72AP30,20574,NSE_EQ
72AP36,29923,NSE_EQ
72AS29,20960,NSE_EQ
72AS40,29931,NSE_EQ
72AS45,29939,NSE_EQ
72CG34,29917,NSE_EQ
72GA31,2386,NSE_EQ
72HP35,20844,NSE_EQ
72JH32,761455,NSE_EQ
72JH35,2391,NSE_EQ
72JK29,20312,NSE_EQ
72JK47,29131,NSE_EQ
72KA31,20017,NSE_EQ
72KA37,29927,NSE_EQ
72KL42,29937,NSE_EQ
72KL56,4899,NSE_EQ
72MH28,15971,NSE_EQ
72MH34,760068,NSE_EQ
72MH36,758815,NSE_EQ
72ML29,22011,NSE_EQ
72MN40,29933,NSE_EQ
72MP33,760066,NSE_EQ
72MZ29,22018,NSE_EQ
72MZ31,24893,NSE_EQ
72NL29,21996,NSE_EQ
72OR32,29996,NSE_EQ
72OR45,29940,NSE_EQ
72RJ42,29938,NSE_EQ
72RJ46,2584,NSE_EQ
72SK35,29921,NSE_EQ
72TN31,22124,NSE_EQ
72TN35,760069,NSE_EQ
72TN36,759857,NSE_EQ
72TN55,29941,NSE_EQ
72TS51,2659,NSE_EQ
72UP31,2387,NSE_EQ
72UP40,29936,NSE_EQ
72WB30,22142,NSE_EQ
73064ABH28,756769,NSE_EQ
730AS29,21213,NSE_EQ
730BTL27,759920,NSE_EQ
730JK29,21651,NSE_EQ
730KA32,8137,NSE_EQ
730KL52,24663,NSE_EQ
730MH38,24651,NSE_EQ
730MH39,24653,NSE_EQ
730NIIF28,757567,NSE_EQ
730PFCL34,25123,NSE_EQ
730PFCL41,760810,NSE_EQ
730PN31,21894,NSE_EQ
730SICC28,757531,NSE_EQ
730SICC28A,757595,NSE_EQ
730SIHF28,759482,NSE_EQ
730SPRL27,760157,NSE_EQ
730TCHFL28,760959,NSE_EQ
730WB29,22152,NSE_EQ
731AP42,8366,NSE_EQ
731AP44,24202,NSE_EQ
731BR45,759309,NSE_EQ
731JK45,759310,NSE_EQ
731KA33,760879,NSE_EQ
731KA35,7816,NSE_EQ
731KL32,8686,NSE_EQ
731KL40,24757,NSE_EQ
731MN37,760017,NSE_EQ
731MZ41,759390,NSE_EQ
731PFCL36,760861,NSE_EQ
731PY35,7822,NSE_EQ
731RECL39,24979,NSE_EQ
731SDIL40,756880,NSE_EQ
731TN33,760770,NSE_EQ
731TN33A,760907,NSE_EQ
731TN34,758930,NSE_EQ
731TN54,24424,NSE_EQ
731TS42,24192,NSE_EQ
731TS50,24662,NSE_EQ
731TS60,22206,NSE_EQ
731WB34,22141,NSE_EQ
732AP43,15780,NSE_EQ
732AS32,8138,NSE_EQ
732CG37,30011,NSE_EQ
732GS2030,20136,NSE_EQ
732HR33,16648,NSE_EQ
732HR36,24420,NSE_EQ
732HR36A,24488,NSE_EQ
732IREDA29,25989,NSE_EQ
732KA33,760506,NSE_EQ
732KA33A,760768,NSE_EQ
732KA34,8006,NSE_EQ
732KL41,24191,NSE_EQ
732KL53,16398,NSE_EQ
732MH32,16227,NSE_EQ
732MPL30,759905,NSE_EQ
732PFCL39,24899,NSE_EQ
732RJ34,24422,NSE_EQ
732RJ35,759028,NSE_EQ
732RL35,30198,NSE_EQ
732TN33,16029,NSE_EQ
732TN53,16274,NSE_EQ
732TS36,24487,NSE_EQ
732TS48,15783,NSE_EQ
732TS49,16397,NSE_EQ
732WB38,30013,NSE_EQ
733AP33,16647,NSE_EQ
733AP39,24652,NSE_EQ
733AP40,24491,NSE_EQ
733AP42,16653,NSE_EQ
733AP43,16654,NSE_EQ
733AP43A,24493,NSE_EQ
733AS32,8688,NSE_EQ
733GA39,24419,NSE_EQ
733GS2026,19685,NSE_EQ
733HR36,24183,NSE_EQ
733JH34,759183,NSE_EQ
733JK51,24105,NSE_EQ
733KA33,760842,NSE_EQ
733KA37,7858,NSE_EQ
733KA40,7859,NSE_EQ
733KL54,24571,NSE_EQ
733MH31,16224,NSE_EQ
733MH34,760880,NSE_EQ
733MH44,24657,NSE_EQ
733MP42,7861,NSE_EQ
733NL33,16035,NSE_EQ
733RJ31,761548,NSE_EQ
733RJ43,24198,NSE_EQ
733RJ44,24203,NSE_EQ
733TN32,24562,NSE_EQ
733TN33,15749,NSE_EQ
733TN52,8007,NSE_EQ
733TN52A,8371,NSE_EQ
733TN54,22115,NSE_EQ
733TN57,8372,NSE_EQ
733TS40,24490,NSE_EQ
733TS42,24570,NSE_EQ
733TS60,758411,NSE_EQ
733UP33,16049,NSE_EQ
734AP29,15475,NSE_EQ
734AP35,24182,NSE_EQ
734AP40,8932,NSE_EQ
734AP44,24656,NSE_EQ
734AP48,23883,NSE_EQ
734AP49,23884,NSE_EQ
734AP49A,24660,NSE_EQ
734AS33,16019,NSE_EQ
734AS33A,16645,NSE_EQ
734AS35,30004,NSE_EQ
734CG40,758817,NSE_EQ
734GA32,8692,NSE_EQ
734GA35,760340,NSE_EQ
734GS2064,23558,NSE_EQ
734HR31,16784,NSE_EQ
734HR36,24650,NSE_EQ
734IRFC28,29323,NSE_EQ
734JK54,23882,NSE_EQ
734KA34,760564,NSE_EQ
734KL55,23876,NSE_EQ
734MH31,16782,NSE_EQ
734MH34,759912,NSE_EQ
734MN32,8140,NSE_EQ
734MN32A,8695,NSE_EQ
734MP33,760843,NSE_EQ
734MP34,761015,NSE_EQ
734NL32,8698,NSE_EQ
734NRL35,759071,NSE_EQ
734OR33,760616,NSE_EQ
734PN32,24666,NSE_EQ
734PN35,24649,NSE_EQ
734RJ33,16062,NSE_EQ
734RJ33A,16646,NSE_EQ
734RJ34,24181,NSE_EQ
734RJ45,23881,NSE_EQ
734RJ45A,24658,NSE_EQ
734RL30,27059,NSE_EQ
734SIDBI29,25591,NSE_EQ
734TN29,23869,NSE_EQ
734TN34,24563,NSE_EQ
734TN34A,760508,NSE_EQ
734TN43,16939,NSE_EQ
734TR36,2394,NSE_EQ
734TS34,7874,NSE_EQ
734TS35,8495,NSE_EQ
734TS37,24566,NSE_EQ
734TS38,760018,NSE_EQ
734TS44,17328,NSE_EQ
734TS46,17329,NSE_EQ
734UCL28,30039,NSE_EQ
734UCL30,30034,NSE_EQ
734UK32,8689,NSE_EQ
734UP32,8693,NSE_EQ
734WB39,24185,NSE_EQ
734WB42,24197,NSE_EQ
735AP36,760095,NSE_EQ
735AP39,15759,NSE_EQ
735AP40,16935,NSE_EQ
735AS39,24567,NSE_EQ
735BTL27,759271,NSE_EQ
735CG30,22162,NSE_EQ
735EXIM28,29264,NSE_EQ
735HP34,24486,NSE_EQ
735HR33,16064,NSE_EQ
735HR39,759221,NSE_EQ
735IRFC31,15112,NSE_EQ
735JH38,8498,NSE_EQ
735JK40,758409,NSE_EQ
735JK46,24659,NSE_EQ
735JK49,24050,NSE_EQ
735JK51,24492,NSE_EQ
735KA36,7872,NSE_EQ
735KA39,2400,NSE_EQ
735KA40,2404,NSE_EQ
735MH31,761643,NSE_EQ
735MH32,16785,NSE_EQ
735MP29,21982,NSE_EQ
735MZ37,24489,NSE_EQ
735NABAR31,20032,NSE_EQ
735NHAI31,11954,NSE_EQ
735NHB32,29954,NSE_EQ
735PFCL35,19972,NSE_EQ
735PGCIL34,23061,NSE_EQ
735PY27,22741,NSE_EQ
735PY30,22028,NSE_EQ
735PY33,8358,NSE_EQ
735RECL34,24075,NSE_EQ
735RJ43,16374,NSE_EQ
735RJ49,24661,NSE_EQ
735SFL27,756008,NSE_EQ
735SK32,8699,NSE_EQ
735SPRL28,760159,NSE_EQ
735TCHFL35,759222,NSE_EQ
735TN33,16796,NSE_EQ
735TN33A,17323,NSE_EQ
735TN34,24332,NSE_EQ
735TN43,16814,NSE_EQ
735TS30,22208,NSE_EQ
735TS36,24102,NSE_EQ
735TS38,24104,NSE_EQ
735TS40,24568,NSE_EQ
735TS45,16815,NSE_EQ
735UK30,22202,NSE_EQ
735UP34,8702,NSE_EQ
735UP39,759230,NSE_EQ
735WB30,22177,NSE_EQ
735WB40,24654,NSE_EQ
735WB43,24655,NSE_EQ
736AP34,16066,NSE_EQ
736AP37,16649,NSE_EQ
736AP38,16808,NSE_EQ
736AP38A,17325,NSE_EQ
736AP41,24338,NSE_EQ
736AP45,24340,NSE_EQ
736AP48,24343,NSE_EQ
736CIFL28,760106,NSE_EQ
736GA33,16797,NSE_EQ
736GA34,24564,NSE_EQ
736GS2052,10931,NSE_EQ
736HR33,16364,NSE_EQ
736HR33A,16801,NSE_EQ
736HR34,24101,NSE_EQ
736IOCL29,24484,NSE_EQ
736IRED39,25201,NSE_EQ
736JK35,16929,NSE_EQ
736JK46,24341,NSE_EQ
736JK49,23102,NSE_EQ
736KA34,23083,NSE_EQ
736KA39,7910,NSE_EQ
736KL36,23874,NSE_EQ
736KL38,17327,NSE_EQ
736KL41,17459,NSE_EQ
736KL54,23104,NSE_EQ
736MH28,15009,NSE_EQ
736ML32,16289,NSE_EQ
736MP33,16229,NSE_EQ
736MZ38,16934,NSE_EQ
736MZ38A,17326,NSE_EQ
736MZ39,24186,NSE_EQ
736NBFID44,24834,NSE_EQ
736PFCL28,19974,NSE_EQ
736RJ33,16346,NSE_EQ
736RJ34,24565,NSE_EQ
736RJ37,23877,NSE_EQ
736RJ41,17460,NSE_EQ
736RJ46,24423,NSE_EQ
736SBI39,24455,NSE_EQ
736SBOI39,24282,NSE_EQ
736TN43,17463,NSE_EQ
736TN54,23105,NSE_EQ
736TS36,8703,NSE_EQ
736TS37,24337,NSE_EQ
736TS41,16809,NSE_EQ
736TS50,23103,NSE_EQ
736UP36,760096,NSE_EQ
736WB32,8701,NSE_EQ
736WB40,24569,NSE_EQ
736WB41,17461,NSE_EQ
736WB43,16379,NSE_EQ
737AP33,16290,NSE_EQ
737AP33A,24330,NSE_EQ
737AP34,760266,NSE_EQ
737AP36,24335,NSE_EQ
737AP38,8122,NSE_EQ
737AP42,8123,NSE_EQ
737AP43,15578,NSE_EQ
737AS33,15750,NSE_EQ
737AS34,23871,NSE_EQ
737BR30,17322,NSE_EQ
737CG31,762421,NSE_EQ
737CG33,760338,NSE_EQ
737GA36,759320,NSE_EQ
737GR2054,21735,NSE_EQ
737GS2028,19566,NSE_EQ
737IREDA31,27226,NSE_EQ
737IRFC29,24672,NSE_EQ
737JH31,22197,NSE_EQ
737JK35,16069,NSE_EQ
737JK38,16650,NSE_EQ
737KA34,759913,NSE_EQ
737KA37,23091,NSE_EQ
737KA38,7908,NSE_EQ
737KA38A,23092,NSE_EQ
737MZ39,23878,NSE_EQ
737NBRD35,29947,NSE_EQ
737NL33,16235,NSE_EQ
737NL33A,16802,NSE_EQ
737NTPC35C,10744,NSE_EQ
737PN36,23875,NSE_EQ
737PN38,16367,NSE_EQ
737PN42,8718,NSE_EQ
737RJ30,763734,NSE_EQ
737RJ34,8578,NSE_EQ
737RJ34A,23082,NSE_EQ
737RJ34B,23872,NSE_EQ
737RJ39,23879,NSE_EQ
737RJ45,23101,NSE_EQ
737SK33,16239,NSE_EQ
737TS36,8121,NSE_EQ
737TS41,23096,NSE_EQ
737TS42,24339,NSE_EQ
737WB40,23880,NSE_EQ
738ABCL28,757148,NSE_EQ
738AP35,16244,NSE_EQ
738AP40,15572,NSE_EQ
738AP44,23818,NSE_EQ
738AP49,24002,NSE_EQ
738CG32,23078,NSE_EQ
738CG34,23080,NSE_EQ
738CIFL27,757343,NSE_EQ
738GA33,17324,NSE_EQ
738GJ30,15260,NSE_EQ
738GJ30A,16973,NSE_EQ
738GJ35,761453,NSE_EQ
738GS2027,9913,NSE_EQ
738HR31,761756,NSE_EQ
738HR34,24056,NSE_EQ
738HR35,23087,NSE_EQ
738HR41,759232,NSE_EQ
738JK49,24421,NSE_EQ
738JK51,23812,NSE_EQ
738KA34,759914,NSE_EQ
738KA34A,760881,NSE_EQ
738KL44,23099,NSE_EQ
738KL55,24003,NSE_EQ
738NL31,761550,NSE_EQ
738PFC32,29721,NSE_EQ
738PGCIL34,24560,NSE_EQ
738PN33,24331,NSE_EQ
738PN34,24333,NSE_EQ
738PY38,23093,NSE_EQ
738PY38A,24048,NSE_EQ
738REC27TF,29111,NSE_EQ
738RECL29,31927,NSE_EQ
738RJ33,24098,NSE_EQ
738TFSIL28,758734,NSE_EQ
738TN33,23870,NSE_EQ
738TN34,23873,NSE_EQ
738TN54,23000,NSE_EQ
738TS43,22988,NSE_EQ
738TS49,22999,NSE_EQ
738UP34,23086,NSE_EQ
738UP36,23089,NSE_EQ
739AP29,22604,NSE_EQ
739AP30,23421,NSE_EQ
739AP33,15526,NSE_EQ
739AP35,16806,NSE_EQ
739BR39,23095,NSE_EQ
739CG33,23079,NSE_EQ
739GA35,759184,NSE_EQ
739HP34,23081,NSE_EQ
739HR29,15256,NSE_EQ
739HR31,15500,NSE_EQ
739IREDA39,24580,NSE_EQ
739IRFC34,24474,NSE_EQ
739JK37,8496,NSE_EQ
739JK37A,759388,NSE_EQ
739KL34,23085,NSE_EQ
739KL52,16998,NSE_EQ
739ML26,12289,NSE_EQ
739ML34,24334,NSE_EQ
739MN35,16250,NSE_EQ
739MN36,24336,NSE_EQ
739NHAI31A,14522,NSE_EQ
739PN33,24099,NSE_EQ
739RJ48,16995,NSE_EQ
739SIDBI30,30267,NSE_EQ
739TN32,24054,NSE_EQ
739TN33,15503,NSE_EQ
739TN33A,16928,NSE_EQ
739TN33B,17454,NSE_EQ
739TN34,760618,NSE_EQ
739TN42,8719,NSE_EQ
739TN52,8502,NSE_EQ
739TN53,17003,NSE_EQ
739TPL28,760131,NSE_EQ
739TS39,16652,NSE_EQ
739TS51,16997,NSE_EQ
739TS59,22203,NSE_EQ
739UK30,24051,NSE_EQ
739UP37,8705,NSE_EQ
739WB42,23098,NSE_EQ
739WB44,23100,NSE_EQ
73AP37,759594,NSE_EQ
73AP38,16071,NSE_EQ
73AS39,24765,NSE_EQ
73BOB34,24975,NSE_EQ
73GS2053,16865,NSE_EQ
73HP30,21051,NSE_EQ
73OR39,30020,NSE_EQ
73PN34,21717,NSE_EQ
73RJ30,22066,NSE_EQ
73RJ51,758819,NSE_EQ
73TACA30,759838,NSE_EQ
73TFSIL29,760393,NSE_EQ
73TN32,8685,NSE_EQ
73TS51,759378,NSE_EQ
73UK32,759319,NSE_EQ
73UP30,22091,NSE_EQ
73WB39,30022,NSE_EQ
740BTL29,759922,NSE_EQ
740EXIM29,23050,NSE_EQ
740IIFCL33,20052,NSE_EQ
740IREDA36,29942,NSE_EQ
740SIHF28,757029,NSE_EQ
741AP30,15262,NSE_EQ
741AP47,23759,NSE_EQ
741AR34,23084,NSE_EQ
741BOI34,27278,NSE_EQ
741GA33,17455,NSE_EQ
741GJ26,11588,NSE_EQ
741GJ37,761326,NSE_EQ
741GS2036,13194,NSE_EQ
741HP36,23090,NSE_EQ
741HR40,760019,NSE_EQ
741JK42,759491,NSE_EQ
741JK49,23760,NSE_EQ
741JK53,18687,NSE_EQ
741KA36,22996,NSE_EQ
741MN35,17458,NSE_EQ
741NIIF31,760474,NSE_EQ
741PN34,16804,NSE_EQ
741PN34A,24057,NSE_EQ
741PN42,8501,NSE_EQ
741RJ33,17456,NSE_EQ
741RJ34,23814,NSE_EQ
741RJ39,18335,NSE_EQ
741SK35,759185,NSE_EQ
741TN36,761322,NSE_EQ
741UP34,16803,NSE_EQ
741WB39,18334,NSE_EQ
741WB42,18686,NSE_EQ
74242ABC30,757417,NSE_EQ
7425NIIF30,759144,NSE_EQ
742AP41,16988,NSE_EQ
742AP43,16993,NSE_EQ
742AP43A,23680,NSE_EQ
742AP44,23681,NSE_EQ
742AP45,23757,NSE_EQ
742AP46,23758,NSE_EQ
742AS34,22991,NSE_EQ
742BR31,760253,NSE_EQ
742CG31,16976,NSE_EQ
742GJ31,22608,NSE_EQ
742GJ33,22697,NSE_EQ
742HP38,18409,NSE_EQ
742HR32,761552,NSE_EQ
742HR34,23815,NSE_EQ
742HR35,22994,NSE_EQ
742KA32,23342,NSE_EQ
742KA35,22993,NSE_EQ
742KA35A,760509,NSE_EQ
742KA39,22880,NSE_EQ
742KL34,8579,NSE_EQ
742KL43,17257,NSE_EQ
742KL46,24342,NSE_EQ
742KL49,23216,NSE_EQ
742KL64,23218,NSE_EQ
742MH34,23540,NSE_EQ
742MH37,23541,NSE_EQ
742ML32,16977,NSE_EQ
742MP44,22872,NSE_EQ
742MP45,22881,NSE_EQ
742MP46,22882,NSE_EQ
742PFC28,29719,NSE_EQ
742RJ32,23813,NSE_EQ
742RJ39,22869,NSE_EQ
742SIDBI29,29600,NSE_EQ
742TN33,17221,NSE_EQ
742TN34,22866,NSE_EQ
742TN34A,23423,NSE_EQ
742TN35,760267,NSE_EQ
742TN43,16992,NSE_EQ
742TS41,23210,NSE_EQ
742TS48,23683,NSE_EQ
742WB36,759030,NSE_EQ
74342PHF30,757702,NSE_EQ
743AP31,15264,NSE_EQ
743AP35,17457,NSE_EQ
743AP39,16987,NSE_EQ
743AP41,17250,NSE_EQ
743AP42,17251,NSE_EQ
743AP42A,23679,NSE_EQ
743AP42B,24010,NSE_EQ
743AP44,24012,NSE_EQ
743AP46,24001,NSE_EQ
743BR39,22870,NSE_EQ
743BR55,758410,NSE_EQ
743CG29,22694,NSE_EQ
743GJ27,21133,NSE_EQ
743GJ31,22693,NSE_EQ
743GS2076,760649,NSE_EQ
743HP28,10559,NSE_EQ
743HR34,24005,NSE_EQ
743HR39,759188,NSE_EQ
743HR39A,759323,NSE_EQ
743HR41,8364,NSE_EQ
743JK46,24013,NSE_EQ
743JK53,17850,NSE_EQ
743JK53A,18519,NSE_EQ
743MH35,22877,NSE_EQ
743MH36,22878,NSE_EQ
743MH39,23429,NSE_EQ
743MH40,760072,NSE_EQ
743MN36,23816,NSE_EQ
743MP43,759031,NSE_EQ
743MZ36,16261,NSE_EQ
743MZ37,16268,NSE_EQ
743NBFID34,24364,NSE_EQ
743NIIF30,757569,NSE_EQ
743OR40,759189,NSE_EQ
743PHFL28,759939,NSE_EQ
743PN48,17114,NSE_EQ
743PN48A,17841,NSE_EQ
743REC35,19926,NSE_EQ
743RJ31,763283,NSE_EQ
743RJ34,23997,NSE_EQ
743RJ44,22873,NSE_EQ
743RJ48,17113,NSE_EQ
743RJ49,18916,NSE_EQ
743TN32,24004,NSE_EQ
743TN33,18404,NSE_EQ
743TN34,23326,NSE_EQ
743TN34A,23674,NSE_EQ
743TN36,759916,NSE_EQ
743TN43,17670,NSE_EQ
743TN47,8587,NSE_EQ
743TN53,17671,NSE_EQ
743TN53A,18922,NSE_EQ
743TS33,15265,NSE_EQ
743TS41,17840,NSE_EQ
743TS41A,23678,NSE_EQ
743TS43,24011,NSE_EQ
743TS50,17115,NSE_EQ
743TS54,22211,NSE_EQ
744AP33,18400,NSE_EQ
744AP35,760268,NSE_EQ
744AP36,18681,NSE_EQ
744AP39,22701,NSE_EQ
744AP39A,22754,NSE_EQ
744AP40,18411,NSE_EQ
744AP42,8721,NSE_EQ
744AP43,17669,NSE_EQ
744BR40,759741,NSE_EQ
744CG29,22742,NSE_EQ
744CG30,22692,NSE_EQ
744GA33,18327,NSE_EQ
744GJ33,761553,NSE_EQ
744HP34,23999,NSE_EQ
744HR27,12657,NSE_EQ
744HR32,17220,NSE_EQ
744HR33,18323,NSE_EQ
744HR35,18407,NSE_EQ
744HR36,22879,NSE_EQ
744HR41,759325,NSE_EQ
744IREDA34,24179,NSE_EQ
744IRF34,24065,NSE_EQ
744IRFC34,22887,NSE_EQ
744JH41,759191,NSE_EQ
744JK38,17223,NSE_EQ
744JK53,17672,NSE_EQ
744KA33,23344,NSE_EQ
744KA34,22868,NSE_EQ
744KA35,8120,NSE_EQ
744KA36,759917,NSE_EQ
744KA36A,761325,NSE_EQ
744KL50,759037,NSE_EQ
744MH34,760844,NSE_EQ
744MH41,23430,NSE_EQ
744MH42,23432,NSE_EQ
744MH42A,23496,NSE_EQ
744ML31,17116,NSE_EQ
744ML35,760093,NSE_EQ
744MN35,18406,NSE_EQ
744MP34,760908,NSE_EQ
744MP35,18703,NSE_EQ
744MP35A,761457,NSE_EQ
744MP38,760070,NSE_EQ
744MP40,22756,NSE_EQ
744MP46,759033,NSE_EQ
744NBRD28,25441,NSE_EQ
744NBRD29,761425,NSE_EQ
744PFCL30,29969,NSE_EQ
744PFCL34,23920,NSE_EQ
744RJ33,17122,NSE_EQ
744RJ33A,18322,NSE_EQ
744RJ33B,759909,NSE_EQ
744RJ34,22867,NSE_EQ
744RJ34A,23346,NSE_EQ
744RJ36,18408,NSE_EQ
744RL28,30196,NSE_EQ
744SIDBI28,25890,NSE_EQ
744TN33,15310,NSE_EQ
744TN33A,17119,NSE_EQ
744TN33B,17835,NSE_EQ
744TN34,22747,NSE_EQ
744TN34A,23193,NSE_EQ
744TN34B,23998,NSE_EQ
744TN44,23213,NSE_EQ
744TN55,758582,NSE_EQ
744TN55A,759337,NSE_EQ
744TN55B,760027,NSE_EQ
744TS30,23189,NSE_EQ
744TS36,23427,NSE_EQ
744TS39,17224,NSE_EQ
744TS39A,18410,NSE_EQ
744TS40,23996,NSE_EQ
744TS41,23756,NSE_EQ
744TS45,18538,NSE_EQ
744TS46,22706,NSE_EQ
744TS47,759034,NSE_EQ
744TS48,759035,NSE_EQ
744TS49,759036,NSE_EQ
744TS51,23497,NSE_EQ
744TS51A,759039,NSE_EQ
744TS53,23498,NSE_EQ
744TS56,759338,NSE_EQ
744TS56A,759746,NSE_EQ
744TS58,759318,NSE_EQ
744WB41,22871,NSE_EQ
744WB42,19000,NSE_EQ
744WB44,22874,NSE_EQ
745ABL34,25143,NSE_EQ
745AP33,17643,NSE_EQ
745AP33A,23754,NSE_EQ
745AP34,18332,NSE_EQ
745AP37,9345,NSE_EQ
745AP38,22700,NSE_EQ
745AP40,10962,NSE_EQ
745AP40A,17668,NSE_EQ
745AP40B,23755,NSE_EQ
745AP42,10963,NSE_EQ
745AS31,22695,NSE_EQ
745AS33,17117,NSE_EQ
745AS33A,17642,NSE_EQ
745BR31,18320,NSE_EQ
745BR32,10956,NSE_EQ
745BR34,758847,NSE_EQ
745BR45,759032,NSE_EQ
745BR50,759038,NSE_EQ
745BTL28,759273,NSE_EQ
745CG33,22864,NSE_EQ
745DL36,761385,NSE_EQ
745EXIM28,22661,NSE_EQ
745GJ30,20277,NSE_EQ
745GJ31,18938,NSE_EQ
745GJ34,761555,NSE_EQ
745HP33,17118,NSE_EQ
745HP40,759859,NSE_EQ
745HP44,23424,NSE_EQ
745HR32,10955,NSE_EQ
745HR33,18694,NSE_EQ
745HR35,18333,NSE_EQ
745HR35A,18680,NSE_EQ
745HR35B,23202,NSE_EQ
745HR42,759192,NSE_EQ
745ISL28,760005,NSE_EQ
745JK53,18105,NSE_EQ
745JK54,22760,NSE_EQ
745KA35,23201,NSE_EQ
745KA37,23205,NSE_EQ
745KA40,22757,NSE_EQ
745KL39,18999,NSE_EQ
745KL40,17653,NSE_EQ
745KL50,760025,NSE_EQ
745MH37,23206,NSE_EQ
745MH38,23208,NSE_EQ
745MH38A,23536,NSE_EQ
745MH39,23354,NSE_EQ
745MH39A,23537,NSE_EQ
745MH41,23495,NSE_EQ
745ML34,24006,NSE_EQ
745MP36,761323,NSE_EQ
745MP41,759742,NSE_EQ
745MP44,18912,NSE_EQ
745MP44A,22758,NSE_EQ
745MP44B,759744,NSE_EQ
745MP45,22759,NSE_EQ
745NBFID36,760989,NSE_EQ
745NL34,24000,NSE_EQ
745PFCL28,30144,NSE_EQ
745PN34,16981,NSE_EQ
745PN34A,18405,NSE_EQ
745RECL35,24502,NSE_EQ
745RJ30,22036,NSE_EQ
745RJ33,15309,NSE_EQ
745RJ40,24009,NSE_EQ
745RJ44,18911,NSE_EQ
745RL34,23532,NSE_EQ
745SDIP36,760797,NSE_EQ
745SFL29,761430,NSE_EQ
745SICCL30,758950,NSE_EQ
745SK32,10966,NSE_EQ
745TIL35,757842,NSE_EQ
745TN43,17112,NSE_EQ
745TN55,760388,NSE_EQ
745TOPL28,760645,NSE_EQ
745TS30,10902,NSE_EQ
745TS30A,17637,NSE_EQ
745TS40,17667,NSE_EQ
745TS47,18098,NSE_EQ
745TS48,760024,NSE_EQ
745TS53,760026,NSE_EQ
745TS57,759597,NSE_EQ
745UK30,22165,NSE_EQ
745UP33,15314,NSE_EQ
745WB42,23211,NSE_EQ
745WB44,23214,NSE_EQ
745WB44A,758581,NSE_EQ
746AP27,9530,NSE_EQ
746AP34,17124,NSE_EQ
746AP38,18216,NSE_EQ
746AP38A,23682,NSE_EQ
746AP41,18539,NSE_EQ
746AP41A,22622,NSE_EQ
746AP41B,23431,NSE_EQ
746AP42,23433,NSE_EQ
746AP43,17111,NSE_EQ
746AP43A,23434,NSE_EQ
746AP44,23425,NSE_EQ
746AS31,23341,NSE_EQ
746BR45,760023,NSE_EQ
746CG31,22696,NSE_EQ
746CG32,23190,NSE_EQ
746CG33,22698,NSE_EQ
746GA33,18696,NSE_EQ
746GA38,18522,NSE_EQ
746GS2073,19808,NSE_EQ
746HP36,23995,NSE_EQ
746IRFC29,23157,NSE_EQ
746JK45,759745,NSE_EQ
746JK49,22707,NSE_EQ
746KA36,760269,NSE_EQ
746KA38,23209,NSE_EQ
746KL48,15324,NSE_EQ
746MH33,18531,NSE_EQ
746MH35,22751,NSE_EQ
746MH41,23330,NSE_EQ
746ML34,23426,NSE_EQ
746MP32,10957,NSE_EQ
746MP38,18527,NSE_EQ
746MP38A,18994,NSE_EQ
746MP39,18536,NSE_EQ
746MP43,759743,NSE_EQ
746MZ39,18221,NSE_EQ
746PN33,22865,NSE_EQ
746RJ33,18939,NSE_EQ
746RJ34,23194,NSE_EQ
746RJ38,759322,NSE_EQ
746RJ42,23212,NSE_EQ
746RJ51,759334,NSE_EQ
746SK33,18701,NSE_EQ
746TN35,761478,NSE_EQ
746TN55,759596,NSE_EQ
746TS30,18690,NSE_EQ
746TS42,18537,NSE_EQ
746TS42A,760021,NSE_EQ
746TS45,22625,NSE_EQ
746TS48,10964,NSE_EQ
746TS48A,15333,NSE_EQ
746TS49,10965,NSE_EQ
746TS53,759196,NSE_EQ
746UK34,22875,NSE_EQ
746UP32,23191,NSE_EQ
746UP34,22876,NSE_EQ
746UP37,760383,NSE_EQ
746UP39,23542,NSE_EQ
746WB39,18998,NSE_EQ
746WB40,8499,NSE_EQ
746WB46,15323,NSE_EQ
747ABCL29,757146,NSE_EQ
747AP32,17852,NSE_EQ
747AP37,15267,NSE_EQ
747AP37A,23677,NSE_EQ
747AS28,18203,NSE_EQ
747AS33,18401,NSE_EQ
747AS34,23197,NSE_EQ
747AS45,759194,NSE_EQ
747BR39,22755,NSE_EQ
747CG30,18689,NSE_EQ
747CG30A,22743,NSE_EQ
747CG31,22744,NSE_EQ
747CG32,23343,NSE_EQ
747CG33,23192,NSE_EQ
747CG33A,23345,NSE_EQ
747CG34,23195,NSE_EQ
747CG34A,23347,NSE_EQ
747GA33,18403,NSE_EQ
747GA34,23198,NSE_EQ
747GA38,16982,NSE_EQ
747GJ28,21152,NSE_EQ
747GJ36,760630,NSE_EQ
747HP33,23673,NSE_EQ
747HR33,18529,NSE_EQ
747HR33A,18946,NSE_EQ
747HR35,17222,NSE_EQ
747HR36,22699,NSE_EQ
747HR40,758850,NSE_EQ
747IIFCL27,27035,NSE_EQ
747JK40,759190,NSE_EQ
747JK44,23215,NSE_EQ
747KA36,760058,NSE_EQ
747KL37,18215,NSE_EQ
747KL39,18097,NSE_EQ
747KL42,17104,NSE_EQ
747KL50,23643,NSE_EQ
747MH34,18528,NSE_EQ
747MH36,22752,NSE_EQ
747OR36,760511,NSE_EQ
747PN32,23753,NSE_EQ
747PN34,17127,NSE_EQ
747PN37,24008,NSE_EQ
747PN43,15319,NSE_EQ
747PY37,22753,NSE_EQ
747RJ33,23325,NSE_EQ
747RL34,22813,NSE_EQ
747SIDBI29,25132,NSE_EQ
747TN36,760512,NSE_EQ
747TS31,10904,NSE_EQ
747TS32,17834,NSE_EQ
747TS36,23676,NSE_EQ
747TS41,17103,NSE_EQ
747UK33,18402,NSE_EQ
747UK34,23196,NSE_EQ
747WB43,15320,NSE_EQ
747WB44,759193,NSE_EQ
747WB46,759195,NSE_EQ
748AP33,758928,NSE_EQ
748AP34,758929,NSE_EQ
748AP35,760619,NSE_EQ
748AP38,8363,NSE_EQ
748AP38A,18518,NSE_EQ
748AP44,22704,NSE_EQ
748AP44A,23589,NSE_EQ
748AS35,760884,NSE_EQ
748BR39,758580,NSE_EQ
748CG32,22745,NSE_EQ
748GA36,758849,NSE_EQ
748HP33,10958,NSE_EQ
748HR34,23547,NSE_EQ
748HR35,18954,NSE_EQ
748IRFC34A,22735,NSE_EQ
748JK54,22626,NSE_EQ
748KA33,22746,NSE_EQ
748KA35,760621,NSE_EQ
748KA37,761013,NSE_EQ
748KA37A,759700,NSE_EQ
748KL45,759595,NSE_EQ
748MH35,22613,NSE_EQ
748MH37,760059,NSE_EQ
748MH42,23331,NSE_EQ
748MH45,760295,NSE_EQ
748ML34,23675,NSE_EQ
748MP29,18923,NSE_EQ
748MP40,22620,NSE_EQ
748MP41,22623,NSE_EQ
748MP42,758883,NSE_EQ
748MP45,759330,NSE_EQ
748MZ36,759186,NSE_EQ
748NABF28,30265,NSE_EQ
748NIIF33,760813,NSE_EQ
748NL34,23199,NSE_EQ
748PN31,760662,NSE_EQ
748PN34,18521,NSE_EQ
748PN35,24007,NSE_EQ
748PN37,23428,NSE_EQ
748PN42,9099,NSE_EQ
748PY36,759187,NSE_EQ
748RJ34,22748,NSE_EQ
748RJ37,23207,NSE_EQ
748SIDBI29,28795,NSE_EQ
748TS42,23588,NSE_EQ
748TS50,23335,NSE_EQ
748UK33,18532,NSE_EQ
748UP34,22749,NSE_EQ
748UP36,23203,NSE_EQ
748UP40,23543,NSE_EQ
748UP42,23544,NSE_EQ
748UP44,23545,NSE_EQ
748WB37,7911,NSE_EQ
748WB43,22703,NSE_EQ
748WB44,22705,NSE_EQ
748WB44A,760022,NSE_EQ
749AP36,22615,NSE_EQ
749AP39,22618,NSE_EQ
749AP40,23587,NSE_EQ
749AP44,23641,NSE_EQ
749BR31,18204,NSE_EQ
749BR31A,18691,NSE_EQ
749BR39,22702,NSE_EQ
749CG30,18932,NSE_EQ
749CG35,23349,NSE_EQ
749GA33,18209,NSE_EQ
749GA33A,18945,NSE_EQ
749GJ26,11273,NSE_EQ
749GJ28,14812,NSE_EQ
749HP34,10959,NSE_EQ
749HR33,18081,NSE_EQ
749HR35,23348,NSE_EQ
749HR36,22616,NSE_EQ
749IGT28,3442,NSE_EQ
749JH36,761413,NSE_EQ
749KA35,760845,NSE_EQ
749KL36,23351,NSE_EQ
749KL39,23586,NSE_EQ
749KL40,759324,NSE_EQ
749KL45,19178,NSE_EQ
749KL56,758586,NSE_EQ
749MH30,15015,NSE_EQ
749MH36,22617,NSE_EQ
749ML27,13239,NSE_EQ
749MN35,15315,NSE_EQ
749NL34,22750,NSE_EQ
749OR36,760774,NSE_EQ
749PFC34,22795,NSE_EQ
749PN32,23422,NSE_EQ
749PN35,18993,NSE_EQ
749PN35A,760094,NSE_EQ
749PN37,18088,NSE_EQ
749PN40,759231,NSE_EQ
749RCFL28,757761,NSE_EQ
749RJ34,17652,NSE_EQ
749RJ35,758718,NSE_EQ
749RJ36,761459,NSE_EQ
749RJ40,23327,NSE_EQ
749RJ44,23642,NSE_EQ
749SIDBI29,29949,NSE_EQ
749TN34,23584,NSE_EQ
749TN44,23640,NSE_EQ
749TS35,22614,NSE_EQ
749TS39,760071,NSE_EQ
749TS44,19177,NSE_EQ
749UP34,18210,NSE_EQ
749UP34A,22610,NSE_EQ
749UP36,23350,NSE_EQ
74AP31,15477,NSE_EQ
74AP32,16923,NSE_EQ
74AP41,23817,NSE_EQ
74AP43,18413,NSE_EQ
74AS33,15508,NSE_EQ
74BR30,17446,NSE_EQ
74BR35,760092,NSE_EQ
74BR39,22986,NSE_EQ
74CB34,24514,NSE_EQ
74CG30,16974,NSE_EQ
74GA37,758719,NSE_EQ
74GJ26,20926,NSE_EQ
74GJ27,18688,NSE_EQ
74GJ36,759915,NSE_EQ
74GJ36A,760885,NSE_EQ
74GS2035,6874,NSE_EQ
74GS2062,10981,NSE_EQ
74HR33,16979,NSE_EQ
74HR37,8580,NSE_EQ
74JK44,22997,NSE_EQ
74KL37,8713,NSE_EQ
74KL41,18336,NSE_EQ
74MH31,16975,NSE_EQ
74MH32,16978,NSE_EQ
74MH35,22992,NSE_EQ
74MH36,22995,NSE_EQ
74ML27,13118,NSE_EQ
74MP34,16805,NSE_EQ
74MP35,760882,NSE_EQ
74MP46,759492,NSE_EQ
74MP47,759493,NSE_EQ
74MZ39,22985,NSE_EQ
74PFCL30,28791,NSE_EQ
74PFCL35,29971,NSE_EQ
74PY30,24053,NSE_EQ
74RJ41,18337,NSE_EQ
74RJ42,22987,NSE_EQ
74TN34,22990,NSE_EQ
74TN35,760883,NSE_EQ
74TN42,8590,NSE_EQ
74TN54,23217,NSE_EQ
74TS43,18412,NSE_EQ
74TS45,16994,NSE_EQ
74UP33,17453,NSE_EQ
74WB38,8584,NSE_EQ
74WB42,18283,NSE_EQ
74WB44,22989,NSE_EQ
750AS30,20278,NSE_EQ
750BOI35,29685,NSE_EQ
750GA30,20218,NSE_EQ
750GS2056,763146,NSE_EQ
750IRFC35,11757,NSE_EQ
750MZ30,22016,NSE_EQ
750TCSL28,757759,NSE_EQ
750TN29,22107,NSE_EQ
750TN32,763285,NSE_EQ
750TN36,760664,NSE_EQ
750TN36A,760631,NSE_EQ
750TS28,22189,NSE_EQ
751AP41,23639,NSE_EQ
751CG32,22609,NSE_EQ
751HR29,13122,NSE_EQ
751HR41,758851,NSE_EQ
751HUDCO28,29312,NSE_EQ
751JK40,760020,NSE_EQ
751JK45,758885,NSE_EQ
751JK54,23338,NSE_EQ
751KA36,760568,NSE_EQ
751MN35,18084,NSE_EQ
751MP38,19169,NSE_EQ
751MP48,759332,NSE_EQ
751NHB31,23626,NSE_EQ
751PN36,18087,NSE_EQ
751PN37,23585,NSE_EQ
751RJ34,22611,NSE_EQ
751SIDBI28,27211,NSE_EQ
751UK35,760773,NSE_EQ
751UP38,23353,NSE_EQ
751UP39,760384,NSE_EQ
751UP40,23329,NSE_EQ
751UP40A,760082,NSE_EQ
752ABCL30,759069,NSE_EQ
752AP37,760441,NSE_EQ
752AP38,8974,NSE_EQ
752AP39,17102,NSE_EQ
752AP42,8977,NSE_EQ
752AP43,22624,NSE_EQ
752AS34,22612,NSE_EQ
752BR31,18933,NSE_EQ
752BR36,758848,NSE_EQ
752BR39,22619,NSE_EQ
752GA37,761460,NSE_EQ
752GA39,23357,NSE_EQ
752HP39,23355,NSE_EQ
752HR34,23632,NSE_EQ
752HR39,758720,NSE_EQ
752HR41,760293,NSE_EQ
752HR42,760294,NSE_EQ
752KA37,760514,NSE_EQ
752KL33,758715,NSE_EQ
752MZ40,22621,NSE_EQ
752PN35,18083,NSE_EQ
752RJ34,23633,NSE_EQ
752RJ35,760620,NSE_EQ
752RJ36,759919,NSE_EQ
752RJ37,23637,NSE_EQ
752RJ39,23638,NSE_EQ
752RJ44,23333,NSE_EQ
752TN33,19162,NSE_EQ
752TN55,760090,NSE_EQ
752TS36,760271,NSE_EQ
752TS52,760089,NSE_EQ
752TS54,759336,NSE_EQ
752UP39,23356,NSE_EQ
752WB39,23328,NSE_EQ
752WB44,760387,NSE_EQ
75343PHF31,760724,NSE_EQ
753AP36,23634,NSE_EQ
753AP36A,760566,NSE_EQ
753AP37,761006,NSE_EQ
753AP40,760083,NSE_EQ
753AS27,10195,NSE_EQ
753AS29,21259,NSE_EQ
753AS32,10906,NSE_EQ
753BR32,10923,NSE_EQ
753HR30,10855,NSE_EQ
753HR33,19179,NSE_EQ
753HR38,761327,NSE_EQ
753ICICI34,24328,NSE_EQ
753IRED34,23006,NSE_EQ
753IRFC30,11754,NSE_EQ
753KA38,760442,NSE_EQ
753KL50,23336,NSE_EQ
753NTPC30E,10749,NSE_EQ
753PHFL30,756821,NSE_EQ
753PN36,23635,NSE_EQ
753PN37,23636,NSE_EQ
753RECL34,23749,NSE_EQ
753SK36,760057,NSE_EQ
753SK36A,761324,NSE_EQ
753TN37,760633,NSE_EQ
753TN53,14280,NSE_EQ
753TS47,13051,NSE_EQ
753TS52,759335,NSE_EQ
753WB44,23334,NSE_EQ
7545NIIF28,761299,NSE_EQ
754AP29,13712,NSE_EQ
754AP42,760447,NSE_EQ
754AS28,10646,NSE_EQ
754AS28A,20722,NSE_EQ
754AS34,23631,NSE_EQ
754BOI34,24516,NSE_EQ
754BR33,758927,NSE_EQ
754CG31,19180,NSE_EQ
754CG36,760665,NSE_EQ
754CG38,759701,NSE_EQ
754GIL29,756874,NSE_EQ
754GS2036,9585,NSE_EQ
754HR40,760444,NSE_EQ
754KA37,760775,NSE_EQ
754KA39,759703,NSE_EQ
754KA41,13050,NSE_EQ
754KL55,23339,NSE_EQ
754MH37,760847,NSE_EQ
754MN38,760443,NSE_EQ
754MP46,760476,NSE_EQ
754MP48,760088,NSE_EQ
754PN32,23630,NSE_EQ
754PN34,759911,NSE_EQ
754RJ33,19191,NSE_EQ
754RJ35,760510,NSE_EQ
754RJ36,760513,NSE_EQ
754RJ53,758665,NSE_EQ
754TN36,760910,NSE_EQ
754TR40,760445,NSE_EQ
754TS33,763071,NSE_EQ
754TS51,758664,NSE_EQ
754TS53,758666,NSE_EQ
754TS55,758710,NSE_EQ
754UK33,19163,NSE_EQ
755AP29,12661,NSE_EQ
755AR45,760296,NSE_EQ
755AS32,11095,NSE_EQ
755BR32,11094,NSE_EQ
755BR32A,13038,NSE_EQ
755DDL39,22944,NSE_EQ
755GA32,13124,NSE_EQ
755GJ30,13366,NSE_EQ
755GJ31,20724,NSE_EQ
755JK38,13779,NSE_EQ
755KA35,760909,NSE_EQ
755MH34,763065,NSE_EQ
755MP35,19165,NSE_EQ
755PFC27,23109,NSE_EQ
755PGCI34,23571,NSE_EQ
755PN32,23583,NSE_EQ
755RECL26,24805,NSE_EQ
755TCSL28,759146,NSE_EQ
755TN36,761564,NSE_EQ
755TN53,14117,NSE_EQ
755TN54,22509,NSE_EQ
755TPREL40,756992,NSE_EQ
755TS30,13770,NSE_EQ
755TS32,19185,NSE_EQ
755TS46,760087,NSE_EQ
756AS45,760473,NSE_EQ
756CG37,760666,NSE_EQ
756HP40,758721,NSE_EQ
756HP40A,760446,NSE_EQ
756IIFCL28,29631,NSE_EQ
756JK48,20230,NSE_EQ
756JK53,19521,NSE_EQ
756KA36,760911,NSE_EQ
756KL44,760472,NSE_EQ
756MP39,759704,NSE_EQ
756NIIF31,761301,NSE_EQ
756OR38,760634,NSE_EQ
756PY35,760382,NSE_EQ
756RECL27,24500,NSE_EQ
756RJ33,15095,NSE_EQ
756RJ41,759326,NSE_EQ
756RJ48,14113,NSE_EQ
756SK36,761458,NSE_EQ
756TN53,14357,NSE_EQ
756TN53A,20933,NSE_EQ
756TN54,21548,NSE_EQ
756TS40,11160,NSE_EQ
756TS48,14112,NSE_EQ
756UP35,19168,NSE_EQ
756WB39,11159,NSE_EQ
756WB42,11161,NSE_EQ
756WB42A,760084,NSE_EQ
756WB45,759328,NSE_EQ
757AS32,13112,NSE_EQ
757AS36,760567,NSE_EQ
757BOB24,22234,NSE_EQ
757BR49,759333,NSE_EQ
757GJ26,11866,NSE_EQ
757GJ31,13369,NSE_EQ
757GJ32,13773,NSE_EQ
757GS2033,10046,NSE_EQ
757HP31,10526,NSE_EQ
757HP32,13117,NSE_EQ
757HR30,12664,NSE_EQ
757HR40,760637,NSE_EQ
757IREDL29,23155,NSE_EQ
757IRFC29,21621,NSE_EQ
757JK34,11096,NSE_EQ
757LICH29,25849,NSE_EQ
757MH31,13913,NSE_EQ
757MH36,761561,NSE_EQ
757ML34,760288,NSE_EQ
757MP43,758724,NSE_EQ
757MP45,758725,NSE_EQ
757NHB31,21394,NSE_EQ
757PN37,759321,NSE_EQ
757RJ43,758723,NSE_EQ
757TN33,13715,NSE_EQ
757TN38,761475,NSE_EQ
757TN53,14455,NSE_EQ
757TS31,13772,NSE_EQ
757UP36,760846,NSE_EQ
757UP38,761474,NSE_EQ
757WB46,760477,NSE_EQ
758ABHFL35,758141,NSE_EQ
758AP40,10911,NSE_EQ
758AP42,10913,NSE_EQ
758AS33,15016,NSE_EQ
758BR32,13113,NSE_EQ
758BR43,759327,NSE_EQ
758CIFL30,759486,NSE_EQ
758GA37,10912,NSE_EQ
758GA37A,11097,NSE_EQ
758GJ26,20367,NSE_EQ
758GJ32,20927,NSE_EQ
758HR30,13241,NSE_EQ
758JH31,13368,NSE_EQ
758JK50,19907,NSE_EQ
758KA40,761329,NSE_EQ
758KL49,14355,NSE_EQ
758KL50,758728,NSE_EQ
758LICH35,29200,NSE_EQ
758LICH35A,30277,NSE_EQ
758NL33,15021,NSE_EQ
758PN42,10907,NSE_EQ
758RECL29,23894,NSE_EQ
758RJ48,14354,NSE_EQ
758SDIL31,25982,NSE_EQ
758TN35,761559,NSE_EQ
758TN37,760913,NSE_EQ
758TN54,21841,NSE_EQ
758TN56,760590,NSE_EQ
758TN56A,760772,NSE_EQ
758TS41,20745,NSE_EQ
758TS45,14353,NSE_EQ
758TS48,760757,NSE_EQ
758TS53,760523,NSE_EQ
758UK38,761050,NSE_EQ
758WB42,760471,NSE_EQ
759AP33,13717,NSE_EQ
759AP43,760753,NSE_EQ
759AP44,760085,NSE_EQ
759AP47,760588,NSE_EQ
759AS36,760632,NSE_EQ
759AS39,760385,NSE_EQ
759CG30,22158,NSE_EQ
759CG36,760912,NSE_EQ
759CG46,760587,NSE_EQ
759GIL30,756876,NSE_EQ
759GS2029,7130,NSE_EQ
759HP38,14276,NSE_EQ
759HR35,19166,NSE_EQ
759IRDA34,23250,NSE_EQ
759IREDA34,22820,NSE_EQ
759KA38,13049,NSE_EQ
759LTFL28,756025,NSE_EQ
759MN35,18991,NSE_EQ
759MP38,14277,NSE_EQ
759MP38A,760570,NSE_EQ
759MP44,760583,NSE_EQ
759NH27,24114,NSE_EQ
759NHB27,23913,NSE_EQ
759OR46,760777,NSE_EQ
759PHFL31,760863,NSE_EQ
759PN33,15019,NSE_EQ
759PN39,14279,NSE_EQ
759PY41,14168,NSE_EQ
759RJ46,19906,NSE_EQ
759RJ48,15109,NSE_EQ
759RL27,23534,NSE_EQ
759TN44,21829,NSE_EQ
759TS37,13719,NSE_EQ
759TS40,13721,NSE_EQ
759TS40A,14167,NSE_EQ
759TS46,21830,NSE_EQ
759TS48,760522,NSE_EQ
759UK38,760635,NSE_EQ
759UP41,760515,NSE_EQ
759WB37,760667,NSE_EQ
759WB39,19172,NSE_EQ
759WB47,760521,NSE_EQ
75AP28,12660,NSE_EQ
75AP32,23582,NSE_EQ
75AP41,19174,NSE_EQ
75AP45,759329,NSE_EQ
75AP46,759331,NSE_EQ
75AR45,759860,NSE_EQ
75AS34,23494,NSE_EQ
75BR31,18080,NSE_EQ
75CG35,760565,NSE_EQ
75GA33,18082,NSE_EQ
75GA36,759918,NSE_EQ
75GFL28,757980,NSE_EQ
75GFL30,757978,NSE_EQ
75GS2034,6873,NSE_EQ
75HP36,10960,NSE_EQ
75HP37,10961,NSE_EQ
75HP38,17101,NSE_EQ
75HR29,13594,NSE_EQ
75HR30,15098,NSE_EQ
75IREDA34,24023,NSE_EQ
75MH44,23332,NSE_EQ
75MN36,23204,NSE_EQ
75MN36A,23352,NSE_EQ
75MP36,760270,NSE_EQ
75MP44,758884,NSE_EQ
75SK34,23200,NSE_EQ
75TN31,23581,NSE_EQ
75TN37,760569,NSE_EQ
75TN54,23337,NSE_EQ
75TR30,22137,NSE_EQ
75TS51,759861,NSE_EQ
75TS52,759862,NSE_EQ
75UK29,23546,NSE_EQ
75UP35,18085,NSE_EQ
75WB37,760097,NSE_EQ
760ABCL35,757723,NSE_EQ
760BR50,760758,NSE_EQ
760CIT38,30036,NSE_EQ
760GFL30,757365,NSE_EQ
760PFC29,22793,NSE_EQ
760PFCL35,19976,NSE_EQ
760TOPL29,760647,NSE_EQ
7616ABHF29,763147,NSE_EQ
761ABCL35A,759300,NSE_EQ
761AP41,761370,NSE_EQ
761AP42,760582,NSE_EQ
761AP43,19552,NSE_EQ
761GJ32,10531,NSE_EQ
761GS2030,7142,NSE_EQ
761HP38,20742,NSE_EQ
761HR32,10853,NSE_EQ
761HR43,760678,NSE_EQ
761JK42,13135,NSE_EQ
761KA34,761554,NSE_EQ
761LIC34,25042,NSE_EQ
761MH29,9435,NSE_EQ
761RJ32,13377,NSE_EQ
761RJ43,15105,NSE_EQ
761SIDBI29,763254,NSE_EQ
761TFSIL28,763528,NSE_EQ
761TN32,10852,NSE_EQ
761TN32A,13379,NSE_EQ
761TN56,760789,NSE_EQ
761TS32,14088,NSE_EQ
761TS42,760676,NSE_EQ
761TS44,15106,NSE_EQ
761TS52,760682,NSE_EQ
761WB41,760386,NSE_EQ
761WB45,760586,NSE_EQ
762AP36,758933,NSE_EQ
762AP39,761328,NSE_EQ
762AR32,13372,NSE_EQ
762AS32,12666,NSE_EQ
762AS33,19186,NSE_EQ
762AS41,761371,NSE_EQ
762AS46,760771,NSE_EQ
762BR31,19181,NSE_EQ
762BR32,10854,NSE_EQ
762GA32,12678,NSE_EQ
762GA32A,13373,NSE_EQ
762GJ28,19480,NSE_EQ
762GJ29,11589,NSE_EQ
762GS2039,9538,NSE_EQ
762HP43,19519,NSE_EQ
762HR31,13600,NSE_EQ
762JK41,760776,NSE_EQ
762KA36,761566,NSE_EQ
762KL38,20739,NSE_EQ
762KL44,20948,NSE_EQ
762KL53,13624,NSE_EQ
762MH30,9695,NSE_EQ
762MH30A,11277,NSE_EQ
762MN35,14165,NSE_EQ
762MP34,14163,NSE_EQ
762MP39,761016,NSE_EQ
762MZ36,14166,NSE_EQ
762MZ38,760292,NSE_EQ
762NABAR29,23254,NSE_EQ
762NTPC35F,10751,NSE_EQ
762PN32,12673,NSE_EQ
762PN33,760617,NSE_EQ
762PN38,15100,NSE_EQ
762PY35,14164,NSE_EQ
762RJ43,19518,NSE_EQ
762TCL30,755990,NSE_EQ
762TN33,13602,NSE_EQ
762TN34,22499,NSE_EQ
762TN43,13908,NSE_EQ
762TN53,19488,NSE_EQ
762UK33,13716,NSE_EQ
762UP33,20732,NSE_EQ
762UP34,20735,NSE_EQ
762UP35,13778,NSE_EQ
762UP41,759705,NSE_EQ
762WB41,760516,NSE_EQ
762WB47,760756,NSE_EQ
76377AIF29,758691,NSE_EQ
763AP30,9531,NSE_EQ
763AP34,763072,NSE_EQ
763AP37,758935,NSE_EQ
763AR33,20734,NSE_EQ
763AS35,758931,NSE_EQ
763BR38,20741,NSE_EQ
763BR40,760638,NSE_EQ
763GA33,20733,NSE_EQ
763GJ32,13916,NSE_EQ
763GJ33,21856,NSE_EQ
763GJ34,21858,NSE_EQ
763GJ37,31637,NSE_EQ
763GS2059,9907,NSE_EQ
763HLICL35,760342,NSE_EQ
763HP37,13127,NSE_EQ
763HR28,9770,NSE_EQ
763HR29,9433,NSE_EQ
763HR32,13244,NSE_EQ
763HR33,13627,NSE_EQ
763JH30,14087,NSE_EQ
763JK53,19742,NSE_EQ
763JK53A,20483,NSE_EQ
763KA37,12692,NSE_EQ
763KA39,13128,NSE_EQ
763KA40,13134,NSE_EQ
763KA42,12710,NSE_EQ
763KL32,13375,NSE_EQ
763KL43,12726,NSE_EQ
763MH30,9437,NSE_EQ
763MH35,22500,NSE_EQ
763MH36,22502,NSE_EQ
763ML32,20731,NSE_EQ
763MP41,759706,NSE_EQ
763MP48,760788,NSE_EQ
763PN39,12706,NSE_EQ
763PY32,13382,NSE_EQ
763RJ41,22505,NSE_EQ
763TN47,12345,NSE_EQ
763TN56,760612,NSE_EQ
763TS36,13718,NSE_EQ
763TS43,12321,NSE_EQ
763TS44,12328,NSE_EQ
763UK35,761556,NSE_EQ
763WB38,20743,NSE_EQ
763WB46,760680,NSE_EQ
7645LICH30,29742,NSE_EQ
764ABL34,23041,NSE_EQ
764AP31,21494,NSE_EQ
764AP33,12689,NSE_EQ
764AP40,760579,NSE_EQ
764AR30,20570,NSE_EQ
764BR32,13242,NSE_EQ
764CG40,760060,NSE_EQ
764GA30,20571,NSE_EQ
764GA33,13887,NSE_EQ
764GA38,13619,NSE_EQ
764GJ31,21262,NSE_EQ
764GJ33,21500,NSE_EQ
764GJ34,21503,NSE_EQ
764HP39,21512,NSE_EQ
764HR31,13915,NSE_EQ
764HUDCO31,19928,NSE_EQ
764IRFC31,15168,NSE_EQ
764JK50,20402,NSE_EQ
764KA32,19523,NSE_EQ
764KA39,20744,NSE_EQ
764KL34,13606,NSE_EQ
764KL39,760636,NSE_EQ
764KL47,760787,NSE_EQ
764MH32,11285,NSE_EQ
764MH33,13886,NSE_EQ
764MP33,14093,NSE_EQ
764MP34,763198,NSE_EQ
764NABAR31,20034,NSE_EQ
764REC34,21485,NSE_EQ
764RJ36,763073,NSE_EQ
764RJ38,13902,NSE_EQ
764RJ49,20366,NSE_EQ
764RL27,22815,NSE_EQ
764TN29,10452,NSE_EQ
764TN32,10544,NSE_EQ
764TS33,14097,NSE_EQ
764TS44,760754,NSE_EQ
764UK32,760505,NSE_EQ
764UP36,14109,NSE_EQ
764WB32,13248,NSE_EQ
764WB41,760581,NSE_EQ
764WB42,13621,NSE_EQ
764WB42A,760677,NSE_EQ
764WB43,19520,NSE_EQ
764WB43A,20946,NSE_EQ
765AP43,761375,NSE_EQ
765AS32,10765,NSE_EQ
765AS38,760668,NSE_EQ
765BR32,10529,NSE_EQ
765BR32A,10721,NSE_EQ
765BR33,760507,NSE_EQ
765BR44,760679,NSE_EQ
765BR51,760681,NSE_EQ
765CG33,22494,NSE_EQ
765GA32,13243,NSE_EQ
765GA33,20238,NSE_EQ
765GA34,22496,NSE_EQ
765GJ29,10233,NSE_EQ
765GJ29A,20368,NSE_EQ
765GJ33,13964,NSE_EQ
765HDFC34,23222,NSE_EQ
765HP35,20738,NSE_EQ
765HR30,13957,NSE_EQ
765HR33,13882,NSE_EQ
765HR33A,14272,NSE_EQ
765HR33B,20240,NSE_EQ
765JK37,760291,NSE_EQ
765KA34,13384,NSE_EQ
765KL48,13996,NSE_EQ
765LICH31,25376,NSE_EQ
765MP40,761369,NSE_EQ
765MP41,761418,NSE_EQ
765MZ41,760670,NSE_EQ
765NBFID38,20841,NSE_EQ
765NL32,13247,NSE_EQ
765PGCIL34,21315,NSE_EQ
765PN42,11981,NSE_EQ
765RJ32,10543,NSE_EQ
765RJ32A,11288,NSE_EQ
765RJ33,13881,NSE_EQ
765RJ36,761563,NSE_EQ
765RJ40,760580,NSE_EQ
765RJ48,19740,NSE_EQ
765SHFL29,25948,NSE_EQ
765SICCL31,762403,NSE_EQ
765TMCV27,759787,NSE_EQ
765TMCV28,759811,NSE_EQ
765TML28,756179,NSE_EQ
765TN29,10234,NSE_EQ
765TN30,19908,NSE_EQ
765TN33,13874,NSE_EQ
765TN33A,19524,NSE_EQ
765TN53,13997,NSE_EQ
765TPREL40,758991,NSE_EQ
765TS30,22188,NSE_EQ
765TS39,19550,NSE_EQ
765TS52,760609,NSE_EQ
765TS55,760611,NSE_EQ
765UP30,22086,NSE_EQ
765UP34,20943,NSE_EQ
766AP32,13958,NSE_EQ
766AP37,19538,NSE_EQ
766AP42,19621,NSE_EQ
766BR33,14098,NSE_EQ
766GJ30,14269,NSE_EQ
766GJ30A,20479,NSE_EQ
766GJ32,21264,NSE_EQ
766HR29,14635,NSE_EQ
766HR35,19533,NSE_EQ
766HR36,22501,NSE_EQ
766JCL31,761436,NSE_EQ
766KA42,12313,NSE_EQ
766KL39,761014,NSE_EQ
766KL46,19737,NSE_EQ
766KL50,14563,NSE_EQ
766LICH29,29305,NSE_EQ
766MH33,14549,NSE_EQ
766MH47,760607,NSE_EQ
766MH52,760610,NSE_EQ
766ML32,20231,NSE_EQ
766MP48,14559,NSE_EQ
766RJ31,21842,NSE_EQ
766RJ33,13960,NSE_EQ
766RJ33A,22495,NSE_EQ
766RJ34,22497,NSE_EQ
766RJ43,13994,NSE_EQ
766SK33,14274,NSE_EQ
766TN33,20928,NSE_EQ
766TN43,19622,NSE_EQ
766TS34,13387,NSE_EQ
766TS44,13995,NSE_EQ
766UP32,10771,NSE_EQ
766UP33,14162,NSE_EQ
766UP33A,14273,NSE_EQ
766WB39,13906,NSE_EQ
766WB43,21827,NSE_EQ
767AP31,9696,NSE_EQ
767AP38,19487,NSE_EQ
767AP38A,21510,NSE_EQ
767AS32,11980,NSE_EQ
767AS33,13877,NSE_EQ
767AS33A,14092,NSE_EQ
767AS33B,19526,NSE_EQ
767CG31,21849,NSE_EQ
767CG33,21502,NSE_EQ
767CG43,759708,NSE_EQ
767GA33,19527,NSE_EQ
767GA33A,20937,NSE_EQ
767HP34,21509,NSE_EQ
767HR32,11284,NSE_EQ
767HR35,20944,NSE_EQ
767HR41,760061,NSE_EQ
767JH37,13257,NSE_EQ
767JK38,760571,NSE_EQ
767KA32,11984,NSE_EQ
767KA36,20222,NSE_EQ
767KA42,21820,NSE_EQ
767KL34,10851,NSE_EQ
767KL43,22506,NSE_EQ
767MP33,13965,NSE_EQ
767NHPCL32,763643,NSE_EQ
767NHPCL33,763645,NSE_EQ
767NHPCL34,763647,NSE_EQ
767NHPCL35,763649,NSE_EQ
767NHPCL36,763651,NSE_EQ
767NHPCL37,763653,NSE_EQ
767NHPCL38,763655,NSE_EQ
767NHPCL39,763657,NSE_EQ
767NHPCL40,763659,NSE_EQ
767NHPCL41,763661,NSE_EQ
767NL32,10541,NSE_EQ
767NL33,13626,NSE_EQ
767NL33A,13967,NSE_EQ
767NL33B,20243,NSE_EQ
767PN35,19167,NSE_EQ
767RJ33,20942,NSE_EQ
767RJ34,21863,NSE_EQ
767TN30,20470,NSE_EQ
767TN53,14564,NSE_EQ
767TS35,13389,NSE_EQ
767TS45,19733,NSE_EQ
767TS46,759709,NSE_EQ
767UK33,14102,NSE_EQ
767UK33A,20931,NSE_EQ
767UK41,759707,NSE_EQ
767UP33,20938,NSE_EQ
767UP41,761049,NSE_EQ
767WB37,13237,NSE_EQ
767WB39,13399,NSE_EQ
767WB41,13401,NSE_EQ
767WB43,22507,NSE_EQ
767WB44,22508,NSE_EQ
767WB44A,760755,NSE_EQ
767WB46,760786,NSE_EQ
76825AIFL2,760209,NSE_EQ
7685TCHF28,28840,NSE_EQ
768AP37,21870,NSE_EQ
768AP39,760790,NSE_EQ
768AR33,20244,NSE_EQ
768AS31,21496,NSE_EQ
768AS32,10528,NSE_EQ
768AS41,760791,NSE_EQ
768BR32,11985,NSE_EQ
768BR33,14271,NSE_EQ
768CG32,21499,NSE_EQ
768CG36,763195,NSE_EQ
768GJ30,14156,NSE_EQ
768GJ33,14548,NSE_EQ
768GSGL28,758007,NSE_EQ
768GSGL28A,758009,NSE_EQ
768GSGL28B,758011,NSE_EQ
768GSGL28C,758013,NSE_EQ
768HR31,12295,NSE_EQ
768HR33,13968,NSE_EQ
768IREDA33,20848,NSE_EQ
768JH32,21851,NSE_EQ
768JK37,12701,NSE_EQ
768JK38,759702,NSE_EQ
768JK44,21288,NSE_EQ
768KA31,11978,NSE_EQ
768KA34,13254,NSE_EQ
768KA37,20945,NSE_EQ
768KA37A,761567,NSE_EQ
768KA39,21513,NSE_EQ
768KL36,761562,NSE_EQ
768KL49,761381,NSE_EQ
768LIC34,23907,NSE_EQ
768MP34,19619,NSE_EQ
768MP43,760793,NSE_EQ
768NIIF31,761828,NSE_EQ
768PN39,13398,NSE_EQ
768PN42,11276,NSE_EQ
768SID27,24171,NSE_EQ
768SIDB27,22668,NSE_EQ
768SIDBI27,23252,NSE_EQ
768TN30,19614,NSE_EQ
768TN30A,19745,NSE_EQ
768TN30B,20335,NSE_EQ
768TS37,20225,NSE_EQ
768TS42,13993,NSE_EQ
768TS44,760086,NSE_EQ
768UP32,11289,NSE_EQ
768UP34,19532,NSE_EQ
768UP34A,20220,NSE_EQ
768WB32,11291,NSE_EQ
769AP35,13878,NSE_EQ
769AP42,20190,NSE_EQ
769AP42A,760148,NSE_EQ
769AP43,14351,NSE_EQ
769AS33,13959,NSE_EQ
769BR32,11282,NSE_EQ
769BR35,763194,NSE_EQ
769BR39,22504,NSE_EQ
769BR54,760163,NSE_EQ
769GA32,11283,NSE_EQ
769GA32A,12301,NSE_EQ
769GA34,21865,NSE_EQ
769GS2043,9888,NSE_EQ
769HP46,760239,NSE_EQ
769HR27,9873,NSE_EQ
769HR41,760795,NSE_EQ
769HR42,761009,NSE_EQ
769HR42A,761419,NSE_EQ
769HR44,761376,NSE_EQ
769HUDCO31,19930,NSE_EQ
769ICPR35,760811,NSE_EQ
769IGT28,3451,NSE_EQ
769KA33,19615,NSE_EQ
769KA33A,20392,NSE_EQ
769KA40,21540,NSE_EQ
769KL40,11292,NSE_EQ
769LIC34,22633,NSE_EQ
769LICH26,27750,NSE_EQ
769MH31,14531,NSE_EQ
769ML35,758932,NSE_EQ
769MN34,13252,NSE_EQ
769MP43,14352,NSE_EQ
769MZ31,9708,NSE_EQ
769MZ37,13897,NSE_EQ
769NHAI31,14529,NSE_EQ
769PN36,22503,NSE_EQ
769PN39,14381,NSE_EQ
769PY37,13397,NSE_EQ
769RJ39,14380,NSE_EQ
769TFSIL28,756930,NSE_EQ
769TN33,763735,NSE_EQ
769TN37,13393,NSE_EQ
769TN43,14349,NSE_EQ
769TS32,14533,NSE_EQ
769TS56,761477,NSE_EQ
769UK36,763202,NSE_EQ
769UP35,13891,NSE_EQ
769UP35A,19485,NSE_EQ
769WB39,14340,NSE_EQ
769WB42,14347,NSE_EQ
769WB49,760608,NSE_EQ
76AP28,11299,NSE_EQ
76AP29,14954,NSE_EQ
76AP34,19164,NSE_EQ
76AP44,21543,NSE_EQ
76AP44A,760584,NSE_EQ
76AP45,760585,NSE_EQ
76BR37,760290,NSE_EQ
76GJ32,12667,NSE_EQ
76GJ33,22493,NSE_EQ
76GJ35,14107,NSE_EQ
76HR39,760669,NSE_EQ
76JK35,14103,NSE_EQ
76JK45,760520,NSE_EQ
76JK53,19623,NSE_EQ
76JK53A,20197,NSE_EQ
76KA32,13245,NSE_EQ
76KA32A,13374,NSE_EQ
76KA33,13601,NSE_EQ
76KA38,20740,NSE_EQ
76KL33,762423,NSE_EQ
76KL42,760518,NSE_EQ
76KL45,13911,NSE_EQ
76MH30,21934,NSE_EQ
76NHAI31,12003,NSE_EQ
76RCFL29,759017,NSE_EQ
76TN31,22492,NSE_EQ
76TN32,10720,NSE_EQ
76TS42,760517,NSE_EQ
76TS43,21542,NSE_EQ
76TS47,21547,NSE_EQ
76UP33,762428,NSE_EQ
76UP37,760839,NSE_EQ
76WB45,760519,NSE_EQ
76WB47,760589,NSE_EQ
770AIFL26,758880,NSE_EQ
770AIFL29,758878,NSE_EQ
770MH32,9722,NSE_EQ
770NABAR27,23797,NSE_EQ
770RECL26,23896,NSE_EQ
770SHFL27,756171,NSE_EQ
770SHFL29,27158,NSE_EQ
770SUNF28,29169,NSE_EQ
770TOPL30,760745,NSE_EQ
770TPREL34,28797,NSE_EQ
7712TCHF28,25840,NSE_EQ
771AP31,20472,NSE_EQ
771AP32,9711,NSE_EQ
771AP33,14270,NSE_EQ
771AP33A,14959,NSE_EQ
771AP34,11281,NSE_EQ
771AP36,13972,NSE_EQ
771AP37,10848,NSE_EQ
771AP37A,20398,NSE_EQ
771AP39,10847,NSE_EQ
771AP41,760796,NSE_EQ
771AP42,10846,NSE_EQ
771AS33,14160,NSE_EQ
771BR33,14431,NSE_EQ
771GJ33,14374,NSE_EQ
771GJ34,14432,NSE_EQ
771GS2066,763489,NSE_EQ
771HDFCB33,20753,NSE_EQ
771HR33,20344,NSE_EQ
771HR33A,20475,NSE_EQ
771JK48,20746,NSE_EQ
771KA36,20478,NSE_EQ
771KA38,21283,NSE_EQ
771KL42,10845,NSE_EQ
771KL43,20364,NSE_EQ
771KL53,761452,NSE_EQ
771MH33,19911,NSE_EQ
771MN32,11286,NSE_EQ
771MP40,21879,NSE_EQ
771NIIF35,755871,NSE_EQ
771PN38,760848,NSE_EQ
771REC27,21470,NSE_EQ
771RJ33,19617,NSE_EQ
771SIHF35,759878,NSE_EQ
771UK33,19482,NSE_EQ
771UP33,19748,NSE_EQ
771UP46,760161,NSE_EQ
771WB39,13991,NSE_EQ
771WB41,20362,NSE_EQ
771WB43,20363,NSE_EQ
772ABCL31,761727,NSE_EQ
772AP34,10527,NSE_EQ
772AP35,10718,NSE_EQ
772AP36,19620,NSE_EQ
772AP38,20183,NSE_EQ
772AP41,19729,NSE_EQ
772AS33,14539,NSE_EQ
772BR33,14161,NSE_EQ
772BR33A,14375,NSE_EQ
772BR41,760147,NSE_EQ
772GJ34,14643,NSE_EQ
772GJ35,14553,NSE_EQ
772GS2049,9604,NSE_EQ
772GS2055,7136,NSE_EQ
772HP31,14637,NSE_EQ
772HR32,14638,NSE_EQ
772HR33,20393,NSE_EQ
772HR35,19901,NSE_EQ
772IGT31,3470,NSE_EQ
772JK32,9717,NSE_EQ
772JK43,20947,NSE_EQ
772JK43A,760794,NSE_EQ
772KA35,20396,NSE_EQ
772KA35A,20477,NSE_EQ
772KA37,21281,NSE_EQ
772KL45,760149,NSE_EQ
772MH31,14367,NSE_EQ
772MH32,14639,NSE_EQ
772MH34,9724,NSE_EQ
772MH35,21271,NSE_EQ
772ML31,19517,NSE_EQ
772MN32,9718,NSE_EQ
772MN37,758934,NSE_EQ
772MP38,13977,NSE_EQ
772MP45,761017,NSE_EQ
772MP49,761018,NSE_EQ
772MZ38,19539,NSE_EQ
772RJ33,19912,NSE_EQ
772RJ35,9725,NSE_EQ
772TIL34,25078,NSE_EQ
772TN33,19618,NSE_EQ
772TN34,21269,NSE_EQ
772TS35,19609,NSE_EQ
772TS36,19902,NSE_EQ
772TS46,14452,NSE_EQ
772TS57,758920,NSE_EQ
772TS63,758922,NSE_EQ
772UP34,19900,NSE_EQ
772UP36,13973,NSE_EQ
772UP36A,763200,NSE_EQ
772UP44,761444,NSE_EQ
772WB37,20399,NSE_EQ
772WB38,11295,NSE_EQ
772WB41,760062,NSE_EQ
772WB44,761377,NSE_EQ
773AIFL26,758874,NSE_EQ
773AIFL28,758876,NSE_EQ
773AIFL30,758689,NSE_EQ
773AP32,14640,NSE_EQ
773AP32A,20391,NSE_EQ
773BR32,11598,NSE_EQ
773BR33,14534,NSE_EQ
773BR38,19904,NSE_EQ
773BR39,21167,NSE_EQ
773BR39A,21539,NSE_EQ
773CG31,19746,NSE_EQ
773CG44,761445,NSE_EQ
773CIFCL31,760639,NSE_EQ
773GA33,19717,NSE_EQ
773GJ29,21049,NSE_EQ
773GJ32,10648,NSE_EQ
773GJ36,14652,NSE_EQ
773GS2034,7127,NSE_EQ
773HR32,14369,NSE_EQ
773HR33,9441,NSE_EQ
773HR45,761010,NSE_EQ
773HR45A,761446,NSE_EQ
773KA34,20350,NSE_EQ
773KA35,19721,NSE_EQ
773KA35A,21163,NSE_EQ
773KA36,19723,NSE_EQ
773KA41,21818,NSE_EQ
773LIC34,23248,NSE_EQ
773LICH27,30149,NSE_EQ
773MH32,14819,NSE_EQ
773MH34,14645,NSE_EQ
773MH36,21273,NSE_EQ
773MN35,19611,NSE_EQ
773MZ39,21872,NSE_EQ
773PN32,758926,NSE_EQ
773RJ33,19716,NSE_EQ
773RJ38,13979,NSE_EQ
773RJ55,758919,NSE_EQ
773TCHFL30,29103,NSE_EQ
773TIL35,29676,NSE_EQ
773TN36,763284,NSE_EQ
773TS34,14436,NSE_EQ
773TS40,20189,NSE_EQ
773UP33,14538,NSE_EQ
773UP33A,19891,NSE_EQ
773UP34,20179,NSE_EQ
773UP35,20180,NSE_EQ
773WB32,9719,NSE_EQ
773WB43,760849,NSE_EQ
774AP31,10647,NSE_EQ
774AP32,14373,NSE_EQ
774AP32A,21153,NSE_EQ
774AP36,19724,NSE_EQ
774AP36A,21164,NSE_EQ
774AP38,10719,NSE_EQ
774AP42,11417,NSE_EQ
774AS33,19892,NSE_EQ
774AS33A,20476,NSE_EQ
774BR38,20401,NSE_EQ
774BR39,21877,NSE_EQ
774CG31,20342,NSE_EQ
774GA32,11597,NSE_EQ
774GJ38,763621,NSE_EQ
774HP38,20184,NSE_EQ
774HR29,11676,NSE_EQ
774HR31,14814,NSE_EQ
774HR35,9444,NSE_EQ
774IREDA31,20030,NSE_EQ
774IREDA35,30479,NSE_EQ
774JK43,20365,NSE_EQ
774JK46,761011,NSE_EQ
774KA34,21155,NSE_EQ
774KA36,21274,NSE_EQ
774KA37,12311,NSE_EQ
774KL60,758921,NSE_EQ
774LIC28,25047,NSE_EQ
774LICH27,27280,NSE_EQ
774MH33,14378,NSE_EQ
774ML35,761558,NSE_EQ
774MP43,14656,NSE_EQ
774MP47,761379,NSE_EQ
774MZ33,10540,NSE_EQ
774MZ38,14558,NSE_EQ
774MZ41,761373,NSE_EQ
774NBFID36,763469,NSE_EQ
774PN39,14653,NSE_EQ
774PSB34,28550,NSE_EQ
774RJ33,20347,NSE_EQ
774RJ33A,20394,NSE_EQ
774RJ34,21156,NSE_EQ
774RJ39,19728,NSE_EQ
774RJ40,14654,NSE_EQ
774RJ42,11418,NSE_EQ
774RJ49,14663,NSE_EQ
774TN36,763737,NSE_EQ
774TR41,761372,NSE_EQ
774TS35,20352,NSE_EQ
774TS45,10783,NSE_EQ
774TS46,10784,NSE_EQ
774TS48,14660,NSE_EQ
774TS51,758937,NSE_EQ
774TS55,758918,NSE_EQ
774UK33,14376,NSE_EQ
774UP37,14554,NSE_EQ
774UP38,31638,NSE_EQ
774WB39,11607,NSE_EQ
774WB41,14655,NSE_EQ
774WB43,14658,NSE_EQ
774WB44,761051,NSE_EQ
774WB48,761052,NSE_EQ
775AP29,11760,NSE_EQ
775AR46,761378,NSE_EQ
775BTL28,761307,NSE_EQ
775CG31,14816,NSE_EQ
775CG42,760792,NSE_EQ
775CIT38,29551,NSE_EQ
775GA33,20348,NSE_EQ
775GJ32,11400,NSE_EQ
775HP32,14818,NSE_EQ
775HR35,19722,NSE_EQ
775HR35A,20353,NSE_EQ
775LICH29,24942,NSE_EQ
775LTFL27,27803,NSE_EQ
775MN33,763369,NSE_EQ
775NIIF33,761509,NSE_EQ
775NL33,14821,NSE_EQ
775PN36,19486,NSE_EQ
775PN42,10782,NSE_EQ
775RJ35,20354,NSE_EQ
775RJ36,19903,NSE_EQ
775SFL26,27928,NSE_EQ
775SIDBI27,21741,NSE_EQ
775SK33,14822,NSE_EQ
775SK33A,19483,NSE_EQ
775TN30,22104,NSE_EQ
775TN32,10651,NSE_EQ
775TS37,19725,NSE_EQ
775TS45,761448,NSE_EQ
775TS53,760938,NSE_EQ
775UP33,20349,NSE_EQ
775UP34,20351,NSE_EQ
775UP35,14441,NSE_EQ
775UP38,14442,NSE_EQ
775WB39,14446,NSE_EQ
775WB47,758727,NSE_EQ
776AP32,9438,NSE_EQ
776AP37,19726,NSE_EQ
776AS46,761007,NSE_EQ
776FEDB34,27094,NSE_EQ
776GA38,761568,NSE_EQ
776HP30,10235,NSE_EQ
776HP33,14641,NSE_EQ
776HR30,11867,NSE_EQ
776HR39,761569,NSE_EQ
776KA41,761572,NSE_EQ
776KL35,21272,NSE_EQ
776KL38,10773,NSE_EQ
776KL51,14855,NSE_EQ
776KL58,14861,NSE_EQ
776MH30,11390,NSE_EQ
776MN35,14379,NSE_EQ
776MP37,19727,NSE_EQ
776MP37A,20357,NSE_EQ
776PN37,9449,NSE_EQ
776TIL34,23892,NSE_EQ
776TN53,14860,NSE_EQ
776TS39,760915,NSE_EQ
776UK33,14820,NSE_EQ
776WB49,761451,NSE_EQ
777AP35,20355,NSE_EQ
777AP40,14341,NSE_EQ
777BR52,760937,NSE_EQ
777GJ31,9771,NSE_EQ
777GJ32,10459,NSE_EQ
777HR32,10652,NSE_EQ
777HR33,14825,NSE_EQ
777HR36,21276,NSE_EQ
777IREDA27,21308,NSE_EQ
777JK35,14437,NSE_EQ
777JK37,11604,NSE_EQ
777KL48,761450,NSE_EQ
777MH44,763066,NSE_EQ
777ML36,763370,NSE_EQ
777MN38,20361,NSE_EQ
777MP43,14451,NSE_EQ
777MP47,14850,NSE_EQ
777PN33,19720,NSE_EQ
777PN36,20397,NSE_EQ
777PN38,760914,NSE_EQ
777RJ32,10638,NSE_EQ
777RJ33,14642,NSE_EQ
777TR41,761476,NSE_EQ
777WB46,758726,NSE_EQ
778ABSL35,757453,NSE_EQ
778AIFL30,757639,NSE_EQ
778AP41,9450,NSE_EQ
778AP42,9451,NSE_EQ
778AS34,21270,NSE_EQ
778BR31,19747,NSE_EQ
778HR40,760917,NSE_EQ
778KL45,758936,NSE_EQ
778MH29,21933,NSE_EQ
778MH30,11678,NSE_EQ
778ML31,10330,NSE_EQ
778MZ32,11401,NSE_EQ
778MZ37,11294,NSE_EQ
778NL33,20395,NSE_EQ
778PN37,21165,NSE_EQ
778PY36,21277,NSE_EQ
778RJ33,14824,NSE_EQ
778SHFL28,27282,NSE_EQ
778TR41,761033,NSE_EQ
778TS34,14647,NSE_EQ
778UP35,14649,NSE_EQ
778UP36,14651,NSE_EQ
7794LTFL31,763080,NSE_EQ
7798LTFH29,25939,NSE_EQ
779AP31,10458,NSE_EQ
779AP42,763076,NSE_EQ
779AP51,761525,NSE_EQ
779GJ41,763739,NSE_EQ
779HP38,14839,NSE_EQ
779JK35,14650,NSE_EQ
779JK41,761374,NSE_EQ
779JK51,761521,NSE_EQ
779LTFL30,29643,NSE_EQ
779MH54,763069,NSE_EQ
779MN42,31613,NSE_EQ
779MZ41,31688,NSE_EQ
779PN36,20356,NSE_EQ
779PN37,20360,NSE_EQ
779PN38,21166,NSE_EQ
779PY41,761417,NSE_EQ
779RJ32,11404,NSE_EQ
779SIDBI27,20843,NSE_EQ
779TN32,11405,NSE_EQ
779UP33,14829,NSE_EQ
779UP51,761524,NSE_EQ
779WB40,19905,NSE_EQ
779WB42,14447,NSE_EQ
779WB45,761447,NSE_EQ
779WB51,761535,NSE_EQ
77AP28,14359,NSE_EQ
77AP29,14421,NSE_EQ
77AP29A,20390,NSE_EQ
77AP30,14268,NSE_EQ
77AP30A,14636,NSE_EQ
77AP32,14958,NSE_EQ
77AP38,20482,NSE_EQ
77AP42,21825,NSE_EQ
77AP43,19730,NSE_EQ
77AP43A,21168,NSE_EQ
77AP47,760162,NSE_EQ
77BR31,19522,NSE_EQ
77BR32,12300,NSE_EQ
77BR38,20226,NSE_EQ
77GA33,19481,NSE_EQ
77GA33A,19910,NSE_EQ
77GA33B,20171,NSE_EQ
77GJ36,763736,NSE_EQ
77GJ40,31687,NSE_EQ
77HP36,13896,NSE_EQ
77HP38,13901,NSE_EQ
77HR31,14159,NSE_EQ
77HR32,14532,NSE_EQ
77HR34,12303,NSE_EQ
77IGT28,3428,NSE_EQ
77JK37,13392,NSE_EQ
77KA33,19909,NSE_EQ
77KA34,19606,NSE_EQ
77KL47,11424,NSE_EQ
77MH30,11590,NSE_EQ
77MH31,14424,NSE_EQ
77MH33,14425,NSE_EQ
77MH33A,20172,NSE_EQ
77MH34,19899,NSE_EQ
77MH34A,20173,NSE_EQ
77MN35,13892,NSE_EQ
77MZ35,13256,NSE_EQ
77NVCL28,759795,NSE_EQ
77PN40,13992,NSE_EQ
77PN42,11416,NSE_EQ
77PY35,761557,NSE_EQ
77RJ32,9532,NSE_EQ
77RJ43,19732,NSE_EQ
77SHFL36,761139,NSE_EQ
77SK34,22498,NSE_EQ
77TN42,10844,NSE_EQ
77TS37,763074,NSE_EQ
77TS38,20480,NSE_EQ
77TS54,761412,NSE_EQ
77UK35,761757,NSE_EQ
77UP33,19616,NSE_EQ
77UP34,19484,NSE_EQ
77UP35,20221,NSE_EQ
77WB48,761380,NSE_EQ
780AP33,21050,NSE_EQ
780BFL27,23240,NSE_EQ
780HFL27,760133,NSE_EQ
780HR30,20219,NSE_EQ
780KA30,20964,NSE_EQ
780SICC29,27907,NSE_EQ
780TN41,763286,NSE_EQ
780TOPL31,760747,NSE_EQ
780TS42,760919,NSE_EQ
781AP56,763070,NSE_EQ
781GA32,9779,NSE_EQ
781GJ32,11506,NSE_EQ
781HP36,761644,NSE_EQ
781HR32,9780,NSE_EQ
781HR32A,10331,NSE_EQ
781HR32B,10461,NSE_EQ
781HR32C,11690,NSE_EQ
781JK51,31619,NSE_EQ
781KL37,762424,NSE_EQ
781KL44,11706,NSE_EQ
781MZ37,20400,NSE_EQ
781RJ32,10462,NSE_EQ
781RJ47,10219,NSE_EQ
781RJ49,763068,NSE_EQ
781TCHE27,24883,NSE_EQ
781TN52,10190,NSE_EQ
781UP32,11408,NSE_EQ
781UP34,11603,NSE_EQ
781UP34A,14830,NSE_EQ
781UP41,760918,NSE_EQ
78241ABH29,27033,NSE_EQ
782AP35,11412,NSE_EQ
782AP42,10555,NSE_EQ
782AS32,10246,NSE_EQ
782AS32A,11764,NSE_EQ
782CG48,763196,NSE_EQ
782GJ32,10196,NSE_EQ
782HP32,10247,NSE_EQ
782JK42,758722,NSE_EQ
782MN32,9781,NSE_EQ
782MP40,761718,NSE_EQ
782MP42,760920,NSE_EQ
782NL32,10463,NSE_EQ
782NL32A,11881,NSE_EQ
782PN42,10558,NSE_EQ
782RJ32,11765,NSE_EQ
782RJ44,10525,NSE_EQ
782SK32,10470,NSE_EQ
782SK32A,11878,NSE_EQ
782TN32,11693,NSE_EQ
782TS47,763067,NSE_EQ
782UP46,31618,NSE_EQ
782WB32,10252,NSE_EQ
782WB45,760932,NSE_EQ
7835LIC27,22971,NSE_EQ
783AP43,761573,NSE_EQ
783AS32,10357,NSE_EQ
783AS46,763193,NSE_EQ
783BR32,11882,NSE_EQ
783CG40,762422,NSE_EQ
783CIFCL28,760553,NSE_EQ
783GA32,11683,NSE_EQ
783HR32,11507,NSE_EQ
783HR43,760922,NSE_EQ
783KL39,14840,NSE_EQ
783KL49,763197,NSE_EQ
783MH30,21940,NSE_EQ
783MN32,10368,NSE_EQ
783MP48,763199,NSE_EQ
783PN42,11769,NSE_EQ
783RJ32,9915,NSE_EQ
783RJ50,14854,NSE_EQ
783TN42,11704,NSE_EQ
783TS35,11413,NSE_EQ
783TS36,11415,NSE_EQ
783WB32,9782,NSE_EQ
784AS32,11679,NSE_EQ
784BR41,763622,NSE_EQ
784HP37,11874,NSE_EQ
784ML36,761642,NSE_EQ
784MP47,760935,NSE_EQ
784PN38,763075,NSE_EQ
784RJ32,11691,NSE_EQ
784RJ41,14845,NSE_EQ
784TN52,9953,NSE_EQ
784TS34,11409,NSE_EQ
784TS36,10545,NSE_EQ
784TS39,11767,NSE_EQ
784TS40,11768,NSE_EQ
784TS47,760936,NSE_EQ
784WB47,760934,NSE_EQ
784WB47A,761520,NSE_EQ
78537ABH30,29190,NSE_EQ
785ABHFL28,27713,NSE_EQ
785AP37,9928,NSE_EQ
785AP40,11514,NSE_EQ
785AS32,10197,NSE_EQ
785AS32A,11505,NSE_EQ
785BR32,11513,NSE_EQ
785BR32A,11682,NSE_EQ
785BTL29,761309,NSE_EQ
785HP36,11870,NSE_EQ
785IIFL27,25058,NSE_EQ
785KL34,9788,NSE_EQ
785KL35,10532,NSE_EQ
785KSFP28,761401,NSE_EQ
785MFL29,760819,NSE_EQ
785MP32,10198,NSE_EQ
785MZ38,763371,NSE_EQ
785MZ42,760921,NSE_EQ
785PN32,10394,NSE_EQ
785PN42,11515,NSE_EQ
785RJ37,9943,NSE_EQ
785RJ39,9952,NSE_EQ
785SK32,11509,NSE_EQ
785TCHFL29,763382,NSE_EQ
785TPL28,760966,NSE_EQ
785TRPEL34,25372,NSE_EQ
785UK30,22201,NSE_EQ
785UK32,11510,NSE_EQ
785WB42,14849,NSE_EQ
78618ABH28,756043,NSE_EQ
7865LICH26,24472,NSE_EQ
786ABHFL28,29559,NSE_EQ
786AP33,11759,NSE_EQ
786AP38,763738,NSE_EQ
786AS32,9916,NSE_EQ
786BR39,760916,NSE_EQ
786HR32,10202,NSE_EQ
786JH34,11885,NSE_EQ
786KL42,762425,NSE_EQ
786MH30,9821,NSE_EQ
786MP42,762426,NSE_EQ
786MZ32,9922,NSE_EQ
786TCHFL29,25439,NSE_EQ
7875NIIF30,25933,NSE_EQ
787AS46,760933,NSE_EQ
787HP34,11886,NSE_EQ
787HP35,11869,NSE_EQ
787LDL29,759174,NSE_EQ
787LIC29,23751,NSE_EQ
787MZ36,11873,NSE_EQ
787RJ38,761717,NSE_EQ
787RJ40,11701,NSE_EQ
787RJ41,763524,NSE_EQ
787SDIL30,24741,NSE_EQ
787SK36,761560,NSE_EQ
787TN33,10338,NSE_EQ
787UK44,763623,NSE_EQ
788AP46,761519,NSE_EQ
788GA30,21047,NSE_EQ
788GS2030,7122,NSE_EQ
788HR41,761759,NSE_EQ
788KL46,761576,NSE_EQ
788MFL28,759498,NSE_EQ
788MN39,761570,NSE_EQ
788MP33,11695,NSE_EQ
788NIIF31,763208,NSE_EQ
788NL32,9923,NSE_EQ
788RJ32,22065,NSE_EQ
788UK46,761493,NSE_EQ
788UP46,761575,NSE_EQ
788WB44,761574,NSE_EQ
789GIL30,759148,NSE_EQ
789GIL31,759150,NSE_EQ
789HP37,10551,NSE_EQ
789HP41,761571,NSE_EQ
789MH32,9822,NSE_EQ
789SDIL29,23656,NSE_EQ
789TS34,10334,NSE_EQ
789TS36,11696,NSE_EQ
789WB37,10553,NSE_EQ
789WB40,14844,NSE_EQ
78ABCL33,755940,NSE_EQ
78AP31,9773,NSE_EQ
78AP31A,9914,NSE_EQ
78GJ32,9777,NSE_EQ
78GJ32A,10367,NSE_EQ
78JK35,14834,NSE_EQ
78JK46,761449,NSE_EQ
78KL45,11770,NSE_EQ
78ML31,9774,NSE_EQ
78NABARD27,21239,NSE_EQ
78PN36,761565,NSE_EQ
78TN32,9776,NSE_EQ
78TN32A,10460,NSE_EQ
78TN41,763732,NSE_EQ
78TN42,11877,NSE_EQ
790ABHFL27,29557,NSE_EQ
790ABHFL28,30063,NSE_EQ
790ABSLI36,761362,NSE_EQ
790CANF30,29457,NSE_EQ
790IHFL27,760817,NSE_EQ
790LTFL34,28109,NSE_EQ
790NOM28,761399,NSE_EQ
790TIL28,758650,NSE_EQ
790TPL29,760964,NSE_EQ
79123SHF26,25016,NSE_EQ
791ABCL34,755946,NSE_EQ
791JK46,763733,NSE_EQ
791KL30,21904,NSE_EQ
791MH39,761647,NSE_EQ
791PN36,761645,NSE_EQ
791PN41,763522,NSE_EQ
791TS43,10269,NSE_EQ
791UP37,11697,NSE_EQ
792AP41,10337,NSE_EQ
792AP42,10218,NSE_EQ
792AP42A,10257,NSE_EQ
792BR51,762420,NSE_EQ
792KL41,761760,NSE_EQ
792LIC27,24073,NSE_EQ
792PN44,763523,NSE_EQ
792TCHF34,24383,NSE_EQ
792TCHFL34,23246,NSE_EQ
792TS45,10272,NSE_EQ
793AP33,10203,NSE_EQ
793KA31,20965,NSE_EQ
793NIIF30,27304,NSE_EQ
793NIIF32,30200,NSE_EQ
793RJ45,10645,NSE_EQ
793THDC34,21463,NSE_EQ
793TN42,10644,NSE_EQ
793TPRE29,24257,NSE_EQ
793TPRE34,24255,NSE_EQ
793TS34,10204,NSE_EQ
793TS35,10207,NSE_EQ
793UP30,22084,NSE_EQ
793WB37,11698,NSE_EQ
79413ABC28,755947,NSE_EQ
794AP34,10206,NSE_EQ
794CIFCL29,761522,NSE_EQ
794HR34,10205,NSE_EQ
794PN42,10333,NSE_EQ
794TN32,9869,NSE_EQ
794TS36,10212,NSE_EQ
795AMLIL35,759073,NSE_EQ
795AP38,10214,NSE_EQ
795AP39,10215,NSE_EQ
795AP40,10216,NSE_EQ
795AP40A,10255,NSE_EQ
795GS2032,6835,NSE_EQ
795HR32,9870,NSE_EQ
795HR37,10640,NSE_EQ
795IGT31,3457,NSE_EQ
795JK30,21046,NSE_EQ
795NIIF36,23140,NSE_EQ
795SHFL34,23563,NSE_EQ
795TS35,10382,NSE_EQ
795TS37,10642,NSE_EQ
795WB39,11700,NSE_EQ
796AP38,761646,NSE_EQ
796AP40,10643,NSE_EQ
796SHFL31,763508,NSE_EQ
796TIL29,758652,NSE_EQ
796WB37,10213,NSE_EQ
79742SIC30,29467,NSE_EQ
797ABCL28,755948,NSE_EQ
797AP36,10639,NSE_EQ
797AP39,10336,NSE_EQ
797HR42,10479,NSE_EQ
797IGT31,3476,NSE_EQ
797PN38,14836,NSE_EQ
797RJ42,10480,NSE_EQ
797RJ43,761648,NSE_EQ
797SFL30,22921,NSE_EQ
797TACA31,763361,NSE_EQ
797TOPO34,761356,NSE_EQ
797TOPO35,761358,NSE_EQ
797TOPO36,761360,NSE_EQ
797TS43,761649,NSE_EQ
797WB42,10454,NSE_EQ
798AP31,20961,NSE_EQ
798RJ42,10381,NSE_EQ
798SHFL26,24720,NSE_EQ
799AP40,761758,NSE_EQ
799GSGL28,759941,NSE_EQ
799GSGL29,759943,NSE_EQ
799HFL27,758212,NSE_EQ
799HR44,761744,NSE_EQ
799LTFH27,25151,NSE_EQ
799NIIF29,25390,NSE_EQ
799NIIF37,29960,NSE_EQ
799RCFL27,24775,NSE_EQ
799RJ41,761761,NSE_EQ
799TCL29,22684,NSE_EQ
799TCL34,22643,NSE_EQ
799TFSIL27,28539,NSE_EQ
799TN42,9834,NSE_EQ
799TS30,22205,NSE_EQ
799TS35,22204,NSE_EQ
799UK44,761745,NSE_EQ
799WB35,22175,NSE_EQ
79ABCL28,755949,NSE_EQ
79AP33,9785,NSE_EQ
79AP34,9797,NSE_EQ
79HR34,10332,NSE_EQ
79IGT28,3433,NSE_EQ
79MP56,762427,NSE_EQ
79NHIT35,11658,NSE_EQ
79NHIT40,11665,NSE_EQ
79NHIT47,11669,NSE_EQ
79RJ42,9800,NSE_EQ
79SHFL27,25593,NSE_EQ
79TS44,10271,NSE_EQ
7EHLS346,760652,NSE_EQ
7EHPP46,760671,NSE_EQ
7EHS246,760650,NSE_EQ
7IREDAL30,756878,NSE_EQ
7PFCL31,760801,NSE_EQ
7PFCL36,760802,NSE_EQ
8016ABCL29,755950,NSE_EQ
801ABCL28,755951,NSE_EQ
801TCH28,16838,NSE_EQ
801TCL34,24558,NSE_EQ
801WB41,10393,NSE_EQ
80208ABC30,755952,NSE_EQ
802ABHF28,20588,NSE_EQ
802AP38,10383,NSE_EQ
802AP42,761762,NSE_EQ
802MZ36,10374,NSE_EQ
802TS35,9824,NSE_EQ
802WB37,10384,NSE_EQ
8034ABCL34,755953,NSE_EQ
803ABCL33,755954,NSE_EQ
803ABCL35,756882,NSE_EQ
803ABHF27,20590,NSE_EQ
803ABHFL29,25227,NSE_EQ
803ABHFL35,756071,NSE_EQ
803AP35,9826,NSE_EQ
803AP36,10355,NSE_EQ
803ICPR34,28519,NSE_EQ
803MFL31,759899,NSE_EQ
803TIL30,758654,NSE_EQ
80409TCH27,20786,NSE_EQ
8049ABHF27,25145,NSE_EQ
804AP37,10471,NSE_EQ
804AP41,9871,NSE_EQ
804AP42,9872,NSE_EQ
804KL46,761748,NSE_EQ
804PN42,10268,NSE_EQ
804TR48,761749,NSE_EQ
804WB52,761753,NSE_EQ
804WB56,761754,NSE_EQ
805ABCL28,755944,NSE_EQ
805AIFL32,759603,NSE_EQ
805HLICL34,25793,NSE_EQ
805MFL27,757513,NSE_EQ
805MFL30,759500,NSE_EQ
805NIT32,28799,NSE_EQ
805NMC29,761075,NSE_EQ
805NMC30,761076,NSE_EQ
805NMC31,761077,NSE_EQ
805NMC32,761078,NSE_EQ
805NMC33,761079,NSE_EQ
805NMC34,761080,NSE_EQ
805NMC35,761081,NSE_EQ
805NMC36,761082,NSE_EQ
805PHFL30,29535,NSE_EQ
805RJ37,10474,NSE_EQ
805SHFL29,24063,NSE_EQ
805SICCL35,760314,NSE_EQ
805TCHFL29,24089,NSE_EQ
805TFSIL28,30496,NSE_EQ
806JK37,10477,NSE_EQ
806RJ57,761660,NSE_EQ
806SDIL29,22515,NSE_EQ
806TFSIL28,29202,NSE_EQ
806WB49,761750,NSE_EQ
807ABCL36,763252,NSE_EQ
807AP36,9830,NSE_EQ
807AP51,761658,NSE_EQ
807MH49,761657,NSE_EQ
807NIIF29,24129,NSE_EQ
807NIIF39,22416,NSE_EQ
807SMFG27,25229,NSE_EQ
807TR43,761763,NSE_EQ
807TS56,761659,NSE_EQ
807WB38,10478,NSE_EQ
808CIFCL29,763290,NSE_EQ
80956ABH26,24773,NSE_EQ
80980TCL27,29973,NSE_EQ
809CANF27,30045,NSE_EQ
809HFL33,761426,NSE_EQ
809MP50,761751,NSE_EQ
809UP51,761752,NSE_EQ
809UP56,761755,NSE_EQ
80AP44,761746,NSE_EQ
80NL30,21995,NSE_EQ
80NL41,761719,NSE_EQ
80TR46,761747,NSE_EQ
8104PHFL28,29073,NSE_EQ
810ABHF28,20586,NSE_EQ
810GIL28,27160,NSE_EQ
810HLICL35,29639,NSE_EQ
810IRFC27,31128,NSE_EQ
810JH32,22199,NSE_EQ
810KL32,21905,NSE_EQ
810NIIF34,22461,NSE_EQ
810NIT40,29022,NSE_EQ
810SIHF35,760312,NSE_EQ
810TCHFL27,22768,NSE_EQ
810TVSH29,761577,NSE_EQ
812ABCL28,755955,NSE_EQ
812ABHF29,24466,NSE_EQ
812REC27,19924,NSE_EQ
812SFL27,24131,NSE_EQ
8137TCL24,23809,NSE_EQ
813ABHF28,20595,NSE_EQ
813AIFL32,758695,NSE_EQ
813GS2045,7124,NSE_EQ
813LTF29,22482,NSE_EQ
813PNBH33,20903,NSE_EQ
814KSFP36,757997,NSE_EQ
814TPL27,25782,NSE_EQ
815ANN29,756033,NSE_EQ
815ANN30,756027,NSE_EQ
815ANN31,756031,NSE_EQ
815ANN32,756029,NSE_EQ
815CHLI36,761305,NSE_EQ
815GHFL35,756329,NSE_EQ
815GIL29,27163,NSE_EQ
815GS2026,7114,NSE_EQ
815JK30,22181,NSE_EQ
815LTF27,21231,NSE_EQ
815MOFS28,760344,NSE_EQ
815PHFL27,25805,NSE_EQ
815PNB27,27267,NSE_EQ
815SICC26,25455,NSE_EQ
815SICC27,25451,NSE_EQ
815TACA29,750554,NSE_EQ
815TCHFL31,750588,NSE_EQ
816ABCL29,755956,NSE_EQ
816KSFP29,28503,NSE_EQ
816LTFH27,24302,NSE_EQ
817ABHF27,24464,NSE_EQ
817GHFL30,29979,NSE_EQ
817GS2044,7115,NSE_EQ
817TFSIL27,23980,NSE_EQ
818CANF29,23449,NSE_EQ
818GFL26,28965,NSE_EQ
818TFSIL27,24695,NSE_EQ
818TPL27,27396,NSE_EQ
819CIFL26,28981,NSE_EQ
819CIFL27,30492,NSE_EQ
81ABCL29,755957,NSE_EQ
81ABCL33,755943,NSE_EQ
81TCHF28,16870,NSE_EQ
820ABHF27,22925,NSE_EQ
820ABHFL27,23228,NSE_EQ
820ABSLI34,24443,NSE_EQ
820CANF27,30194,NSE_EQ
820CIFL28,29683,NSE_EQ
820IIFL27,7648,NSE_EQ
820KSFP36,757674,NSE_EQ
820MFL30,756714,NSE_EQ
820TFSIL29,24482,NSE_EQ
822ABHFL29,30723,NSE_EQ
823SFL34,24370,NSE_EQ
824GS2027,6884,NSE_EQ
824GS2033,7106,NSE_EQ
824LTF27,23153,NSE_EQ
824PHFL28,25508,NSE_EQ
8254KSFP29,23170,NSE_EQ
8258TCL27,22919,NSE_EQ
825ABHFL31,30717,NSE_EQ
825BTL27,27027,NSE_EQ
825CFHL27,22822,NSE_EQ
825NOM27,24177,NSE_EQ
825SMFG27,23898,NSE_EQ
825TCSL27,28973,NSE_EQ
825TCSL28,29963,NSE_EQ
825TPL27,24035,NSE_EQ
826GS2027,6898,NSE_EQ
8277SMF27,23982,NSE_EQ
828GS2027,6921,NSE_EQ
828GS2032,6885,NSE_EQ
828PHFL26,24796,NSE_EQ
828SICC26,24724,NSE_EQ
82907AIF29,763154,NSE_EQ
829PFL29,9975,NSE_EQ
82HUDCO27,31240,NSE_EQ
82IGT31,3464,NSE_EQ
83044SMF29,23009,NSE_EQ
830ABCL26,755958,NSE_EQ
830ABHFL34,24636,NSE_EQ
830NHAI27,31040,NSE_EQ
830PFCL27,20022,NSE_EQ
830SICC27,24723,NSE_EQ
830SMF29,24039,NSE_EQ
830TACA27A,761428,NSE_EQ
830TFSIL27,22854,NSE_EQ
830TPL28,29096,NSE_EQ
831ABCL34,755959,NSE_EQ
831RJ27,22062,NSE_EQ
832GS2032,6899,NSE_EQ
832HHFL27,756718,NSE_EQ
832HHFL27A,756716,NSE_EQ
832TFSIL29,21760,NSE_EQ
832TPL27,22891,NSE_EQ
832TPL28,22893,NSE_EQ
832TPL29,22895,NSE_EQ
833ABCL27,755960,NSE_EQ
833GS2026,7019,NSE_EQ
833GS2032,6922,NSE_EQ
833GS2036,6883,NSE_EQ
833PHFL29,24372,NSE_EQ
833TPL27,21953,NSE_EQ
834MLICL35,29717,NSE_EQ
835GFL28,30254,NSE_EQ
835KSFL27,23168,NSE_EQ
835PHFL31,31265,NSE_EQ
835SCL23A,21026,NSE_EQ
835SCL23B,21056,NSE_EQ
835SMFG27,21572,NSE_EQ
835TCSL27,25946,NSE_EQ
835TPL27,24556,NSE_EQ
83645TFS27,21767,NSE_EQ
836GIL26,22905,NSE_EQ
837IIFL28,761116,NSE_EQ
837REC33,30986,NSE_EQ
837SMFG29,22575,NSE_EQ
83GS2040,6981,NSE_EQ
83GS2042,7034,NSE_EQ
83TCHF28,16872,NSE_EQ
840CIFCL27,21325,NSE_EQ
840CIFCL28,15374,NSE_EQ
840CIFL27,25393,NSE_EQ
840CIFL32,760031,NSE_EQ
840GHFL28,25130,NSE_EQ
840GIL27,22907,NSE_EQ
840IRFC29,591,NSE_EQ
840MCSL31,759496,NSE_EQ
840TPL27,21677,NSE_EQ
840TPL28,21624,NSE_EQ
840TPL29,21684,NSE_EQ
842GIL27,24253,NSE_EQ
842HFL27,757485,NSE_EQ
842IIFL26,6197,NSE_EQ
842SCL27,757459,NSE_EQ
843IHFL29,7668,NSE_EQ
843SCFL27,7772,NSE_EQ
843SCL27,9273,NSE_EQ
845GHFL29,25374,NSE_EQ
845MFL29,763046,NSE_EQ
845NOM27,24901,NSE_EQ
845NOM27A,24903,NSE_EQ
846REC28,30984,NSE_EQ
847TPL26,20614,NSE_EQ
848AEL29,761342,NSE_EQ
848NTPC28,31760,NSE_EQ
849ABSLI34,24819,NSE_EQ
84AIL28,759484,NSE_EQ
84CIFCL28,17958,NSE_EQ
84TCHF28,16874,NSE_EQ
850CIFCL26,20435,NSE_EQ
850CIFL27,24604,NSE_EQ
850CIFL34,27092,NSE_EQ
850HHFL27,756165,NSE_EQ
850HMDA30,763701,NSE_EQ
850HMDA31,763703,NSE_EQ
850HMDA32,763705,NSE_EQ
850HMDA33,763693,NSE_EQ
850HMDA34,763695,NSE_EQ
850HMDA35,763697,NSE_EQ
850HMDA36,763681,NSE_EQ
850HMDA37,763683,NSE_EQ
850HMDA38,763685,NSE_EQ
850HMDA39,763711,NSE_EQ
850HMDA40,763713,NSE_EQ
850HMDA41,763715,NSE_EQ
850HMDA42,763689,NSE_EQ
850HMDA43,763691,NSE_EQ
850HMDA44,763687,NSE_EQ
850HMDA45,763707,NSE_EQ
850HMDA46,763709,NSE_EQ
850IIFL27,7662,NSE_EQ
850IIFL28,760403,NSE_EQ
850KGEL30,759762,NSE_EQ
850NHAI29,186,NSE_EQ
850NIRMA27,22811,NSE_EQ
850SCL25A,5863,NSE_EQ
850TIAP28A,756137,NSE_EQ
850TIAP28B,758693,NSE_EQ
850TIAPL28,755930,NSE_EQ
850TPL26,20612,NSE_EQ
851HUDCO28,19964,NSE_EQ
852IIFL29,761117,NSE_EQ
852LDL36,761731,NSE_EQ
852LTF27,20689,NSE_EQ
852MFL28,755984,NSE_EQ
852MFL28A,755986,NSE_EQ
852MFL31,763138,NSE_EQ
854NHPC28,31483,NSE_EQ
855IREDA29,1380,NSE_EQ
855IREDA34,1383,NSE_EQ
855MFL36,763747,NSE_EQ
855TCAPS27,21194,NSE_EQ
857CIFL32,757404,NSE_EQ
858CIF27,23734,NSE_EQ
858HUDCO29,19966,NSE_EQ
859CIFCL29,23658,NSE_EQ
85CIFC27,22551,NSE_EQ
85GFL36,763210,NSE_EQ
85GHFL27,24670,NSE_EQ
85LTF26,20713,NSE_EQ
85PFL26,5145,NSE_EQ
85PFL26A,9982,NSE_EQ
860AEL28,761340,NSE_EQ
860CIFC29,23012,NSE_EQ
860CIFCL28,20443,NSE_EQ
860CIFCL29,23172,NSE_EQ
860GFL27,24593,NSE_EQ
860HFL29,22564,NSE_EQ
860IIFL27,761391,NSE_EQ
860MFL28,30147,NSE_EQ
860TPL31,29545,NSE_EQ
861REC34,2935,NSE_EQ
862AEL31,761345,NSE_EQ
862HHFL29,24476,NSE_EQ
862REC33,30992,NSE_EQ
863IRFC29,1991,NSE_EQ
863NHB29,31966,NSE_EQ
863NHB34,31967,NSE_EQ
863REC29,2933,NSE_EQ
864CIFL29,24260,NSE_EQ
864CIFL29A,24347,NSE_EQ
865BTL27,27023,NSE_EQ
865CIF29,23837,NSE_EQ
865CIFC865,22917,NSE_EQ
865CIFL29,23900,NSE_EQ
865HHFL30,756163,NSE_EQ
865IFL28,17039,NSE_EQ
865IHFL27,28856,NSE_EQ
865IIFL28,13852,NSE_EQ
865IIFL31,761118,NSE_EQ
865IRFC29,603,NSE_EQ
865LTF26,20715,NSE_EQ
865MFL28,29469,NSE_EQ
865NHB34,1761,NSE_EQ
865SCL24B,11365,NSE_EQ
865SCL26,18624,NSE_EQ
865SCL27,757460,NSE_EQ
865SCL28,757465,NSE_EQ
865TCAPS27,21197,NSE_EQ
865TVSH29,24041,NSE_EQ
866CIFCL33,760155,NSE_EQ
866IIFC34B,20056,NSE_EQ
866NTPC33,31762,NSE_EQ
866SFIL23A,15251,NSE_EQ
867MUTF30,29184,NSE_EQ
867NHPC33,31484,NSE_EQ
867PFCL33,20026,NSE_EQ
868NHB29,1758,NSE_EQ
86CIFC29,22556,NSE_EQ
86GS2028,7088,NSE_EQ
870IIFL28,761119,NSE_EQ
871REC28,30990,NSE_EQ
873NTPC28,31766,NSE_EQ
875AEL29,761343,NSE_EQ
875AOL27,760172,NSE_EQ
875BTL28,27029,NSE_EQ
875BTL29,27031,NSE_EQ
875CIFL32,755879,NSE_EQ
875GFL27,21615,NSE_EQ
875HFL28,763641,NSE_EQ
875IHFL29,7671,NSE_EQ
875IIFL26,6200,NSE_EQ
875MOF27,760395,NSE_EQ
875NHAI29,192,NSE_EQ
875PF26,5151,NSE_EQ
875PFL27,759470,NSE_EQ
875PFL31,5155,NSE_EQ
875SCFL27,7765,NSE_EQ
875SCL23A,21028,NSE_EQ
875SCL27,9255,NSE_EQ
875SCL27A,757419,NSE_EQ
875SFL27,17159,NSE_EQ
875TCAPS29,21227,NSE_EQ
875TVSH30,29245,NSE_EQ
876HUDCO28,19968,NSE_EQ
878MFL27,20749,NSE_EQ
878MUTF29,25742,NSE_EQ
879NHPC28,31486,NSE_EQ
879SCL26,18632,NSE_EQ
879SCL30,760284,NSE_EQ
87HFL26,28979,NSE_EQ
87HFL27,28977,NSE_EQ
87HMDA30,761835,NSE_EQ
87HMDA31,761837,NSE_EQ
87HMDA32,761833,NSE_EQ
87HMDA33,761839,NSE_EQ
87HMDA34,761841,NSE_EQ
87HMDA35,761843,NSE_EQ
87HMDA36,761803,NSE_EQ
87HMDA37,761805,NSE_EQ
87HMDA38,761807,NSE_EQ
87HMDA39,761809,NSE_EQ
87HMDA40,761795,NSE_EQ
87HMDA41,761797,NSE_EQ
87HMDA42,761799,NSE_EQ
87HMDA43,761801,NSE_EQ
87HMDA44,761811,NSE_EQ
87HMDA45,761813,NSE_EQ
87HMDA46,761831,NSE_EQ
87LTF27,20691,NSE_EQ
87MFL36,760738,NSE_EQ
87SCL27,11356,NSE_EQ
880IIFL26,757663,NSE_EQ
880IREDA29,1391,NSE_EQ
880IREDA34,1393,NSE_EQ
880MOF27,758824,NSE_EQ
880PFL28,759754,NSE_EQ
883GS2041,7013,NSE_EQ
884LTF29,20648,NSE_EQ
885AEL28,757871,NSE_EQ
885CIFCL34,23244,NSE_EQ
885ICFL28,761463,NSE_EQ
885IHL26,28852,NSE_EQ
885IIFL29,761120,NSE_EQ
885LTF27,20671,NSE_EQ
885MFL28,20751,NSE_EQ
885MFL29,22513,NSE_EQ
885NACL28,760577,NSE_EQ
885NOM28,23551,NSE_EQ
885SCL26,18626,NSE_EQ
885TCAPS29,21229,NSE_EQ
885TIAPL29,759347,NSE_EQ
886REC34,2953,NSE_EQ
886SCL30,760286,NSE_EQ
8887HFL26,25153,NSE_EQ
888ECL28,759974,NSE_EQ
888IRFC29,1999,NSE_EQ
888NHB29,31969,NSE_EQ
888REC29,2947,NSE_EQ
888SCL25D,19774,NSE_EQ
888SCL25E,18906,NSE_EQ
888SCL26X,28900,NSE_EQ
888SCL28,757466,NSE_EQ
889SCFL27,7777,NSE_EQ
889SCL26,5855,NSE_EQ
889SCL27,9277,NSE_EQ
889SCL28,5859,NSE_EQ
88TIAPL29,760493,NSE_EQ
890AEL31,761346,NSE_EQ
890ALSL27,756161,NSE_EQ
890BTL31,27025,NSE_EQ
890BTL34,27021,NSE_EQ
890MFL27,23361,NSE_EQ
890MFL27A,24794,NSE_EQ
890NCPL28,22737,NSE_EQ
890NHB34,1767,NSE_EQ
890SFIL23A,15253,NSE_EQ
891IIFCL34,20058,NSE_EQ
891NTPC33,31768,NSE_EQ
892CIFL34,27292,NSE_EQ
892NHPC33,31487,NSE_EQ
892PFCL33,20028,NSE_EQ
893NHB29,1765,NSE_EQ
894SCL27,13487,NSE_EQ
895AEL27,757869,NSE_EQ
895MFL27,23667,NSE_EQ
895PAPL27,760463,NSE_EQ
895PAPL28,760465,NSE_EQ
895PAPL28A,760467,NSE_EQ
895PAPL28B,760469,NSE_EQ
896KL35,21906,NSE_EQ
897GS2030,7011,NSE_EQ
897MFL27,24512,NSE_EQ
897MOFSL29,23706,NSE_EQ
898LTF29,20655,NSE_EQ
89ICFL28,761467,NSE_EQ
89IHFL29,28869,NSE_EQ
89SCL24A,11857,NSE_EQ
8ABCL26,755941,NSE_EQ
8ABHF34,22635,NSE_EQ
8AR30,20963,NSE_EQ
8AS30,21048,NSE_EQ
8BACL30,760549,NSE_EQ
8BACL30A,760551,NSE_EQ
8HR30,21031,NSE_EQ
8IHFL27,758163,NSE_EQ
8LMAEL32,763348,NSE_EQ
8MN30,21923,NSE_EQ
8SMC29,760218,NSE_EQ
8SMC30,760219,NSE_EQ
8TIAPL35,31785,NSE_EQ
8TIAPL36,31920,NSE_EQ
900CIFL35,29249,NSE_EQ
901HUDCO34,19970,NSE_EQ
901NHB34,31970,NSE_EQ
902MFL27,23768,NSE_EQ
902SCL2030,757472,NSE_EQ
902SCL26,19763,NSE_EQ
902SCL26A,20065,NSE_EQ
902SCL26I,17521,NSE_EQ
902SCL27,23295,NSE_EQ
902SCL27A,23946,NSE_EQ
902SCL27C,25550,NSE_EQ
902SCL27Q,28920,NSE_EQ
902SCL28,30238,NSE_EQ
902SCL30,757470,NSE_EQ
903MFL29,23665,NSE_EQ
903SFL28,498,NSE_EQ
905CIFL32,30047,NSE_EQ
905LTF27,20687,NSE_EQ
905PFL26,759562,NSE_EQ
905SC24B,11368,NSE_EQ
905SCL36,760731,NSE_EQ
909MFL29,23988,NSE_EQ
910CIFL31,24682,NSE_EQ
910HFL35,757487,NSE_EQ
910HFL36,759895,NSE_EQ
910HFL37,761137,NSE_EQ
910TCAP28,21225,NSE_EQ
912PFL27,759560,NSE_EQ
915AEL28,757872,NSE_EQ
915APSBC26,760362,NSE_EQ
915APSBC27,760364,NSE_EQ
915APSBC28,760366,NSE_EQ
915APSBC29,760368,NSE_EQ
915APSBC30,760370,NSE_EQ
915APSBC31,760372,NSE_EQ
915APSBC32,760374,NSE_EQ
915APSBC33,760376,NSE_EQ
915APSBC34,760378,NSE_EQ
915APSBC35,760380,NSE_EQ
915PFL27,756954,NSE_EQ
915SCL26,18636,NSE_EQ
915SCL27,11361,NSE_EQ
915SCL27A,11854,NSE_EQ
915SCL30,759279,NSE_EQ
915TIAPL33,761504,NSE_EQ
9189GCM28,763492,NSE_EQ
9189GCM28A,763490,NSE_EQ
9189GFL28,763494,NSE_EQ
9189GFL28A,763496,NSE_EQ
918IHFL28,29531,NSE_EQ
919PFL28,759561,NSE_EQ
91D030926,763740,NSE_EQ
91D060826,763287,NSE_EQ
91D090726,761685,NSE_EQ
91D100926,31717,NSE_EQ
91D130826,763372,NSE_EQ
91D160726,762429,NSE_EQ
91D190626,761479,NSE_EQ
91D200826,763525,NSE_EQ
91D230726,763077,NSE_EQ
91D280826,763624,NSE_EQ
91D300726,763203,NSE_EQ
91ICFL29,761465,NSE_EQ
91MOFSL27,23702,NSE_EQ
91PFL27,756956,NSE_EQ
91PFL30,757841,NSE_EQ
91PFL35,759558,NSE_EQ
91SFL27,17172,NSE_EQ
920DCBBL34,27132,NSE_EQ
920HFL30,25622,NSE_EQ
920ISF28B,760901,NSE_EQ
920PFL28,759563,NSE_EQ
920SCL28,758139,NSE_EQ
920SCL32,757476,NSE_EQ
920SCL36,761110,NSE_EQ
923GS2043,7087,NSE_EQ
925AEL26,25277,NSE_EQ
925BCIL28,22962,NSE_EQ
925BCIPL28,22964,NSE_EQ
925ECL28,759975,NSE_EQ
925ICFL27,763142,NSE_EQ
925ICFL27A,763140,NSE_EQ
925ICFL28,763144,NSE_EQ
925IHFL25E,17940,NSE_EQ
925IHFL29,28872,NSE_EQ
925IHFL31,28876,NSE_EQ
925IIFL32,757571,NSE_EQ
925IIFL32A,760485,NSE_EQ
925ISF28,761208,NSE_EQ
925ISF29,760991,NSE_EQ
925PFL30,756952,NSE_EQ
925SCFL27,7769,NSE_EQ
925SCL2028,757464,NSE_EQ
925SCL25G,20125,NSE_EQ
925SCL26,5850,NSE_EQ
925SCL26E,25532,NSE_EQ
925SCL26F,25537,NSE_EQ
925SCL26G,25866,NSE_EQ
925SCL26W,28901,NSE_EQ
925SCL26Z,28897,NSE_EQ
925SCL27,9262,NSE_EQ
925SCL27A,30202,NSE_EQ
925SCL27B,30220,NSE_EQ
925SCL28,14714,NSE_EQ
925SCL28A,20104,NSE_EQ
925SCL28B,21016,NSE_EQ
925SCL28C,18859,NSE_EQ
925SCL28I,17546,NSE_EQ
925SCL29,23305,NSE_EQ
925SCL29A,23955,NSE_EQ
925SCL29C,25560,NSE_EQ
925SCL29S,28926,NSE_EQ
925SCL30,757471,NSE_EQ
925SCL30A,757473,NSE_EQ
92GS2030,7039,NSE_EQ
92LMAEL31,761538,NSE_EQ
92LTF29,20638,NSE_EQ
92SFIL28,4942,NSE_EQ
930AEL30,757875,NSE_EQ
930APMD27,757178,NSE_EQ
930APMD28,757180,NSE_EQ
930APMD29,757182,NSE_EQ
930APMD30,757184,NSE_EQ
930APMD31,757186,NSE_EQ
930APMD32,757170,NSE_EQ
930APMD33,757172,NSE_EQ
930APMD34,757174,NSE_EQ
930APMD35,757176,NSE_EQ
930IIFL27,756141,NSE_EQ
930IIFL35,757573,NSE_EQ
930IIFL35A,760495,NSE_EQ
930PFL27,29037,NSE_EQ
930PFL27A,756838,NSE_EQ
930PFL29,759559,NSE_EQ
930SCL2035,759277,NSE_EQ
930SCL35,757498,NSE_EQ
930SFL28,6149,NSE_EQ
931SFIL26A,4926,NSE_EQ
931SFL26,12919,NSE_EQ
932AEL27,25283,NSE_EQ
935AKCF27,23722,NSE_EQ
935IIFL28,756143,NSE_EQ
935ISF36,763359,NSE_EQ
935LTF29,20643,NSE_EQ
935MOFSL29,23708,NSE_EQ
935PFL33,759564,NSE_EQ
935SCL28,5861,NSE_EQ
935TSI27,27537,NSE_EQ
935TSI29,27408,NSE_EQ
935TSI30,27448,NSE_EQ
935TSI31,27553,NSE_EQ
935TSI32,27431,NSE_EQ
935TSI34,27441,NSE_EQ
935TSIIC28,27421,NSE_EQ
935TSIIC33,27526,NSE_EQ
939SCL27,13492,NSE_EQ
93HFL34,28975,NSE_EQ
93MOFSL34,23710,NSE_EQ
93SCL24A,11861,NSE_EQ
940CAGL27,18480,NSE_EQ
940SCL26,19758,NSE_EQ
940SCL26A,20045,NSE_EQ
940SCL26B,20986,NSE_EQ
940SCL26C,17508,NSE_EQ
940SCL27,23291,NSE_EQ
940SCL27A,25546,NSE_EQ
940SCL28,30208,NSE_EQ
940SFIL28,14036,NSE_EQ
943ECL28,4288,NSE_EQ
945SCL28,757610,NSE_EQ
945SCL29,757612,NSE_EQ
945SCL32,757477,NSE_EQ
948SCL26,19768,NSE_EQ
948SCL26A,20075,NSE_EQ
948SCL26B,21000,NSE_EQ
948SCL26I,17528,NSE_EQ
948SCL27,23297,NSE_EQ
948SCL27A,23948,NSE_EQ
948SCL27D,25552,NSE_EQ
948SCL27R,28921,NSE_EQ
948SCL28,30240,NSE_EQ
94SCL27,23942,NSE_EQ
94SCL27U,28914,NSE_EQ
94SFL28,1001,NSE_EQ
950BCIPL28,23034,NSE_EQ
950IIFL27,23242,NSE_EQ
950ISF26,25662,NSE_EQ
950ISF26A,29017,NSE_EQ
950ISF27,29533,NSE_EQ
950ISF27A,756069,NSE_EQ
950ISF27B,758344,NSE_EQ
950ISF27C,757708,NSE_EQ
950ISF35,759249,NSE_EQ
950SCL30,757606,NSE_EQ
955SCL35,757499,NSE_EQ
956AEL29,25294,NSE_EQ
957ICCL25,8625,NSE_EQ
957IIFLS27,24137,NSE_EQ
957ISFL26,20769,NSE_EQ
957NIDO26,17864,NSE_EQ
957SCL30,18879,NSE_EQ
957SCL31,23313,NSE_EQ
95PFL34,759557,NSE_EQ
960IIFL30,756153,NSE_EQ
960SCL32,757474,NSE_EQ
960SCL35,759289,NSE_EQ
960SFL35,30061,NSE_EQ
965AEL27,25287,NSE_EQ
965ISF28,759100,NSE_EQ
965SCL25C,13497,NSE_EQ
965SCL25F,20130,NSE_EQ
965SCL26F,25534,NSE_EQ
965SCL26Y,28898,NSE_EQ
965SCL27,30214,NSE_EQ
965SCL28,14704,NSE_EQ
965SCL28A,20094,NSE_EQ
965SCL28B,21010,NSE_EQ
965SCL28C,18856,NSE_EQ
965SCL29,23301,NSE_EQ
965SCL29S,28924,NSE_EQ
965SCL30,757469,NSE_EQ
965SFL27,27934,NSE_EQ
96IIFL28,5214,NSE_EQ
96IIFL28A,2877,NSE_EQ
96SFIL24A,4930,NSE_EQ
970CAGL28,18487,NSE_EQ
970ISF28,29276,NSE_EQ
971SCL28,14718,NSE_EQ
971SCL28A,20106,NSE_EQ
971SCL28B,21019,NSE_EQ
971SCL28C,18861,NSE_EQ
971SCL28I,17564,NSE_EQ
971SCL29,23307,NSE_EQ
971SCL29A,23958,NSE_EQ
971SCL29B,25562,NSE_EQ
971SCL29T,28927,NSE_EQ
971SCL30,30230,NSE_EQ
971SCL30A,30224,NSE_EQ
975BNAL28,760821,NSE_EQ
975CCSP28,759474,NSE_EQ
975IIFL28,756144,NSE_EQ
975ISF28,757890,NSE_EQ
975ISF35,758708,NSE_EQ
975MWL29,761533,NSE_EQ
975PCPL27,759494,NSE_EQ
975PCPL28,760397,NSE_EQ
975SCL27,23465,NSE_EQ
975SCL28,5857,NSE_EQ
975SCL28A,24821,NSE_EQ
975SCL29,24587,NSE_EQ
975SCL29A,25864,NSE_EQ
975SCL35,757608,NSE_EQ
97CCSP29,763272,NSE_EQ
97MOFSL34,23712,NSE_EQ
97SFIL26A,4936,NSE_EQ
97SFL26,12933,NSE_EQ
97SFL28,6168,NSE_EQ
97SFL29,8642,NSE_EQ
980SCL33,20120,NSE_EQ
980SCL33A,18904,NSE_EQ
980SCL33B,21044,NSE_EQ
980SCL33C,19776,NSE_EQ
980SCL33D,21024,NSE_EQ
980SCL34,23321,NSE_EQ
980SCL34B,25572,NSE_EQ
980SCL35,30206,NSE_EQ
980SFIL28,14032,NSE_EQ
980SFIL29,25155,NSE_EQ
985CCSP27,757848,NSE_EQ
985CCSP28,759592,NSE_EQ
985ECL28,4292,NSE_EQ
985SCL32,757475,NSE_EQ
985SFIL28,14038,NSE_EQ
98SCL34,23972,NSE_EQ
98SCL34Z,28932,NSE_EQ
98VFPL28,24284,NSE_EQ
990CCSP27,757129,NSE_EQ
990IIFL27,28569,NSE_EQ
990IIFL27A,30059,NSE_EQ
990SCL26,19760,NSE_EQ
990SCL26A,20061,NSE_EQ
990SCL26B,20995,NSE_EQ
990SCL26I,17515,NSE_EQ
990SCL27,23293,NSE_EQ
990SCL27B,25548,NSE_EQ
990SCL28,30222,NSE_EQ
995CCSP27,756333,NSE_EQ
995ISF28,756167,NSE_EQ
995ISF28A,755875,NSE_EQ
995ISF35,758290,NSE_EQ
995SCL2035,757497,NSE_EQ
995SCL35,29105,NSE_EQ
99AEL29,25296,NSE_EQ
99SCL27,23944,NSE_EQ
99SCL27V,28915,NSE_EQ
9AEL30,757874,NSE_EQ
9CIFL34,23990,NSE_EQ
9HFL34,21233,NSE_EQ
9IHFL27,28858,NSE_EQ
9IIFL26,756139,NSE_EQ
9IIFL28,17041,NSE_EQ
9IIFL28A,13854,NSE_EQ
9IIFL31,761121,NSE_EQ
9PCPL28,760654,NSE_EQ
9PCPL28A,761819,NSE_EQ
9PCPL28B,759710,NSE_EQ
9PFL27,757839,NSE_EQ
9PFL31A,5160,NSE_EQ
9SCL26B,18634,NSE_EQ
9SCL26BA,18628,NSE_EQ
9SCL27,757458,NSE_EQ
9SCL28,757463,NSE_EQ
9TCAP28,21221,NSE_EQ
9TIAPL28,756173,NSE_EQ
A2ZINFRA,20906,NSE_EQ
AAATECH,12533,NSE_EQ
AADHARHFC,23729,NSE_EQ
AAFS27A,22654,NSE_EQ
AAFS27B,23628,NSE_EQ
AAFS27C,23669,NSE_EQ
AAFS28,24317,NSE_EQ
AAFS28A,24877,NSE_EQ
AAFS28B,25462,NSE_EQ
AAFS28C,25595,NSE_EQ
AAFS29,757140,NSE_EQ
AAFS29A,756950,NSE_EQ
AAFS29B,758608,NSE_EQ
AAFS29C,758442,NSE_EQ
AAFS30,758852,NSE_EQ
AAFS30A,759275,NSE_EQ
AAFS30B,760282,NSE_EQ
AAFS30C,760695,NSE_EQ
AAFS30D,760240,NSE_EQ
AAFS31,761367,NSE_EQ
AAFS31A,761725,NSE_EQ
AAFS31B,761729,NSE_EQ
AAFS31C,763270,NSE_EQ
AAFS31D,763699,NSE_EQ
AAFS34,22927,NSE_EQ
AAFS34A,23671,NSE_EQ
AAKAAR,757579,NSE_EQ
AAKASH,235,NSE_EQ
AARADHYA,758120,NSE_EQ
AAREYDRUGS,5248,NSE_EQ
AARNAV,761821,NSE_EQ
AARON,1030,NSE_EQ
AARTECH,17145,NSE_EQ
AARTIDRUGS,4481,NSE_EQ
AARTIIND,7,NSE_EQ
AARTIPHARM,13868,NSE_EQ
AARTISURF,12121,NSE_EQ
AARTISURF,19233,NSE_EQ
AARVI,19073,NSE_EQ
AATMAJ,16961,NSE_EQ
AAVAS,5385,NSE_EQ
ABAN,7759,NSE_EQ
ABANSENT,762526,NSE_EQ
ABB,13,NSE_EQ
ABBOTINDIA,17903,NSE_EQ
ABCAPITAL,21614,NSE_EQ
ABCL020925,758993,NSE_EQ
ABCL26,755942,NSE_EQ
ABCL28,755945,NSE_EQ
ABCOTS,759130,NSE_EQ
ABCRESET27,755961,NSE_EQ
ABCRESET28,759067,NSE_EQ
ABDL,24308,NSE_EQ
ABFRL,30108,NSE_EQ
ABGSEC,24404,NSE_EQ
ABHAPOWER,27284,NSE_EQ
ABHF26625,757529,NSE_EQ
ABINFRA,27020,NSE_EQ
ABLBL,756843,NSE_EQ
ABMINTLLTD,5549,NSE_EQ
ABMKNO,762528,NSE_EQ
ABNINT,8588,NSE_EQ
ABREL,625,NSE_EQ
ABSL10BANK,760247,NSE_EQ
ABSLAMC,6018,NSE_EQ
ABSLBANETF,13987,NSE_EQ
ABSLFTTIDG,4962,NSE_EQ
ABSLFTTIDN,4964,NSE_EQ
ABSLFTTIRG,4969,NSE_EQ
ABSLFTTIRN,4972,NSE_EQ
ABSLFTTJDG,5104,NSE_EQ
ABSLFTTJDN,5105,NSE_EQ
ABSLFTTJRG,5106,NSE_EQ
ABSLFTTJRN,5107,NSE_EQ
ABSLFTTQDG,8676,NSE_EQ
ABSLFTTQRG,8677,NSE_EQ
ABSLFTTQRN,8678,NSE_EQ
ABSLLIQUID,14518,NSE_EQ
ABSLMSCIN,761066,NSE_EQ
ABSLNN50ET,7339,NSE_EQ
ABSLPSE,23806,NSE_EQ
ABSMARINE,23786,NSE_EQ
ACC,22,NSE_EQ
ACCELYA,7053,NSE_EQ
ACCENTMIC,20488,NSE_EQ
ACCORD,21218,NSE_EQ
ACCPL,757024,NSE_EQ
ACCURACY,1465,NSE_EQ
ACE,13587,NSE_EQ
ACEINTEG,11779,NSE_EQ
ACETEC,761112,NSE_EQ
ACI,12024,NSE_EQ
ACL,15420,NSE_EQ
ACMESOLAR,27061,NSE_EQ
ACSTECH,762533,NSE_EQ
ACTIVEINFR,30464,NSE_EQ
ACUTAAS,5578,NSE_EQ
ADANIENSOL,10217,NSE_EQ
ADANIENT,25,NSE_EQ
ADANIGREEN,3563,NSE_EQ
ADANIPORTS,15083,NSE_EQ
ADANIPOWER,17388,NSE_EQ
ADDICTIVE,22468,NSE_EQ
ADFFOODS,19761,NSE_EQ
ADISOFT,763156,NSE_EQ
ADL,245,NSE_EQ
ADOR,34,NSE_EQ
ADROITINFO,4953,NSE_EQ
ADSL,14813,NSE_EQ
ADVAIT,760657,NSE_EQ
ADVANCE,759402,NSE_EQ
ADVANIHOTR,14745,NSE_EQ
ADVENTHTL,759769,NSE_EQ
ADVENZYMES,18039,NSE_EQ
AEGISLOG,40,NSE_EQ
AEGISVOPAK,757336,NSE_EQ
AEL120126,761344,NSE_EQ
AEL120924,25280,NSE_EQ
AEL120924A,25292,NSE_EQ
AEL120924B,25298,NSE_EQ
AEL1212026,761347,NSE_EQ
AEL12126,761341,NSE_EQ
AEL170725,757873,NSE_EQ
AEL170725A,757876,NSE_EQ
AEL17725,757870,NSE_EQ
AEPL,761330,NSE_EQ
AEQUS,760234,NSE_EQ
AEROENTER,12015,NSE_EQ
AEROFLEX,18268,NSE_EQ
AERON,25065,NSE_EQ
AERONEU,13689,NSE_EQ
AESTHETIK,24830,NSE_EQ
AETHER,9810,NSE_EQ
AFCONS,25977,NSE_EQ
AFFLE,11343,NSE_EQ
AFFORDABLE,25857,NSE_EQ
AFIL,24160,NSE_EQ
AFSL,13288,NSE_EQ
AGARIND,3389,NSE_EQ
AGARWALEYE,29452,NSE_EQ
AGARWALFT,14267,NSE_EQ
AGARWALTUF,27309,NSE_EQ
AGI,1412,NSE_EQ
AGIIL,24445,NSE_EQ
AGNI,10491,NSE_EQ
AGRITECH,11076,NSE_EQ
AGROPHOS,9046,NSE_EQ
AGSTRA,759202,NSE_EQ
AGUL,15147,NSE_EQ
AHCL,758968,NSE_EQ
AHIMSA,10770,NSE_EQ
AHLADA,2004,NSE_EQ
AHLEAST,19438,NSE_EQ
AHLUCONT,17833,NSE_EQ
AHLWEST,19370,NSE_EQ
AIAENG,13086,NSE_EQ
AIIL,23553,NSE_EQ
AILIMITED,4654,NSE_EQ
AIMTRON,23984,NSE_EQ
AIRAN,9897,NSE_EQ
AIROLAM,6068,NSE_EQ
AISL,482,NSE_EQ
AJANTPHARM,8124,NSE_EQ
AJAXENGG,29624,NSE_EQ
AJMERA,17307,NSE_EQ
AJOONI,3403,NSE_EQ
AKANKSHA,21132,NSE_EQ
AKASH,13510,NSE_EQ
AKCAPIT,762538,NSE_EQ
AKG,2176,NSE_EQ
AKI,14890,NSE_EQ
AKIKO,24307,NSE_EQ
AKSHAR,9558,NSE_EQ
AKSHARCHEM,20178,NSE_EQ
AKSHOPTFBR,8595,NSE_EQ
AKUMS,24715,NSE_EQ
ALANKIT,9921,NSE_EQ
ALBERTDAVD,17256,NSE_EQ
ALCODIS,18763,NSE_EQ
ALEMBICLTD,79,NSE_EQ
ALGOQUANT,761270,NSE_EQ
ALICON,13656,NSE_EQ
ALIVUS,5265,NSE_EQ
ALKALI,16963,NSE_EQ
ALKEM,11703,NSE_EQ
ALKYLAMINE,4487,NSE_EQ
ALLCARGO,13501,NSE_EQ
ALLDIGI,11798,NSE_EQ
ALLETEC,13212,NSE_EQ
ALLTIME,758448,NSE_EQ
ALMONDZ,16719,NSE_EQ
ALOKINDS,17675,NSE_EQ
ALPA,14848,NSE_EQ
ALPEXSOLAR,22688,NSE_EQ
ALPHA,7412,NSE_EQ
ALPHA27,22856,NSE_EQ
ALPHAETF,19640,NSE_EQ
ALPHAGEO,14597,NSE_EQ
ALPL30IETF,22344,NSE_EQ
ALSDG,761591,NSE_EQ
ALSDP,761593,NSE_EQ
ALSRG,761595,NSE_EQ
ALSRP,761597,NSE_EQ
ALUWIND,23474,NSE_EQ
AMAGI,760740,NSE_EQ
AMANTA,758909,NSE_EQ
AMBAAUTO,763256,NSE_EQ
AMBALALSA,762543,NSE_EQ
AMBANIORGO,4083,NSE_EQ
AMBER,1185,NSE_EQ
AMBICAAGAR,11496,NSE_EQ
AMBIKCO,15234,NSE_EQ
AMBUJACEM,1270,NSE_EQ
AMCL,758427,NSE_EQ
AMDIND,14398,NSE_EQ
AMEYA,10898,NSE_EQ
AMIABLE,11939,NSE_EQ
AMIRCHAND,761670,NSE_EQ
AMJLAND,2598,NSE_EQ
AMNPLST,19867,NSE_EQ
AMRUTANJAN,17547,NSE_EQ
ANANDRATHI,7145,NSE_EQ
ANANTAM,759363,NSE_EQ
ANANTRAJ,13620,NSE_EQ
ANDHRAPAP,166,NSE_EQ
ANDHRSUGAR,136,NSE_EQ
ANGELONE,324,NSE_EQ
ANIKINDS,16661,NSE_EQ
ANKITMETAL,25878,NSE_EQ
ANLON,13664,NSE_EQ
ANMOL,3727,NSE_EQ
ANNAPURNA,11198,NSE_EQ
ANONDITA,758740,NSE_EQ
ANSALAPI,19677,NSE_EQ
ANTELOPUS,13598,NSE_EQ
ANTGRAPHIC,5194,NSE_EQ
ANTHEM,757885,NSE_EQ
ANUHPHR,28314,NSE_EQ
ANUP,9014,NSE_EQ
ANURAS,2829,NSE_EQ
ANYA,28983,NSE_EQ
ANZEN,11945,NSE_EQ
AONEGOLD,758904,NSE_EQ
AONELIQUID,30472,NSE_EQ
AONENIFTY,757096,NSE_EQ
AONESILVER,760193,NSE_EQ
AONETMMQ50,759992,NSE_EQ
AONETOTAL,29975,NSE_EQ
APARINDS,11491,NSE_EQ
APCL,20453,NSE_EQ
APCOTEXIND,154,NSE_EQ
APEX,21623,NSE_EQ
APEXECO,27291,NSE_EQ
APLAPOLLO,25780,NSE_EQ
APLLTD,25328,NSE_EQ
APOLLO,1134,NSE_EQ
APOLLOHOSP,157,NSE_EQ
APOLLOPIPE,14361,NSE_EQ
APOLLOTYRE,163,NSE_EQ
APOLSINHOT,6302,NSE_EQ
APRAMEYA,24638,NSE_EQ
APS,21451,NSE_EQ
APSIFHLSDD,761601,NSE_EQ
APSIFHLSDG,761603,NSE_EQ
APSIFHLSRD,761605,NSE_EQ
APSIFHLSRG,761607,NSE_EQ
APSISAERO,761435,NSE_EQ
APTECHT,10755,NSE_EQ
APTUS,5435,NSE_EQ
AQYLON,23365,NSE_EQ
ARABIAN,19253,NSE_EQ
ARCHIDPLY,16795,NSE_EQ
ARCHIES,5688,NSE_EQ
ARCIIL,758673,NSE_EQ
ARE&M,100,NSE_EQ
ARENTERP,181,NSE_EQ
ARFIN,758700,NSE_EQ
ARHAM,13092,NSE_EQ
ARIES,15204,NSE_EQ
ARIHANT,13885,NSE_EQ
ARIHANTACA,13340,NSE_EQ
ARIHANTCAP,3813,NSE_EQ
ARIHANTSUP,20159,NSE_EQ
ARIS,757614,NSE_EQ
ARISTO,13931,NSE_EQ
ARKADE,25398,NSE_EQ
ARMANFIN,17263,NSE_EQ
ARMOUR,760749,NSE_EQ
AROGRANITE,14557,NSE_EQ
ARROWGREEN,9264,NSE_EQ
ARSHIYA,29015,NSE_EQ
ARSIFHDAD,762401,NSE_EQ
ARSIFHDG,761544,NSE_EQ
ARSIFHRG,761540,NSE_EQ
ARSIFHRHD,761546,NSE_EQ
ARSIFHRMD,761542,NSE_EQ
ARSSBL,759956,NSE_EQ
ARTEMISMED,16913,NSE_EQ
ARTNIRMAN,6156,NSE_EQ
ARUNAYA,756899,NSE_EQ
ARVEE,2814,NSE_EQ
ARVIND,193,NSE_EQ
ARVINDFASN,9111,NSE_EQ
ARVINDPORT,19587,NSE_EQ
ARVSMART,10457,NSE_EQ
ASAHIINDIA,5378,NSE_EQ
ASAHISONG,25088,NSE_EQ
ASAL,10634,NSE_EQ
ASALCBR,17598,NSE_EQ
ASCOM,15030,NSE_EQ
ASHALOG,24711,NSE_EQ
ASHAPURMIN,203,NSE_EQ
ASHIANA,24403,NSE_EQ
ASHIKA,762548,NSE_EQ
ASHIMASYN,206,NSE_EQ
ASHOKA,20182,NSE_EQ
ASHOKAMET,16943,NSE_EQ
ASHOKLEY,212,NSE_EQ
ASHWINI,760418,NSE_EQ
ASIANENE,7030,NSE_EQ
ASIANHOTNR,18422,NSE_EQ
ASIANPAINT,236,NSE_EQ
ASIANTILES,14889,NSE_EQ
ASIFDG,759224,NSE_EQ
ASIFRD,759226,NSE_EQ
ASIFRG,759228,NSE_EQ
ASKAUTOLTD,20152,NSE_EQ
ASMS,14064,NSE_EQ
ASPINWALL,17270,NSE_EQ
ASPIRE,23396,NSE_EQ
ASTAR,762553,NSE_EQ
ASTEC,17728,NSE_EQ
ASTERDM,1508,NSE_EQ
ASTRAL,14418,NSE_EQ
ASTRAMICRO,11618,NSE_EQ
ASTRAZEN,5610,NSE_EQ
ASTRON,880,NSE_EQ
ATALREAL,15649,NSE_EQ
ATAM,15404,NSE_EQ
ATCENERGY,756405,NSE_EQ
ATGL,6066,NSE_EQ
ATHERENERG,757645,NSE_EQ
ATL,17778,NSE_EQ
ATLANTAA,13585,NSE_EQ
ATLANTAELE,759009,NSE_EQ
ATLASCYCLE,4568,NSE_EQ
ATLPP,760953,NSE_EQ
ATMASTCO,22788,NSE_EQ
ATUL,263,NSE_EQ
ATULAUTO,30023,NSE_EQ
AUBANK,21238,NSE_EQ
AURIGROW,1607,NSE_EQ
AURIONPRO,12022,NSE_EQ
AUROIMPEX,15869,NSE_EQ
AUROPHARMA,275,NSE_EQ
AURUM,10310,NSE_EQ
AUSL,25248,NSE_EQ
AUSOMENT,9035,NSE_EQ
AUTOAXLES,278,NSE_EQ
AUTOBEES,7880,NSE_EQ
AUTOIETF,7844,NSE_EQ
AUTOIND,14110,NSE_EQ
AVADHSUGAR,21410,NSE_EQ
AVALON,15058,NSE_EQ
AVANA,760736,NSE_EQ
AVANTEL,24610,NSE_EQ
AVANTIFEED,7936,NSE_EQ
AVATAR,20503,NSE_EQ
AVG,15589,NSE_EQ
AVIANSH,25520,NSE_EQ
AVL,25984,NSE_EQ
AVONMORE,13557,NSE_EQ
AVPINFRA,23159,NSE_EQ
AVROIND,8827,NSE_EQ
AVSL,18693,NSE_EQ
AVTL29,760561,NSE_EQ
AVTNPL,14008,NSE_EQ
AWFIS,23864,NSE_EQ
AWHCL,1797,NSE_EQ
AWL,8110,NSE_EQ
AXISBANK,5900,NSE_EQ
AXISBNKETF,1044,NSE_EQ
AXISCADES,9436,NSE_EQ
AXISCETF,5732,NSE_EQ
AXISGOLD,20532,NSE_EQ
AXISHCETF,3608,NSE_EQ
AXISILVER,11193,NSE_EQ
AXISNIFTY,21252,NSE_EQ
AXISTECETF,3010,NSE_EQ
AXISVALUE,30155,NSE_EQ
AXITA,9902,NSE_EQ
AXSENSEX,14742,NSE_EQ
AYE,760981,NSE_EQ
AYMSYNTEX,10285,NSE_EQ
AZAD,20905,NSE_EQ
BABAFP,20141,NSE_EQ
BAFNAPH,17735,NSE_EQ
BAGDIGITAL,759420,NSE_EQ
BAGFILMS,11226,NSE_EQ
BAGMANE,763363,NSE_EQ
BAHETI,12989,NSE_EQ
BAIDFIN,13794,NSE_EQ
BAJAJ-AUTO,16669,NSE_EQ
BAJAJCON,19531,NSE_EQ
BAJAJELEC,15034,NSE_EQ
BAJAJFINSV,16675,NSE_EQ
BAJAJHCARE,6863,NSE_EQ
BAJAJHFL,25270,NSE_EQ
BAJAJHIND,308,NSE_EQ
BAJAJHLDNG,305,NSE_EQ
BAJAJINDEF,29678,NSE_EQ
BAJAJST,762563,NSE_EQ
BAJEL,20531,NSE_EQ
BAJFINANCE,317,NSE_EQ
BALAJEE,25203,NSE_EQ
BALAJIPHOS,30030,NSE_EQ
BALAJITELE,9158,NSE_EQ
BALAMINES,14501,NSE_EQ
BALAXI,11314,NSE_EQ
BALCO,24882,NSE_EQ
BALKRISHNA,10181,NSE_EQ
BALKRISIND,335,NSE_EQ
BALMLAWRIE,338,NSE_EQ
BALPHARMA,13441,NSE_EQ
BALRAMCHIN,341,NSE_EQ
BALUFORGE,23607,NSE_EQ
BANARBEADS,347,NSE_EQ
BANARISUG,350,NSE_EQ
BANCOINDIA,13880,NSE_EQ
BANDHANBNK,2263,NSE_EQ
BANG,15303,NSE_EQ
BANK10ADD,761364,NSE_EQ
BANKA,828,NSE_EQ
BANKADD,13644,NSE_EQ
BANKBARODA,4668,NSE_EQ
BANKBEES,11439,NSE_EQ
BANKBETA,22440,NSE_EQ
BANKBETF,21986,NSE_EQ
BANKETF,17419,NSE_EQ
BANKIETF,11037,NSE_EQ
BANKINDIA,4745,NSE_EQ
BANKNIFTY1,5851,NSE_EQ
BANKPSU,25725,NSE_EQ
BANSALWIRE,24386,NSE_EQ
BANSWRAS,14511,NSE_EQ
BARFLEX,29176,NSE_EQ
BASF,368,NSE_EQ
BASILIC,18442,NSE_EQ
BASML,12034,NSE_EQ
BATAINDIA,371,NSE_EQ
BATLIBOI,762568,NSE_EQ
BAWEJA,22574,NSE_EQ
BAYERCROP,17927,NSE_EQ
BBETF0432,7196,NSE_EQ
BBL,13761,NSE_EQ
BBNPNBETF,24117,NSE_EQ
BBNPPGOLD,20547,NSE_EQ
BBOX,3435,NSE_EQ
BBTC,380,NSE_EQ
BBTCL,12153,NSE_EQ
BCG,8833,NSE_EQ
BCLIND,2513,NSE_EQ
BCONCEPTS,7780,NSE_EQ
BCPL,761494,NSE_EQ
BDL,2144,NSE_EQ
BDR,4294,NSE_EQ
BEACON,23925,NSE_EQ
BEARDSELL,17933,NSE_EQ
BECTORFOOD,1628,NSE_EQ
BEDMUTHA,20196,NSE_EQ
BEEKAY,762573,NSE_EQ
BEL,383,NSE_EQ
BELLACASA,757938,NSE_EQ
BELRISE,757102,NSE_EQ
BEML,395,NSE_EQ
BENGALASM,762578,NSE_EQ
BEPL,419,NSE_EQ
BERGEPAINT,404,NSE_EQ
BESTAGRO,2306,NSE_EQ
BETA,759842,NSE_EQ
BEWLTD,5662,NSE_EQ
BFINVEST,21113,NSE_EQ
BFSI,5220,NSE_EQ
BFUTILITIE,14567,NSE_EQ
BGLOBAL,11371,NSE_EQ
BGRENERGY,15193,NSE_EQ
BHADORA,758225,NSE_EQ
BHAGCHEM,6164,NSE_EQ
BHAGERIA,13400,NSE_EQ
BHAGYANGR,20799,NSE_EQ
BHANDARI,19560,NSE_EQ
BHARATCOAL,760726,NSE_EQ
BHARATFORG,422,NSE_EQ
BHARATGEAR,426,NSE_EQ
BHARATRAS,3834,NSE_EQ
BHARATSE,30244,NSE_EQ
BHARATWIRE,16123,NSE_EQ
BHARTIARTL,10604,NSE_EQ
BHARTIHEXA,23489,NSE_EQ
BHEL,438,NSE_EQ
BI,762583,NSE_EQ
BIGBLOC,18431,NSE_EQ
BIKAJI,11966,NSE_EQ
BIKEWO,25524,NSE_EQ
BIL,7848,NSE_EQ
BILVYAPAR,13622,NSE_EQ
BIMETAL,762588,NSE_EQ
BIOCON,11373,NSE_EQ
BIOFILCHEM,4136,NSE_EQ
BIOPOL,760942,NSE_EQ
BIRDYS,23562,NSE_EQ
BIRET,2203,NSE_EQ
BIRLACABLE,6815,NSE_EQ
BIRLACORPN,480,NSE_EQ
BIRLAMONEY,15239,NSE_EQ
BIRLANU,1455,NSE_EQ
BIRLAPREC,762593,NSE_EQ
BLACKBUCK,27144,NSE_EQ
BLACKROSE,762598,NSE_EQ
BLAL,15067,NSE_EQ
BLBLIMITED,8132,NSE_EQ
BLIL,762603,NSE_EQ
BLISSGVS,19265,NSE_EQ
BLKASHYAP,13290,NSE_EQ
BLS,17279,NSE_EQ
BLSE,22566,NSE_EQ
BLUECHIP,8650,NSE_EQ
BLUECOAST,8552,NSE_EQ
BLUEDART,495,NSE_EQ
BLUEJET,19686,NSE_EQ
BLUEPEBBLE,23410,NSE_EQ
BLUESTARCO,8311,NSE_EQ
BLUESTONE,759291,NSE_EQ
BLUEWATER,758185,NSE_EQ
BLUSPRING,757520,NSE_EQ
BMETRICS,6052,NSE_EQ
BMLL,763598,NSE_EQ
BMWVENTLTD,759256,NSE_EQ
BNAGROCHEM,762611,NSE_EQ
BNALTD,762613,NSE_EQ
BODALCHEM,25021,NSE_EQ
BOHRAIND,11640,NSE_EQ
BOMDYEING,513,NSE_EQ
BONLON,761056,NSE_EQ
BORANA,757919,NSE_EQ
BOROLTD,19401,NSE_EQ
BORORENEW,3149,NSE_EQ
BOROSCI,24014,NSE_EQ
BOSCH-HCIL,4491,NSE_EQ
BOSCHLTD,2181,NSE_EQ
BOSS,25119,NSE_EQ
BPCL,526,NSE_EQ
BPF01D1D,18164,NSE_EQ
BPF01D1R,18165,NSE_EQ
BPF01D2G,18166,NSE_EQ
BPF01D3D,18167,NSE_EQ
BPF01D3R,18168,NSE_EQ
BPF01GPG,18169,NSE_EQ
BPF01MDD,18170,NSE_EQ
BPF01MDR,18171,NSE_EQ
BPF01QDD,18172,NSE_EQ
BPF01QDR,18173,NSE_EQ
BPF02D1R,18005,NSE_EQ
BPF02D2G,18006,NSE_EQ
BPF02D3D,18007,NSE_EQ
BPF02D3R,18008,NSE_EQ
BPF02D4D,18009,NSE_EQ
BPF02D4R,18010,NSE_EQ
BPF02D5R,18062,NSE_EQ
BPF02IDR,18063,NSE_EQ
BPF02IGG,18064,NSE_EQ
BPF02IMD,18065,NSE_EQ
BPF02IMR,18066,NSE_EQ
BPF02IQD,18067,NSE_EQ
BPF02IQR,18093,NSE_EQ
BPF02IWR,18094,NSE_EQ
BPF02RDR,18095,NSE_EQ
BPF02RGG,18160,NSE_EQ
BPF02RMD,18161,NSE_EQ
BPF02RMR,18162,NSE_EQ
BPF02RWR,18163,NSE_EQ
BPL,530,NSE_EQ
BRACEPORT,24905,NSE_EQ
BRANDMAN,760975,NSE_EQ
BRIGADE,15184,NSE_EQ
BRIGHOTEL,757794,NSE_EQ
BRITANNIA,547,NSE_EQ
BRNL,21683,NSE_EQ
BROOKS,25140,NSE_EQ
BSE,19585,NSE_EQ
BSE500IETF,3001,NSE_EQ
BSHSL,812,NSE_EQ
BSL,559,NSE_EQ
BSLGOLDETF,23804,NSE_EQ
BSLIFQPIDG,29556,NSE_EQ
BSLIQPIIDP,22844,NSE_EQ
BSLIQPIRDP,22850,NSE_EQ
BSLIQPIRG,22853,NSE_EQ
BSLNIFTY,24781,NSE_EQ
BSLSENETFG,5957,NSE_EQ
BSOFT,6994,NSE_EQ
BTML,14150,NSE_EQ
BTTL,762618,NSE_EQ
BUILDPRO,760594,NSE_EQ
BULKCORP,24701,NSE_EQ
BUTTERFLY,2716,NSE_EQ
BVCL,15073,NSE_EQ
BYKE,7919,NSE_EQ
C2C,27274,NSE_EQ
CADSYS,21824,NSE_EQ
CAGL27,18485,NSE_EQ
CAGL27A,12471,NSE_EQ
CAGL28,18498,NSE_EQ
CALSOFT,8400,NSE_EQ
CAMLINFINE,6216,NSE_EQ
CAMPUS,9362,NSE_EQ
CAMS,342,NSE_EQ
CANARYS,19368,NSE_EQ
CANBK,10794,NSE_EQ
CANFINHOME,583,NSE_EQ
CANHLIFE,759477,NSE_EQ
CANTABIL,20160,NSE_EQ
CAPACITE,21749,NSE_EQ
CAPILLARY,759867,NSE_EQ
CAPINVIT,29157,NSE_EQ
CAPITALSFB,22675,NSE_EQ
CAPLIPOINT,3906,NSE_EQ
CAPTRUST,19451,NSE_EQ
CARBORUNIV,595,NSE_EQ
CARERATING,29113,NSE_EQ
CARRARO,28879,NSE_EQ
CARTRADE,5407,NSE_EQ
CARYSIL,1879,NSE_EQ
CASHIETF,30139,NSE_EQ
CASTROLIND,1250,NSE_EQ
CBAZAAR,20406,NSE_EQ
CCAVENUE,16249,NSE_EQ
CCCL,14992,NSE_EQ
CCHHL,6385,NSE_EQ
CCL,11452,NSE_EQ
CDSL,21174,NSE_EQ
CEATLTD,15254,NSE_EQ
CEDAAR,757687,NSE_EQ
CEIGALL,24742,NSE_EQ
CEINSYS,761037,NSE_EQ
CELEBRITY,13162,NSE_EQ
CELLECOR,18811,NSE_EQ
CELLO,19795,NSE_EQ
CELLPOINT,16950,NSE_EQ
CEMPRO,5622,NSE_EQ
CENTENKA,619,NSE_EQ
CENTEXT,11511,NSE_EQ
CENTRALBK,14894,NSE_EQ
CENTRUM,2454,NSE_EQ
CENTUM,14982,NSE_EQ
CENTURYPLY,13305,NSE_EQ
CERA,15039,NSE_EQ
CEREBRAINT,29016,NSE_EQ
CESC,628,NSE_EQ
CEWATER,28764,NSE_EQ
CGCL,20329,NSE_EQ
CGPOWER,760,NSE_EQ
CGRAPHICS,23468,NSE_EQ
CHALET,8546,NSE_EQ
CHAMBLFERT,637,NSE_EQ
CHAMUNDA,29541,NSE_EQ
CHANDAN,29633,NSE_EQ
CHAVDA,18654,NSE_EQ
CHEMBOND,14620,NSE_EQ
CHEMBONDCH,757991,NSE_EQ
CHEMCON,270,NSE_EQ
CHEMFAB,2815,NSE_EQ
CHEMICAL,759885,NSE_EQ
CHEMPLASTS,5449,NSE_EQ
CHENNPETRO,2049,NSE_EQ
CHETANA,24628,NSE_EQ
CHEVIOT,9879,NSE_EQ
CHOICEGOLD,759610,NSE_EQ
CHOICEIN,8866,NSE_EQ
CHOLAFIN,19257,NSE_EQ
CHOLAFIN,685,NSE_EQ
CHOLAHLDNG,21740,NSE_EQ
CIEINDIA,14937,NSE_EQ
CIF27,22553,NSE_EQ
CIF29,22558,NSE_EQ
CIFC26A,17952,NSE_EQ
CIFC28,17964,NSE_EQ
CIFCL29,763632,NSE_EQ
CIFCZC26,20437,NSE_EQ
CIFCZC28,20445,NSE_EQ
CIFCZC28A,15376,NSE_EQ
CIFL,756015,NSE_EQ
CINELINE,27161,NSE_EQ
CINEVISTA,8024,NSE_EQ
CIPLA,694,NSE_EQ
CITI28,761303,NSE_EQ
CITIUSINVT,763149,NSE_EQ
CKKRETAIL,760854,NSE_EQ
CLASSICEIL,758739,NSE_EQ
CLCIND,13846,NSE_EQ
CLEAN,5049,NSE_EQ
CLEANMAX,760183,NSE_EQ
CLEDUCATE,20233,NSE_EQ
CLSEL,3482,NSE_EQ
CLSL,18260,NSE_EQ
CMICABLES,19676,NSE_EQ
CMNL,13731,NSE_EQ
CMPDI,761581,NSE_EQ
CMRGREEN,30893,NSE_EQ
CMRSL,11447,NSE_EQ
CMSINFO,7603,NSE_EQ
CNL,11155,NSE_EQ
COALINDIA,20374,NSE_EQ
COASTCORP,6006,NSE_EQ
COCHINSHIP,21508,NSE_EQ
COCKERILL,762623,NSE_EQ
COFFEEDAY,11169,NSE_EQ
COFORGE,11543,NSE_EQ
COHANCE,17945,NSE_EQ
COLPAL,15141,NSE_EQ
COMFINTE,762628,NSE_EQ
COMMITTED,19516,NSE_EQ
COMMOIETF,13198,NSE_EQ
COMPINFO,19670,NSE_EQ
COMPUSOFT,31138,NSE_EQ
COMSYN,21578,NSE_EQ
CONCOR,4749,NSE_EQ
CONCORDBIO,18060,NSE_EQ
CONFIPET,10238,NSE_EQ
CONNPLEX,758453,NSE_EQ
CONS,10512,NSE_EQ
CONSOFINVT,11731,NSE_EQ
CONSUMBEES,2435,NSE_EQ
CONSUMER,28969,NSE_EQ
CONSUMIETF,6446,NSE_EQ
CONTI,2531,NSE_EQ
CONTROLPR,17477,NSE_EQ
COOLCAPS,8567,NSE_EQ
CORALFINAC,4007,NSE_EQ
CORDSCABLE,15275,NSE_EQ
COROMANDEL,739,NSE_EQ
CORONA,760254,NSE_EQ
COSMOFIRST,742,NSE_EQ
COUNCODOS,16986,NSE_EQ
CPCAP,20090,NSE_EQ
CPEDU,758941,NSE_EQ
CPPLUS,758858,NSE_EQ
CPS,18372,NSE_EQ
CPSEETF,2328,NSE_EQ
CRAFTSMAN,2854,NSE_EQ
CRAMC,759311,NSE_EQ
CRAYONS,16419,NSE_EQ
CREATIVEYE,9384,NSE_EQ
CREDITACC,4421,NSE_EQ
CREST,13900,NSE_EQ
CRISIL,757,NSE_EQ
CRIZAC,757850,NSE_EQ
CROMPTON,17094,NSE_EQ
CROWN,8083,NSE_EQ
CSBBANK,14966,NSE_EQ
CSLFINANCE,10350,NSE_EQ
CSSL,760143,NSE_EQ
CTE,14218,NSE_EQ
CUB,5701,NSE_EQ
CUBEINVIT,15078,NSE_EQ
CUBEXTUB,4064,NSE_EQ
CUDML,758156,NSE_EQ
CUMMINSIND,1901,NSE_EQ
CUPID,18520,NSE_EQ
CURAA,30189,NSE_EQ
CURIS,759825,NSE_EQ
CURRENT,758964,NSE_EQ
CYBERMEDIA,11845,NSE_EQ
CYBERTECH,6051,NSE_EQ
CYIENT,5748,NSE_EQ
CYIENTDLM,17187,NSE_EQ
DABUR,772,NSE_EQ
DAICHI,762633,NSE_EQ
DALBHARAT,8075,NSE_EQ
DALMIASUG,781,NSE_EQ
DAMCAPITAL,28662,NSE_EQ
DAMODARIND,17541,NSE_EQ
DANGEE,1110,NSE_EQ
DANISH,25927,NSE_EQ
DATAMATICS,11423,NSE_EQ
DATAPATTNS,7358,NSE_EQ
DAVANGERE,21794,NSE_EQ
DBCORP,17881,NSE_EQ
DBEIL,25894,NSE_EQ
DBL,18086,NSE_EQ
DBOL,10895,NSE_EQ
DBREALTY,18128,NSE_EQ
DBSTOCKBRO,31107,NSE_EQ
DCAL,21704,NSE_EQ
DCBBANK,13725,NSE_EQ
DCCL,757107,NSE_EQ
DCG,23520,NSE_EQ
DCI,11568,NSE_EQ
DCM,7323,NSE_EQ
DCMFINSERV,8704,NSE_EQ
DCMNVL,11041,NSE_EQ
DCMSHRIRAM,811,NSE_EQ
DCMSIL,760898,NSE_EQ
DCMSRIND,7325,NSE_EQ
DCW,817,NSE_EQ
DCXINDIA,11895,NSE_EQ
DDEVPLSTIK,29098,NSE_EQ
DECCANCE,14838,NSE_EQ
DECCANTRAN,25421,NSE_EQ
DECNGOLD,762638,NSE_EQ
DEEDEV,24156,NSE_EQ
DEEM,22799,NSE_EQ
DEEPAKFERT,827,NSE_EQ
DEEPAKNTR,19943,NSE_EQ
DEEPINDS,3292,NSE_EQ
DEFENCE,761046,NSE_EQ
DELAPLEX,22527,NSE_EQ
DELHIVERY,9599,NSE_EQ
DELPHIFX,24391,NSE_EQ
DELTACORP,15044,NSE_EQ
DELTAMAGNT,1214,NSE_EQ
DELTIC,29095,NSE_EQ
DEN,17722,NSE_EQ
DENEERS,15449,NSE_EQ
DENORA,4279,NSE_EQ
DENTA,29256,NSE_EQ
DENTALKART,16454,NSE_EQ
DESTINY,6087,NSE_EQ
DEVIT,8146,NSE_EQ
DEVX,759079,NSE_EQ
DEVYANI,5373,NSE_EQ
DGCONTENT,10346,NSE_EQ
DHAMPURSUG,857,NSE_EQ
DHANBANK,11359,NSE_EQ
DHANLAXMI,27723,NSE_EQ
DHANSA,24418,NSE_EQ
DHANUKA,24409,NSE_EQ
DHARAN,759203,NSE_EQ
DHARARAIL,760489,NSE_EQ
DHARIWAL,24747,NSE_EQ
DHARMAJ,13001,NSE_EQ
DHRUV,6860,NSE_EQ
DHTL,22533,NSE_EQ
DHUNINV,22233,NSE_EQ
DIACABS,18543,NSE_EQ
DIAMINESQ,18644,NSE_EQ
DIAMONDYD,21840,NSE_EQ
DICIND,703,NSE_EQ
DIFFNKG,25672,NSE_EQ
DIGIDRIVE,21247,NSE_EQ
DIGIKORE,19138,NSE_EQ
DIGISPICE,16687,NSE_EQ
DIGITIDE,757515,NSE_EQ
DIGJAMLMTD,6127,NSE_EQ
DIL,760462,NSE_EQ
DIRL,18769,NSE_EQ
DISAQ,762643,NSE_EQ
DISHTV,14540,NSE_EQ
DIVGIITTS,14479,NSE_EQ
DIVIDEND,760412,NSE_EQ
DIVINEHIRA,30262,NSE_EQ
DIVISLAB,10940,NSE_EQ
DIVOPPBEES,2636,NSE_EQ
DIVYADHAN,25680,NSE_EQ
DIXON,21690,NSE_EQ
DJML,12749,NSE_EQ
DKEGL,6249,NSE_EQ
DLF,14732,NSE_EQ
DLINKINDIA,17851,NSE_EQ
DMART,19913,NSE_EQ
DMCC,6973,NSE_EQ
DNAMEDIA,641,NSE_EQ
DODLA,4822,NSE_EQ
DOLATALGO,12124,NSE_EQ
DOLLAR,20560,NSE_EQ
DOLLEX,13323,NSE_EQ
DOLPHIN,18139,NSE_EQ
DOMS,20551,NSE_EQ
DONEAR,13839,NSE_EQ
DPABHUSHAN,936,NSE_EQ
DPEL,24286,NSE_EQ
DPSCLTD,15423,NSE_EQ
DPWIRES,16900,NSE_EQ
DRAGARWQ,762648,NSE_EQ
DRCSYSTEMS,2645,NSE_EQ
DREAMFOLKS,10859,NSE_EQ
DREDGECORP,11271,NSE_EQ
DRONE,17383,NSE_EQ
DRREDDY,881,NSE_EQ
DRSCARGO,23485,NSE_EQ
DRSDILIP,6686,NSE_EQ
DSFCL,760891,NSE_EQ
DSSL,25690,NSE_EQ
DTIL,6227,NSE_EQ
DTL,24313,NSE_EQ
DUCOL,13766,NSE_EQ
DUCON,28956,NSE_EQ
DUGLOBAL,5466,NSE_EQ
DURLAX,24167,NSE_EQ
DVL,15214,NSE_EQ
DWARKESH,11667,NSE_EQ
DYCL,10417,NSE_EQ
DYNAMATECH,4525,NSE_EQ
DYNAMIC,6079,NSE_EQ
DYNPRO,21314,NSE_EQ
E2E,8937,NSE_EQ
E2ERAIL,760534,NSE_EQ
EASEMYTRIP,2792,NSE_EQ
EASTSILK,9769,NSE_EQ
EBANKNIFTY,25258,NSE_EQ
EBBETF0430,16253,NSE_EQ
EBBETF0431,22239,NSE_EQ
EBBETF0433,13139,NSE_EQ
EBGNG,757862,NSE_EQ
ECAPINSURE,29019,NSE_EQ
ECLERX,15179,NSE_EQ
ECOLINE,759961,NSE_EQ
ECOSMOBLTY,25062,NSE_EQ
EDELWEISS,15119,NSE_EQ
EDUCOMP,21747,NSE_EQ
EEPL,758346,NSE_EQ
EFACTOR,19267,NSE_EQ
EFCIL,758675,NSE_EQ
EFFWA,24438,NSE_EQ
EFORCE,20899,NSE_EQ
EGOLD,19933,NSE_EQ
EICHERMOT,910,NSE_EQ
EIDPARRY,916,NSE_EQ
EIEL,27213,NSE_EQ
EIFFL,6040,NSE_EQ
EIHAHOTELS,15399,NSE_EQ
EIHOTEL,919,NSE_EQ
EIMCOELECO,4040,NSE_EQ
EKC,13091,NSE_EQ
ELANTAS,762653,NSE_EQ
ELCIDIN,762658,NSE_EQ
ELDEHSG,8953,NSE_EQ
ELECON,13643,NSE_EQ
ELECTCAST,18116,NSE_EQ
ELECTCAST,928,NSE_EQ
ELECTHERM,4469,NSE_EQ
ELGIEQUIP,937,NSE_EQ
ELGIRUBCO,24924,NSE_EQ
ELGNZ,29595,NSE_EQ
ELIN,13423,NSE_EQ
ELIQUID,759466,NSE_EQ
ELITECON,762663,NSE_EQ
ELLEN,758563,NSE_EQ
ELM250,758952,NSE_EQ
ELPROINTL,4471,NSE_EQ
EMAMILTD,13517,NSE_EQ
EMAMIPAP,10074,NSE_EQ
EMAMIREAL,19281,NSE_EQ
EMAPARTNER,29229,NSE_EQ
EMBASSY,9383,NSE_EQ
EMBDL,14450,NSE_EQ
EMCURE,24398,NSE_EQ
EMIL,11530,NSE_EQ
EMKAY,13421,NSE_EQ
EMKAYTOOLS,10253,NSE_EQ
EMMBI,18142,NSE_EQ
EMMIL,23745,NSE_EQ
EMMVEE,759728,NSE_EQ
EMPOWER,762673,NSE_EQ
EMSLIMITED,18593,NSE_EQ
EMUDHRA,9756,NSE_EQ
EMULTIMQ,25996,NSE_EQ
ENCOMPAS,760321,NSE_EQ
ENDURANCE,18822,NSE_EQ
ENERGY,759780,NSE_EQ
ENERGYDEV,15049,NSE_EQ
ENEXT50,763540,NSE_EQ
ENFUSE,23224,NSE_EQ
ENGINERSIN,4907,NSE_EQ
ENIFTY,759998,NSE_EQ
ENIL,13192,NSE_EQ
ENRIN,756871,NSE_EQ
ENSER,23233,NSE_EQ
ENTERO,22717,NSE_EQ
ENVIRO,25412,NSE_EQ
EPACK,22463,NSE_EQ
EPACKPEB,759251,NSE_EQ
EPIGRAL,5382,NSE_EQ
EPL,981,NSE_EQ
EPWINDIA,761217,NSE_EQ
EQUAL200,30121,NSE_EQ
EQUAL50,757142,NSE_EQ
EQUAL50ADD,6606,NSE_EQ
EQUIPPP,3553,NSE_EQ
EQUITASBNK,913,NSE_EQ
ERIS,21154,NSE_EQ
ESABINDIA,955,NSE_EQ
ESAFSFB,19878,NSE_EQ
ESCONET,22767,NSE_EQ
ESCORTS,958,NSE_EQ
ESENSEX,759995,NSE_EQ
ESFL,17087,NSE_EQ
ESG,1200,NSE_EQ
ESILVER,20257,NSE_EQ
ESPRIT,24678,NSE_EQ
ESSARSHPNG,25634,NSE_EQ
ESSENTIA,30327,NSE_EQ
ESTER,24265,NSE_EQ
ETERNAL,5097,NSE_EQ
ETHOSLTD,9750,NSE_EQ
ETL,758591,NSE_EQ
ETML,27629,NSE_EQ
EUREKAFORB,25162,NSE_EQ
EUROBOND,757953,NSE_EQ
EUROPRATIK,759797,NSE_EQ
EUROTEXIND,8886,NSE_EQ
EVEREADY,11782,NSE_EQ
EVERESTIND,993,NSE_EQ
EVIETF,755881,NSE_EQ
EVINDIA,24461,NSE_EQ
EXCELINDUS,11471,NSE_EQ
EXCELLENT,25327,NSE_EQ
EXCELSOFT,760007,NSE_EQ
EXICOM,22947,NSE_EQ
EXIDEIND,676,NSE_EQ
EXIMROUTES,760422,NSE_EQ
EXPLEOSOL,17486,NSE_EQ
EXXARO,5352,NSE_EQ
FABTECH,760125,NSE_EQ
FACT,1008,NSE_EQ
FAIRCHEMOR,1614,NSE_EQ
FALCONTECH,24150,NSE_EQ
FAZE3Q,12000,NSE_EQ
FCL,6198,NSE_EQ
FCONSUMER,760500,NSE_EQ
FCSSOFT,12002,NSE_EQ
FDC,4898,NSE_EQ
FEDDERSHOL,762675,NSE_EQ
FEDERALBNK,1023,NSE_EQ
FEDFINA,20322,NSE_EQ
FEL,13812,NSE_EQ
FELDVR,30491,NSE_EQ
FELIX,573,NSE_EQ
FERMENTA,762680,NSE_EQ
FIBERWEB,8159,NSE_EQ
FICRF3DP,18178,NSE_EQ
FICRF3GP,18179,NSE_EQ
FICRFD3DPD,18180,NSE_EQ
FICRFD3GPD,18181,NSE_EQ
FIDEL,9858,NSE_EQ
FIEMIND,13710,NSE_EQ
FILATEX,24532,NSE_EQ
FILATFASH,23651,NSE_EQ
FINBUD,759776,NSE_EQ
FINCABLES,1038,NSE_EQ
FINEORG,3744,NSE_EQ
FINIETF,12578,NSE_EQ
FINKURVE,759239,NSE_EQ
FINOPB,6579,NSE_EQ
FINPIPE,1041,NSE_EQ
FIRSTCRY,24814,NSE_EQ
FISCHER,757658,NSE_EQ
FISTIP3GP,18182,NSE_EQ
FISTIP3MDP,18183,NSE_EQ
FISTIP3QDP,18196,NSE_EQ
FISTIP3WDP,18197,NSE_EQ
FISTIPD3GP,18198,NSE_EQ
FISTIPD3MD,18199,NSE_EQ
FISTIPD3QD,18200,NSE_EQ
FISTIPD3WD,18201,NSE_EQ
FISTIPIP3G,18388,NSE_EQ
FIVESTAR,12032,NSE_EQ
FLAIR,20372,NSE_EQ
FLEXIADD,759368,NSE_EQ
FLEXITUFF,25512,NSE_EQ
FLFL,14868,NSE_EQ
FLUOROCHEM,13750,NSE_EQ
FLYSBS,758208,NSE_EQ
FMCGADD,763530,NSE_EQ
FMCGIETF,5306,NSE_EQ
FMGOETZE,1190,NSE_EQ
FMNL,21021,NSE_EQ
FOCE,7385,NSE_EQ
FOCUS,6836,NSE_EQ
FONEBOX,22517,NSE_EQ
FOODSIN,6673,NSE_EQ
FORCAS,24914,NSE_EQ
FORCEMOT,11573,NSE_EQ
FORGEAUTO,25664,NSE_EQ
FORTIS,14592,NSE_EQ
FOSECOIND,1073,NSE_EQ
FRACTAL,760961,NSE_EQ
FRESHARA,25868,NSE_EQ
FROG,11504,NSE_EQ
FRONTSP,762685,NSE_EQ
FSL,14304,NSE_EQ
FUSION,11932,NSE_EQ
FWSTC,760331,NSE_EQ
G1NSETEST,12842,NSE_EQ
GABRIEL,1085,NSE_EQ
GAEL,8828,NSE_EQ
GAIL,4717,NSE_EQ
GAJANAND,25244,NSE_EQ
GALAPREC,25134,NSE_EQ
GALAXYSURF,1315,NSE_EQ
GALLANTT,13337,NSE_EQ
GANDHAR,20303,NSE_EQ
GANDHITUBE,14116,NSE_EQ
GANECOS,6944,NSE_EQ
GANESHBE,5614,NSE_EQ
GANESHCP,759012,NSE_EQ
GANESHHOU,14339,NSE_EQ
GANESHIN,27351,NSE_EQ
GANGABATH,757525,NSE_EQ
GANGAFORGE,4957,NSE_EQ
GANGESSECU,21399,NSE_EQ
GARFIBRES,1100,NSE_EQ
GARUDA,25800,NSE_EQ
GATECH,17888,NSE_EQ
GATECHDVR,17,NSE_EQ
GATEWAY,8510,NSE_EQ
GAUDIUMIVF,760179,NSE_EQ
GAYAHWS,3693,NSE_EQ
GAYAPROJ,25027,NSE_EQ
GCHOTELS,30286,NSE_EQ
GCSL,758986,NSE_EQ
GEECEE,13658,NSE_EQ
GEEKAYWIRE,17922,NSE_EQ
GEMAROMA,759461,NSE_EQ
GENCON,2188,NSE_EQ
GENESYS,10905,NSE_EQ
GENSOL,758842,NSE_EQ
GENUSPAPER,6600,NSE_EQ
GENUSPOWER,11905,NSE_EQ
GENXAI,750088,NSE_EQ
GEOJITFSL,11896,NSE_EQ
GESHIP,13776,NSE_EQ
GFL26,25624,NSE_EQ
GFL27,23151,NSE_EQ
GFLLIMITED,1289,NSE_EQ
GFSTEELS,11079,NSE_EQ
GGBL,24439,NSE_EQ
GHCL,1127,NSE_EQ
GHCLTEXTIL,16696,NSE_EQ
GICHSGFIN,1139,NSE_EQ
GICL,761025,NSE_EQ
GICRE,277,NSE_EQ
GILLANDERS,17839,NSE_EQ
GILLETTE,1576,NSE_EQ
GILT10BETA,22524,NSE_EQ
GILT5BETA,22521,NSE_EQ
GILT5YBEES,3172,NSE_EQ
GINNIFILA,1142,NSE_EQ
GIPCL,1145,NSE_EQ
GIRIRAJ,2365,NSE_EQ
GJL,760971,NSE_EQ
GKENERGY,759048,NSE_EQ
GKSL,761197,NSE_EQ
GKWLIMITED,17357,NSE_EQ
GLAND,1186,NSE_EQ
GLAXO,1153,NSE_EQ
GLENMARK,7406,NSE_EQ
GLFL,8412,NSE_EQ
GLOBAL,1415,NSE_EQ
GLOBALE,24934,NSE_EQ
GLOBALPET,17170,NSE_EQ
GLOBALVECT,13735,NSE_EQ
GLOBE,393,NSE_EQ
GLOBECIVIL,758573,NSE_EQ
GLOBUSSPR,17424,NSE_EQ
GLOSTERLTD,23590,NSE_EQ
GLOTTIS,760118,NSE_EQ
GMBREW,1168,NSE_EQ
GMDCLTD,5204,NSE_EQ
GML,759089,NSE_EQ
GMMPFAUDLR,1570,NSE_EQ
GMRAIRPORT,13528,NSE_EQ
GMRP&UI,8529,NSE_EQ
GNA,18571,NSE_EQ
GNFC,1174,NSE_EQ
GNRL,762690,NSE_EQ
GOACARBON,14687,NSE_EQ
GOCLCORP,3963,NSE_EQ
GOCOLORS,6964,NSE_EQ
GODAVARIB,25941,NSE_EQ
GODFRYPHLP,1181,NSE_EQ
GODIGIT,23799,NSE_EQ
GODREJAGRO,144,NSE_EQ
GODREJCP,10099,NSE_EQ
GODREJIND,10925,NSE_EQ
GODREJPROP,17875,NSE_EQ
GOKEX,11778,NSE_EQ
GOKUL,16705,NSE_EQ
GOKULAGRO,14480,NSE_EQ
GOLD1,14858,NSE_EQ
GOLD360,30105,NSE_EQ
GOLDADD,15356,NSE_EQ
GOLDBEES,14428,NSE_EQ
GOLDBETA,14535,NSE_EQ
GOLDBND,760325,NSE_EQ
GOLDCASE,22901,NSE_EQ
GOLDENTOBC,11619,NSE_EQ
GOLDETF,14286,NSE_EQ
GOLDIAM,11971,NSE_EQ
GOLDIETF,19679,NSE_EQ
GOLDKART,13616,NSE_EQ
GOLDSTAR,1,NSE_EQ
GOLDTECH,9874,NSE_EQ
GOODLUCK,6125,NSE_EQ
GOODYEAR,1205,NSE_EQ
GOPAL,23066,NSE_EQ
GOYALALUM,11787,NSE_EQ
GOYALSALT,19356,NSE_EQ
GPECO,24113,NSE_EQ
GPIL,13409,NSE_EQ
GPPL,19731,NSE_EQ
GPTHEALTH,22846,NSE_EQ
GPTINFRA,17685,NSE_EQ
GRADIENTE,763299,NSE_EQ
GRANDOAK,762695,NSE_EQ
GRANULES,11872,NSE_EQ
GRAPHISAD,20454,NSE_EQ
GRAPHITE,592,NSE_EQ
GRASIM,1232,NSE_EQ
GRAUWEIL,5200,NSE_EQ
GRAVISSHO,762700,NSE_EQ
GRAVITA,20534,NSE_EQ
GRCL,14055,NSE_EQ
GREAVESCOT,1235,NSE_EQ
GREENCHEF,17092,NSE_EQ
GREENLAM,6848,NSE_EQ
GREENLEAF,759424,NSE_EQ
GREENPANEL,13810,NSE_EQ
GREENPLY,3987,NSE_EQ
GREENPOWER,20110,NSE_EQ
GRETEX,18742,NSE_EQ
GRINDWELL,13560,NSE_EQ
GRINFRA,5054,NSE_EQ
GRMOVER,10871,NSE_EQ
GROBTEA,17770,NSE_EQ
GROWW,759806,NSE_EQ
GROWWCAPM,760051,NSE_EQ
GROWWCHEM,760673,NSE_EQ
GROWWDEFNC,25758,NSE_EQ
GROWWEV,24798,NSE_EQ
GROWWGOLD,25872,NSE_EQ
GROWWHOSPI,760874,NSE_EQ
GROWWLIQID,25447,NSE_EQ
GROWWLOVOL,758300,NSE_EQ
GROWWMC150,759719,NSE_EQ
GROWWMETAL,760438,NSE_EQ
GROWWMOM50,756086,NSE_EQ
GROWWN200,29872,NSE_EQ
GROWWNET,757814,NSE_EQ
GROWWNIFTY,758697,NSE_EQ
GROWWNXT50,759458,NSE_EQ
GROWWPOWER,758165,NSE_EQ
GROWWPSE,760976,NSE_EQ
GROWWPSUBK,761514,NSE_EQ
GROWWRAIL,29527,NSE_EQ
GROWWRLTY,759428,NSE_EQ
GROWWSC250,759522,NSE_EQ
GROWWSLVR,756827,NSE_EQ
GRPLTD,6543,NSE_EQ
GRSE,5475,NSE_EQ
GRWRHITECH,7982,NSE_EQ
GS151226C,4409,NSE_EQ
GS220230C,4423,NSE_EQ
GS220231C,4429,NSE_EQ
GS220236C,4432,NSE_EQ
GS220240C,4520,NSE_EQ
GS220250C,4552,NSE_EQ
GS220261C,4555,NSE_EQ
GS220261P,4395,NSE_EQ
GS220830C,4427,NSE_EQ
GS220831C,4431,NSE_EQ
GS220836C,4494,NSE_EQ
GS220840C,4546,NSE_EQ
GS220850C,4553,NSE_EQ
GSEC10ABSL,24847,NSE_EQ
GSEC10IETF,13143,NSE_EQ
GSEC10YEAR,14938,NSE_EQ
GSEC5IETF,8342,NSE_EQ
GSFC,1247,NSE_EQ
GSLSU,14599,NSE_EQ
GSMFOILS,23888,NSE_EQ
GSPCROP,762239,NSE_EQ
GSS,15351,NSE_EQ
GSTL,9768,NSE_EQ
GTECJAINX,1135,NSE_EQ
GTL,1162,NSE_EQ
GTLINFRA,13745,NSE_EQ
GTPL,21195,NSE_EQ
GUFICBIO,11606,NSE_EQ
GUJALKALI,1267,NSE_EQ
GUJAPOLLO,14677,NSE_EQ
GUJGASLTD,10599,NSE_EQ
GUJRAFFIA,4548,NSE_EQ
GUJTHEM,29731,NSE_EQ
GULFOILLUB,4391,NSE_EQ
GULFPETRO,11584,NSE_EQ
GULPOLY,6286,NSE_EQ
GURUNANAK,759264,NSE_EQ
GVKPIL,13229,NSE_EQ
GVPIL,7862,NSE_EQ
GVPTECH,10865,NSE_EQ
GVPTECHPP,758136,NSE_EQ
GVT&D,16783,NSE_EQ
H1861D46DD,8442,NSE_EQ
H1861D46DG,8445,NSE_EQ
H1861D46DQ,8446,NSE_EQ
H1861D46RD,8450,NSE_EQ
H1861D46RG,8455,NSE_EQ
H1861D46RQ,8465,NSE_EQ
H187646RG,8761,NSE_EQ
H1876D46DD,8770,NSE_EQ
H1876D46DG,8773,NSE_EQ
H1876D46DQ,8774,NSE_EQ
H1876D46RD,8776,NSE_EQ
H1876D46RQ,8777,NSE_EQ
HAL,2303,NSE_EQ
HALDER,760715,NSE_EQ
HALDYNGL,762705,NSE_EQ
HALEOSLABS,21551,NSE_EQ
HAPPSTMNDS,48,NSE_EQ
HAPPYFORGE,20854,NSE_EQ
HARDWYN,8962,NSE_EQ
HARIOMPIPE,8968,NSE_EQ
HARRMALAYA,1313,NSE_EQ
HARSHA,11162,NSE_EQ
HATHWAY,18154,NSE_EQ
HATSUN,3892,NSE_EQ
HAVELLS,9819,NSE_EQ
HAVISHA,7457,NSE_EQ
HAWKINCOOK,4444,NSE_EQ
HBESD,762712,NSE_EQ
HBLENGINE,13966,NSE_EQ
HBSL,4118,NSE_EQ
HCC,1375,NSE_EQ
HCG,15555,NSE_EQ
HCL-INSYS,1327,NSE_EQ
HCLTECH,7229,NSE_EQ
HDAIF1BDDR,29732,NSE_EQ
HDBFS,757772,NSE_EQ
HDFC1359DD,11559,NSE_EQ
HDFC1359DG,11560,NSE_EQ
HDFC1359DQ,11561,NSE_EQ
HDFC1359RD,11562,NSE_EQ
HDFC1359RG,11563,NSE_EQ
HDFC1359RQ,11565,NSE_EQ
HDFC1406DD,10838,NSE_EQ
HDFC1406DG,10839,NSE_EQ
HDFC1406DQ,10840,NSE_EQ
HDFC1406RD,10841,NSE_EQ
HDFC1406RG,10842,NSE_EQ
HDFC1406RQ,10843,NSE_EQ
HDFC2638DG,14335,NSE_EQ
HDFC2638DQ,14336,NSE_EQ
HDFC2638RD,14330,NSE_EQ
HDFC2638RG,14327,NSE_EQ
HDFC2638RQ,14332,NSE_EQ
HDFCAMC,4244,NSE_EQ
HDFCBANK,1333,NSE_EQ
HDFCBSE500,14230,NSE_EQ
HDFCGOLD,19543,NSE_EQ
HDFCGROWTH,11241,NSE_EQ
HDFCLIFE,467,NSE_EQ
HDFCLIQUID,18279,NSE_EQ
HDFCLOWVOL,11547,NSE_EQ
HDFCMID150,14236,NSE_EQ
HDFCMOMENT,11538,NSE_EQ
HDFCNEXT50,10619,NSE_EQ
HDFCNIF100,10633,NSE_EQ
HDFCNIFBAN,22433,NSE_EQ
HDFCNIFIT,12101,NSE_EQ
HDFCNIFTY,11591,NSE_EQ
HDFCPSUBK,22595,NSE_EQ
HDFCPVTBAN,12108,NSE_EQ
HDFCQUAL,11255,NSE_EQ
HDFCSENSEX,11593,NSE_EQ
HDFCSILVER,10876,NSE_EQ
HDFCSML250,14233,NSE_EQ
HDFCVALUE,11260,NSE_EQ
HDIL,17920,NSE_EQ
HEADSUP,19205,NSE_EQ
HEALTHADD,22592,NSE_EQ
HEALTHCARE,760986,NSE_EQ
HEALTHIETF,3626,NSE_EQ
HEALTHX,20063,NSE_EQ
HEALTHY,6297,NSE_EQ
HECPROJECT,7425,NSE_EQ
HEG,1336,NSE_EQ
HEIDELBERG,2316,NSE_EQ
HEMIPROP,701,NSE_EQ
HERANBA,2614,NSE_EQ
HERITGFOOD,4598,NSE_EQ
HEROMOTOCO,1348,NSE_EQ
HESTERBIO,7048,NSE_EQ
HEXAGON,750116,NSE_EQ
HEXATRADEX,27008,NSE_EQ
HEXT,29666,NSE_EQ
HFCL,21951,NSE_EQ
HFMPCC50DD,18185,NSE_EQ
HFMPCC50RD,18186,NSE_EQ
HFMPCC75DD,18191,NSE_EQ
HFMPCC75RD,18192,NSE_EQ
HFMPM23DGR,14726,NSE_EQ
HFMPM23DND,14731,NSE_EQ
HFMPM23DQD,14733,NSE_EQ
HFMPM23RGR,14735,NSE_EQ
HFMPM23RND,14737,NSE_EQ
HFMPM23RQD,14738,NSE_EQ
HGINFRA,1672,NSE_EQ
HGM,13592,NSE_EQ
HGS,14712,NSE_EQ
HIGREEN,18794,NSE_EQ
HIKAL,9668,NSE_EQ
HILINFRA,759104,NSE_EQ
HILTON,14631,NSE_EQ
HIMATSEIDE,1360,NSE_EQ
HINDALCO,1363,NSE_EQ
HINDCOMPOS,1372,NSE_EQ
HINDCON,4924,NSE_EQ
HINDCOPPER,17939,NSE_EQ
HINDOILEXP,1403,NSE_EQ
HINDPETRO,1406,NSE_EQ
HINDUNILVR,1394,NSE_EQ
HINDWAREAP,15883,NSE_EQ
HINDZINC,1424,NSE_EQ
HIRECT,13890,NSE_EQ
HISARMETAL,19322,NSE_EQ
HITECH,2868,NSE_EQ
HITECHCORP,15165,NSE_EQ
HITECHGEAR,8568,NSE_EQ
HLEGLAS,2289,NSE_EQ
HLVLTD,1448,NSE_EQ
HMAAGRO,17053,NSE_EQ
HMT,19698,NSE_EQ
HMVL,19211,NSE_EQ
HNDFDS,12173,NSE_EQ
HNGSNGBEES,18284,NSE_EQ
HOACFOODS,23826,NSE_EQ
HOLMARC,18649,NSE_EQ
HOMEFIRST,2056,NSE_EQ
HOMESFY,13526,NSE_EQ
HONASA,19813,NSE_EQ
HONAUT,3417,NSE_EQ
HONDAPOWER,3138,NSE_EQ
HPAL,7376,NSE_EQ
HPIL,11796,NSE_EQ
HPL,18679,NSE_EQ
HPTL,29875,NSE_EQ
HRHNEXT,21107,NSE_EQ
HSBCGOLD,761506,NSE_EQ
HSCL,14334,NSE_EQ
HTMEDIA,11979,NSE_EQ
HUBTOWN,14203,NSE_EQ
HUDCO,20825,NSE_EQ
HUHTAMAKI,2562,NSE_EQ
HVAX,25708,NSE_EQ
HYBRIDFIN,12809,NSE_EQ
HYUNDAI,25844,NSE_EQ
IBLFL,21348,NSE_EQ
IBULLSLTD,25003,NSE_EQ
ICDSLTD,6977,NSE_EQ
ICEMAKE,489,NSE_EQ
ICICIAMC,760407,NSE_EQ
ICICIB22,522,NSE_EQ
ICICIBANK,4963,NSE_EQ
ICICIGI,21770,NSE_EQ
ICICIPRULI,18652,NSE_EQ
ICICM58,5331,NSE_EQ
ICIL,11987,NSE_EQ
ICRA,14523,NSE_EQ
IDBI,1476,NSE_EQ
IDEA,14366,NSE_EQ
IDEAFORGE,17142,NSE_EQ
IDEALTECHO,24950,NSE_EQ
IDENTICAL,28590,NSE_EQ
IDFCFIRSTB,11184,NSE_EQ
IDFNIFTYET,18783,NSE_EQ
IEML,23789,NSE_EQ
IEX,220,NSE_EQ
IF3DPD,18174,NSE_EQ
IF3GPD,18175,NSE_EQ
IFBAGRO,9300,NSE_EQ
IFBIND,1485,NSE_EQ
IFCI,1491,NSE_EQ
IFD3DPD,18176,NSE_EQ
IFD3GPD,18177,NSE_EQ
IFGLEXPOR,436,NSE_EQ
IGARASHI,634,NSE_EQ
IGCL,757801,NSE_EQ
IGIL,28378,NSE_EQ
IGL,11262,NSE_EQ
IGPL,14086,NSE_EQ
IHF261224,28861,NSE_EQ
IHF261224A,28874,NSE_EQ
IHFL261224,28854,NSE_EQ
IIFL,11809,NSE_EQ
IIFL060326,761122,NSE_EQ
IIFL06326,761124,NSE_EQ
IIFL210425,756140,NSE_EQ
IIFL21425,756142,NSE_EQ
IIFL21425A,756145,NSE_EQ
IIFL60326,761123,NSE_EQ
IIFLCAPS,13072,NSE_EQ
IIFLHF29,7674,NSE_EQ
IIFLHFZC27,7666,NSE_EQ
IIFLZC26,6207,NSE_EQ
IIFLZC28,2883,NSE_EQ
IIFLZC28A,13858,NSE_EQ
IIFLZC28B,17043,NSE_EQ
IIFLZC28C,5217,NSE_EQ
IITL,19525,NSE_EQ
IKIO,16822,NSE_EQ
IKS,28125,NSE_EQ
IL&FSENGG,9380,NSE_EQ
IL&FSTRANS,9381,NSE_EQ
IMAGICAA,7672,NSE_EQ
IMC1,14219,NSE_EQ
IMC1,14224,NSE_EQ
IMC1,14228,NSE_EQ
IMFA,19235,NSE_EQ
IMPAL,12009,NSE_EQ
IMPEXFERRO,25881,NSE_EQ
INA,761099,NSE_EQ
INCREDIBLE,17507,NSE_EQ
INDBANK,16933,NSE_EQ
INDGN,23693,NSE_EQ
INDHOTEL,1512,NSE_EQ
INDIACEM,1515,NSE_EQ
INDIAGLYCO,1521,NSE_EQ
INDIAMART,10726,NSE_EQ
INDIANB,14309,NSE_EQ
INDIANCARD,4422,NSE_EQ
INDIANHUME,1530,NSE_EQ
INDIASHLTR,20556,NSE_EQ
INDIFRA,21058,NSE_EQ
INDIGO,11195,NSE_EQ
INDIGOPNTS,2048,NSE_EQ
INDIGRID,20988,NSE_EQ
INDIQUBE,757845,NSE_EQ
INDNIPPON,4747,NSE_EQ
INDOAMIN,9116,NSE_EQ
INDOBORAX,8614,NSE_EQ
INDOCO,11677,NSE_EQ
INDOFARM,29025,NSE_EQ
INDORAMA,10993,NSE_EQ
INDOSTAR,3088,NSE_EQ
INDOTECH,13278,NSE_EQ
INDOTHAI,25608,NSE_EQ
INDOUS,25503,NSE_EQ
INDOWIND,14956,NSE_EQ
INDPRUD,762717,NSE_EQ
INDRAMEDCO,4751,NSE_EQ
INDSWFTLAB,4870,NSE_EQ
INDTERRAIN,21957,NSE_EQ
INDUSINDBK,5258,NSE_EQ
INDUSINVIT,23036,NSE_EQ
INDUSTOWER,29135,NSE_EQ
INFINIUM,15036,NSE_EQ
INFLUX,757602,NSE_EQ
INFOBEAN,11027,NSE_EQ
INFOLLION,16588,NSE_EQ
INFOMEDIA,13693,NSE_EQ
INFRA,761030,NSE_EQ
INFRABEES,20072,NSE_EQ
INFRAIETF,10723,NSE_EQ
INFY,1594,NSE_EQ
INGERRAND,1597,NSE_EQ
INM,22770,NSE_EQ
INNOMET,25323,NSE_EQ
INNOVACAP,21062,NSE_EQ
INNOVANA,27754,NSE_EQ
INNOVISION,761528,NSE_EQ
INOXGREEN,12188,NSE_EQ
INOXINDIA,20607,NSE_EQ
INOXWIND,7852,NSE_EQ
INSECTICID,14657,NSE_EQ
INSPIRE,19157,NSE_EQ
INSPIRISYS,13734,NSE_EQ
INTEGRITY,757905,NSE_EQ
INTELLECT,5926,NSE_EQ
INTENTECH,20071,NSE_EQ
INTERARCH,24909,NSE_EQ
INTERISE,2892,NSE_EQ
INTERNET,758595,NSE_EQ
INTLCONV,5606,NSE_EQ
INVENTURE,24870,NSE_EQ
INVICTA,760142,NSE_EQ
INVPRECQ,762722,NSE_EQ
IOB,9348,NSE_EQ
IOC,1624,NSE_EQ
IOLCP,20413,NSE_EQ
IONEXCHANG,1630,NSE_EQ
IPCALAB,1633,NSE_EQ
IPHL,25033,NSE_EQ
IPL,4934,NSE_EQ
IPSL,11903,NSE_EQ
IRB,15313,NSE_EQ
IRBINVIT,20817,NSE_EQ
IRBIT,14806,NSE_EQ
IRCON,4986,NSE_EQ
IRCTC,13611,NSE_EQ
IREDA,20261,NSE_EQ
IRFC,2029,NSE_EQ
IRIS,6489,NSE_EQ
IRISDOREME,2275,NSE_EQ
IRMENERGY,19597,NSE_EQ
ISFT,18479,NSE_EQ
ISGEC,3329,NSE_EQ
ISHAN,10995,NSE_EQ
ISHANCH,30249,NSE_EQ
ISIFAAFDG,31043,NSE_EQ
ISIFAAFG,31080,NSE_EQ
ISIFHLSDG,761653,NSE_EQ
ISIFHLSG,761655,NSE_EQ
IT,2627,NSE_EQ
ITADD,17207,NSE_EQ
ITALIANE,22645,NSE_EQ
ITBEES,19084,NSE_EQ
ITBETA,22488,NSE_EQ
ITC,1660,NSE_EQ
ITCHOTELS,29251,NSE_EQ
ITDC,19299,NSE_EQ
ITETF,19633,NSE_EQ
ITI,1675,NSE_EQ
ITIETF,22365,NSE_EQ
ITTL,27266,NSE_EQ
IVALUE,759041,NSE_EQ
IVC,6711,NSE_EQ
IVP,1681,NSE_EQ
IVZINGOLD,18292,NSE_EQ
IVZINNIFTY,24217,NSE_EQ
IWARE,757644,NSE_EQ
IWP,762727,NSE_EQ
IXIGO,24067,NSE_EQ
IZMO,14174,NSE_EQ
J&KBANK,5633,NSE_EQ
JAGRAN,13211,NSE_EQ
JAGSNPHARM,4410,NSE_EQ
JAIBALAJI,14076,NSE_EQ
JAICORPLTD,5143,NSE_EQ
JAINAM,6012,NSE_EQ
JAINIK,758303,NSE_EQ
JAINREC,759244,NSE_EQ
JAIPURKURT,5516,NSE_EQ
JAKHARIA,3950,NSE_EQ
JALAN,20929,NSE_EQ
JAMNAAUTO,20778,NSE_EQ
JARO,759951,NSE_EQ
JASH,13982,NSE_EQ
JAYAGROGN,4041,NSE_EQ
JAYBARMARU,1708,NSE_EQ
JAYBEE,25040,NSE_EQ
JAYESH,759159,NSE_EQ
JAYKAY,760073,NSE_EQ
JAYNECOIND,2331,NSE_EQ
JAYSREETEA,1720,NSE_EQ
JBCHEPHARM,1726,NSE_EQ
JBMA,11655,NSE_EQ
JETFREIGHT,7211,NSE_EQ
JETKNIT,18700,NSE_EQ
JEYYAM,25147,NSE_EQ
JFLLIFE,10885,NSE_EQ
JGCHEM,23056,NSE_EQ
JHS,13720,NSE_EQ
JINDALPHOT,11743,NSE_EQ
JINDALPOLY,1756,NSE_EQ
JINDALSAW,3024,NSE_EQ
JINDALSTEL,6733,NSE_EQ
JINDRILL,13875,NSE_EQ
JINDWORLD,20642,NSE_EQ
JIOFIN,18143,NSE_EQ
JISLDVREQS,25684,NSE_EQ
JISLJALEQS,10397,NSE_EQ
JITFINFRA,19691,NSE_EQ
JIWANRAM,18558,NSE_EQ
JKCEMENT,13270,NSE_EQ
JKIL,15266,NSE_EQ
JKIPL,759206,NSE_EQ
JKLAKSHMI,13491,NSE_EQ
JKPAPER,11860,NSE_EQ
JKTYRE,14435,NSE_EQ
JLHL,18553,NSE_EQ
JMA,7109,NSE_EQ
JMFINANCIL,13637,NSE_EQ
JNKINDIA,23621,NSE_EQ
JOCIL,16931,NSE_EQ
JPOLYINVST,31507,NSE_EQ
JPPOWER,11763,NSE_EQ
JSFB,22663,NSE_EQ
JSL,11236,NSE_EQ
JSLL,758115,NSE_EQ
JSWCEMENT,758460,NSE_EQ
JSWDULUX,1467,NSE_EQ
JSWENERGY,17869,NSE_EQ
JSWHL,11880,NSE_EQ
JSWINFRA,19020,NSE_EQ
JSWSTEEL,11723,NSE_EQ
JTEKTINDIA,3237,NSE_EQ
JTLIND,7287,NSE_EQ
JUBLCPL,29590,NSE_EQ
JUBLFOOD,18096,NSE_EQ
JUBLINGREA,2783,NSE_EQ
JUBLPHARMA,3637,NSE_EQ
JUNIORBEES,10939,NSE_EQ
JUNIPER,22824,NSE_EQ
JUSTDIAL,29962,NSE_EQ
JWL,20224,NSE_EQ
JYOTHYLAB,15146,NSE_EQ
JYOTICNC,21334,NSE_EQ
JYOTIGLOBL,758224,NSE_EQ
JYOTISTRUC,1802,NSE_EQ
K2INFRA,23459,NSE_EQ
KABRAEXTRU,1805,NSE_EQ
KAJARIACER,1808,NSE_EQ
KAKATCEM,8945,NSE_EQ
KALAMANDIR,18755,NSE_EQ
KALANA,25443,NSE_EQ
KALPATARU,758558,NSE_EQ
KALYANI,19653,NSE_EQ
KALYANIFRG,15156,NSE_EQ
KALYANKJIL,2955,NSE_EQ
KAMAHOLD,762732,NSE_EQ
KAMATHOTEL,1826,NSE_EQ
KAMDHENU,13457,NSE_EQ
KAMOPAINTS,13814,NSE_EQ
KANANIIND,25786,NSE_EQ
KANCHI,762740,NSE_EQ
KANDARP,11208,NSE_EQ
KANORICHEM,9805,NSE_EQ
KANPRPLA,1782,NSE_EQ
KANSAINER,1196,NSE_EQ
KAPSTON,18967,NSE_EQ
KARMAENG,24385,NSE_EQ
KARNIKA,19465,NSE_EQ
KARURVYSYA,1838,NSE_EQ
KATARIA,24528,NSE_EQ
KAUSHALYA,15136,NSE_EQ
KAVDEFENCE,15244,NSE_EQ
KAYA,10276,NSE_EQ
KAYNES,12092,NSE_EQ
KAYTEX,758868,NSE_EQ
KCEIL,21185,NSE_EQ
KCK,10293,NSE_EQ
KCP,1841,NSE_EQ
KCPSUGIND,4809,NSE_EQ
KDDL,14908,NSE_EQ
KDL,16758,NSE_EQ
KEC,13260,NSE_EQ
KECL,18224,NSE_EQ
KEEPLEARN,778,NSE_EQ
KEI,13310,NSE_EQ
KEL,18708,NSE_EQ
KELLTONTEC,13430,NSE_EQ
KEN,29547,NSE_EQ
KENNAMET,11841,NSE_EQ
KERNEX,13121,NSE_EQ
KESORAMIND,4981,NSE_EQ
KEYFINSERV,4157,NSE_EQ
KFINTECH,13359,NSE_EQ
KHADIM,425,NSE_EQ
KHAICHEM,902,NSE_EQ
KHAITANLTD,9582,NSE_EQ
KHANDSE,9641,NSE_EQ
KHFM,9570,NSE_EQ
KICL,21119,NSE_EQ
KILITCH,19937,NSE_EQ
KIMS,4847,NSE_EQ
KINGFA,18944,NSE_EQ
KIOCL,19126,NSE_EQ
KIRANVYPAR,762742,NSE_EQ
KIRIINDUS,16639,NSE_EQ
KIRLFER,14466,NSE_EQ
KIRLOSBROS,18581,NSE_EQ
KIRLOSENG,20936,NSE_EQ
KIRLOSIND,19025,NSE_EQ
KIRLPNU,15180,NSE_EQ
KISSHT,763294,NSE_EQ
KITEX,28899,NSE_EQ
KKCL,13381,NSE_EQ
KKJEWELS,29192,NSE_EQ
KKVAPOW,17781,NSE_EQ
KLBRENG-B,762747,NSE_EQ
KLL,21186,NSE_EQ
KMEW,27084,NSE_EQ
KMSUGAR,14667,NSE_EQ
KNAGRI,760923,NSE_EQ
KNRCON,15283,NSE_EQ
KODYTECH,18751,NSE_EQ
KOHINOOR,3009,NSE_EQ
KOKUYOCMLN,16827,NSE_EQ
KOLTEPATIL,15124,NSE_EQ
KONSTELEC,22475,NSE_EQ
KONTOR,19287,NSE_EQ
KOPRAN,4951,NSE_EQ
KORE,10889,NSE_EQ
KOTAKBANK,1922,NSE_EQ
KOTARISUG,11647,NSE_EQ
KOTHARIPET,4594,NSE_EQ
KOTHARIPRO,5528,NSE_EQ
KOTIC,762752,NSE_EQ
KOTYARK,761335,NSE_EQ
KOVAI,5192,NSE_EQ
KPEL,27079,NSE_EQ
KPIGREEN,5108,NSE_EQ
KPIL,1814,NSE_EQ
KPITTECH,9683,NSE_EQ
KPL,762757,NSE_EQ
KPRMILL,14912,NSE_EQ
KRBL,10577,NSE_EQ
KREBSBIO,1937,NSE_EQ
KRIDHANINF,11488,NSE_EQ
KRISHANA,12847,NSE_EQ
KRISHCA,16133,NSE_EQ
KRISHIVAL,756782,NSE_EQ
KRISHNADEF,761192,NSE_EQ
KRISHPP,760688,NSE_EQ
KRITI,6420,NSE_EQ
KRITIKA,9288,NSE_EQ
KRITINUT,11440,NSE_EQ
KRMAYURVED,760627,NSE_EQ
KRN,25645,NSE_EQ
KRONOX,24025,NSE_EQ
KROSS,25252,NSE_EQ
KRSNAA,5359,NSE_EQ
KRT,758431,NSE_EQ
KRYSTAL,23175,NSE_EQ
KSB,1949,NSE_EQ
KSCL,14972,NSE_EQ
KSHINTL,760433,NSE_EQ
KSHITIJPOL,10412,NSE_EQ
KSL,18889,NSE_EQ
KSOLVES,11060,NSE_EQ
KSR,759987,NSE_EQ
KTKBANK,8054,NSE_EQ
KUANTUM,13870,NSE_EQ
KWIL,760946,NSE_EQ
LAGNAM,5865,NSE_EQ
LAHOTIOV,762762,NSE_EQ
LAKPRE,4774,NSE_EQ
LAKSHYA,25863,NSE_EQ
LAL,14924,NSE_EQ
LALPATHLAB,11654,NSE_EQ
LAMBODHARA,6407,NSE_EQ
LAMOSAIC,27218,NSE_EQ
LANCORHOL,23027,NSE_EQ
LANDMARK,13276,NSE_EQ
LANDSMILL,17376,NSE_EQ
LAOPALA,14423,NSE_EQ
LASA,21713,NSE_EQ
LATENTVIEW,6818,NSE_EQ
LATTEYS,15848,NSE_EQ
LAURUSLABS,19234,NSE_EQ
LAXMICOT,6568,NSE_EQ
LAXMIDENTL,29171,NSE_EQ
LAXMIINDIA,758865,NSE_EQ
LCCINFOTEC,7529,NSE_EQ
LEMERITE,760300,NSE_EQ
LEMONTREE,2606,NSE_EQ
LENSKART,759605,NSE_EQ
LEXUS,14459,NSE_EQ
LFIC,7902,NSE_EQ
LGBBROSLTD,18321,NSE_EQ
LGEINDIA,760213,NSE_EQ
LGHL,19876,NSE_EQ
LIBAS,11082,NSE_EQ
LIBERTSHOE,1994,NSE_EQ
LICHSGFIN,1997,NSE_EQ
LICI,9480,NSE_EQ
LICMFGOLD,25640,NSE_EQ
LICNETFGSC,6062,NSE_EQ
LICNETFN50,11319,NSE_EQ
LICNETFSEN,11441,NSE_EQ
LICNFNHGP,15229,NSE_EQ
LICNMID100,22722,NSE_EQ
LIKHITHA,579,NSE_EQ
LINC,6951,NSE_EQ
LINCOLN,11596,NSE_EQ
LINDEINDIA,1627,NSE_EQ
LIQGRWBEES,757725,NSE_EQ
LIQUID,17572,NSE_EQ
LIQUID1,13950,NSE_EQ
LIQUIDADD,23407,NSE_EQ
LIQUIDBEES,11006,NSE_EQ
LIQUIDBETF,23915,NSE_EQ
LIQUIDCASE,21750,NSE_EQ
LIQUIDETF,1927,NSE_EQ
LIQUIDIETF,4838,NSE_EQ
LIQUIDPLUS,27075,NSE_EQ
LIQUIDSBI,19705,NSE_EQ
LIQUIDSHRI,24374,NSE_EQ
LLOYDS,11476,NSE_EQ
LLOYDSENGG,17801,NSE_EQ
LLOYDSENT,25807,NSE_EQ
LLOYDSME,17313,NSE_EQ
LMW,1979,NSE_EQ
LODHA,3220,NSE_EQ
LOKESHMACH,13439,NSE_EQ
LORDSCHLO,18232,NSE_EQ
LOTUSDEV,758145,NSE_EQ
LOTUSEYE,16807,NSE_EQ
LOVABLE,22415,NSE_EQ
LOWVOL,14786,NSE_EQ
LOWVOL1,8632,NSE_EQ
LOWVOLIETF,21254,NSE_EQ
LOYALTEX,10605,NSE_EQ
LPDC,16863,NSE_EQ
LRRPL,14204,NSE_EQ
LT,11483,NSE_EQ
LTF,24948,NSE_EQ
LTFL28,758556,NSE_EQ
LTFOODS,13816,NSE_EQ
LTGILTBEES,17700,NSE_EQ
LTGILTCASE,758705,NSE_EQ
LTM,17818,NSE_EQ
LTTS,18564,NSE_EQ
LUMAXIND,2018,NSE_EQ
LUMAXTECH,14014,NSE_EQ
LUPIN,10440,NSE_EQ
LUXIND,11301,NSE_EQ
LXCHEM,2841,NSE_EQ
LYKALABS,2028,NSE_EQ
LYPSAGEMS,31468,NSE_EQ
M&M,2031,NSE_EQ
M&MFIN,13285,NSE_EQ
MAANALU,15017,NSE_EQ
MACOBSTECH,24545,NSE_EQ
MACPOWER,22347,NSE_EQ
MADHAV,15151,NSE_EQ
MADHAVBAUG,8259,NSE_EQ
MADHAVIPL,762767,NSE_EQ
MADHUCON,13671,NSE_EQ
MADHUSUDAN,18728,NSE_EQ
MADRASFERT,4911,NSE_EQ
MAFANG,3507,NSE_EQ
MAFATIND,762772,NSE_EQ
MAGADSUGAR,21392,NSE_EQ
MAGNUM,14957,NSE_EQ
MAGSON,17091,NSE_EQ
MAHABANK,11377,NSE_EQ
MAHAPEXLTD,5239,NSE_EQ
MAHASTEEL,17531,NSE_EQ
MAHEPC,17603,NSE_EQ
MAHESHWARI,9577,NSE_EQ
MAHICKRA,2840,NSE_EQ
MAHKTECH,7074,NSE_EQ
MAHLIFE,8050,NSE_EQ
MAHLOG,385,NSE_EQ
MAHSCOOTER,2085,NSE_EQ
MAHSEAMLES,2088,NSE_EQ
MAITHANALL,24538,NSE_EQ
MAITREYA,19809,NSE_EQ
MAJESAUT,762777,NSE_EQ
MAKEINDIA,7979,NSE_EQ
MAKS,11218,NSE_EQ
MAL,19134,NSE_EQ
MALLCOM,7965,NSE_EQ
MALUPAPER,13352,NSE_EQ
MAMATA,28687,NSE_EQ
MANAKALUCO,7420,NSE_EQ
MANAKCOAT,7413,NSE_EQ
MANAKSIA,15199,NSE_EQ
MANAKSTEEL,7482,NSE_EQ
MANALIPETC,13796,NSE_EQ
MANAPPURAM,19061,NSE_EQ
MANAV,21697,NSE_EQ
MANBA,25597,NSE_EQ
MANCREDIT,24823,NSE_EQ
MANDEEP,23779,NSE_EQ
MANGALAM,11817,NSE_EQ
MANGLMCEM,2106,NSE_EQ
MANILAM,760174,NSE_EQ
MANINDS,11884,NSE_EQ
MANINFRA,18226,NSE_EQ
MANKIND,15380,NSE_EQ
MANOMAY,13753,NSE_EQ
MANORAMA,10227,NSE_EQ
MANORG,6428,NSE_EQ
MANUFGBEES,758667,NSE_EQ
MANUGRAPH,13575,NSE_EQ
MANYAVAR,8167,NSE_EQ
MAPMYINDIA,7227,NSE_EQ
MARALOVER,7040,NSE_EQ
MARATHON,18659,NSE_EQ
MARC,760456,NSE_EQ
MARCO,18773,NSE_EQ
MARICO,4067,NSE_EQ
MARINE,1328,NSE_EQ
MARINETRAN,20410,NSE_EQ
MARKOLINES,760204,NSE_EQ
MARKSANS,10579,NSE_EQ
MARSONS,761386,NSE_EQ
MARUSHIKA,761042,NSE_EQ
MARUTI,10999,NSE_EQ
MASFIN,199,NSE_EQ
MASKINVEST,18731,NSE_EQ
MASON,24278,NSE_EQ
MASPTOP50,5782,NSE_EQ
MASTEK,2124,NSE_EQ
MASTER,19011,NSE_EQ
MASTERTR,27047,NSE_EQ
MATRIMONY,21726,NSE_EQ
MAWANASUG,17026,NSE_EQ
MAXESTATES,19646,NSE_EQ
MAXHEALTH,22377,NSE_EQ
MAXIND,22428,NSE_EQ
MAXPOSURE,21691,NSE_EQ
MAXVOLT,29657,NSE_EQ
MAYASHEEL,757587,NSE_EQ
MAYURUNIQ,28906,NSE_EQ
MAZDA,18866,NSE_EQ
MAZDOCK,509,NSE_EQ
MBAPL,12686,NSE_EQ
MBEL,758150,NSE_EQ
MBLINFRA,18033,NSE_EQ
MCCHRLS-B,762782,NSE_EQ
MCL,22360,NSE_EQ
MCLEODRUSS,11944,NSE_EQ
MCLOUD,29482,NSE_EQ
MCON,14574,NSE_EQ
MCX,31181,NSE_EQ
MDL,2133,NSE_EQ
MEDANTA,11956,NSE_EQ
MEDIASSIST,21705,NSE_EQ
MEDICAMEQ,6278,NSE_EQ
MEDICO,9667,NSE_EQ
MEDIORG,24239,NSE_EQ
MEDISTEP,758423,NSE_EQ
MEDPLUS,7254,NSE_EQ
MEESHO,760229,NSE_EQ
MEGAFLEX,10971,NSE_EQ
MEGASTAR,8153,NSE_EQ
MEGATHERM,22560,NSE_EQ
MEIL,758750,NSE_EQ
MENNPIS,762787,NSE_EQ
MENONBE,6961,NSE_EQ
MEP,25882,NSE_EQ
MERCANTILE,762792,NSE_EQ
MERCURYEV,763665,NSE_EQ
METAL,25744,NSE_EQ
METALIETF,24861,NSE_EQ
METROBRAND,7242,NSE_EQ
METROGLOBL,762797,NSE_EQ
METROPOLIS,9581,NSE_EQ
MFL29,763634,NSE_EQ
MFML,24937,NSE_EQ
MFSL,2142,NSE_EQ
MGEL,1598,NSE_EQ
MGL,17534,NSE_EQ
MGSL,759945,NSE_EQ
MHHL,1426,NSE_EQ
MHLSDD,30566,NSE_EQ
MHLSDDR,30568,NSE_EQ
MHLSDG,30564,NSE_EQ
MHLSRD,30560,NSE_EQ
MHLSRDR,30562,NSE_EQ
MHLSRG,30558,NSE_EQ
MHLXMIRU,7886,NSE_EQ
MHRIL,17333,NSE_EQ
MICEL,7169,NSE_EQ
MICROPRO,19887,NSE_EQ
MID150,30469,NSE_EQ
MID150BEES,8506,NSE_EQ
MID150CASE,24077,NSE_EQ
MIDCAP,8077,NSE_EQ
MIDCAPADD,760356,NSE_EQ
MIDCAPBETA,18347,NSE_EQ
MIDCAPETF,8413,NSE_EQ
MIDCAPIETF,17152,NSE_EQ
MIDHANI,2463,NSE_EQ
MIDQ50ADD,7456,NSE_EQ
MIDSELIETF,17702,NSE_EQ
MIDSMALL,23855,NSE_EQ
MIDWESTLTD,759517,NSE_EQ
MIEL,24629,NSE_EQ
MILTON,159,NSE_EQ
MINDACORP,25897,NSE_EQ
MINDPOOL,8900,NSE_EQ
MINDSPACE,22308,NSE_EQ
MINDTECK,18049,NSE_EQ
MIRCELECTR,6853,NSE_EQ
MIRZAINT,4394,NSE_EQ
MITCON,8475,NSE_EQ
MITTAL,18562,NSE_EQ
MKPL,16736,NSE_EQ
MMEL,757813,NSE_EQ
MMFL,13844,NSE_EQ
MMP,16395,NSE_EQ
MMTC,17957,NSE_EQ
MMWL,762805,NSE_EQ
MNC,10676,NSE_EQ
MOALPHA50,757669,NSE_EQ
MOBANK10,761693,NSE_EQ
MOBIKWIK,28046,NSE_EQ
MOBILISE,760199,NSE_EQ
MOCAPITAL,30065,NSE_EQ
MODEFENCE,24944,NSE_EQ
MODINATUR,760280,NSE_EQ
MODIRUBBER,2229,NSE_EQ
MODIS,759752,NSE_EQ
MODISONLTD,3325,NSE_EQ
MODTHREAD,2241,NSE_EQ
MOENERGY,759374,NSE_EQ
MOGOLD,757791,NSE_EQ
MOGSEC,1507,NSE_EQ
MOHEALTH,10508,NSE_EQ
MOHITIND,29423,NSE_EQ
MOIL,20830,NSE_EQ
MOINFRA,757031,NSE_EQ
MOIPO,759891,NSE_EQ
MOKSH,3586,NSE_EQ
MOL,5394,NSE_EQ
MOLDTECH,17625,NSE_EQ
MOLDTKPAC,6713,NSE_EQ
MOLOWVOL,8654,NSE_EQ
MOM100,21423,NSE_EQ
MOM30IETF,10585,NSE_EQ
MOM50,19289,NSE_EQ
MOMENTUM,10693,NSE_EQ
MOMENTUM30,759488,NSE_EQ
MOMENTUM50,25606,NSE_EQ
MOMGF,757099,NSE_EQ
MOMIDMTM,757817,NSE_EQ
MOMNC,760054,NSE_EQ
MOMOMENTUM,8182,NSE_EQ
MON100,22739,NSE_EQ
MON50EQUAL,756900,NSE_EQ
MONARCH,7679,NSE_EQ
MONEXT50,757167,NSE_EQ
MONEYBOXX,759381,NSE_EQ
MONIFTY100,759371,NSE_EQ
MONIFTY500,19237,NSE_EQ
MONOLITH,756958,NSE_EQ
MONOPHARMA,18392,NSE_EQ
MONQ50,7422,NSE_EQ
MONTECARLO,5938,NSE_EQ
MOPSE,757431,NSE_EQ
MOQUALITY,10822,NSE_EQ
MORARJEE,25876,NSE_EQ
MOREALTY,23184,NSE_EQ
MOREPENLAB,2259,NSE_EQ
MOS,15051,NSE_EQ
MOSCHIP,29459,NSE_EQ
MOSERVICE,760001,NSE_EQ
MOSILVER,758457,NSE_EQ
MOSMALL250,23181,NSE_EQ
MOTHERSON,25510,NSE_EQ
MOTHERSON,4204,NSE_EQ
MOTILALOFS,14947,NSE_EQ
MOTISONS,20788,NSE_EQ
MOTOGENFIN,8793,NSE_EQ
MOTOUR,757443,NSE_EQ
MOVALUE,10825,NSE_EQ
MOXSH,13507,NSE_EQ
MPEL,759351,NSE_EQ
MPHASIS,4503,NSE_EQ
MPSLTD,10578,NSE_EQ
MPTODAY,21792,NSE_EQ
MRF,2277,NSE_EQ
MRIL,758685,NSE_EQ
MRPL,2283,NSE_EQ
MSCI360,763602,NSE_EQ
MSCIADD,759978,NSE_EQ
MSCIINDIA,29758,NSE_EQ
MSPL,11919,NSE_EQ
MSTCLTD,9356,NSE_EQ
MSUMI,8596,NSE_EQ
MTARTECH,2709,NSE_EQ
MTEDUCARE,31413,NSE_EQ
MTNL,2294,NSE_EQ
MUFIN,19783,NSE_EQ
MUFTI,20878,NSE_EQ
MUKANDLTD,11325,NSE_EQ
MUKKA,22980,NSE_EQ
MUKTAARTS,8687,NSE_EQ
MULTICAP,25080,NSE_EQ
MUNISH,759419,NSE_EQ
MUNJALAU,13511,NSE_EQ
MUNJALSHOW,2307,NSE_EQ
MURUDCERA,2313,NSE_EQ
MUTF27,23363,NSE_EQ
MUTHOOTCAP,10415,NSE_EQ
MUTHOOTFIN,23650,NSE_EQ
MUTHOOTMF,20831,NSE_EQ
MVGJL,19015,NSE_EQ
MVKAGRO,22976,NSE_EQ
MWL,759169,NSE_EQ
MYMUDRA,25208,NSE_EQ
N1NSETEST,12848,NSE_EQ
NACLIND,20425,NSE_EQ
NAGAFERT,13060,NSE_EQ
NAGREEKCAP,14943,NSE_EQ
NAGREEKEXP,14702,NSE_EQ
NAHARCAP,15360,NSE_EQ
NAHARINDUS,13106,NSE_EQ
NAHARPOLY,14445,NSE_EQ
NAHARSPING,14443,NSE_EQ
NAM-INDIA,357,NSE_EQ
NAMAN,23379,NSE_EQ
NAMOEWASTE,25167,NSE_EQ
NARMADA,11627,NSE_EQ
NATCAPSUQ,29583,NSE_EQ
NATCOPHARM,3918,NSE_EQ
NATHBIOGEN,11065,NSE_EQ
NATIONALUM,6364,NSE_EQ
NATIONSTD,762807,NSE_EQ
NAUKRI,13751,NSE_EQ
NAVA,4014,NSE_EQ
NAVINFLUOR,14672,NSE_EQ
NAVKARCORP,10557,NSE_EQ
NAVKARURB,29146,NSE_EQ
NAVNETEDUL,2385,NSE_EQ
NAZARA,2987,NSE_EQ
NBCC,31415,NSE_EQ
NBIFIN,19111,NSE_EQ
NCC,2319,NSE_EQ
NCLIND,14490,NSE_EQ
NDGL,18371,NSE_EQ
NDL,31258,NSE_EQ
NDLVENTURE,14547,NSE_EQ
NDR31,761739,NSE_EQ
NDRAUTO,22255,NSE_EQ
NDRINVIT,22680,NSE_EQ
NDTV,11427,NSE_EQ
NEAGI,762812,NSE_EQ
NECCLTD,13522,NSE_EQ
NECLIFE,11930,NSE_EQ
NEELAM,27123,NSE_EQ
NELCAST,14761,NSE_EQ
NELCO,2388,NSE_EQ
NEOCHEM,760931,NSE_EQ
NEOGEN,9917,NSE_EQ
NEPHROCARE,24353,NSE_EQ
NEPHROPLUS,760346,NSE_EQ
NEPTUNE,757493,NSE_EQ
NESCO,15409,NSE_EQ
NESTLEIND,17963,NSE_EQ
NETF,7838,NSE_EQ
NETWEB,17433,NSE_EQ
NETWORK18,14111,NSE_EQ
NEUEON,30554,NSE_EQ
NEULANDLAB,2406,NSE_EQ
NEWGEN,1164,NSE_EQ
NEWJAISA,19161,NSE_EQ
NEXT30ADD,29464,NSE_EQ
NEXT50,17181,NSE_EQ
NEXT50ADD,760599,NSE_EQ
NEXT50BETA,21478,NSE_EQ
NEXT50ETF,760709,NSE_EQ
NEXT50IETF,4529,NSE_EQ
NEXTMEDIA,9867,NSE_EQ
NFL,13925,NSE_EQ
NFPSAMPOOR,763536,NSE_EQ
NGIL,5404,NSE_EQ
NGLFINE,10277,NSE_EQ
NH,11840,NSE_EQ
NHIT,6531,NSE_EQ
NHPC,17400,NSE_EQ
NIACL,399,NSE_EQ
NIBE,29487,NSE_EQ
NIBL,29733,NSE_EQ
NIDAN,6592,NSE_EQ
NIDOZC26,17868,NSE_EQ
NIF100BEES,29577,NSE_EQ
NIF100IETF,30392,NSE_EQ
NIFTY1,18102,NSE_EQ
NIFTY100EW,29944,NSE_EQ
NIFTYADD,7451,NSE_EQ
NIFTYBEES,10576,NSE_EQ
NIFTYBETA,10511,NSE_EQ
NIFTYBETF,21959,NSE_EQ
NIFTYCASE,759302,NSE_EQ
NIFTYETF,6353,NSE_EQ
NIFTYIETF,29553,NSE_EQ
NIFTYQLITY,10690,NSE_EQ
NIITLTD,11522,NSE_EQ
NIITMTS,17747,NSE_EQ
NIKITA,758178,NSE_EQ
NILAINFRA,9253,NSE_EQ
NILASPACES,7411,NSE_EQ
NILE,762817,NSE_EQ
NILKAMAL,2421,NSE_EQ
NIMBSPROJ,761723,NSE_EQ
NINSYS,14197,NSE_EQ
NIPPOBATRY,6782,NSE_EQ
NIRAJ,261,NSE_EQ
NIRAJISPAT,18840,NSE_EQ
NIRLON,2433,NSE_EQ
NIRMAN,14722,NSE_EQ
NITCO,13300,NSE_EQ
NITINSPIN,13175,NSE_EQ
NITIRAJ,3247,NSE_EQ
NITTAGELA,762824,NSE_EQ
NIVABUPA,27097,NSE_EQ
NKIND,2439,NSE_EQ
NLCINDIA,8585,NSE_EQ
NMDC,15332,NSE_EQ
NMSTEEL,28801,NSE_EQ
NOCIL,2442,NSE_EQ
NOIDATOLL,11214,NSE_EQ
NORBTEAEXP,4160,NSE_EQ
NORTHARC,25426,NSE_EQ
NOVAAGRI,22478,NSE_EQ
NOVARTIND,9007,NSE_EQ
NPBET,12978,NSE_EQ
NPST,756324,NSE_EQ
NRAIL,20314,NSE_EQ
NRBBEARING,7553,NSE_EQ
NRL,13675,NSE_EQ
NRVANDANA,757492,NSE_EQ
NSIL,11239,NSE_EQ
NSLNISP,14180,NSE_EQ
NTPC,11630,NSE_EQ
NTPCGREEN,27176,NSE_EQ
NUCLEUS,10791,NSE_EQ
NURECA,2350,NSE_EQ
NUVAMA,18721,NSE_EQ
NUVOCO,5426,NSE_EQ
NV20,11457,NSE_EQ
NV20BEES,9847,NSE_EQ
NV20IETF,17475,NSE_EQ
NXST,15815,NSE_EQ
NXT-INFRA,24298,NSE_EQ
NYKAA,6545,NSE_EQ
OAL,10768,NSE_EQ
OBCL,8797,NSE_EQ
OBEROIRLTY,20242,NSE_EQ
OBSCP,25923,NSE_EQ
OCCLLTD,25920,NSE_EQ
ODIGMA,27571,NSE_EQ
OFSS,10738,NSE_EQ
OIL,17438,NSE_EQ
OILCOUNTUB,8109,NSE_EQ
OILIETF,24533,NSE_EQ
OLAELEC,24777,NSE_EQ
OLECTRA,10637,NSE_EQ
OLIL,19433,NSE_EQ
OMAXAUTO,14125,NSE_EQ
OMAXE,14853,NSE_EQ
OMFREIGHT,759411,NSE_EQ
OMFURN,120,NSE_EQ
OMINFRAL,24231,NSE_EQ
OMNI,760865,NSE_EQ
OMPOWER,762432,NSE_EQ
ONDOOR,19703,NSE_EQ
ONELIFECAP,25496,NSE_EQ
ONEPOINT,9939,NSE_EQ
ONESOURCE,29224,NSE_EQ
ONGC,2475,NSE_EQ
ONMOBILE,15278,NSE_EQ
ONWARDTEC,2481,NSE_EQ
ONYX,27143,NSE_EQ
OPTIEMUS,21469,NSE_EQ
OPTIVALUE,758900,NSE_EQ
ORBTEXP,31475,NSE_EQ
ORCHASP,29492,NSE_EQ
ORCHPHARMA,926,NSE_EQ
ORIANA,17882,NSE_EQ
ORICONENT,10159,NSE_EQ
ORIENTALTL,14346,NSE_EQ
ORIENTBELL,14278,NSE_EQ
ORIENTCEM,30089,NSE_EQ
ORIENTCER,13111,NSE_EQ
ORIENTELEC,2972,NSE_EQ
ORIENTHOT,2493,NSE_EQ
ORIENTLTD,18208,NSE_EQ
ORIENTPPR,2496,NSE_EQ
ORIENTTECH,24961,NSE_EQ
ORISSAMINE,19931,NSE_EQ
ORKLAINDIA,759569,NSE_EQ
ORTEL,13321,NSE_EQ
ORTINGLOBE,2980,NSE_EQ
OSEINTRUST,10435,NSE_EQ
OSELDEVICE,25386,NSE_EQ
OSIAHYPER,12643,NSE_EQ
OSWALAGRO,5362,NSE_EQ
OSWALGREEN,471,NSE_EQ
OSWALPUMPS,756802,NSE_EQ
OSWALSEEDS,14305,NSE_EQ
OWAIS,22911,NSE_EQ
PACEDIGITK,759342,NSE_EQ
PAGEIND,14413,NSE_EQ
PAISALO,25468,NSE_EQ
PAKKA,17197,NSE_EQ
PALASHSECU,21383,NSE_EQ
PALREDTEC,17059,NSE_EQ
PANACEABIO,4055,NSE_EQ
PANACHE,16292,NSE_EQ
PANAMAPET,25392,NSE_EQ
PANSARI,6141,NSE_EQ
PAR,5631,NSE_EQ
PARACABLES,13951,NSE_EQ
PARADEEP,9741,NSE_EQ
PARAGMILK,17130,NSE_EQ
PARAGON,19779,NSE_EQ
PARAMATRIX,25069,NSE_EQ
PARAMOUNT,25720,NSE_EQ
PARAMPARA,1353,NSE_EQ
PARAS,5911,NSE_EQ
PARASPETRO,3972,NSE_EQ
PARIN,5460,NSE_EQ
PARKHOSPS,760351,NSE_EQ
PARKHOTELS,22649,NSE_EQ
PARSVNATH,13795,NSE_EQ
PARTH,758220,NSE_EQ
PARTYCRUS,2599,NSE_EQ
PASHUPATI,757955,NSE_EQ
PASUPTAC,6048,NSE_EQ
PATANJALI,17029,NSE_EQ
PATELENG,11699,NSE_EQ
PATELRMART,759439,NSE_EQ
PATILAUTOM,756966,NSE_EQ
PATINTLOG,15219,NSE_EQ
PATTECH,15143,NSE_EQ
PAUSHAKLTD,759969,NSE_EQ
PAVNAIND,16201,NSE_EQ
PAYTM,6705,NSE_EQ
PCBL,2649,NSE_EQ
PCCL,24290,NSE_EQ
PCJEWELLER,29124,NSE_EQ
PCPL27,25657,NSE_EQ
PDMJEPAPER,15377,NSE_EQ
PDSL,5264,NSE_EQ
PEARLPOLY,8188,NSE_EQ
PELATRO,25408,NSE_EQ
PENIND,20621,NSE_EQ
PENINLAND,5358,NSE_EQ
PENTAGON,17132,NSE_EQ
PERFECT,758121,NSE_EQ
PERSISTENT,18365,NSE_EQ
PETRONET,11351,NSE_EQ
PFC,14299,NSE_EQ
PFCL36,760805,NSE_EQ
PFCL36A,760806,NSE_EQ
PFCL36B,760807,NSE_EQ
PFCL41,760823,NSE_EQ
PFCL41A,760824,NSE_EQ
PFIZER,2643,NSE_EQ
PFL230125A,29247,NSE_EQ
PFOCUS,13500,NSE_EQ
PFS,22602,NSE_EQ
PGEL,25358,NSE_EQ
PGHH,2535,NSE_EQ
PGHL,940,NSE_EQ
PGIL,14260,NSE_EQ
PGIMCSA1G,17985,NSE_EQ
PGIMCSA2D,17986,NSE_EQ
PGIMCSA3D,17993,NSE_EQ
PGIMCSA4D,17994,NSE_EQ
PGIMCSR1D,17995,NSE_EQ
PGIMCSR2G,17996,NSE_EQ
PGIMCSR3D,17997,NSE_EQ
PGIMCSR4D,17998,NSE_EQ
PGINVIT,3494,NSE_EQ
PHANTOMFX,11612,NSE_EQ
PHARMABEES,4973,NSE_EQ
PHFL29,761733,NSE_EQ
PHOENIXLTD,14552,NSE_EQ
PHOGLOBAL,25513,NSE_EQ
PICCADIL,757754,NSE_EQ
PIDILITIND,2664,NSE_EQ
PIGL,15716,NSE_EQ
PIIND,24184,NSE_EQ
PILANIINVS,11445,NSE_EQ
PILITA,30838,NSE_EQ
PINELABS,759820,NSE_EQ
PIONEEREMB,13463,NSE_EQ
PIONRINV,762829,NSE_EQ
PIRAMALFIN,759551,NSE_EQ
PITTIENG,14134,NSE_EQ
PIXTRANS,9087,NSE_EQ
PKTEA,10321,NSE_EQ
PLADAINFO,19492,NSE_EQ
PLASTIBLEN,13920,NSE_EQ
PLATIND,22930,NSE_EQ
PLAZACABLE,19461,NSE_EQ
PML,762834,NSE_EQ
PNB,10666,NSE_EQ
PNBGILTS,8736,NSE_EQ
PNBHOUSING,18908,NSE_EQ
PNC,9342,NSE_EQ
PNCINFRA,9385,NSE_EQ
PNGJL,25312,NSE_EQ
PNGSREVA,760242,NSE_EQ
POCL,14385,NSE_EQ
PODDARMENT,19036,NSE_EQ
POKARNA,17651,NSE_EQ
POLICYBZR,6656,NSE_EQ
POLYCAB,9590,NSE_EQ
POLYMED,25718,NSE_EQ
POLYPLEX,2687,NSE_EQ
POLYSIL,22711,NSE_EQ
PONNIERODE,10661,NSE_EQ
POONAWALLA,11403,NSE_EQ
POSITRON,24867,NSE_EQ
POWERGRID,14977,NSE_EQ
POWERICA,761680,NSE_EQ
POWERINDIA,18457,NSE_EQ
POWERMECH,10473,NSE_EQ
PPAP,15209,NSE_EQ
PPL,10297,NSE_EQ
PPLPHARMA,11571,NSE_EQ
PPSL,24791,NSE_EQ
PRABHA,30134,NSE_EQ
PRADPME,762839,NSE_EQ
PRAENG,13941,NSE_EQ
PRAJIND,2705,NSE_EQ
PRAKASH,2708,NSE_EQ
PRAKASHSTL,19599,NSE_EQ
PRAMARA,18514,NSE_EQ
PRANIK,25818,NSE_EQ
PRATHAM,23113,NSE_EQ
PRAVEG,762844,NSE_EQ
PRAXIS,1216,NSE_EQ
PRECAM,12603,NSE_EQ
PRECISION,7950,NSE_EQ
PRECOT,2711,NSE_EQ
PRECWIRE,2717,NSE_EQ
PREMCO,762849,NSE_EQ
PREMEXPLN,17397,NSE_EQ
PREMIER,6248,NSE_EQ
PREMIERENE,25049,NSE_EQ
PREMIERPOL,10401,NSE_EQ
PREMIUM,25898,NSE_EQ
PRESSTONIC,20498,NSE_EQ
PRESTIGE,20302,NSE_EQ
PRICOLLTD,19631,NSE_EQ
PRIMECAB,759075,NSE_EQ
PRIMESECU,11864,NSE_EQ
PRIMO,756925,NSE_EQ
PRINCEPIPE,16045,NSE_EQ
PRITI,8310,NSE_EQ
PRITIKA,12971,NSE_EQ
PRITIKAUTO,5292,NSE_EQ
PRIVISCL,8825,NSE_EQ
PRIZOR,24511,NSE_EQ
PRLIND,23764,NSE_EQ
PROFX,757806,NSE_EQ
PROLIFE,19352,NSE_EQ
PROPEQUITY,8735,NSE_EQ
PROSTARM,758173,NSE_EQ
PROTEAN,29472,NSE_EQ
PROV,16483,NSE_EQ
PROZONER,28859,NSE_EQ
PRSMJOHNSN,2739,NSE_EQ
PRUDENT,9553,NSE_EQ
PRUDMOULI,20528,NSE_EQ
PSB,21001,NSE_EQ
PSFL,25431,NSE_EQ
PSPPROJECT,20877,NSE_EQ
PSRAJ,29665,NSE_EQ
PSUBANK,15061,NSE_EQ
PSUBANKADD,17616,NSE_EQ
PSUBNKBEES,15032,NSE_EQ
PSUBNKIETF,14584,NSE_EQ
PTC,11355,NSE_EQ
PTCIL,16682,NSE_EQ
PTL,14101,NSE_EQ
PULZ,507,NSE_EQ
PUNJABCHEM,4344,NSE_EQ
PURPLEUTED,28028,NSE_EQ
PURVA,14922,NSE_EQ
PURVFLEXI,22942,NSE_EQ
PUSHPA,757683,NSE_EQ
PVP,4010,NSE_EQ
PVRINOX,13147,NSE_EQ
PVSL,23142,NSE_EQ
PVTBANIETF,11386,NSE_EQ
PVTBANKADD,17576,NSE_EQ
PVTBKGROWW,763572,NSE_EQ
PWL,759723,NSE_EQ
PYRAMID,18250,NSE_EQ
QFIL,14613,NSE_EQ
QGOLDHALF,15330,NSE_EQ
QLINE,763594,NSE_EQ
QMSMEDI,11467,NSE_EQ
QNIFTY,16819,NSE_EQ
QPOWER,29713,NSE_EQ
QSIFAADG,763082,NSE_EQ
QSIFAADP,763084,NSE_EQ
QSIFAARG,763086,NSE_EQ
QSIFAARR,763088,NSE_EQ
QSIFHDG,759285,NSE_EQ
QSIFHRG,759298,NSE_EQ
QSIFHRP,763749,NSE_EQ
QSIFHRR,759576,NSE_EQ
QUADFUTURE,29087,NSE_EQ
QUADPRO,5870,NSE_EQ
QUAL30IETF,17808,NSE_EQ
QUALITY30,757946,NSE_EQ
QUESS,17704,NSE_EQ
QUESTLAB,23793,NSE_EQ
QUICKHEAL,13131,NSE_EQ
QUICKTOUCH,15285,NSE_EQ
QUINT,762854,NSE_EQ
QUINTEGRA,9376,NSE_EQ
QVCEL,24957,NSE_EQ
RACE,15396,NSE_EQ
RACLGEAR,27171,NSE_EQ
RADAAN,10932,NSE_EQ
RADHIKAJWE,10343,NSE_EQ
RADIANTCMS,13580,NSE_EQ
RADICO,10990,NSE_EQ
RADIOCITY,19877,NSE_EQ
RADIOWALLA,23442,NSE_EQ
RAILTEL,2431,NSE_EQ
RAIN,15337,NSE_EQ
RAINBOW,9408,NSE_EQ
RAJESHEXPO,760461,NSE_EQ
RAJINDLTD,24707,NSE_EQ
RAJMET,2168,NSE_EQ
RAJOOENG,757049,NSE_EQ
RAJPALAYAM,762859,NSE_EQ
RAJPUTANA,27269,NSE_EQ
RAJRATAN,18962,NSE_EQ
RAJRILTD,8428,NSE_EQ
RAJSREESUG,2809,NSE_EQ
RAJTV,14403,NSE_EQ
RAJVIR,6259,NSE_EQ
RALLIS,2816,NSE_EQ
RAMANEWS,13565,NSE_EQ
RAMAPHO,10568,NSE_EQ
RAMASTEEL,10300,NSE_EQ
RAMCOCEM,2043,NSE_EQ
RAMCOIND,4587,NSE_EQ
RAMCOSYS,7851,NSE_EQ
RAMKY,20134,NSE_EQ
RAMRAT,10485,NSE_EQ
RANASUG,2837,NSE_EQ
RANEHOLDIN,2844,NSE_EQ
RAPIDFLEET,30460,NSE_EQ
RAPPID,25610,NSE_EQ
RATEGAIN,7177,NSE_EQ
RATNAMANI,13451,NSE_EQ
RATNAVEER,18423,NSE_EQ
RAYMOND,2859,NSE_EQ
RAYMONDLSL,25073,NSE_EQ
RAYMONDREL,758551,NSE_EQ
RBA,1494,NSE_EQ
RBLBANK,18391,NSE_EQ
RBMINFRA,13570,NSE_EQ
RBS,23568,NSE_EQ
RBZJEWEL,20874,NSE_EQ
RCDL,19681,NSE_EQ
RCF,2866,NSE_EQ
RCOM,13188,NSE_EQ
READYMIX,29561,NSE_EQ
RECLTD,15355,NSE_EQ
REDINGTON,14255,NSE_EQ
REDTAPE,17859,NSE_EQ
REFEX,17764,NSE_EQ
REFRACTORY,23718,NSE_EQ
REGAAL,758682,NSE_EQ
REGENCERAM,4130,NSE_EQ
RELAXO,24225,NSE_EQ
RELCHEMQ,9652,NSE_EQ
RELIABLE,24378,NSE_EQ
RELIANCE,2885,NSE_EQ
RELIGARE,15068,NSE_EQ
RELINFRA,4791,NSE_EQ
RELTD,24596,NSE_EQ
REMSONSIND,3965,NSE_EQ
REMUS,16154,NSE_EQ
RENUKA,12026,NSE_EQ
REPCOHOME,29598,NSE_EQ
REPL,1480,NSE_EQ
REPRO,13126,NSE_EQ
RESPONIND,20323,NSE_EQ
RETAIL,24145,NSE_EQ
REXPIPES,5309,NSE_EQ
REXPRO,29270,NSE_EQ
RFBL,763465,NSE_EQ
RGL,15129,NSE_EQ
RHETAN,759062,NSE_EQ
RHFL,759204,NSE_EQ
RHIM,31163,NSE_EQ
RHL,15157,NSE_EQ
RICHA,8212,NSE_EQ
RICOAUTO,2909,NSE_EQ
RIIL,2912,NSE_EQ
RIIT,762244,NSE_EQ
RILINFRA,9854,NSE_EQ
RISHABH,18417,NSE_EQ
RITCO,8944,NSE_EQ
RITES,3761,NSE_EQ
RITEZONE,11917,NSE_EQ
RKDL,20950,NSE_EQ
RKEC,1547,NSE_EQ
RKFORGE,11411,NSE_EQ
RKSWAMY,23043,NSE_EQ
RMC,762347,NSE_EQ
RMDRIP,757834,NSE_EQ
RML,11975,NSE_EQ
RNBDENIMS,758981,NSE_EQ
RNFI,24589,NSE_EQ
RNPL,758157,NSE_EQ
ROADSTAR,30051,NSE_EQ
ROCKINGDCE,20289,NSE_EQ
ROCKPP,760033,NSE_EQ
ROHLTD,13182,NSE_EQ
ROLEXRINGS,5279,NSE_EQ
ROLLT,19108,NSE_EQ
ROML,359,NSE_EQ
ROSSARI,19410,NSE_EQ
ROSSELLIND,28913,NSE_EQ
ROSSTECH,27353,NSE_EQ
ROTO,9049,NSE_EQ
ROUTE,128,NSE_EQ
ROXHITECH,20170,NSE_EQ
ROYALARC,29727,NSE_EQ
RPEL,24735,NSE_EQ
RPGLIFE,16725,NSE_EQ
RPOWER,15259,NSE_EQ
RPPINFRA,20760,NSE_EQ
RPPL,6913,NSE_EQ
RPSGVENT,8119,NSE_EQ
RPTECH,22670,NSE_EQ
RRIL,762864,NSE_EQ
RRKABEL,18566,NSE_EQ
RSDFIN,762869,NSE_EQ
RSL,761439,NSE_EQ
RSSOFTWARE,8426,NSE_EQ
RSWM,2794,NSE_EQ
RSYSTEMS,13414,NSE_EQ
RTL,757780,NSE_EQ
RTNINDIA,27297,NSE_EQ
RTNPOWER,17520,NSE_EQ
RUBFILA,24730,NSE_EQ
RUBICON,759316,NSE_EQ
RUBYMILLS,10123,NSE_EQ
RUCHINFRA,4566,NSE_EQ
RUCHIRA,13821,NSE_EQ
RUDRA,760401,NSE_EQ
RULKA,23830,NSE_EQ
RUPA,25724,NSE_EQ
RUSHIL,24595,NSE_EQ
RUSTOMJEE,12219,NSE_EQ
RVHL,1565,NSE_EQ
RVNL,9552,NSE_EQ
RVTH,25157,NSE_EQ
S&SPOWER,8733,NSE_EQ
SAAKSHI,19093,NSE_EQ
SAATVIKGL,759057,NSE_EQ
SABAR,10982,NSE_EQ
SABEVENTS,18501,NSE_EQ
SACHEEROME,757409,NSE_EQ
SADBHAV,13236,NSE_EQ
SADBHIN,10622,NSE_EQ
SADHAV,22897,NSE_EQ
SADHNANIQ,15349,NSE_EQ
SAFARI,13035,NSE_EQ
SAFEENTP,757583,NSE_EQ
SAGARDEEP,8175,NSE_EQ
SAGCEM,14068,NSE_EQ
SAGILITY,27052,NSE_EQ
SAHAJSOLAR,24478,NSE_EQ
SAHANA,16711,NSE_EQ
SAHASRA,25671,NSE_EQ
SAHLIBHFI,761688,NSE_EQ
SAHYADRI,14900,NSE_EQ
SAIFL,21096,NSE_EQ
SAIL,2963,NSE_EQ
SAILIFE,27839,NSE_EQ
SAIPARENT,761675,NSE_EQ
SAJHOTELS,25712,NSE_EQ
SAKAR,9539,NSE_EQ
SAKHTISUG,2969,NSE_EQ
SAKSOFT,11794,NSE_EQ
SAKUMA,13255,NSE_EQ
SALASAR,21362,NSE_EQ
SALONA,17351,NSE_EQ
SALSTEEL,11637,NSE_EQ
SALZERELEC,11399,NSE_EQ
SAMAY,756848,NSE_EQ
SAMBHAAV,4127,NSE_EQ
SAMBHV,757767,NSE_EQ
SAMHI,18614,NSE_EQ
SAMMAANCAP,30125,NSE_EQ
SAMPANN,27303,NSE_EQ
SANATHAN,28805,NSE_EQ
SANDESH,2988,NSE_EQ
SANDHAR,2397,NSE_EQ
SANDUMA,18359,NSE_EQ
SANGAMIND,4184,NSE_EQ
SANGANI,18035,NSE_EQ
SANGHVIMOV,14058,NSE_EQ
SANGINITA,11033,NSE_EQ
SANOFI,1442,NSE_EQ
SANOFICONR,25222,NSE_EQ
SANSERA,5751,NSE_EQ
SANSTAR,24582,NSE_EQ
SANWARIA,46,NSE_EQ
SAPPHIRE,6718,NSE_EQ
SAPPL,762874,NSE_EQ
SARDAEN,17758,NSE_EQ
SAREGAMA,4892,NSE_EQ
SARLAPOLY,14043,NSE_EQ
SAROJA,18506,NSE_EQ
SARTELE,19863,NSE_EQ
SARVESHWAR,12950,NSE_EQ
SASKEN,11983,NSE_EQ
SATECH,24674,NSE_EQ
SATIA,11045,NSE_EQ
SATIN,10453,NSE_EQ
SATIPOLY,24504,NSE_EQ
SATKARTAR,29154,NSE_EQ
SATTVAENGG,758960,NSE_EQ
SAURASHCEM,3018,NSE_EQ
SAVY,757704,NSE_EQ
SAWALIYA,758444,NSE_EQ
SAYAJIHOTL,762879,NSE_EQ
SBC,6792,NSE_EQ
SBCL,4656,NSE_EQ
SBFC,18026,NSE_EQ
SBGLP,14139,NSE_EQ
SBIBPB,30290,NSE_EQ
SBICARD,17971,NSE_EQ
SBIETFCON,5168,NSE_EQ
SBIETFIT,740,NSE_EQ
SBIETFPB,722,NSE_EQ
SBIETFQLTY,7218,NSE_EQ
SBILIFE,21808,NSE_EQ
SBILIQETF,758496,NSE_EQ
SBIMIDMOM,761095,NSE_EQ
SBIN,3045,NSE_EQ
SBINEQWETF,24524,NSE_EQ
SBINMID150,761741,NSE_EQ
SBISILVER,24366,NSE_EQ
SBISMLETF,763543,NSE_EQ
SBIVALETF,763546,NSE_EQ
SCANSTL,762884,NSE_EQ
SCHAEFFLER,1011,NSE_EQ
SCHAND,20698,NSE_EQ
SCHNEIDER,31234,NSE_EQ
SCI,3048,NSE_EQ
SCILAL,23127,NSE_EQ
SCL010825,757467,NSE_EQ
SCL0182025,757468,NSE_EQ
SCL01825,757462,NSE_EQ
SCL1825,757461,NSE_EQ
SCL190325,30212,NSE_EQ
SCL190325A,30226,NSE_EQ
SCL19325,30218,NSE_EQ
SCL19325A,30210,NSE_EQ
SCL25924,25542,NSE_EQ
SCL25924A,25544,NSE_EQ
SCL25924C,25554,NSE_EQ
SCL25924D,25556,NSE_EQ
SCL26,19770,NSE_EQ
SCL271224,28907,NSE_EQ
SCL271224A,28908,NSE_EQ
SCL271224B,28923,NSE_EQ
SCL310524A,23950,NSE_EQ
SCLZC26,18630,NSE_EQ
SCLZC26A,18638,NSE_EQ
SCLZC26B,17535,NSE_EQ
SCLZC26C,19772,NSE_EQ
SCLZC26D,20082,NSE_EQ
SCLZC26E,20088,NSE_EQ
SCLZC26F,21003,NSE_EQ
SCLZC26G,21008,NSE_EQ
SCML,19469,NSE_EQ
SCODATUBES,757478,NSE_EQ
SCPL,12072,NSE_EQ
SDBL,1338,NSE_EQ
SDIL41,763048,NSE_EQ
SDREAMS,25528,NSE_EQ
SEAMECLTD,2616,NSE_EQ
SECL,13032,NSE_EQ
SECMARK,19496,NSE_EQ
SECURKLOUD,11058,NSE_EQ
SEDEMAC,761153,NSE_EQ
SEIL,762889,NSE_EQ
SEITINVIT,21321,NSE_EQ
SEJALLTD,7094,NSE_EQ
SEL,18267,NSE_EQ
SELECTIPO,30109,NSE_EQ
SELLOWRAP,757982,NSE_EQ
SELMC,6262,NSE_EQ
SEMAC,11964,NSE_EQ
SENCO,17271,NSE_EQ
SENORES,28888,NSE_EQ
SENSEXADD,17613,NSE_EQ
SENSEXBETA,10515,NSE_EQ
SENSEXETF,19224,NSE_EQ
SENSEXIETF,4378,NSE_EQ
SEPC,15308,NSE_EQ
SERVICE,17399,NSE_EQ
SERVOTECH,5507,NSE_EQ
SESHAPAPER,3066,NSE_EQ
SETCO,17518,NSE_EQ
SETF10GILT,17395,NSE_EQ
SETFGOLD,17272,NSE_EQ
SETFNIF50,10176,NSE_EQ
SETFNIFBK,7361,NSE_EQ
SETFNN50,7353,NSE_EQ
SETL,29075,NSE_EQ
SETUINFRA,18024,NSE_EQ
SEYAIND,10836,NSE_EQ
SFL,19184,NSE_EQ
SFLZC26A,12941,NSE_EQ
SFML,28069,NSE_EQ
SFMP1DD,9516,NSE_EQ
SFMP1DR,9517,NSE_EQ
SFMP1GD,9523,NSE_EQ
SFMP1GR,9522,NSE_EQ
SFMP49DD,5497,NSE_EQ
SFMP49DR,5498,NSE_EQ
SFMP49GD,5499,NSE_EQ
SFMP49GR,5500,NSE_EQ
SFMP50DD,5592,NSE_EQ
SFMP50DR,5593,NSE_EQ
SFMP50GD,5595,NSE_EQ
SFMP50GR,5602,NSE_EQ
SFMP61DD,8645,NSE_EQ
SFMP61DR,8647,NSE_EQ
SFMP61GD,8648,NSE_EQ
SFMP61GR,8651,NSE_EQ
SFMP6DD,10051,NSE_EQ
SFMP6DR,10052,NSE_EQ
SFMP6GD,10055,NSE_EQ
SFMP6GR,10060,NSE_EQ
SGBAPR28I,18862,NSE_EQ
SGBAUG27,12904,NSE_EQ
SGBAUG28V,22385,NSE_EQ
SGBAUG29V,5455,NSE_EQ
SGBAUG30,11192,NSE_EQ
SGBD29VIII,7098,NSE_EQ
SGBDC27VII,15432,NSE_EQ
SGBDE30III,13642,NSE_EQ
SGBDE31III,22476,NSE_EQ
SGBDEC26,7654,NSE_EQ
SGBFEB27,8766,NSE_EQ
SGBFEB28IX,17664,NSE_EQ
SGBFEB29XI,2200,NSE_EQ
SGBFEB32IV,22886,NSE_EQ
SGBJ28VIII,17110,NSE_EQ
SGBJAN27,8308,NSE_EQ
SGBJAN29IX,1920,NSE_EQ
SGBJAN29X,2003,NSE_EQ
SGBJAN30IX,7879,NSE_EQ
SGBJU29III,3800,NSE_EQ
SGBJUL27,11154,NSE_EQ
SGBJUL28IV,22242,NSE_EQ
SGBJUL29IV,5113,NSE_EQ
SGBJUN27,10261,NSE_EQ
SGBJUN28,19078,NSE_EQ
SGBJUN29II,3743,NSE_EQ
SGBJUN30,10232,NSE_EQ
SGBJUN31I,17202,NSE_EQ
SGBMAR28X,18451,NSE_EQ
SGBMAR30X,8401,NSE_EQ
SGBMAR31IV,14598,NSE_EQ
SGBMAY28,18972,NSE_EQ
SGBMAY29I,3742,NSE_EQ
SGBMR29XII,2810,NSE_EQ
SGBN28VIII,1342,NSE_EQ
SGBNOV26,6355,NSE_EQ
SGBNV29VII,6518,NSE_EQ
SGBOC28VII,834,NSE_EQ
SGBOCT26,5960,NSE_EQ
SGBOCT27,13981,NSE_EQ
SGBOCT27VI,14252,NSE_EQ
SGBSEP27,13209,NSE_EQ
SGBSEP28VI,149,NSE_EQ
SGBSEP29VI,5575,NSE_EQ
SGBSEP31II,19456,NSE_EQ
SGFIN,758853,NSE_EQ
SGIL,5114,NSE_EQ
SGL,13367,NSE_EQ
SGMART,758889,NSE_EQ
SHADOWFAX,761469,NSE_EQ
SHAH,20296,NSE_EQ
SHAH-RE1,31210,NSE_EQ
SHAHALLOYS,11856,NSE_EQ
SHAILY,8727,NSE_EQ
SHAIVAL,10684,NSE_EQ
SHAKTIPUMP,25574,NSE_EQ
SHALBY,714,NSE_EQ
SHALPAINTS,15342,NSE_EQ
SHANKARA,20337,NSE_EQ
SHANTHALA,19752,NSE_EQ
SHANTI,5650,NSE_EQ
SHANTIGEAR,3078,NSE_EQ
SHANTIGOLD,758002,NSE_EQ
SHARDACROP,4992,NSE_EQ
SHARDAMOTR,10530,NSE_EQ
SHARDUL,762894,NSE_EQ
SHAREINDIA,104,NSE_EQ
SHARIABEES,17044,NSE_EQ
SHBAJRG,762899,NSE_EQ
SHEEL,759407,NSE_EQ
SHEETAL,20415,NSE_EQ
SHEKHAWATI,21099,NSE_EQ
SHEMAROO,5068,NSE_EQ
SHERA,14176,NSE_EQ
SHETHJI,759805,NSE_EQ
SHIGAN,8394,NSE_EQ
SHILCTECH,759847,NSE_EQ
SHILPAMED,17752,NSE_EQ
SHINDL,762904,NSE_EQ
SHIVALIK,7026,NSE_EQ
SHIVAMAUTO,13757,NSE_EQ
SHIVAMILLS,1503,NSE_EQ
SHIVASHRIT,758744,NSE_EQ
SHIVATEX,804,NSE_EQ
SHIVAUM,759747,NSE_EQ
SHK,11212,NSE_EQ
SHKSIL,758568,NSE_EQ
SHOPERSTOP,11813,NSE_EQ
SHRADHA,708,NSE_EQ
SHREDIGCEM,3099,NSE_EQ
SHREECEM,3103,NSE_EQ
SHREEJISPG,759448,NSE_EQ
SHREEKARNI,23074,NSE_EQ
SHREEOSFM,20603,NSE_EQ
SHREEPUSHK,10588,NSE_EQ
SHREERAMA,7627,NSE_EQ
SHREMINVIT,5718,NSE_EQ
SHRENIK,760252,NSE_EQ
SHREYANIND,3126,NSE_EQ
SHRIAHIMSA,756409,NSE_EQ
SHRIKANHA,760223,NSE_EQ
SHRIKRISH,762909,NSE_EQ
SHRINGARMS,759093,NSE_EQ
SHRIPISTON,17186,NSE_EQ
SHRIRAMFIN,4306,NSE_EQ
SHRIRAMPPS,7200,NSE_EQ
SHRITECH,17684,NSE_EQ
SHUBHLAXMI,6451,NSE_EQ
SHUBHSHREE,25240,NSE_EQ
SHYAMCENT,10188,NSE_EQ
SHYAMDHANI,761210,NSE_EQ
SHYAMMETL,4693,NSE_EQ
SHYAMTEL,13741,NSE_EQ
SICAGEN,16875,NSE_EQ
SICALLOG,19440,NSE_EQ
SICCL28,759832,NSE_EQ
SIDBI29,763745,NSE_EQ
SIDDHICOTS,759053,NSE_EQ
SIDDHIKA,3148,NSE_EQ
SIEMENS,3150,NSE_EQ
SIGACHI,6664,NSE_EQ
SIGIND,4522,NSE_EQ
SIGMA,16658,NSE_EQ
SIGMAADV,14797,NSE_EQ
SIGNATURE,18743,NSE_EQ
SIGNORIA,23147,NSE_EQ
SIGNPOST,22656,NSE_EQ
SIHF27,25950,NSE_EQ
SIHF29,760628,NSE_EQ
SIHF29A,761735,NSE_EQ
SIKA,762914,NSE_EQ
SIKKO,6218,NSE_EQ
SIL,11297,NSE_EQ
SILGO,2492,NSE_EQ
SILINV,4105,NSE_EQ
SILKFLEX,23739,NSE_EQ
SILKY,757679,NSE_EQ
SILLYMONKS,19097,NSE_EQ
SILVER,8003,NSE_EQ
SILVER1,13082,NSE_EQ
SILVER360,756150,NSE_EQ
SILVERADD,10761,NSE_EQ
SILVERAG,16777,NSE_EQ
SILVERBEES,8080,NSE_EQ
SILVERBETA,15085,NSE_EQ
SILVERBND,760328,NSE_EQ
SILVERCASE,30274,NSE_EQ
SILVERIETF,7942,NSE_EQ
SILVERTUC,9422,NSE_EQ
SIMBHALS,758836,NSE_EQ
SIMCA,763375,NSE_EQ
SIMPLEXINF,3162,NSE_EQ
SINCLAIR,23480,NSE_EQ
SINDHUTRAD,16859,NSE_EQ
SINGERIND,761420,NSE_EQ
SINTERCOM,381,NSE_EQ
SIRCA,11050,NSE_EQ
SIS,21501,NSE_EQ
SITINET,29210,NSE_EQ
SIYSIL,14096,NSE_EQ
SJLOGISTIC,20542,NSE_EQ
SJS,6643,NSE_EQ
SJVN,18883,NSE_EQ
SKFINDIA,3186,NSE_EQ
SKFINDUS,760101,NSE_EQ
SKIL,24107,NSE_EQ
SKIPPER,9428,NSE_EQ
SKMEGGPROD,4732,NSE_EQ
SKP,10325,NSE_EQ
SKYGOLD,13631,NSE_EQ
SLONE,23689,NSE_EQ
SMALL250,759814,NSE_EQ
SMALLADD,760359,NSE_EQ
SMALLCAP,22832,NSE_EQ
SMARTEN,757619,NSE_EQ
SMARTLINK,9893,NSE_EQ
SMARTWORKS,757965,NSE_EQ
SMCGLOBAL,2320,NSE_EQ
SML100CASE,758955,NSE_EQ
SMLMAH,3387,NSE_EQ
SMLT,6843,NSE_EQ
SMSPHARMA,14329,NSE_EQ
SMVD,847,NSE_EQ
SNEHAA,758949,NSE_EQ
SNOWMAN,4843,NSE_EQ
SNXT30BEES,757455,NSE_EQ
SNXT50BETA,9168,NSE_EQ
SOBHA,13826,NSE_EQ
SOCL,761205,NSE_EQ
SOFTTECH,8268,NSE_EQ
SOLARA,3672,NSE_EQ
SOLARINDS,13332,NSE_EQ
SOLARWORLD,759929,NSE_EQ
SOLEX,759397,NSE_EQ
SOMANYCERA,3880,NSE_EQ
SOMATEX,4201,NSE_EQ
SOMICONVEY,17794,NSE_EQ
SONACOMS,4684,NSE_EQ
SONAL,762919,NSE_EQ
SONAMAC,23055,NSE_EQ
SONAMLTD,8806,NSE_EQ
SONATSOFTW,6596,NSE_EQ
SONUINFRA,9458,NSE_EQ
SOTAC,14993,NSE_EQ
SOTL,3021,NSE_EQ
SOUTHBANK,5948,NSE_EQ
SOUTHWEST,9678,NSE_EQ
SPAL,18252,NSE_EQ
SPANDANA,11435,NSE_EQ
SPARC,14788,NSE_EQ
SPCENET,19372,NSE_EQ
SPCL,24249,NSE_EQ
SPCON,761393,NSE_EQ
SPEB,760138,NSE_EQ
SPECIALITY,27107,NSE_EQ
SPECTRUM,30455,NSE_EQ
SPECTSTM,16883,NSE_EQ
SPENCERS,8163,NSE_EQ
SPIC,3252,NSE_EQ
SPLIL,11935,NSE_EQ
SPLPETRO,9617,NSE_EQ
SPMLINFRA,3321,NSE_EQ
SPORTKING,10733,NSE_EQ
SPPPOLY,25306,NSE_EQ
SPRL,8521,NSE_EQ
SPUNWEB,757865,NSE_EQ
SRD,25737,NSE_EQ
SREEL,31837,NSE_EQ
SRF,3273,NSE_EQ
SRGHFL,18119,NSE_EQ
SRHHYPOLTD,14582,NSE_EQ
SRIVASAVI,14411,NSE_EQ
SRM,23402,NSE_EQ
SRPL,28635,NSE_EQ
SRTL,760188,NSE_EQ
SSDL,24856,NSE_EQ
SSEGL,24697,NSE_EQ
SSFL,18059,NSE_EQ
SSFLPP,758420,NSE_EQ
SSWL,11829,NSE_EQ
STALLION,29204,NSE_EQ
STANLEY,24226,NSE_EQ
STAR,7374,NSE_EQ
STARCEMENT,21091,NSE_EQ
STARHEALTH,7083,NSE_EQ
STARPAPER,3291,NSE_EQ
STARTECK,9305,NSE_EQ
STCINDIA,10948,NSE_EQ
STEELCAS,6803,NSE_EQ
STEELCITY,10406,NSE_EQ
STEELXIND,21339,NSE_EQ
STEL,21484,NSE_EQ
STERTOOLS,4299,NSE_EQ
STLNETWORK,758978,NSE_EQ
STLTECH,9313,NSE_EQ
STOVEKRAFT,2107,NSE_EQ
STRIDERS,761091,NSE_EQ
STUDDS,759587,NSE_EQ
STUDIOLSD,758530,NSE_EQ
STYL,759934,NSE_EQ
STYLAMIND,5186,NSE_EQ
STYLEBAAZA,25116,NSE_EQ
STYRENIX,19,NSE_EQ
SUBAHOTELS,760112,NSE_EQ
SUBEXLTD,959,NSE_EQ
SUBROS,3324,NSE_EQ
SUDARCOLOR,715,NSE_EQ
SUDARSCHEM,3327,NSE_EQ
SUDEEPPHRM,760039,NSE_EQ
SUKHJITS,11804,NSE_EQ
SULA,13218,NSE_EQ
SUMEETINDS,20790,NSE_EQ
SUMICHEM,17105,NSE_EQ
SUMIT,11141,NSE_EQ
SUMMITSEC,21275,NSE_EQ
SUNCLAY,20956,NSE_EQ
SUNDARAM,18931,NSE_EQ
SUNDARMFIN,3339,NSE_EQ
SUNDRMBRAK,4179,NSE_EQ
SUNDRMFAST,3345,NSE_EQ
SUNDROP,1663,NSE_EQ
SUNFLAG,3348,NSE_EQ
SUNLITE,24872,NSE_EQ
SUNPHARMA,3351,NSE_EQ
SUNREST,20213,NSE_EQ
SUNTECH,757766,NSE_EQ
SUNTECK,17641,NSE_EQ
SUNTV,13404,NSE_EQ
SUPERHOUSE,20616,NSE_EQ
SUPERSPIN,3357,NSE_EQ
SUPRAJIT,11689,NSE_EQ
SUPREME,29439,NSE_EQ
SUPREMEENG,758997,NSE_EQ
SUPREMEIND,3363,NSE_EQ
SUPREMEINF,15002,NSE_EQ
SUPREMEPWR,21074,NSE_EQ
SUPRIYA,7390,NSE_EQ
SURAJEST,20822,NSE_EQ
SURAJLTD,24966,NSE_EQ
SURAKSHA,27334,NSE_EQ
SURANASOL,21077,NSE_EQ
SURANAT&P,10700,NSE_EQ
SURANI,8524,NSE_EQ
SURYALA,762924,NSE_EQ
SURYALAXMI,11852,NSE_EQ
SURYAROSNI,3375,NSE_EQ
SURYODAY,2970,NSE_EQ
SUTLEJTEX,13801,NSE_EQ
SUVEN,11233,NSE_EQ
SUVIDHAA,2998,NSE_EQ
SUYOG,24851,NSE_EQ
SUZLON,12018,NSE_EQ
SVLL,15126,NSE_EQ
SVPGLOB,5023,NSE_EQ
SWANCORP,27095,NSE_EQ
SWANDEF,29164,NSE_EQ
SWARAJ,8608,NSE_EQ
SWARAJENG,3384,NSE_EQ
SWASTIK,11497,NSE_EQ
SWELECTES,11909,NSE_EQ
SWIGGY,27066,NSE_EQ
SWSOLAR,12489,NSE_EQ
SYLVANPLY,24267,NSE_EQ
SYMPHONY,24190,NSE_EQ
SYNCOMF,11992,NSE_EQ
SYNGENE,10243,NSE_EQ
SYNOPTICS,17203,NSE_EQ
SYRMA,10793,NSE_EQ
SYSTANGO,14506,NSE_EQ
SYSTMTXC,759355,NSE_EQ
TAALTECH,762929,NSE_EQ
TAC,23438,NSE_EQ
TACA29,763534,NSE_EQ
TAINWALCHM,3396,NSE_EQ
TAJGVK,9354,NSE_EQ
TAKE,14920,NSE_EQ
TALBROAUTO,13648,NSE_EQ
TAMBOLIIN,762934,NSE_EQ
TANKUP,756338,NSE_EQ
TANLA,13976,NSE_EQ
TAPIFRUIT,10986,NSE_EQ
TARACHAND,23512,NSE_EQ
TARAPUR,18827,NSE_EQ
TARC,1581,NSE_EQ
TARIL,15174,NSE_EQ
TARMAT,14771,NSE_EQ
TARSONS,6943,NSE_EQ
TASTYBITE,20092,NSE_EQ
TATACAP,759265,NSE_EQ
TATACHEM,3405,NSE_EQ
TATACOMM,3721,NSE_EQ
TATACONSUM,3432,NSE_EQ
TATAELXSI,3411,NSE_EQ
TATAGOLD,21401,NSE_EQ
TATAINVEST,1621,NSE_EQ
TATAPOWER,3426,NSE_EQ
TATASTEEL,3499,NSE_EQ
TATATECH,20293,NSE_EQ
TATSILV,21428,NSE_EQ
TATVA,5162,NSE_EQ
TAURIAN,759756,NSE_EQ
TBI,24019,NSE_EQ
TBOTEK,23740,NSE_EQ
TBZ,27037,NSE_EQ
TCC,761814,NSE_EQ
TCHF30,16894,NSE_EQ
TCI,10580,NSE_EQ
TCIEXP,19223,NSE_EQ
TCIFINANCE,8722,NSE_EQ
TCL,22777,NSE_EQ
TCPLPACK,184,NSE_EQ
TCS,11536,NSE_EQ
TDPOWERSYS,25178,NSE_EQ
TEAMGTY,10717,NSE_EQ
TEAMLEASE,12716,NSE_EQ
TEAMTECH,763568,NSE_EQ
TECH,6462,NSE_EQ
TECHD,759141,NSE_EQ
TECHERA,25652,NSE_EQ
TECHLABS,21093,NSE_EQ
TECHM,13538,NSE_EQ
TECHNOE,6445,NSE_EQ
TECHNVISN,762939,NSE_EQ
TECILCHEM,3453,NSE_EQ
TEGA,7105,NSE_EQ
TEJASCARGO,29723,NSE_EQ
TEJASNET,21131,NSE_EQ
TEMBO,3275,NSE_EQ
TENNIND,759880,NSE_EQ
TERASOFT,19292,NSE_EQ
TEXINFRA,11549,NSE_EQ
TEXMOPIPES,18214,NSE_EQ
TEXRAIL,21828,NSE_EQ
TFCILTD,3466,NSE_EQ
TFL,14319,NSE_EQ
TGBHOTELS,14607,NSE_EQ
TGL,23526,NSE_EQ
THACKER,762947,NSE_EQ
THAKDEV,762949,NSE_EQ
THANGAMAYL,18118,NSE_EQ
THEINVEST,21427,NSE_EQ
THEJO,19279,NSE_EQ
THELEELA,757014,NSE_EQ
THEMISMED,14485,NSE_EQ
THERMAX,3475,NSE_EQ
THESL,25648,NSE_EQ
THOMASCOOK,3481,NSE_EQ
THOMASCOTT,31017,NSE_EQ
THYROCARE,17032,NSE_EQ
TI,19196,NSE_EQ
TICL,19501,NSE_EQ
TIGERLOGS,759179,NSE_EQ
TIIL,14223,NSE_EQ
TIINDIA,312,NSE_EQ
TIJARIA,25482,NSE_EQ
TIL,3484,NSE_EQ
TIMESCAN,7800,NSE_EQ
TIMETECHNO,14707,NSE_EQ
TIMEX,762954,NSE_EQ
TIMKEN,14198,NSE_EQ
TINNARUBR,756020,NSE_EQ
TIPSFILMS,11374,NSE_EQ
TIPSMUSIC,9117,NSE_EQ
TIRUMALCHM,3496,NSE_EQ
TIRUPATI,21868,NSE_EQ
TIRUPATIFL,22284,NSE_EQ
TIT45,760720,NSE_EQ
TITAGARH,15414,NSE_EQ
TITAN,3506,NSE_EQ
TMB,10945,NSE_EQ
TMCV,759782,NSE_EQ
TMPV,3456,NSE_EQ
TNIDETF,8882,NSE_EQ
TNPETRO,3509,NSE_EQ
TNPL,3980,NSE_EQ
TNTELE,3512,NSE_EQ
TOKYOPLAST,9710,NSE_EQ
TOLINS,25262,NSE_EQ
TOP100CASE,24081,NSE_EQ
TOP10ADD,25171,NSE_EQ
TOP15IETF,757781,NSE_EQ
TOP20,760415,NSE_EQ
TORNTPHARM,3518,NSE_EQ
TORNTPOWER,13786,NSE_EQ
TOTAL,22423,NSE_EQ
TOUCHWOOD,16908,NSE_EQ
TPHQ,16996,NSE_EQ
TPL26,20622,NSE_EQ
TPLPLASTEH,9219,NSE_EQ
TRACXN,11582,NSE_EQ
TRANSPEK,3531,NSE_EQ
TRANSRAILL,28714,NSE_EQ
TRANSTEEL,19801,NSE_EQ
TRANSWIND,21260,NSE_EQ
TRANSWORLD,3129,NSE_EQ
TRAVELFOOD,757545,NSE_EQ
TREEHOUSE,25082,NSE_EQ
TREJHARA,7518,NSE_EQ
TREL,17795,NSE_EQ
TRENT,1964,NSE_EQ
TRF,17987,NSE_EQ
TRIDENT,9685,NSE_EQ
TRIDHYA,17210,NSE_EQ
TRIGYN,5428,NSE_EQ
TRITURBINE,25584,NSE_EQ
TRIVENI,13081,NSE_EQ
TROM,24645,NSE_EQ
TRU,9378,NSE_EQ
TRUALT,759210,NSE_EQ
TRUST,23417,NSE_EQ
TSC,757858,NSE_EQ
TSFINV,2183,NSE_EQ
TTKHLTCARE,11369,NSE_EQ
TTKPRESTIG,3546,NSE_EQ
TTL,14314,NSE_EQ
TTML,8954,NSE_EQ
TUNWAL,24520,NSE_EQ
TVSELECT,11265,NSE_EQ
TVSHLTD,29008,NSE_EQ
TVSINVIT,758598,NSE_EQ
TVSMNCRPS,761141,NSE_EQ
TVSMOTOR,8479,NSE_EQ
TVSSCS,18151,NSE_EQ
TVSSRICHAK,14245,NSE_EQ
TVTODAY,11275,NSE_EQ
TVVISION,18504,NSE_EQ
TWCGOLDETF,760482,NSE_EQ
UBL,16713,NSE_EQ
UCAL,3570,NSE_EQ
UCL,4214,NSE_EQ
UCOBANK,11223,NSE_EQ
UDS,19113,NSE_EQ
UEL,23507,NSE_EQ
UFBL,3127,NSE_EQ
UFLEX,1053,NSE_EQ
UFO,9039,NSE_EQ
UGARSUGAR,19578,NSE_EQ
UGROCAP,5313,NSE_EQ
UHTL,25938,NSE_EQ
UJJIVANSFB,15228,NSE_EQ
ULTRACEMCO,11532,NSE_EQ
ULTRAMAR,762961,NSE_EQ
UMA,13349,NSE_EQ
UMAEXPORTS,8845,NSE_EQ
UMESLTD,19145,NSE_EQ
UMIYA-MRO,8998,NSE_EQ
UNICHEMLAB,3579,NSE_EQ
UNIDT,204,NSE_EQ
UNIECOM,24809,NSE_EQ
UNIENTER,11293,NSE_EQ
UNIHEALTH,18591,NSE_EQ
UNIINFO,7797,NSE_EQ
UNILEX,25633,NSE_EQ
UNIMECH,28960,NSE_EQ
UNIONBANK,10753,NSE_EQ
UNIONGOLD,29687,NSE_EQ
UNIPARTS,13057,NSE_EQ
UNITDSPR,10447,NSE_EQ
UNITECH,3594,NSE_EQ
UNITEDPOLY,7564,NSE_EQ
UNITEDTEA,17999,NSE_EQ
UNIVAFOODS,10366,NSE_EQ
UNIVASTU,18977,NSE_EQ
UNIVCABLES,3607,NSE_EQ
UNIVPHOTO,17661,NSE_EQ
UNOMINDA,14154,NSE_EQ
UPL,11287,NSE_EQ
URAVIDEF,17071,NSE_EQ
URBAN,16888,NSE_EQ
URBANCO,759084,NSE_EQ
URJA,20203,NSE_EQ
USASEEDS,10610,NSE_EQ
USHAFIN,25952,NSE_EQ
USHAMART,8840,NSE_EQ
USK,14871,NSE_EQ
UTFDAIPIGI,30425,NSE_EQ
UTFDAIPIPI,30426,NSE_EQ
UTFIAIPIGI,24049,NSE_EQ
UTFIAIPRGI,24055,NSE_EQ
UTFIAIPRPI,24058,NSE_EQ
UTFIAIPRRI,24061,NSE_EQ
UTIAMC,527,NSE_EQ
UTIDGR36P1,14394,NSE_EQ
UTIDPP36P1,14395,NSE_EQ
UTIRGR36P1,14399,NSE_EQ
UTIRPP36P1,14401,NSE_EQ
UTKARSHBNK,17358,NSE_EQ
UTLSOLAR,759888,NSE_EQ
UTSSAV,24729,NSE_EQ
UTTAMSUGAR,13376,NSE_EQ
UWCSL,5945,NSE_EQ
UYFINCORP,25626,NSE_EQ
V1NSETEST,12863,NSE_EQ
V2RETAIL,14766,NSE_EQ
VADILALIND,24196,NSE_EQ
VAIBHAVGBL,11364,NSE_EQ
VAISHALI,16621,NSE_EQ
VAKRANGEE,13342,NSE_EQ
VAL30IETF,25851,NSE_EQ
VALIANTLAB,19220,NSE_EQ
VALIANTORG,330,NSE_EQ
VALUE,761511,NSE_EQ
VALUE360,763304,NSE_EQ
VAML,750191,NSE_EQ
VARDHACRLC,11220,NSE_EQ
VARDMNPOLY,3646,NSE_EQ
VARROC,3857,NSE_EQ
VASA,1274,NSE_EQ
VASCONEQ,18114,NSE_EQ
VASWANI,25340,NSE_EQ
VBL,18921,NSE_EQ
VCL,9020,NSE_EQ
VDEAL,25054,NSE_EQ
VEDL,3063,NSE_EQ
VEDPOWER,750550,NSE_EQ
VEEDOL,14019,NSE_EQ
VEEKAYEM,10713,NSE_EQ
VELJAN,762966,NSE_EQ
VELS,14590,NSE_EQ
VENKEYS,3757,NSE_EQ
VENTIVE,28847,NSE_EQ
VENUSPIPES,9592,NSE_EQ
VENUSREM,13856,NSE_EQ
VERA,2666,NSE_EQ
VERANDA,8890,NSE_EQ
VERITAAS,23775,NSE_EQ
VERTEXPLUS,14491,NSE_EQ
VERTIS,10757,NSE_EQ
VERTOZ,18865,NSE_EQ
VESUVIUS,3676,NSE_EQ
VETO,8652,NSE_EQ
VGINFOTECH,757060,NSE_EQ
VGL,13771,NSE_EQ
VGUARD,15362,NSE_EQ
VHL,11892,NSE_EQ
VHLTD,23386,NSE_EQ
VIAZ,14316,NSE_EQ
VICTORYEV,760694,NSE_EQ
VIDHIING,13536,NSE_EQ
VIDYAWIRES,760224,NSE_EQ
VIESL,25231,NSE_EQ
VIGOR,758908,NSE_EQ
VIJAYA,5585,NSE_EQ
VIJAYPD,760124,NSE_EQ
VIJIFIN,17695,NSE_EQ
VIKASECO,25756,NSE_EQ
VIKASLIFE,9931,NSE_EQ
VIKRAMSOLR,759453,NSE_EQ
VIKRAN,758973,NSE_EQ
VILAS,23909,NSE_EQ
VILINBIO,16960,NSE_EQ
VIMTALABS,13101,NSE_EQ
VINATIORGA,17364,NSE_EQ
VINCOFE,25835,NSE_EQ
VINDHYATEL,3694,NSE_EQ
VINEETLAB,3809,NSE_EQ
VINNY,12490,NSE_EQ
VINSYS,17898,NSE_EQ
VINYAS,19206,NSE_EQ
VINYLINDIA,16821,NSE_EQ
VIPCLOTHNG,14847,NSE_EQ
VIPIND,3703,NSE_EQ
VIPULLTD,8424,NSE_EQ
VIRINCHI,15295,NSE_EQ
VISACHROME,13298,NSE_EQ
VISAKAIND,4221,NSE_EQ
VISAMAN,24277,NSE_EQ
VISHNU,6908,NSE_EQ
VISHNUINFR,19300,NSE_EQ
VISHWARAJ,13702,NSE_EQ
VISHWAS,23370,NSE_EQ
VISL,750324,NSE_EQ
VITAL,761150,NSE_EQ
VIVIANA,763637,NSE_EQ
VIVIDEL,761771,NSE_EQ
VIVIDHA,29877,NSE_EQ
VIVIMEDLAB,11968,NSE_EQ
VIVO,7610,NSE_EQ
VIYASH,14296,NSE_EQ
VLEGOV,18021,NSE_EQ
VLINFRA,24609,NSE_EQ
VLSFINANCE,3715,NSE_EQ
VMARCIND,3188,NSE_EQ
VMART,29284,NSE_EQ
VMM,27969,NSE_EQ
VMSTMT,759153,NSE_EQ
VOGL,750460,NSE_EQ
VOLERCAR,29658,NSE_EQ
VOLTAMP,13577,NSE_EQ
VOLTAS,3718,NSE_EQ
VPRPL,18343,NSE_EQ
VR,23018,NSE_EQ
VRAJ,24321,NSE_EQ
VRLLOG,8696,NSE_EQ
VSCL,20974,NSE_EQ
VSSL,27067,NSE_EQ
VSTIND,3724,NSE_EQ
VSTL,22730,NSE_EQ
VSTTILLERS,24292,NSE_EQ
VTL,2073,NSE_EQ
WAAREEENER,25907,NSE_EQ
WAAREEINDO,19955,NSE_EQ
WAAREERTL,756038,NSE_EQ
WABAG,20188,NSE_EQ
WAKEFIT,760259,NSE_EQ
WALCHANNAG,3736,NSE_EQ
WALPAR,5013,NSE_EQ
WANBURY,14063,NSE_EQ
WCIL,25403,NSE_EQ
WEALTH,1923,NSE_EQ
WEBELSOLAR,14602,NSE_EQ
WEIZMANIND,3748,NSE_EQ
WEL,7835,NSE_EQ
WELCORP,11821,NSE_EQ
WELENT,11626,NSE_EQ
WELINV,19804,NSE_EQ
WELSPLSOL,762971,NSE_EQ
WELSPUNLIV,11253,NSE_EQ
WENDT,4235,NSE_EQ
WESTLIFE,11580,NSE_EQ
WEWIN,9865,NSE_EQ
WEWORK,759434,NSE_EQ
WHEELS,3766,NSE_EQ
WHIRLPOOL,18011,NSE_EQ
WHITEFORCE,757668,NSE_EQ
WILLAMAGOR,3772,NSE_EQ
WINDLAS,5366,NSE_EQ
WINDMACHIN,24969,NSE_EQ
WINNY,24173,NSE_EQ
WINSOL,23714,NSE_EQ
WINSOME,14757,NSE_EQ
WIPL,20481,NSE_EQ
WIPRO,3787,NSE_EQ
WOCKPHARMA,7506,NSE_EQ
WOL3D,25605,NSE_EQ
WOMANCART,19627,NSE_EQ
WONDERLA,3002,NSE_EQ
WORTHPERI,22277,NSE_EQ
WPIL,762978,NSE_EQ
WSI,14828,NSE_EQ
WSTCSTPAPR,3799,NSE_EQ
WTICAB,22725,NSE_EQ
XCHANGING,11705,NSE_EQ
XELPMOC,8477,NSE_EQ
XPROINDIA,11407,NSE_EQ
XTGLOBAL,25235,NSE_EQ
YAAP,760873,NSE_EQ
YASHO,18131,NSE_EQ
YASHOPTICS,23451,NSE_EQ
YATHARTH,17738,NSE_EQ
YATRA,18760,NSE_EQ
YCCL,17627,NSE_EQ
YESBANK,11915,NSE_EQ
YUDIZ,18040,NSE_EQ
YUKEN,5501,NSE_EQ
ZAGGLE,18608,NSE_EQ
ZEAL,17766,NSE_EQ
ZEEL,3812,NSE_EQ
ZEELEARN,20856,NSE_EQ
ZEEMEDIA,14003,NSE_EQ
ZENITHDRUG,22803,NSE_EQ
ZENITHEXPO,4176,NSE_EQ
ZENITHSTL,14562,NSE_EQ
ZENSARTECH,1076,NSE_EQ
ZENTEC,7508,NSE_EQ
ZFCVINDIA,16915,NSE_EQ
ZFSTEERING,4229,NSE_EQ
ZIMLAB,12412,NSE_EQ
ZODIAC,7138,NSE_EQ
ZODIACLOTH,3821,NSE_EQ
ZOTA,11394,NSE_EQ
ZSARACOM,762985,NSE_EQ
ZTECH,23976,NSE_EQ
ZUARI,29050,NSE_EQ
ZUARIIND,3827,NSE_EQ
ZYDUSLIFE,7929,NSE_EQ
ZYDUSWELL,17635,NSE_EQ
