"S.No","Important Note: All systems in Dhan (Web & App), Options Trader (App), TradingView (tv.dhan.co) and APIs (dhanhq.com) are all real-time. Quickest way to check for Margin, Leverage and Risk controls is in the app or web. We update this sheet multiple times to reflect near live status. Scrip Name","ISIN No","Intraday ","MTF","T+5","","","","","","","","","","","","","","","","","","",""
"1","GOLDSTAR","INE405Y01021","1 x","-","-","1","Market Orders, Limit Order and Trigger Orders","","","","","","","","","","","","","","","","",""
"2","ARE&M","INE885A01032","5 x","3.28 x","-","2","Iceberg Orders: Place large orders on Dhan and instantly slice them in 100 legs to get time priority for Execution","","","","","","","","","","","","","","","","",""
"3","FACT","INE188A01015","5 x","2.82 x","-","3","Basket Orders: Build a basket of scrips and execute them as once. Execute Option Strategies via Basket","","","","","","","","","","","","","","","","",""
"4","EMAMIPAP","INE830C01026","2 x","-","2 x","4","Webhook Orders: Automate your trading with TradingView without writing a single line of code","","","","","","","","","","","","","","","","",""
"5","GODREJCP","INE102D01028","5 x","4.55 x","-","5","Forever Orders: Create orders and trigger them a your will (also know was GTT or Good Till Trigger)","","","","","","","","","","","","","","","","",""
"6","SCHAEFFLER","INE513A01022","5 x","3.33 x","-","6","Draft Orders: Save your orders for right opportinuties, execute at will.","","","","","","","","","","","","","","","","",""
"7","ORICONENT","INE730A01022","1 x","2 x","-","7","Flash Orders: Designed for Options Traders - available for all F&O contracts on BSE, NSE & MCX","","","","","","","","","","","","","","","","",""
"8","SETFNIF50","INF200KA1FS1","5 x","5 x","-","8","Reverse Orders: 1-tap reverse your positions when direction of market changes.","","","","","","","","","","","","","","","","",""
"9","BALKRISHNA","INE875R01011","1 x","-","-","9","SIPs on Stocks & ETF: For long term investors on Dhan","","","","","","","","","","","","","","","","",""
"10","ADANIENSOL","INE931S01010","5 x","3.33 x","-","","","","","","","","","","","","","","","","","","",""
"11","MANORAMA","INE00VM01036","5 x","2.71 x","-","","","","","","","","","","","","","","","","","","",""
"12","FEDERALBNK","INE171A01029","5 x","4.55 x","-","","Special Features for Traders","","","","","","","","","","","","","","","","",""
"13","CONFIPET","INE552D01024","5 x","2 x","-","1","Manage your Positions, built from scratch for Super Trader in you","","","","","","","","","","","","","","","","",""
"14","SYNGENE","INE398R01022","5 x","3.33 x","-","2","Trader's Controls: Comprehensive tools to reduce losses and control your risk","","","","","","","","","","","","","","","","",""
"15","EMKAYTOOLS","INE332S01011","1 x","-","-","3","Trade Directly from Charts, with Instant Orders for Scalping","","","","","","","","","","","","","","","","",""
"16","NGLFINE","INE887E01022","5 x","2 x","-","4","Custom Strategy Builder on App and Web with Options Trader app","","","","","","","","","","","","","","","","",""
"17","KAYA","INE587G01015","1 x","-","2 x","5","Trade directly from TradingView - First broker in India to make this available","","","","","","","","","","","","","","","","",""
"18","AYMSYNTEX","INE193B01039","5 x","2 x","-","6","MTF or Margin Trading facility for Swing Traders","","","","","","","","","","","","","","","","",""
"19","KCK","INE0J1E01027","1 x","-","-","","","","","","","","","","","","","","","","","","",""
"20","PPL","INE050001010","5 x","-","-","","","","","","","","","","","","","","","","","","",""
"21","AARON","INE721Z01010","2 x","1 x","-","","Pledge Benefits provided by Dhan:","","","","","","","","","","","","","","","","",""
"22","AURUM","INE898S01029","5 x","2 x","-","1","Pledge and Unpledge on Dhan is Instant ⚡","","","","","","","","","","","","","","","","",""
"23","PKTEA","INE431F01018","1 x","-","-","2","Pledge shares are available always in your portfolio, they are not removed from your holdings 😀","","","","","","","","","","","","","","","","",""
"24","SKP","INE0KZA01016","1 x","-","-","3","Pledge benefit is available for you through the trading week ","","","","","","","","","","","","","","","","",""
"25","DGCONTENT","INE03JI01017","1 x","-","-","4","Pledge stocks when sold, un-pledge happens in real-time and in-line. No need to unpledge separately before selling.","","","","","","","","","","","","","","","","",""
"26","RADHIKAJWE","INE583V01021","5 x","-","-","5","Pledge benefit is always available in real-time, and you can see hair-cut on every scrip in real-time as well.","","","","","","","","","","","","","","","","",""
"27","CSLFINANCE","INE718F01018","5 x","1 x","-","","","","","","","","","","","","","","","","","","",""
"28","FINCABLES","INE235A01022","5 x","2.79 x","-","","Where can pledge benefit be used on Dhan","","","","","","","","","","","","","","","","",""
"29","JISLJALEQS","INE175A01038","5 x","2.67 x","-","1","Everywhere, across all exchanges - BSE, NSE & MCX","","","","","","","","","","","","","","","","",""
"30","SHAREINDIA","INE932X01026","5 x","2.04 x","-","2","Across all Segments","","","","","","","","","","","","","","","","",""
"31","STEELCITY","INE395H01011","1 x","-","-",""," - Equity","","","","","","","","","","","","","","","","",""
"32","KSHITIJPOL","INE013801027","1 x","-","-",""," - ETF","","","","","","","","","","","","","","","","",""
"33","FINPIPE","INE183A01024","5 x","3.33 x","-",""," - Futures","","","","","","","","","","","","","","","","",""
"34","MUTHOOTCAP","INE296G01013","5 x","1 x","-",""," - Options (yes, for Buying & Selling)","","","","","","","","","","","","","","","","",""
"35","DYCL","INE600Y01019","5 x","2.36 x","-",""," - Commodities","","","","","","","","","","","","","","","","",""
"36","BNKETFAXIS","INF846K01X63","5 x","3.77 x","-",""," - Currency","","","","","","","","","","","","","","","","",""
"37","LUPIN","INE326A01037","5 x","4.55 x","-","","","","","","","","","","","","","","","","","","",""
"38","UNITDSPR","INE854D01024","5 x","4.55 x","-","","Always, the best investing & trading experience on Dhan :-)","","","","","","","","","","","","","","","","",""
"39","SATIN","INE836B01017","5 x","2.5 x","-","","","","","","","","","","","","","","","","","","",""
"40","ARVSMART","INE034S01021","5 x","2.5 x","-","","","","","","","","","","","","","","","","","","",""
"41","POWERMECH","INE211R01019","5 x","2.99 x","-","","","","","","","","","","","","","","","","","","",""
"42","RAMRAT","INE207E01023","5 x","2.5 x","-","","","","","","","","","","","","","","","","","","",""
"43","AGNI","INE0LF301013","1 x","-","-","","","","","","","","","","","","","","","","","","",""
"44","MOHEALTH","INF247L01BB1","5 x","3.77 x","-","","","","","","","","","","","","","","","","","","",""
"45","NIFTYBETA","INF789F1AZC0","5 x","5 x","-","","","","","","","","","","","","","","","","","","",""
"46","CONS","INF174KA1ZF8","5 x","3.33 x","-","","","","","","","","","","","","","","","","","","",""
"47","SENSEXBETA","INF789FB1X58","5 x","5 x","-","","","","","","","","","","","","","","","","","","",""
"48","UFLEX","INE516A01017","5 x","1.56 x","-","","","","","","","","","","","","","","","","","","",""
"49","SHARDAMOTR","INE597I01028","5 x","2.86 x","-","","","","","","","","","","","","","","","","","","",""
"50","NAVKARCORP","INE278M01019","5 x","2.76 x","-","","","","","","","","","","","","","","","","","","",""
"51","RAMAPHO","INE809A01032","1 x","1.67 x","-","","","","","","","","","","","","","","","","","","",""
"52","NIFTYBEES","INF204KB14I2","5 x","5 x","-","","","","","","","","","","","","","","","","","","",""
"53","KRBL","INE001B01026","5 x","2.97 x","-","","","","","","","","","","","","","","","","","","",""
"54","MPSLTD","INE943D01017","5 x","1 x","-","","","","","","","","","","","","","","","","","","",""
"55","MARKSANS","INE750C01026","5 x","2.76 x","-","","","","","","","","","","","","","","","","","","",""
"56","TCI","INE688A01022","5 x","3.33 x","-","","","","","","","","","","","","","","","","","","",""
"57","MOM30IETF","INF109KC17C7","5 x","5 x","-","","","","","","","","","","","","","","","","","","",""
"58","SHREEPUSHK","INE712K01011","5 x","2 x","-","","","","","","","","","","","","","","","","","","",""
"59","LOYALTEX","INE970D01010","1 x","-","-","","","","","","","","","","","","","","","","","","",""
"60","GUJENERGY","INE844O01030","5 x","2.9 x","-","","","","","","","","","","","","","","","","","","",""
"61","BHARTIARTL","INE397D01024","5 x","4.55 x","-","","","","","","","","","","","","","","","","","","",""
"62","USASEEDS","INE0CBM01019","1 x","-","-","","","","","","","","","","","","","","","","","","",""
"63","SADBHIN","INE764L01010","1 x","-","-","","","","","","","","","","","","","","","","","","",""
"64","HDFCNEXT50","INF179KC1HS2","5 x","5 x","-","","","","","","","","","","","","","","","","","","",""
"65","HDFCNIF100","INF179KC1HR4","5 x","5 x","-","","","","","","","","","","","","","","","","","","",""
"66","ASAL","INE900C01027","5 x","2 x","-","","","","","","","","","","","","","","","","","","",""
"67","OLECTRA","INE260D01016","5 x","2.85 x","-","","","","","","","","","","","","","","","","","","",""
"68","PONNIERODE","INE838E01017","5 x","1.67 x","-","","","","","","","","","","","","","","","","","","",""
"69","PNB","INE160A01022","5 x","4.35 x","-","","","","","","","","","","","","","","","","","","",""
"70","MNC","INF174KA1JF2","5 x","5 x","-","","","","","","","","","","","","","","","","","","",""
"71","SHAIVAL","INE262S01010","1 x","-","-","","","","","","","","","","","","","","","","","","",""
"72","NIFTYQLITY","INF209KB15K4","5 x","5 x","-","","","","","","","","","","","","","","","","","","",""
"73","MOMENTUM","INF209KB14K7","5 x","5 x","-","","","","","","","","","","","","","","","","","","",""
"74","SURANAT&P","INE130B01031","1 x","-","-","","","","","","","","","","","","","","","","","","",""
"75","VEEKAYEM","INE0KTW01013","1 x","-","-","","","","","","","","","","","","","","","","","","",""
"76","TEAMGTY","INE289C01025","1 x","-","-","","","","","","","","","","","","","","","","","","",""
"77","INFRAIETF","INF109KC16E5","5 x","3.77 x","-","","","","","","","","","","","","","","","","","","",""
"78","INDIAMART","INE933S01016","5 x","3.59 x","-","","","","","","","","","","","","","","","","","","",""
"79","FOSECOIND","INE519A01011","5 x","2.86 x","-","","","","","","","","","","","","","","","","","","",""
"80","SPORTKING","INE885H01029","5 x","2 x","-","","","","","","","","","","","","","","","","","","",""
"81","OFSS","INE881D01027","5 x","4.09 x","-","","","","","","","","","","","","","","","","","","",""
"82","UNIONBANK","INE692A01016","5 x","4.17 x","-","","","","","","","","","","","","","","","","","","",""
"83","APTECHT","INE266F01018","5 x","-","-","","","","","","","","","","","","","","","","","","",""
"84","ZENSARTECH","INE520A01027","5 x","2.97 x","-","","","","","","","","","","","","","","","","","","",""
"85","SILVERADD","INF740KA1ZQ0","5 x","2.67 x","-","","","","","","","","","","","","","","","","","","",""
"86","OAL","INE959C01023","5 x","-","2 x","","","","","","","","","","","","","","","","","","",""
"87","AHIMSA","INE136T01014","1 x","-","-","","","","","","","","","","","","","","","","","","",""
"88","NOIDATOLL","INE781B01015","1 x","-","-","","","","","","","","","","","","","","","","","","",""
"89","NUCLEUS","INE096B01018","5 x","2.5 x","-","","","","","","","","","","","","","","","","","","",""
"90","SYRMA","INE0DYJ01015","5 x","2.74 x","-","","","","","","","","","","","","","","","","","","",""
"91","CANBK","INE476A01022","5 x","4.35 x","-","","","","","","","","","","","","","","","","","","",""
"92","MOQUALITY","INF247L01BH8","5 x","5 x","-","","","","","","","","","","","","","","","","","","",""
"93","MOVALUE","INF247L01BE5","5 x","5 x","-","","","","","","","","","","","","","","","","","","",""
"94","SEYAIND","INE573R01012","1 x","-","-","","","","","","","","","","","","","","","","","","",""
"95","GABRIEL","INE524A01029","5 x","2.61 x","-","","","","","","","","","","","","","","","","","","",""
"96","DREAMFOLKS","INE0JS101016","5 x","1 x","-","","","","","","","","","","","","","","","","","","",""
"97","GVPTECH","INE382T01030","2 x","-","-","","","","","","","","","","","","","","","","","","",""
"98","GRMOVER","INE192H01020","5 x","2 x","-","","","","","","","","","","","","","","","","","","",""
"99","HDFCSILVER","INF179KC1DI2","5 x","2.6 x","-","","","","","","","","","","","","","","","","","","",""
"100","JFLLIFE","INE0LA901015","1 x","-","-","","","","","","","","","","","","","","","","","","",""
"101","KORE","INE0J6801010","1 x","-","-","","","","","","","","","","","","","","","","","","",""
"102","DBOL","INE0I3401014","5 x","-","-","","","","","","","","","","","","","","","","","","",""
"103","AMEYA","INE0KT901015","1 x","-","-","","","","","","","","","","","","","","","","","","",""
"104","GENESYS","INE727B01026","5 x","1.56 x","-","","","","","","","","","","","","","","","","","","",""
"105","OMAXAUTO","INE090B01011","5 x","-","-","","","","","","","","","","","","","","","","","","",""
"106","GODREJIND","INE233A01035","5 x","2.91 x","-","","","","","","","","","","","","","","","","","","",""
"107","RADAAN","INE874F01027","1 x","-","-","","","","","","","","","","","","","","","","","","",""
"108","JUNIORBEES","INF732E01045","5 x","5 x","-","","","","","","","","","","","","","","","","","","",""
"109","DIVISLAB","INE361B01024","5 x","4.55 x","-","","","","","","","","","","","","","","","","","","",""
"110","TMB","INE668A01016","5 x","3.17 x","-","","","","","","","","","","","","","","","","","","",""
"111","STCINDIA","INE655A01013","1 x","2 x","-","","","","","","","","","","","","","","","","","","",""
"112","MEGAFLEX","INE0G1D01014","1 x","-","-","","","","","","","","","","","","","","","","","","",""
"113","TAPIFRUIT","INE0M7001010","1 x","-","-","","","","","","","","","","","","","","","","","","",""
"114","RADICO","INE944F01028","5 x","4 x","-","","","","","","","","","","","","","","","","","","",""
"115","INDORAMA","INE156A01020","5 x","1 x","-","","","","","","","","","","","","","","","","","","",""
"116","ISHAN","INE0LCW01025","1 x","-","-","","","","","","","","","","","","","","","","","","",""
"117","MARUTI","INE585B01010","5 x","4.55 x","-","","","","","","","","","","","","","","","","","","",""
"118","GARFIBRES","INE276A01018","5 x","3.05 x","-","","","","","","","","","","","","","","","","","","",""
"119","LIQUIDBEES","INF732E01037","5 x","5 x","-","","","","","","","","","","","","","","","","","","",""
"120","INFOBEAN","INE344S01016","5 x","2 x","-","","","","","","","","","","","","","","","","","","",""
"121","BANKIETF","INF109KC15I8","5 x","3.77 x","-","","","","","","","","","","","","","","","","","","",""
"122","DCMNVL","INE08KP01019","1 x","-","-","","","","","","","","","","","","","","","","","","",""
"123","SATIA","INE170E01023","5 x","-","2 x","","","","","","","","","","","","","","","","","","",""
"124","SIRCA","INE792Z01011","5 x","2.5 x","-","","","","","","","","","","","","","","","","","","",""
"125","SECURKLOUD","INE650K01021","1 x","-","-","","","","","","","","","","","","","","","","","","",""
"126","KSOLVES","INE0D6I01023","5 x","2 x","-","","","","","","","","","","","","","","","","","","",""
"127","NATHBIOGEN","INE448G01010","5 x","-","2 x","","","","","","","","","","","","","","","","","","",""
"128","AGRITECH","INE449G01018","1 x","-","-","","","","","","","","","","","","","","","","","","",""
"129","GFSTEELS","INE534A01028","1 x","-","-","","","","","","","","","","","","","","","","","","",""
"130","LIBAS","INE908V01012","1 x","-","-","","","","","","","","","","","","","","","","","","",""
"131","DANGEE","INE688Y01022","1 x","-","-","","","","","","","","","","","","","","","","","","",""
"132","SUMIT","INE748Z01013","5 x","-","-","","","","","","","","","","","","","","","","","","",""
"133","CNL","INE985W01018","5 x","-","2 x","","","","","","","","","","","","","","","","","","",""
"134","HARSHA","INE0JUS01029","5 x","2.86 x","-","","","","","","","","","","","","","","","","","","",""
"135","COFFEEDAY","INE335K01011","5 x","-","2 x","","","","","","","","","","","","","","","","","","",""
"136","IDFCFIRSTB","INE092T01019","5 x","4.35 x","-","","","","","","","","","","","","","","","","","","",""
"137","SILVERAXIS","INF846K011K1","5 x","2.68 x","-","","","","","","","","","","","","","","","","","","",""
"138","INDIGO","INE646L01027","5 x","4 x","-","","","","","","","","","","","","","","","","","","",""
"139","KANDARP","INE0MOT01016","1 x","-","-","","","","","","","","","","","","","","","","","","",""
"140","SHK","INE500L01026","5 x","2.5 x","-","","","","","","","","","","","","","","","","","","",""
"141","MAKS","INE0CDK01019","1 x","-","-","","","","","","","","","","","","","","","","","","",""
"142","UCOBANK","INE691A01018","5 x","3.33 x","-","","","","","","","","","","","","","","","","","","",""
"143","BAGFILMS","INE116D01028","1 x","-","-","","","","","","","","","","","","","","","","","","",""
"144","SUVEN","INE495B01038","5 x","1 x","-","","","","","","","","","","","","","","","","","","",""
"145","JSL","INE220G01021","5 x","3.26 x","-","","","","","","","","","","","","","","","","","","",""
"146","NSIL","INE023A01030","5 x","2.5 x","-","","","","","","","","","","","","","","","","","","",""
"147","HDFCGROWTH","INF179KC1DJ0","5 x","3.77 x","-","","","","","","","","","","","","","","","","","","",""
"148","WELSPUNLIV","INE192B01031","5 x","2.81 x","-","","","","","","","","","","","","","","","","","","",""
"149","HDFCQUAL","INF179KC1DL6","5 x","5 x","-","","","","","","","","","","","","","","","","","","",""
"150","JAIBALAJI","INE091G01026","5 x","1 x","-","","","","","","","","","","","","","","","","","","",""
"151","HDFCVALUE","INF179KC1DK8","5 x","3.77 x","-","","","","","","","","","","","","","","","","","","",""
"152","IGL","INE203G01027","5 x","3.33 x","-","","","","","","","","","","","","","","","","","","",""
"153","TVSELECT","INE236G01019","5 x","2 x","-","","","","","","","","","","","","","","","","","","",""
"154","GHCL","INE539A01019","5 x","3.33 x","-","","","","","","","","","","","","","","","","","","",""
"155","DREDGECORP","INE506A01018","5 x","2.48 x","-","","","","","","","","","","","","","","","","","","",""
"156","TVTODAY","INE038F01029","5 x","2 x","-","","","","","","","","","","","","","","","","","","",""
"157","UPL","INE628A01036","5 x","4.17 x","-","","","","","","","","","","","","","","","","","","",""
"158","GTECJAINX","INE586X01012","1 x","-","-","","","","","","","","","","","","","","","","","","",""
"159","UNIENTER","INE037A01022","1 x","-","2 x","","","","","","","","","","","","","","","","","","",""
"160","SIL","INE173A01025","1 x","-","-","","","","","","","","","","","","","","","","","","",""
"161","LUXIND","INE150G01020","5 x","2.8 x","-","","","","","","","","","","","","","","","","","","",""
"162","BALAXI","INE618N01022","2 x","-","-","","","","","","","","","","","","","","","","","","",""
"163","LICNETFN50","INF767K01OS7","5 x","5 x","-","","","","","","","","","","","","","","","","","","",""
"164","MUKANDLTD","INE304A01026","5 x","2.5 x","-","","","","","","","","","","","","","","","","","","",""
"165","APOLLO","INE713T01028","5 x","2.43 x","-","","","","","","","","","","","","","","","","","","",""
"166","AFFLE","INE00WC01027","5 x","3.2 x","-","","","","","","","","","","","","","","","","","","",""
"167","PETRONET","INE347G01014","5 x","4.35 x","-","","","","","","","","","","","","","","","","","","",""
"168","PTC","INE877F01012","5 x","3.18 x","-","","","","","","","","","","","","","","","","","","",""
"169","DHANBANK","INE680A01011","5 x","2 x","-","","","","","","","","","","","","","","","","","","",""
"170","VAIBHAVGBL","INE884A01027","5 x","2.86 x","-","","","","","","","","","","","","","","","","","","",""
"171","TTKHLTCARE","INE910C01018","5 x","2 x","-","","","","","","","","","","","","","","","","","","",""
"172","BIOCON","INE376G01013","5 x","4.17 x","-","","","","","","","","","","","","","","","","","","",""
"173","TIPSFILMS","INE0LQS01015","5 x","-","-","","","","","","","","","","","","","","","","","","",""
"174","MAHABANK","INE457A01014","5 x","3.33 x","-","","","","","","","","","","","","","","","","","","",""
"175","PVTBANIETF","INF109KC18U7","5 x","3.77 x","-","","","","","","","","","","","","","","","","","","",""
"176","GICHSGFIN","INE289B01019","5 x","2 x","-","","","","","","","","","","","","","","","","","","",""
"177","ZOTA","INE358U01012","5 x","2.77 x","-","","","","","","","","","","","","","","","","","","",""
"178","SALZERELEC","INE457F01013","5 x","2.73 x","-","","","","","","","","","","","","","","","","","","",""
"179","POONAWALLA","INE511C01022","5 x","3.08 x","-","","","","","","","","","","","","","","","","","","",""
"180","XPROINDIA","INE445C01015","5 x","2.5 x","-","","","","","","","","","","","","","","","","","","",""
"181","RKFORGE","INE399G01023","5 x","3.08 x","-","","","","","","","","","","","","","","","","","","",""
"182","DATAMATICS","INE365B01017","5 x","2.84 x","-","","","","","","","","","","","","","","","","","","",""
"183","NDTV","INE155G01029","5 x","2 x","-","","","","","","","","","","","","","","","","","","",""
"184","KRITINUT","INE798K01010","2 x","-","-","","","","","","","","","","","","","","","","","","",""
"185","SPANDANA","INE572J01011","5 x","2.5 x","-","","","","","","","","","","","","","","","","","","",""
"186","BANKBEES","INF204KB15I9","5 x","3.77 x","-","","","","","","","","","","","","","","","","","","",""
"187","LICNETFSEN","INF767K01OT5","5 x","-","2 x","","","","","","","","","","","","","","","","","","",""
"188","PILANIINVS","INE417C01014","5 x","2.86 x","-","","","","","","","","","","","","","","","","","","",""
"189","CMRSL","INE075Z01011","1 x","-","-","","","","","","","","","","","","","","","","","","",""
"190","GIPCL","INE162A01010","5 x","2.5 x","-","","","","","","","","","","","","","","","","","","",""
"191","CCL","INE421D01022","5 x","3.25 x","-","","","","","","","","","","","","","","","","","","",""
"192","NV20","INF174KA1ZE1","5 x","3.77 x","-","","","","","","","","","","","","","","","","","","",""
"193","EXCELINDUS","INE369A01029","5 x","2 x","-","","","","","","","","","","","","","","","","","","",""
"194","LLOYDS","INE0DTQ01028","1 x","-","-","","","","","","","","","","","","","","","","","","",""
"195","KRIDHANINF","INE524L01026","1 x","-","-","","","","","","","","","","","","","","","","","","",""
"196","LT","INE018A01030","5 x","4.44 x","-","","","","","","","","","","","","","","","","","","",""
"197","APARINDS","INE372A01015","5 x","2.69 x","-","","","","","","","","","","","","","","","","","","",""
"198","AMBICAAGAR","INE792B01012","1 x","-","-","","","","","","","","","","","","","","","","","","",""
"199","SWASTIK","INE0DGC01025","1 x","-","-","","","","","","","","","","","","","","","","","","",""
"200","CENTEXT","INE281A01026","5 x","-","-","","","","","","","","","","","","","","","","","","",""
"201","NIITLTD","INE161A01038","5 x","1 x","-","","","","","","","","","","","","","","","","","","",""
"202","GLAXO","INE159A01016","5 x","3.33 x","-","","","","","","","","","","","","","","","","","","",""
"203","EMIL","INE02YR01019","5 x","2.71 x","-","","","","","","","","","","","","","","","","","","",""
"204","ULTRACEMCO","INE481G01011","5 x","4.55 x","-","","","","","","","","","","","","","","","","","","",""
"205","TCS","INE467B01029","5 x","4.55 x","-","","","","","","","","","","","","","","","","","","",""
"206","HDFCMOMENT","INF179KC1HV6","5 x","5 x","-","","","","","","","","","","","","","","","","","","",""
"207","COFORGE","INE591G01025","5 x","3.81 x","-","","","","","","","","","","","","","","","","","","",""
"208","HDFCLOWVOL","INF179KC1HU8","5 x","5 x","-","","","","","","","","","","","","","","","","","","",""
"209","TEXINFRA","INE435C01024","5 x","2.5 x","-","","","","","","","","","","","","","","","","","","",""
"210","GLFL","INE540A01017","1 x","-","-","","","","","","","","","","","","","","","","","","",""
"211","DCI","INE0A1101019","5 x","-","-","","","","","","","","","","","","","","","","","","",""
"212","PPLPHARMA","INE0DK501011","5 x","3.11 x","-","","","","","","","","","","","","","","","","","","",""
"213","FORCEMOT","INE451A01017","5 x","3.3 x","-","","","","","","","","","","","","","","","","","","",""
"214","WESTLIFE","INE274F01020","5 x","3.03 x","-","","","","","","","","","","","","","","","","","","",""
"215","TRACXN","INE0HMF01019","3.03030303030303 x","-","2 x","","","","","","","","","","","","","","","","","","",""
"216","GULFPETRO","INE586G01017","1 x","-","-","","","","","","","","","","","","","","","","","","",""
"217","HDFCNIFTY","INF179KC1965","5 x","5 x","-","","","","","","","","","","","","","","","","","","",""
"218","HDFCSENSEX","INF179KC1HX2","5 x","5 x","-","","","","","","","","","","","","","","","","","","",""
"219","LINCOLN","INE405C01035","5 x","2 x","-","","","","","","","","","","","","","","","","","","",""
"220","GUFICBIO","INE742B01025","5 x","2.5 x","-","","","","","","","","","","","","","","","","","","",""
"221","PHANTOMFX","INE0MLZ01019","1 x","-","-","","","","","","","","","","","","","","","","","","",""
"222","ASTRAMICRO","INE386C01029","5 x","1 x","-","","","","","","","","","","","","","","","","","","",""
"223","GTL","INE043A01012","1 x","-","-","","","","","","","","","","","","","","","","","","",""
"224","WELENT","INE625G01013","5 x","1.56 x","-","","","","","","","","","","","","","","","","","","",""
"225","NARMADA","INE117Z01029","5 x","-","-","","","","","","","","","","","","","","","","","","",""
"226","NTPC","INE733E01010","5 x","4.55 x","-","","","","","","","","","","","","","","","","","","",""
"227","SALSTEEL","INE658G01014","1 x","-","-","","","","","","","","","","","","","","","","","","",""
"228","NEWGEN","INE619B01017","5 x","2.53 x","-","","","","","","","","","","","","","","","","","","",""
"229","BOHRAIND","INE802W01023","1 x","-","-","","","","","","","","","","","","","","","","","","",""
"230","KOTARISUG","INE419A01022","1 x","-","-","","","","","","","","","","","","","","","","","","",""
"231","LALPATHLAB","INE600L01024","5 x","3.47 x","-","","","","","","","","","","","","","","","","","","",""
"232","JBMA","INE927D01051","5 x","2.86 x","-","","","","","","","","","","","","","","","","","","",""
"233","DWARKESH","INE366A01041","5 x","2 x","-","","","","","","","","","","","","","","","","","","",""
"234","INDOCO","INE873D01024","5 x","2.5 x","-","","","","","","","","","","","","","","","","","","",""
"235","GMBREW","INE075D01018","5 x","2.5 x","-","","","","","","","","","","","","","","","","","","",""
"236","SUPRAJIT","INE399C01030","5 x","3.32 x","-","","","","","","","","","","","","","","","","","","",""
"237","PATELENG","INE244B01030","5 x","2.04 x","-","","","","","","","","","","","","","","","","","","",""
"238","OMFURN","INE338Y01016","1 x","-","-","","","","","","","","","","","","","","","","","","",""
"239","ALKEM","INE540L01014","5 x","4.55 x","-","","","","","","","","","","","","","","","","","","",""
"240","XCHANGING","INE692G01013","5 x","1 x","-","","","","","","","","","","","","","","","","","","",""
"241","JSWSTEEL","INE019A01038","5 x","4.55 x","-","","","","","","","","","","","","","","","","","","",""
"242","CONSOFINVT","INE025A01027","1 x","-","2 x","","","","","","","","","","","","","","","","","","",""
"243","GNFC","INE113A01013","5 x","3.26 x","-","","","","","","","","","","","","","","","","","","",""
"244","JINDALPHOT","INE796G01012","5 x","2 x","-","","","","","","","","","","","","","","","","","","",""
"245","JPPOWER","INE351F01018","5 x","2.62 x","-","","","","","","","","","","","","","","","","","","",""
"246","VISHAL","INE755Q01025","1 x","-","-","","","","","","","","","","","","","","","","","","",""
"247","GOKEX","INE887G01027","5 x","2.5 x","-","","","","","","","","","","","","","","","","","","",""
"248","ACEINTEG","INE543V01017","1 x","-","-","","","","","","","","","","","","","","","","","","",""
"249","EVEREADY","INE128A01029","5 x","2.5 x","-","","","","","","","","","","","","","","","","","","",""
"250","GOYALALUM","INE705X01026","1 x","-","-","","","","","","","","","","","","","","","","","","",""
"251","SAKSOFT","INE667G01023","5 x","2.5 x","-","","","","","","","","","","","","","","","","","","",""
"252","HPIL","INE05X901010","1 x","-","-","","","","","","","","","","","","","","","","","","",""
"253","ALLDIGI","INE835G01018","5 x","2 x","-","","","","","","","","","","","","","","","","","","",""
"254","SUKHJITS","INE450E01029","2 x","1 x","-","","","","","","","","","","","","","","","","","","",""
"255","IIFL","INE530B01024","5 x","2.89 x","-","","","","","","","","","","","","","","","","","","",""
"256","GODFRYPHLP","INE260B01028","5 x","3.21 x","-","","","","","","","","","","","","","","","","","","",""
"257","SHOPERSTOP","INE498B01024","5 x","2.5 x","-","","","","","","","","","","","","","","","","","","",""
"258","MANGALAM","INE584F01014","1 x","-","-","","","","","","","","","","","","","","","","","","",""
"259","WELCORP","INE191B01025","5 x","1 x","-","","","","","","","","","","","","","","","","","","",""
"260","SSWL","INE802C01033","5 x","2.89 x","-","","","","","","","","","","","","","","","","","","",""
"261","NH","INE410P01011","5 x","3.4 x","-","","","","","","","","","","","","","","","","","","",""
"262","KENNAMET","INE717A01029","5 x","-","2 x","","","","","","","","","","","","","","","","","","",""
"263","CYBERMEDIA","INE278G01037","1 x","-","-","","","","","","","","","","","","","","","","","","",""
"264","AMBER","INE371P01015","5 x","3.61 x","-","","","","","","","","","","","","","","","","","","",""
"265","SURYALAXMI","INE713B01026","1 x","-","-","","","","","","","","","","","","","","","","","","",""
"266","SHAHALLOYS","INE640C01011","1 x","-","-","","","","","","","","","","","","","","","","","","",""
"267","GLAND","INE068V01023","5 x","3.22 x","-","","","","","","","","","","","","","","","","","","",""
"268","JKPAPER","INE789E01012","5 x","3.08 x","-","","","","","","","","","","","","","","","","","","",""
"269","PRIMESECU","INE032B01021","5 x","-","2 x","","","","","","","","","","","","","","","","","","",""
"270","63MOONS","INE111B01023","5 x","2 x","-","","","","","","","","","","","","","","","","","","",""
"271","GRANULES","INE101D01020","5 x","3.3 x","-","","","","","","","","","","","","","","","","","","",""
"272","JSWHL","INE824G01012","5 x","2.86 x","-","","","","","","","","","","","","","","","","","","",""
"273","MANINDS","INE993A01026","5 x","2.45 x","-","","","","","","","","","","","","","","","","","","",""
"274","VHL","INE701A01023","2 x","-","2 x","","","","","","","","","","","","","","","","","","",""
"275","DCXINDIA","INE0KL801015","5 x","2.76 x","-","","","","","","","","","","","","","","","","","","",""
"276","GEOJITFSL","INE007B01023","5 x","2.5 x","-","","","","","","","","","","","","","","","","","","",""
"277","FMGOETZE","INE529A01010","5 x","2.5 x","-","","","","","","","","","","","","","","","","","","",""
"278","IPSL","INE02EE01019","1 x","-","-","","","","","","","","","","","","","","","","","","",""
"279","GENUSPOWER","INE955D01029","5 x","2.86 x","-","","","","","","","","","","","","","","","","","","",""
"280","SWELECTES","INE409B01013","5 x","2 x","-","","","","","","","","","","","","","","","","","","",""
"281","RITEZONE","INE0MRA01019","1 x","-","-","","","","","","","","","","","","","","","","","","",""
"282","YESBANK","INE528G01035","5 x","4.17 x","-","","","","","","","","","","","","","","","","","","",""
"283","MSPL","INE752G01015","5 x","2 x","-","","","","","","","","","","","","","","","","","","",""
"284","NECLIFE","INE023H01027","1 x","-","-","","","","","","","","","","","","","","","","","","",""
"285","FUSION","INE139R01012","5 x","2.5 x","-","","","","","","","","","","","","","","","","","","",""
"286","SPLIL","INE978G01016","1 x","-","-","","","","","","","","","","","","","","","","","","",""
"287","AMIABLE","INE0MTP01013","1 x","-","-","","","","","","","","","","","","","","","","","","",""
"288","MCLEODRUSS","INE942G01012","5 x","-","-","","","","","","","","","","","","","","","","","","",""
"289","MEDANTA","INE474Q01031","5 x","3.33 x","-","","","","","","","","","","","","","","","","","","",""
"290","KANSAINER","INE531A01024","5 x","3.53 x","-","","","","","","","","","","","","","","","","","","",""
"291","SEMAC","INE617A01013","1 x","-","-","","","","","","","","","","","","","","","","","","",""
"292","BIKAJI","INE00E101023","5 x","3.52 x","-","","","","","","","","","","","","","","","","","","",""
"293","GOLDIAM","INE025B01025","5 x","2.46 x","-","","","","","","","","","","","","","","","","","","",""
"294","RML","INE050H01012","5 x","2.5 x","-","","","","","","","","","","","","","","","","","","",""
"295","HTMEDIA","INE501G01024","5 x","-","2 x","","","","","","","","","","","","","","","","","","",""
"296","SASKEN","INE231F01020","5 x","2.5 x","-","","","","","","","","","","","","","","","","","","",""
"297","ICIL","INE483B01026","5 x","2.44 x","-","","","","","","","","","","","","","","","","","","",""
"298","SYNCOMF","INE312C01025","5 x","1.56 x","-","","","","","","","","","","","","","","","","","","",""
"299","FCSSOFT","INE512B01022","1 x","-","-","","","","","","","","","","","","","","","","","","",""
"300","ESG","INF769K01GS9","5 x","5 x","-","","","","","","","","","","","","","","","","","","",""
"301","FAZE3Q","INE963C01033","5 x","-","2 x","","","","","","","","","","","","","","","","","","",""
"302","IMPAL","INE547E01014","5 x","2 x","-","","","","","","","","","","","","","","","","","","",""
"303","AEROENTER","INE065D01027","5 x","1 x","-","","","","","","","","","","","","","","","","","","",""
"304","SUZLON","INE040H01021","5 x","3.97 x","-","","","","","","","","","","","","","","","","","","",""
"305","AURIONPRO","INE132H01018","5 x","2.73 x","-","","","","","","","","","","","","","","","","","","",""
"306","ACI","INE128X01021","5 x","3.19 x","-","","","","","","","","","","","","","","","","","","",""
"307","RENUKA","INE087H01022","5 x","3.1 x","-","","","","","","","","","","","","","","","","","","",""
"308","FIVESTAR","INE128S01021","5 x","3.01 x","-","","","","","","","","","","","","","","","","","","",""
"309","BASML","INE186H01022","1 x","-","-","","","","","","","","","","","","","","","","","","",""
"310","PRAXIS","INE546Y01022","1 x","-","-","","","","","","","","","","","","","","","","","","",""
"311","GOODYEAR","INE533A01012","5 x","-","-","","","","","","","","","","","","","","","","","","",""
"312","SCPL","INE501Y01019","1 x","-","-","","","","","","","","","","","","","","","","","","",""
"313","KAYNES","INE918Z01012","5 x","2.11 x","-","","","","","","","","","","","","","","","","","","",""
"314","HDFCNIFIT","INF179KC1IA8","5 x","3.71 x","-","","","","","","","","","","","","","","","","","","",""
"315","HDFCPVTBAN","INF179KC1HZ7","5 x","3.77 x","-","","","","","","","","","","","","","","","","","","",""
"316","DOLATALGO","INE966A01022","5 x","2.5 x","-","","","","","","","","","","","","","","","","","","",""
"317","DELTAMAGNT","INE393A01011","1 x","-","-","","","","","","","","","","","","","","","","","","",""
"318","BBTCL","INE01EE01011","1 x","-","2 x","","","","","","","","","","","","","","","","","","",""
"319","HNDFDS","INE254N01026","5 x","3.47 x","-","","","","","","","","","","","","","","","","","","",""
"320","INOXGREEN","INE510W01014","5 x","2.5 x","-","","","","","","","","","","","","","","","","","","",""
"321","RUSTOMJEE","INE263M01029","5 x","3.3 x","-","","","","","","","","","","","","","","","","","","",""
"322","GRASIM","INE047A01021","5 x","4.55 x","-","","","","","","","","","","","","","","","","","","",""
"323","GREAVESCOT","INE224A01026","5 x","2.74 x","-","","","","","","","","","","","","","","","","","","",""
"324","ZIMLAB","INE518E01015","5 x","-","-","","","","","","","","","","","","","","","","","","",""
"325","GSFC","INE026A01025","5 x","3.33 x","-","","","","","","","","","","","","","","","","","","",""
"326","SWSOLAR","INE00M201021","5 x","2.83 x","-","","","","","","","","","","","","","","","","","","",""
"327","VINNY","INE01KI01027","1 x","-","-","","","","","","","","","","","","","","","","","","",""
"328","CASTROLIND","INE172A01027","5 x","3.77 x","-","","","","","","","","","","","","","","","","","","",""
"329","AAATECH","INE0D0U01013","1 x","-","-","","","","","","","","","","","","","","","","","","",""
"330","FINIETF","INF109KC17L8","5 x","3.77 x","-","","","","","","","","","","","","","","","","","","",""
"331","PRECAM","INE484I01029","5 x","2.5 x","-","","","","","","","","","","","","","","","","","","",""
"332","GUJALKALI","INE186A01019","5 x","2.86 x","-","","","","","","","","","","","","","","","","","","",""
"333","MBAPL","INE900L01028","5 x","2.95 x","-","","","","","","","","","","","","","","","","","","",""
"334","AMBUJACEM","INE079A01024","5 x","4.17 x","-","","","","","","","","","","","","","","","","","","",""
"335","TEAMLEASE","INE985S01024","5 x","2.5 x","-","","","","","","","","","","","","","","","","","","",""
"336","DJML","INE0B1K01014","5 x","-","2 x","","","","","","","","","","","","","","","","","","",""
"337","ROUTE","INE450U01017","5 x","3.14 x","-","","","","","","","","","","","","","","","","","","",""
"338","HYBRIDFIN","INE965B01022","1 x","-","-","","","","","","","","","","","","","","","","","","",""
"339","KRISHANA","INE506W01020","5 x","2.5 x","-","","","","","","","","","","","","","","","","","","",""
"340","GFLLIMITED","INE538A01037","2 x","-","2 x","","","","","","","","","","","","","","","","","","",""
"341","SARVESHWAR","INE324X01026","1 x","-","-","","","","","","","","","","","","","","","","","","",""
"342","PRITIKA","INE0MJQ01020","1 x","-","-","","","","","","","","","","","","","","","","","","",""
"343","NPBET","INF277K010X4","5 x","-","-","","","","","","","","","","","","","","","","","","",""
"344","BAHETI","INE029Q01017","1 x","-","-","","","","","","","","","","","","","","","","","","",""
"345","ABB","INE117A01022","5 x","4.33 x","-","","","","","","","","","","","","","","","","","","",""
"346","DHARMAJ","INE00OQ01016","5 x","-","2 x","","","","","","","","","","","","","","","","","","",""
"347","SAFARI","INE429E01023","5 x","3.21 x","-","","","","","","","","","","","","","","","","","","",""
"348","UNIPARTS","INE244O01017","5 x","2.5 x","-","","","","","","","","","","","","","","","","","","",""
"349","360ONE","INE466L01038","5 x","4 x","-","","","","","","","","","","","","","","","","","","",""
"350","IIFLCAPS","INE489L01022","5 x","2.86 x","-","","","","","","","","","","","","","","","","","","",""
"351","TRIVENI","INE256C01024","5 x","1 x","-","","","","","","","","","","","","","","","","","","",""
"352","SILVER1","INF174KA1ZD3","5 x","2.5 x","-","","","","","","","","","","","","","","","","","","",""
"353","AIAENG","INE212H01026","5 x","3.45 x","-","","","","","","","","","","","","","","","","","","",""
"354","EKC","INE184H01027","5 x","2.5 x","-","","","","","","","","","","","","","","","","","","",""
"355","ARHAM","INE0L2Y01011","1 x","-","-","","","","","","","","","","","","","","","","","","",""
"356","VIMTALABS","INE579C01029","5 x","2.5 x","-","","","","","","","","","","","","","","","","","","",""
"357","NAHARINDUS","INE289A01011","5 x","-","2 x","","","","","","","","","","","","","","","","","","",""
"358","ORIENTCER","INE569C01020","5 x","-","2 x","","","","","","","","","","","","","","","","","","",""
"359","QUICKHEAL","INE306L01010","5 x","-","-","","","","","","","","","","","","","","","","","","",""
"360","KERNEX","INE202H01019","5 x","2 x","-","","","","","","","","","","","","","","","","","","",""
"361","REPRO","INE461B01014","5 x","-","2 x","","","","","","","","","","","","","","","","","","",""
"362","HARRMALAYA","INE544A01019","1 x","-","2 x","","","","","","","","","","","","","","","","","","",""
"363","EBBETF0433","INF754K01QX0","5 x","-","2 x","","","","","","","","","","","","","","","","","","",""
"364","GSEC10IETF","INF109KC18O0","5 x","5 x","-","","","","","","","","","","","","","","","","","","",""
"365","PVRINOX","INE191H01014","5 x","3.32 x","-","","","","","","","","","","","","","","","","","","",""
"366","GALAXYSURF","INE600K01018","5 x","3.11 x","-","","","","","","","","","","","","","","","","","","",""
"367","CELEBRITY","INE185H01016","1 x","-","-","","","","","","","","","","","","","","","","","","",""
"368","NITINSPIN","INE229H01012","5 x","2.5 x","-","","","","","","","","","","","","","","","","","","",""
"369","ROHLTD","INE283H01019","5 x","1 x","-","","","","","","","","","","","","","","","","","","",""
"370","RCOM","INE330H01018","1 x","-","-","","","","","","","","","","","","","","","","","","",""
"371","ENIL","INE265F01028","5 x","2 x","-","","","","","","","","","","","","","","","","","","",""
"372","COMMOIETF","INF109KC19O8","5 x","3.77 x","-","","","","","","","","","","","","","","","","","","",""
"373","ALLETEC","INE0M2X01012","1 x","-","-","","","","","","","","","","","","","","","","","","",""
"374","JAGRAN","INE199G01027","5 x","2.5 x","-","","","","","","","","","","","","","","","","","","",""
"375","SULA","INE142Q01026","5 x","2.5 x","-","","","","","","","","","","","","","","","","","","",""
"376","SADBHAV","INE226H01026","1 x","-","-","","","","","","","","","","","","","","","","","","",""
"377","SAKUMA","INE190H01024","1 x","-","-","","","","","","","","","","","","","","","","","","",""
"378","KEC","INE389H01022","5 x","3.04 x","-","","","","","","","","","","","","","","","","","","",""
"379","HCL-INSYS","INE236A01020","1 x","-","-","","","","","","","","","","","","","","","","","","",""
"380","JKCEMENT","INE823G01014","5 x","3.33 x","-","","","","","","","","","","","","","","","","","","",""
"381","INDOTECH","INE332H01014","5 x","-","-","","","","","","","","","","","","","","","","","","",""
"382","LANDMARK","INE559R01029","5 x","2.5 x","-","","","","","","","","","","","","","","","","","","",""
"383","MARINE","INE01JE01028","5 x","2 x","-","","","","","","","","","","","","","","","","","","",""
"384","M&MFIN","INE774D01024","5 x","3.07 x","-","","","","","","","","","","","","","","","","","","",""
"385","AFSL","INE00ZE01026","5 x","2 x","-","","","","","","","","","","","","","","","","","","",""
"386","BLKASHYAP","INE350H01032","5 x","2.5 x","-","","","","","","","","","","","","","","","","","","",""
"387","VISACHROME","INE286H01012","5 x","-","-","","","","","","","","","","","","","","","","","","",""
"388","NITCO","INE858F01012","5 x","2 x","-","","","","","","","","","","","","","","","","","","",""
"389","CENTURYPLY","INE348B01021","5 x","3.5 x","-","","","","","","","","","","","","","","","","","","",""
"390","KEI","INE878B01027","5 x","3.85 x","-","","","","","","","","","","","","","","","","","","",""
"391","HDFCBANK","INE040A01034","5 x","4.55 x","-","","","","","","","","","","","","","","","","","","",""
"392","SOLARINDS","INE343H01029","5 x","3.9 x","-","","","","","","","","","","","","","","","","","","",""
"393","GALLANTT","INE297H01019","5 x","2.58 x","-","","","","","","","","","","","","","","","","","","",""
"394","ARIHANTACA","INE0NCC01015","1 x","-","-","","","","","","","","","","","","","","","","","","",""
"395","VAKRANGEE","INE051B01021","5 x","2 x","-","","","","","","","","","","","","","","","","","","",""
"396","UMA","INE067901012","1 x","-","-","","","","","","","","","","","","","","","","","","",""
"397","MALUPAPER","INE383H01017","1 x","-","-","","","","","","","","","","","","","","","","","","",""
"398","KFINTECH","INE138Y01010","5 x","3.83 x","-","","","","","","","","","","","","","","","","","","",""
"399","SGL","INE353H01010","1 x","-","-","","","","","","","","","","","","","","","","","","",""
"400","UTTAMSUGAR","INE786F01031","5 x","2 x","-","","","","","","","","","","","","","","","","","","",""
"401","SDBL","INE480C01038","5 x","2.61 x","-","","","","","","","","","","","","","","","","","","",""
"402","KKCL","INE401H01017","5 x","2.5 x","-","","","","","","","","","","","","","","","","","","",""
"403","BHAGERIA","INE354C01027","5 x","-","2 x","","","","","","","","","","","","","","","","","","",""
"404","VARDHACRLC","INE116G01013","1 x","-","2 x","","","","","","","","","","","","","","","","","","",""
"405","SUNTV","INE424H01027","5 x","3.31 x","-","","","","","","","","","","","","","","","","","","",""
"406","GPIL","INE177H01039","5 x","3.09 x","-","","","","","","","","","","","","","","","","","","",""
"407","RSYSTEMS","INE411H01032","5 x","2.86 x","-","","","","","","","","","","","","","","","","","","",""
"408","EMKAY","INE296H01011","1 x","-","2 x","","","","","","","","","","","","","","","","","","",""
"409","ELIN","INE050401020","5 x","2 x","-","","","","","","","","","","","","","","","","","","",""
"410","KELLTONTEC","INE164B01030","5 x","2.5 x","-","","","","","","","","","","","","","","","","","","",""
"411","LOKESHMACH","INE397H01017","5 x","-","-","","","","","","","","","","","","","","","","","","",""
"412","BALPHARMA","INE083D01012","1 x","-","-","","","","","","","","","","","","","","","","","","",""
"413","RATNAMANI","INE703B01027","5 x","2.9 x","-","","","","","","","","","","","","","","","","","","",""
"414","KAMDHENU","INE390H01020","5 x","-","-","","","","","","","","","","","","","","","","","","",""
"415","PIONEEREMB","INE156C01018","1 x","-","-","","","","","","","","","","","","","","","","","","",""
"416","HEROMOTOCO","INE158A01026","5 x","4.44 x","-","","","","","","","","","","","","","","","","","","",""
"417","JKLAKSHMI","INE786A01032","5 x","3.49 x","-","","","","","","","","","","","","","","","","","","",""
"418","PFOCUS","INE367G01038","5 x","-","-","","","","","","","","","","","","","","","","","","",""
"419","ALLCARGO","INE418H01029","5 x","1 x","-","","","","","","","","","","","","","","","","","","",""
"420","MOXSH","INE0N6D01014","1 x","-","-","","","","","","","","","","","","","","","","","","",""
"421","AKASH","INE737W01013","1 x","-","-","","","","","","","","","","","","","","","","","","",""
"422","MUNJALAU","INE672B01032","5 x","2 x","-","","","","","","","","","","","","","","","","","","",""
"423","EMAMILTD","INE548C01032","5 x","3.44 x","-","","","","","","","","","","","","","","","","","","",""
"424","HOMESFY","INE0N7F01017","1 x","-","-","","","","","","","","","","","","","","","","","","",""
"425","GMRAIRPORT","INE776C01039","5 x","4 x","-","","","","","","","","","","","","","","","","","","",""
"426","PARAMPARA","INE749Y01014","1 x","-","-","","","","","","","","","","","","","","","","","","",""
"427","NECCLTD","INE553C01016","1 x","-","-","","","","","","","","","","","","","","","","","","",""
"428","VIDHIING","INE632C01026","5 x","2 x","-","","","","","","","","","","","","","","","","","","",""
"429","TECHM","INE669C01036","5 x","4.55 x","-","","","","","","","","","","","","","","","","","","",""
"430","AVONMORE","INE323B01024","5 x","-","2 x","","","","","","","","","","","","","","","","","","",""
"431","GRINDWELL","INE536A01023","5 x","3.07 x","-","","","","","","","","","","","","","","","","","","",""
"432","RAMANEWS","INE278B01020","1 x","-","2 x","","","","","","","","","","","","","","","","","","",""
"433","MANUGRAPH","INE867A01022","1 x","-","-","","","","","","","","","","","","","","","","","","",""
"434","VOLTAMP","INE540H01012","5 x","2.82 x","-","","","","","","","","","","","","","","","","","","",""
"435","RADIANTCMS","INE855R01021","5 x","1 x","-","","","","","","","","","","","","","","","","","","",""
"436","ATLANTAA","INE285H01022","1 x","-","2 x","","","","","","","","","","","","","","","","","","",""
"437","ACE","INE731H01025","5 x","3.07 x","-","","","","","","","","","","","","","","","","","","",""
"438","HGM","INE596H01014","1 x","-","-","","","","","","","","","","","","","","","","","","",""
"439","ANTELOPUS","INE818A01017","5 x","1 x","-","","","","","","","","","","","","","","","","","","",""
"440","ANDHRSUGAR","INE715B01021","5 x","2 x","-","","","","","","","","","","","","","","","","","","",""
"441","HIMATSEIDE","INE049A01027","5 x","2.85 x","-","","","","","","","","","","","","","","","","","","",""
"442","IRCTC","INE335Y01020","5 x","3.72 x","-","","","","","","","","","","","","","","","","","","",""
"443","GOLDKART","INE06MH01016","1 x","-","-","","","","","","","","","","","","","","","","","","",""
"444","ANANTRAJ","INE242C01024","5 x","2.73 x","-","","","","","","","","","","","","","","","","","","",""
"445","HINDALCO","INE038A01020","5 x","4.35 x","-","","","","","","","","","","","","","","","","","","",""
"446","SKYGOLD","INE01IU01018","5 x","1 x","-","","","","","","","","","","","","","","","","","","",""
"447","JMFINANCIL","INE780C01023","5 x","2.89 x","-","","","","","","","","","","","","","","","","","","",""
"448","ELECON","INE205B01031","5 x","2.8 x","-","","","","","","","","","","","","","","","","","","",""
"449","BANKADD","INF740KA1RX3","5 x","3.33 x","-","","","","","","","","","","","","","","","","","","",""
"450","TALBROAUTO","INE187D01029","5 x","2.5 x","-","","","","","","","","","","","","","","","","","","",""
"451","ALICON","INE062D01024","5 x","2 x","-","","","","","","","","","","","","","","","","","","",""
"452","ANLON","INE0LR101013","1 x","-","-","","","","","","","","","","","","","","","","","","",""
"453","GEECEE","INE916G01016","2 x","-","2 x","","","","","","","","","","","","","","","","","","",""
"454","MADHUCON","INE378D01032","1 x","-","-","","","","","","","","","","","","","","","","","","",""
"455","NRL","INE0JM501013","1 x","-","2 x","","","","","","","","","","","","","","","","","","",""
"456","AERONEU","INE035801013","1 x","-","-","","","","","","","","","","","","","","","","","","",""
"457","INFOMEDIA","INE669A01022","1 x","-","-","","","","","","","","","","","","","","","","","","",""
"458","VISHWARAJ","INE430N01022","1 x","-","-","","","","","","","","","","","","","","","","","","",""
"459","FIEMIND","INE737H01014","5 x","3.13 x","-","","","","","","","","","","","","","","","","","","",""
"460","HINDCOMPOS","INE310C01029","5 x","-","2 x","","","","","","","","","","","","","","","","","","",""
"461","JHS","INE544H01014","1 x","-","-","","","","","","","","","","","","","","","","","","",""
"462","DCBBANK","INE503A01015","5 x","3.12 x","-","","","","","","","","","","","","","","","","","","",""
"463","INSPIRISYS","INE020G01017","1 x","-","2 x","","","","","","","","","","","","","","","","","","",""
"464","CMNL","INE06PV01010","1 x","-","-","","","","","","","","","","","","","","","","","","",""
"465","GLOBALVECT","INE792H01019","1 x","-","-","","","","","","","","","","","","","","","","","","",""
"466","SHYAMTEL","INE635A01023","1 x","-","-","","","","","","","","","","","","","","","","","","",""
"467","GTLINFRA","INE221H01019","1 x","2 x","-","","","","","","","","","","","","","","","","","","",""
"468","HCC","INE549A01026","5 x","2.61 x","-","","","","","","","","","","","","","","","","","","",""
"469","FLUOROCHEM","INE09N301011","5 x","3.3 x","-","","","","","","","","","","","","","","","","","","",""
"470","NAUKRI","INE663F01032","5 x","4.31 x","-","","","","","","","","","","","","","","","","","","",""
"471","MANOMAY","INE784W01015","5 x","-","2 x","","","","","","","","","","","","","","","","","","",""
"472","SHIVAMAUTO","INE637H01024","1 x","-","-","","","","","","","","","","","","","","","","","","",""
"473","BBL","INE464A01036","5 x","2.86 x","-","","","","","","","","","","","","","","","","","","",""
"474","DUCOL","INE0LZO01015","1 x","-","-","","","","","","","","","","","","","","","","","","",""
"475","VGL","INE273D01027","1 x","-","2 x","","","","","","","","","","","","","","","","","","",""
"476","GESHIP","INE017A01032","5 x","3.15 x","-","","","","","","","","","","","","","","","","","","",""
"477","TORNTPOWER","INE813H01021","5 x","3.28 x","-","","","","","","","","","","","","","","","","","","",""
"478","BAIDFIN","INE020D01022","2 x","-","-","","","","","","","","","","","","","","","","","","",""
"479","PARSVNATH","INE561H01026","1 x","-","-","","","","","","","","","","","","","","","","","","",""
"480","MANALIPETC","INE201A01024","5 x","1 x","-","","","","","","","","","","","","","","","","","","",""
"481","SUTLEJTEX","INE645H01027","2 x","-","-","","","","","","","","","","","","","","","","","","",""
"482","GREENPANEL","INE08ZM01014","5 x","2.5 x","-","","","","","","","","","","","","","","","","","","",""
"483","KAMOPAINTS","INE0BTI01037","1 x","-","-","","","","","","","","","","","","","","","","","","",""
"484","LTFOODS","INE818H01020","5 x","2.99 x","-","","","","","","","","","","","","","","","","","","",""
"485","RUCHIRA","INE803H01014","5 x","1 x","-","","","","","","","","","","","","","","","","","","",""
"486","SOBHA","INE671H01015","5 x","3.23 x","-","","","","","","","","","","","","","","","","","","",""
"487","DONEAR","INE668D01028","5 x","-","2 x","","","","","","","","","","","","","","","","","","",""
"488","MMFL","INE227C01017","5 x","2.5 x","-","","","","","","","","","","","","","","","","","","",""
"489","VENUSREM","INE411B01019","1 x","-","-","","","","","","","","","","","","","","","","","","",""
"490","AARTIPHARM","INE0LRU01027","5 x","2.76 x","-","","","","","","","","","","","","","","","","","","",""
"491","KUANTUM","INE529I01021","5 x","-","2 x","","","","","","","","","","","","","","","","","","",""
"492","JINDRILL","INE742C01031","5 x","2.59 x","-","","","","","","","","","","","","","","","","","","",""
"493","BANCOINDIA","INE213C01025","5 x","2.73 x","-","","","","","","","","","","","","","","","","","","",""
"494","ARIHANT","INE413D01011","1 x","-","-","","","","","","","","","","","","","","","","","","",""
"495","HIRECT","INE835D01023","5 x","2 x","-","","","","","","","","","","","","","","","","","","",""
"496","CREST","INE559D01011","5 x","-","2 x","","","","","","","","","","","","","","","","","","",""
"497","PLASTIBLEN","INE083C01022","5 x","-","2 x","","","","","","","","","","","","","","","","","","",""
"498","NFL","INE870D01012","5 x","3.25 x","-","","","","","","","","","","","","","","","","","","",""
"499","ARISTO","INE082101010","1 x","-","-","","","","","","","","","","","","","","","","","","",""
"500","HINDUNILVR","INE030A01027","5 x","4.55 x","-","","","","","","","","","","","","","","","","","","",""
"501","PRAENG","INE505C01016","1 x","-","-","","","","","","","","","","","","","","","","","","",""
"502","LIQUID1","INF174KA1LV5","5 x","5 x","-","","","","","","","","","","","","","","","","","","",""
"503","PARACABLES","INE074B01023","5 x","2.42 x","-","","","","","","","","","","","","","","","","","","",""
"504","HBLENGINE","INE292B01021","5 x","2.79 x","-","","","","","","","","","","","","","","","","","","",""
"505","TANLA","INE483C01032","5 x","2.79 x","-","","","","","","","","","","","","","","","","","","",""
"506","JASH","INE039O01029","5 x","2.5 x","-","","","","","","","","","","","","","","","","","","",""
"507","ABSLBANETF","INF209KB17D5","5 x","3.77 x","-","","","","","","","","","","","","","","","","","","",""
"508","ZEEMEDIA","INE966H01019","5 x","2 x","-","","","","","","","","","","","","","","","","","","",""
"509","AVTNPL","INE488D01021","5 x","1 x","-","","","","","","","","","","","","","","","","","","",""
"510","LUMAXTECH","INE872H01027","5 x","2.59 x","-","","","","","","","","","","","","","","","","","","",""
"511","VEEDOL","INE484C01030","5 x","2.5 x","-","","","","","","","","","","","","","","","","","","",""
"512","HINDOILEXP","INE345A01011","5 x","2.77 x","-","","","","","","","","","","","","","","","","","","",""
"513","SARLAPOLY","INE453D01025","1 x","-","2 x","","","","","","","","","","","","","","","","","","",""
"514","GRCL","INE0LVM01018","1 x","-","-","","","","","","","","","","","","","","","","","","",""
"515","SANGHVIMOV","INE989A01032","5 x","2.57 x","-","","","","","","","","","","","","","","","","","","",""
"516","HINDPETRO","INE094A01015","5 x","4 x","-","","","","","","","","","","","","","","","","","","",""
"517","WANBURY","INE107F01022","5 x","-","-","","","","","","","","","","","","","","","","","","",""
"518","ASMS","INE855F01042","5 x","-","-","","","","","","","","","","","","","","","","","","",""
"519","SAGCEM","INE229C01021","5 x","2.04 x","-","","","","","","","","","","","","","","","","","","",""
"520","IGPL","INE204A01010","5 x","2.5 x","-","","","","","","","","","","","","","","","","","","",""
"521","SIYSIL","INE076B01028","5 x","2.5 x","-","","","","","","","","","","","","","","","","","","",""
"522","PTL","INE034D01049","2 x","-","2 x","","","","","","","","","","","","","","","","","","",""
"523","AUTOIND","INE718H01014","5 x","-","-","","","","","","","","","","","","","","","","","","",""
"524","NETWORK18","INE870H01013","5 x","2.92 x","-","","","","","","","","","","","","","","","","","","",""
"525","GANDHITUBE","INE524B01027","2 x","2 x","-","","","","","","","","","","","","","","","","","","",""
"526","AGI","INE415A01038","5 x","2.78 x","-","","","","","","","","","","","","","","","","","","",""
"527","PITTIENG","INE450D01021","5 x","2.5 x","-","","","","","","","","","","","","","","","","","","",""
"528","SBGLP","INE05ST01028","1 x","-","2 x","","","","","","","","","","","","","","","","","","",""
"529","GLOBAL","INE291W01037","5 x","-","2 x","","","","","","","","","","","","","","","","","","",""
"530","BTML","INE0EEJ01023","5 x","-","-","","","","","","","","","","","","","","","","","","",""
"531","UNOMINDA","INE405E01023","5 x","4 x","-","","","","","","","","","","","","","","","","","","",""
"532","SHERA","INE0MM001019","1 x","-","-","","","","","","","","","","","","","","","","","","",""
"533","IZMO","INE848A01014","5 x","-","2 x","","","","","","","","","","","","","","","","","","",""
"534","NSLNISP","INE0NNS01018","5 x","2.93 x","-","","","","","","","","","","","","","","","","","","",""
"535","NINSYS","INE395U01014","1 x","-","-","","","","","","","","","","","","","","","","","","",""
"536","TIMKEN","INE325A01013","5 x","3.33 x","-","","","","","","","","","","","","","","","","","","",""
"537","HUBTOWN","INE703H01016","5 x","2.5 x","-","","","","","","","","","","","","","","","","","","",""
"538","LRRPL","INE0H4B01011","1 x","-","-","","","","","","","","","","","","","","","","","","",""
"539","CTE","INE627H01017","1 x","-","-","","","","","","","","","","","","","","","","","","",""
"540","TIIL","INE545H01011","5 x","2.92 x","-","","","","","","","","","","","","","","","","","","",""
"541","HDFCBSE500","INF179KC1EZ4","5 x","5 x","-","","","","","","","","","","","","","","","","","","",""
"542","HDFCSML250","INF179KC1FB2","5 x","5 x","-","","","","","","","","","","","","","","","","","","",""
"543","HDFCMID150","INF179KC1HT0","5 x","5 x","-","","","","","","","","","","","","","","","","","","",""
"544","HINDZINC","INE267A01025","5 x","3.81 x","-","","","","","","","","","","","","","","","","","","",""
"545","TVSSRICHAK","INE421C01016","5 x","1.56 x","-","","","","","","","","","","","","","","","","","","",""
"546","REDINGTON","INE891D01026","5 x","2.75 x","-","","","","","","","","","","","","","","","","","","",""
"547","MHHL","INE450S01011","1 x","-","-","","","","","","","","","","","","","","","","","","",""
"548","PGIL","INE940H01022","5 x","2.58 x","-","","","","","","","","","","","","","","","","","","",""
"549","AGARWALFT","INE0MLA01012","1 x","-","-","","","","","","","","","","","","","","","","","","",""
"550","ORIENTBELL","INE607D01018","5 x","1 x","-","","","","","","","","","","","","","","","","","","",""
"551","GOLDETF","INF769K01JP9","5 x","3.65 x","-","","","","","","","","","","","","","","","","","","",""
"552","VIYASH","INE807F01027","5 x","2.81 x","-","","","","","","","","","","","","","","","","","","",""
"553","PFC","INE134E01011","5 x","4.32 x","-","","","","","","","","","","","","","","","","","","",""
"554","FSL","INE684F01012","5 x","2.64 x","-","","","","","","","","","","","","","","","","","","",""
"555","OSWALSEEDS","INE00IK01029","1 x","-","-","","","","","","","","","","","","","","","","","","",""
"556","INDIANB","INE562A01011","5 x","4.17 x","-","","","","","","","","","","","","","","","","","","",""
"557","TTL","INE592B01024","1 x","-","-","","","","","","","","","","","","","","","","","","",""
"558","VIAZ","INE0MO401019","1 x","-","-","","","","","","","","","","","","","","","","","","",""
"559","TFL","INE804H01012","1 x","-","-","","","","","","","","","","","","","","","","","","",""
"560","SMSPHARMA","INE812G01025","5 x","2.63 x","-","","","","","","","","","","","","","","","","","","",""
"561","HSCL","INE019C01026","5 x","3.01 x","-","","","","","","","","","","","","","","","","","","",""
"562","GANESHHOU","INE460C01014","5 x","2.99 x","-","","","","","","","","","","","","","","","","","","",""
"563","ORIENTALTL","INE998H01012","1 x","-","-","","","","","","","","","","","","","","","","","","",""
"564","APOLLOPIPE","INE126J01016","5 x","2.5 x","-","","","","","","","","","","","","","","","","","","",""
"565","IDEA","INE669E01016","5 x","3.33 x","-","","","","","","","","","","","","","","","","","","",""
"566","POCL","INE063E01061","5 x","2.5 x","-","","","","","","","","","","","","","","","","","","",""
"567","GODREJAGRO","INE850D01014","5 x","3.32 x","-","","","","","","","","","","","","","","","","","","",""
"568","AMDIND","INE005I01014","1 x","-","-","","","","","","","","","","","","","","","","","","",""
"569","RAJTV","INE952H01027","1 x","-","-","","","","","","","","","","","","","","","","","","",""
"570","PAGEIND","INE761H01022","5 x","4.55 x","-","","","","","","","","","","","","","","","","","","",""
"571","SRIVASAVI","INE0NPI01014","1 x","-","-","","","","","","","","","","","","","","","","","","",""
"572","ASTRAL","INE006I01046","5 x","4.35 x","-","","","","","","","","","","","","","","","","","","",""
"573","SANOFI","INE058A01010","5 x","3.77 x","-","","","","","","","","","","","","","","","","","","",""
"574","LAOPALA","INE059D01020","5 x","2.5 x","-","","","","","","","","","","","","","","","","","","",""
"575","GOLDBEES","INF204KB17I5","5 x","3.45 x","-","","","","","","","","","","","","","","","","","","",""
"576","JKTYRE","INE573A01042","5 x","3.11 x","-","","","","","","","","","","","","","","","","","","",""
"577","NAHARSPING","INE290A01027","5 x","-","-","","","","","","","","","","","","","","","","","","",""
"578","NAHARPOLY","INE308A01027","1 x","-","2 x","","","","","","","","","","","","","","","","","","",""
"579","EMBDL","INE069I01010","5 x","2 x","-","","","","","","","","","","","","","","","","","","",""
"580","LEXUS","INE500X01013","1 x","-","-","","","","","","","","","","","","","","","","","","",""
"581","KIRLFER","INE884B01025","5 x","2 x","-","","","","","","","","","","","","","","","","","","",""
"582","DIVGIITTS","INE753U01022","5 x","2 x","-","","","","","","","","","","","","","","","","","","",""
"583","HLVLTD","INE102A01024","5 x","-","-","","","","","","","","","","","","","","","","","","",""
"584","GOKULAGRO","INE314T01033","5 x","2.86 x","-","","","","","","","","","","","","","","","","","","",""
"585","THEMISMED","INE083B01024","5 x","1 x","-","","","","","","","","","","","","","","","","","","",""
"586","NCLIND","INE732C01016","5 x","2 x","-","","","","","","","","","","","","","","","","","","",""
"587","BALAMINES","INE050E01027","5 x","2.54 x","-","","","","","","","","","","","","","","","","","","",""
"588","SYSTANGO","INE0O7R01011","1 x","-","-","","","","","","","","","","","","","","","","","","",""
"589","BANSWRAS","INE629D01020","2 x","-","2 x","","","","","","","","","","","","","","","","","","",""
"590","ABSLLIQUID","INF209KB18T9","5 x","5 x","-","","","","","","","","","","","","","","","","","","",""
"591","ICRA","INE725G01011","5 x","3.72 x","-","","","","","","","","","","","","","","","","","","",""
"592","GOLDBETA","INF789F1AUX7","5 x","3.63 x","-","","","","","","","","","","","","","","","","","","",""
"593","DISHTV","INE836F01026","1 x","1 x","-","","","","","","","","","","","","","","","","","","",""
"594","NDLVENTURE","INE353A01023","1 x","-","-","","","","","","","","","","","","","","","","","","",""
"595","BIRLANU","INE557A01011","5 x","2.5 x","-","","","","","","","","","","","","","","","","","","",""
"596","PHOENIXLTD","INE211B01039","5 x","4.17 x","-","","","","","","","","","","","","","","","","","","",""
"597","AROGRANITE","INE210C01013","1 x","-","-","","","","","","","","","","","","","","","","","","",""
"598","ZENITHSTL","INE318D01020","1 x","-","-","","","","","","","","","","","","","","","","","","",""
"599","BFUTILITIE","INE243D01012","5 x","2 x","-","","","","","","","","","","","","","","","","","","",""
"600","MCON","INE0O4M01019","1 x","-","-","","","","","","","","","","","","","","","","","","",""
"601","SRHHYPOLTD","INE917H01012","5 x","1 x","-","","","","","","","","","","","","","","","","","","",""
"602","PSUBNKIETF","INF109KC10S8","5 x","3.77 x","-","","","","","","","","","","","","","","","","","","",""
"603","FORTIS","INE061F01013","5 x","4.35 x","-","","","","","","","","","","","","","","","","","","",""
"604","VELS","INE0I3H01019","1 x","-","-","","","","","","","","","","","","","","","","","","",""
"605","GSLSU","INE0JSX01015","1 x","-","-","","","","","","","","","","","","","","","","","","",""
"606","ALPHAGEO","INE137C01018","1 x","-","-","","","","","","","","","","","","","","","","","","",""
"607","WEBELSOLAR","INE855C01023","5 x","2 x","-","","","","","","","","","","","","","","","","","","",""
"608","TGBHOTELS","INE797H01018","1 x","-","-","","","","","","","","","","","","","","","","","","",""
"609","QFIL","INE0O1M01015","1 x","-","-","","","","","","","","","","","","","","","","","","",""
"610","CHEMBOND","INE995D01025","1 x","-","-","","","","","","","","","","","","","","","","","","",""
"611","HILTON","INE788H01017","1 x","-","-","","","","","","","","","","","","","","","","","","",""
"612","INSECTICID","INE070I01018","5 x","2 x","-","","","","","","","","","","","","","","","","","","",""
"613","KMSUGAR","INE157H01023","5 x","-","-","","","","","","","","","","","","","","","","","","",""
"614","JSWDULUX","INE133A01011","5 x","3.33 x","-","","","","","","","","","","","","","","","","","","",""
"615","NAVINFLUOR","INE048G01026","5 x","3.19 x","-","","","","","","","","","","","","","","","","","","",""
"616","GUJAPOLLO","INE826C01016","2 x","-","2 x","","","","","","","","","","","","","","","","","","",""
"617","GOACARBON","INE426D01013","5 x","1 x","-","","","","","","","","","","","","","","","","","","",""
"618","NAGREEKEXP","INE123B01028","1 x","-","-","","","","","","","","","","","","","","","","","","",""
"619","TIMETECHNO","INE508G01029","5 x","2.98 x","-","","","","","","","","","","","","","","","","","","",""
"620","HGS","INE170I01016","5 x","2.5 x","-","","","","","","","","","","","","","","","","","","",""
"621","ACCURACY","INE648Z01023","1 x","-","-","","","","","","","","","","","","","","","","","","",""
"622","NIRMAN","INE0OK701014","1 x","-","-","","","","","","","","","","","","","","","","","","",""
"623","DLF","INE271C01023","5 x","4.35 x","-","","","","","","","","","","","","","","","","","","",""
"624","SENSEXAXIS","INF846K010Q0","5 x","5 x","-","","","","","","","","","","","","","","","","","","",""
"625","ADVANIHOTR","INE199C01026","5 x","1 x","-","","","","","","","","","","","","","","","","","","",""
"626","IDBI","INE008A01015","5 x","2.73 x","-","","","","","","","","","","","","","","","","","","",""
"627","NELCAST","INE189I01024","5 x","2 x","-","","","","","","","","","","","","","","","","","","",""
"628","V2RETAIL","INE945H01021","5 x","2.5 x","-","","","","","","","","","","","","","","","","","","",""
"629","TARMAT","INE924H01018","2 x","-","-","","","","","","","","","","","","","","","","","","",""
"630","LOWVOL","INF769K01JU9","5 x","-","2 x","","","","","","","","","","","","","","","","","","",""
"631","SPARC","INE232I01014","5 x","2.51 x","-","","","","","","","","","","","","","","","","","","",""
"632","SIGMAADV","INE933B01012","1 x","-","-","","","","","","","","","","","","","","","","","","",""
"633","REPL","INE364Z01019","1 x","-","-","","","","","","","","","","","","","","","","","","",""
"634","ADSL","INE102I01027","5 x","2 x","-","","","","","","","","","","","","","","","","","","",""
"635","IFBAGRO","INE076C01018","5 x","-","-","","","","","","","","","","","","","","","","","","",""
"636","WSI","INE100D01014","5 x","1.67 x","-","","","","","","","","","","","","","","","","","","",""
"637","DECCANCE","INE583C01021","5 x","2 x","-","","","","","","","","","","","","","","","","","","",""
"638","VIPCLOTHNG","INE450G01024","5 x","-","-","","","","","","","","","","","","","","","","","","",""
"639","ALPA","INE385I01010","1 x","-","-","","","","","","","","","","","","","","","","","","",""
"640","IFBIND","INE559A01017","5 x","2.77 x","-","","","","","","","","","","","","","","","","","","",""
"641","OMAXE","INE800H01010","5 x","2.45 x","-","","","","","","","","","","","","","","","","","","",""
"642","GOLD1","INF174KA1HJ8","5 x","3.56 x","-","","","","","","","","","","","","","","","","","","",""
"643","USK","INE0N0Y01013","1 x","-","-","","","","","","","","","","","","","","","","","","",""
"644","ASIANTILES","INE022I01019","5 x","2 x","-","","","","","","","","","","","","","","","","","","",""
"645","CENTRALBK","INE483A01010","5 x","3.3 x","-","","","","","","","","","","","","","","","","","","",""
"646","AKI","INE642Z01026","1 x","-","-","","","","","","","","","","","","","","","","","","",""
"647","SAHYADRI","INE280H01015","5 x","-","2 x","","","","","","","","","","","","","","","","","","",""
"648","KDDL","INE291D01011","5 x","2.5 x","-","","","","","","","","","","","","","","","","","","",""
"649","IFCI","INE039A01010","5 x","2.42 x","-","","","","","","","","","","","","","","","","","","",""
"650","KPRMILL","INE930H01031","5 x","2.96 x","-","","","","","","","","","","","","","","","","","","",""
"651","TAKE","INE142I01023","1 x","-","-","","","","","","","","","","","","","","","","","","",""
"652","PURVA","INE323I01011","5 x","2.72 x","-","","","","","","","","","","","","","","","","","","",""
"653","LAL","INE740X01023","1 x","-","-","","","","","","","","","","","","","","","","","","",""
"654","CIEINDIA","INE536H01010","5 x","3.39 x","-","","","","","","","","","","","","","","","","","","",""
"655","GSEC10YEAR","INF769K01KF8","5 x","5 x","-","","","","","","","","","","","","","","","","","","",""
"656","RBA","INE07T201019","5 x","3.01 x","-","","","","","","","","","","","","","","","","","","",""
"657","NAGREEKCAP","INE245I01016","1 x","-","-","","","","","","","","","","","","","","","","","","",""
"658","MOTILALOFS","INE338I01027","5 x","3.66 x","-","","","","","","","","","","","","","","","","","","",""
"659","INDOWIND","INE227G01018","5 x","-","-","","","","","","","","","","","","","","","","","","",""
"660","MAGNUM","INE387I01016","1 x","-","-","","","","","","","","","","","","","","","","","","",""
"661","CSBBANK","INE679A01013","5 x","2.9 x","-","","","","","","","","","","","","","","","","","","",""
"662","SHIVAMILLS","INE644Y01017","1 x","-","-","","","","","","","","","","","","","","","","","","",""
"663","KSCL","INE455I01029","5 x","3.1 x","-","","","","","","","","","","","","","","","","","","",""
"664","POWERGRID","INE752E01010","5 x","4.55 x","-","","","","","","","","","","","","","","","","","","",""
"665","CENTUM","INE320B01020","5 x","2.52 x","-","","","","","","","","","","","","","","","","","","",""
"666","CCCL","INE429I01024","1 x","-","2 x","","","","","","","","","","","","","","","","","","",""
"667","SOTAC","INE0O2D01012","1 x","-","-","","","","","","","","","","","","","","","","","","",""
"668","ASCOM","INE08KD01015","1 x","-","-","","","","","","","","","","","","","","","","","","",""
"669","SUPREMEINF","INE550H01011","5 x","-","2 x","","","","","","","","","","","","","","","","","","",""
"670","MAANALU","INE215I01027","5 x","-","2 x","","","","","","","","","","","","","","","","","","",""
"671","PSUBNKBEES","INF204KB16I7","5 x","3.45 x","-","","","","","","","","","","","","","","","","","","",""
"672","BAJAJELEC","INE193E01025","5 x","3.3 x","-","","","","","","","","","","","","","","","","","","",""
"673","INFINIUM","INE0MRE01011","1 x","-","-","","","","","","","","","","","","","","","","","","",""
"674","CERA","INE739E01017","5 x","3.41 x","-","","","","","","","","","","","","","","","","","","",""
"675","DELTACORP","INE124G01033","5 x","2.74 x","-","","","","","","","","","","","","","","","","","","",""
"676","ENERGYDEV","INE306C01019","1 x","-","-","","","","","","","","","","","","","","","","","","",""
"677","MOS","INE0N7S01028","1 x","-","-","","","","","","","","","","","","","","","","","","",""
"678","AVALON","INE0LCL01028","5 x","1 x","-","","","","","","","","","","","","","","","","","","",""
"679","PSUBANK","INF174KA1A86","5 x","3.7 x","-","","","","","","","","","","","","","","","","","","",""
"680","BLAL","INE0N7W01012","1 x","1 x","-","","","","","","","","","","","","","","","","","","",""
"681","RELIGARE","INE621H01010","5 x","3.03 x","-","","","","","","","","","","","","","","","","","","",""
"682","MOGSEC","INF247L01AK4","5 x","5 x","-","","","","","","","","","","","","","","","","","","",""
"683","BVCL","INE139I01011","1 x","-","-","","","","","","","","","","","","","","","","","","",""
"684","ASTERDM","INE914M01019","5 x","3.33 x","-","","","","","","","","","","","","","","","","","","",""
"685","ADANIPORTS","INE742F01042","5 x","4 x","-","","","","","","","","","","","","","","","","","","",""
"686","SILVERBETA","INF789F1AYK6","5 x","2.66 x","-","","","","","","","","","","","","","","","","","","",""
"687","EDELWEISS","INE532F01054","5 x","2.84 x","-","","","","","","","","","","","","","","","","","","",""
"688","INDHOTEL","INE053A01029","5 x","4.35 x","-","","","","","","","","","","","","","","","","","","",""
"689","SVLL","INE00CE01017","1 x","-","2 x","","","","","","","","","","","","","","","","","","",""
"690","KOLTEPATIL","INE094I01018","5 x","2.5 x","-","","","","","","","","","","","","","","","","","","",""
"691","RGL","INE722H01024","5 x","2.43 x","-","","","","","","","","","","","","","","","","","","",""
"692","KAUSHALYA","INE234I01028","1 x","-","-","","","","","","","","","","","","","","","","","","",""
"693","COLPAL","INE259A01022","5 x","4.55 x","-","","","","","","","","","","","","","","","","","","",""
"694","JYOTHYLAB","INE668F01031","5 x","3.37 x","-","","","","","","","","","","","","","","","","","","",""
"695","AGUL","INE0O6N01012","1 x","-","-","","","","","","","","","","","","","","","","","","",""
"696","INDIACEM","INE383A01012","5 x","3.22 x","-","","","","","","","","","","","","","","","","","","",""
"697","MADHAV","INE925C01016","1 x","-","-","","","","","","","","","","","","","","","","","","",""
"698","RHL","INE508K01013","2 x","-","2 x","","","","","","","","","","","","","","","","","","",""
"699","KALYANIFRG","INE314G01014","1 x","-","-","","","","","","","","","","","","","","","","","","",""
"700","HITECHCORP","INE120D01012","1 x","-","-","","","","","","","","","","","","","","","","","","",""
"701","TARIL","INE763I01026","5 x","2.5 x","-","","","","","","","","","","","","","","","","","","",""
"702","ECLERX","INE738I01010","5 x","2.8 x","-","","","","","","","","","","","","","","","","","","",""
"703","KIRLPNU","INE811A01038","5 x","2.94 x","-","","","","","","","","","","","","","","","","","","",""
"704","BRIGADE","INE791I01019","5 x","3.03 x","-","","","","","","","","","","","","","","","","","","",""
"705","BGRENERGY","INE661I01014","5 x","-","-","","","","","","","","","","","","","","","","","","",""
"706","MANAKSIA","INE015D01022","1 x","-","2 x","","","","","","","","","","","","","","","","","","",""
"707","ARIES","INE298I01015","3.03030303030303 x","-","-","","","","","","","","","","","","","","","","","","",""
"708","INDIAGLYCO","INE560A01023","5 x","-","-","","","","","","","","","","","","","","","","","","",""
"709","PPAP","INE095I01015","1 x","-","2 x","","","","","","","","","","","","","","","","","","",""
"710","DVL","INE477B01010","5 x","2 x","-","","","","","","","","","","","","","","","","","","",""
"711","PATINTLOG","INE529D01014","1 x","-","-","","","","","","","","","","","","","","","","","","",""
"712","UJJIVANSFB","INE551W01018","5 x","3.05 x","-","","","","","","","","","","","","","","","","","","",""
"713","LICNFNHGP","INF767K01PC8","5 x","-","2 x","","","","","","","","","","","","","","","","","","",""
"714","AMBIKCO","INE540G01014","5 x","2 x","-","","","","","","","","","","","","","","","","","","",""
"715","BIRLAMONEY","INE865C01022","5 x","-","-","","","","","","","","","","","","","","","","","","",""
"716","KAVDEFENCE","INE641C01019","1 x","-","-","","","","","","","","","","","","","","","","","","",""
"717","CEATLTD","INE482A01020","5 x","3.1 x","-","","","","","","","","","","","","","","","","","","",""
"718","RPOWER","INE614G01033","5 x","2.5 x","-","","","","","","","","","","","","","","","","","","",""
"719","JKIL","INE576I01022","5 x","3.3 x","-","","","","","","","","","","","","","","","","","","",""
"720","CORDSCABLE","INE792I01017","5 x","-","-","","","","","","","","","","","","","","","","","","",""
"721","KNRCON","INE634I01029","5 x","3.02 x","-","","","","","","","","","","","","","","","","","","",""
"722","QUICKTOUCH","INE0K4D01020","1 x","-","-","","","","","","","","","","","","","","","","","","",""
"723","VIRINCHI","INE539B01017","1 x","-","-","","","","","","","","","","","","","","","","","","",""
"724","INDIANHUME","INE323C01030","5 x","2.5 x","-","","","","","","","","","","","","","","","","","","",""
"725","BANG","INE863I01016","1 x","-","-","","","","","","","","","","","","","","","","","","",""
"726","SEPC","INE964H01014","5 x","2.45 x","-","","","","","","","","","","","","","","","","","","",""
"727","IRB","INE821I01022","5 x","3.33 x","-","","","","","","","","","","","","","","","","","","",""
"728","QGOLDHALF","INF082J01408","5 x","3.33 x","-","","","","","","","","","","","","","","","","","","",""
"729","NMDC","INE584A01023","5 x","4.35 x","-","","","","","","","","","","","","","","","","","","",""
"730","RAIN","INE855B01025","5 x","2.6 x","-","","","","","","","","","","","","","","","","","","",""
"731","SHALPAINTS","INE849C01026","5 x","-","-","","","","","","","","","","","","","","","","","","",""
"732","GSS","INE871H01011","1 x","-","-","","","","","","","","","","","","","","","","","","",""
"733","RECLTD","INE020B01018","5 x","4.35 x","-","","","","","","","","","","","","","","","","","","",""
"734","GOLDADD","INF740KA1ZP2","5 x","3.52 x","-","","","","","","","","","","","","","","","","","","",""
"735","NAHARCAP","INE049I01012","1 x","-","2 x","","","","","","","","","","","","","","","","","","",""
"736","VGUARD","INE951I01027","5 x","3.63 x","-","","","","","","","","","","","","","","","","","","",""
"737","PDMJEPAPER","INE865T01018","5 x","2 x","-","","","","","","","","","","","","","","","","","","",""
"738","MANKIND","INE634S01028","5 x","4.35 x","-","","","","","","","","","","","","","","","","","","",""
"739","RACE","INE084Q01012","1 x","-","-","","","","","","","","","","","","","","","","","","",""
"740","EIHAHOTELS","INE276C01014","5 x","2.5 x","-","","","","","","","","","","","","","","","","","","",""
"741","APCOTEXIND","INE116A01032","5 x","2 x","-","","","","","","","","","","","","","","","","","","",""
"742","ATAM","INE09KD01013","1 x","-","-","","","","","","","","","","","","","","","","","","",""
"743","NESCO","INE317F01035","5 x","3.32 x","-","","","","","","","","","","","","","","","","","","",""
"744","TITAGARH","INE615H01020","5 x","2.86 x","-","","","","","","","","","","","","","","","","","","",""
"745","ACL","INE666E01020","1 x","-","2 x","","","","","","","","","","","","","","","","","","",""
"746","DPSCLTD","INE360C01024","2 x","-","2 x","","","","","","","","","","","","","","","","","","",""
"747","DENEERS","INE0JWV01011","1 x","-","-","","","","","","","","","","","","","","","","","","",""
"748","RKEC","INE786W01010","1 x","-","-","","","","","","","","","","","","","","","","","","",""
"749","HCG","INE075I01017","5 x","3.3 x","-","","","","","","","","","","","","","","","","","","",""
"750","AVG","INE680Z01018","1 x","-","-","","","","","","","","","","","","","","","","","","",""
"751","ATALREAL","INE0ALR01029","5 x","-","2 x","","","","","","","","","","","","","","","","","","",""
"752","RVHL","INE09E501017","1 x","-","-","","","","","","","","","","","","","","","","","","",""
"753","APOLLOHOSP","INE437A01024","5 x","4.55 x","-","","","","","","","","","","","","","","","","","","",""
"754","GMMPFAUDLR","INE541A01023","5 x","1.56 x","-","","","","","","","","","","","","","","","","","","",""
"755","PIGL","INE557Z01018","1 x","-","-","","","","","","","","","","","","","","","","","","",""
"756","GILLETTE","INE322A01010","5 x","3.66 x","-","","","","","","","","","","","","","","","","","","",""
"757","TARC","INE0EK901012","5 x","2.86 x","-","","","","","","","","","","","","","","","","","","",""
"758","NXST","INE0NDH25011","2 x","-","-","","","","","","","","","","","","","","","","","","",""
"759","LATTEYS","INE262Z01023","1 x","-","-","","","","","","","","","","","","","","","","","","",""
"760","AUROIMPEX","INE0NUL01018","1 x","-","-","","","","","","","","","","","","","","","","","","",""
"761","HINDWAREAP","INE05AN01011","5 x","2.5 x","-","","","","","","","","","","","","","","","","","","",""
"762","MILTON","INE376Y01016","1 x","-","-","","","","","","","","","","","","","","","","","","",""
"763","MGEL","INE0APB01032","5 x","-","-","","","","","","","","","","","","","","","","","","",""
"764","INFY","INE009A01021","5 x","4.35 x","-","","","","","","","","","","","","","","","","","","",""
"765","INGERRAND","INE177A01018","5 x","3.26 x","-","","","","","","","","","","","","","","","","","","",""
"766","PRINCEPIPE","INE689W01016","5 x","2.5 x","-","","","","","","","","","","","","","","","","","","",""
"767","BHARATWIRE","INE316L01019","5 x","2.5 x","-","","","","","","","","","","","","","","","","","","",""
"768","KRISHCA","INE0NR701018","1 x","-","-","","","","","","","","","","","","","","","","","","",""
"769","REMUS","INE0O5T01011","1 x","-","-","","","","","","","","","","","","","","","","","","",""
"770","PAVNAIND","INE07S101038","5 x","-","-","","","","","","","","","","","","","","","","","","",""
"771","TATAINVEST","INE672A01026","5 x","2.99 x","-","","","","","","","","","","","","","","","","","","",""
"772","IOC","INE242A01010","5 x","4.44 x","-","","","","","","","","","","","","","","","","","","",""
"773","CCAVENUE","INE483S01020","5 x","2.93 x","-","","","","","","","","","","","","","","","","","","",""
"774","EBBETF0430","INF754K01KO2","5 x","-","2 x","","","","","","","","","","","","","","","","","","",""
"775","LINDEINDIA","INE473A01011","5 x","3.33 x","-","","","","","","","","","","","","","","","","","","",""
"776","BECTORFOOD","INE495P01020","5 x","2.91 x","-","","","","","","","","","","","","","","","","","","",""
"777","APOLLOTYRE","INE438A01022","5 x","3.52 x","-","","","","","","","","","","","","","","","","","","",""
"778","IONEXCHANG","INE570A01022","5 x","2.91 x","-","","","","","","","","","","","","","","","","","","",""
"779","IPCALAB","INE571A01038","5 x","3.4 x","-","","","","","","","","","","","","","","","","","","",""
"780","MMP","INE511Y01018","5 x","-","2 x","","","","","","","","","","","","","","","","","","",""
"781","CRAYONS","INE0OFK01019","1 x","-","-","","","","","","","","","","","","","","","","","","",""
"782","DENTALKART","INE0N5801013","1 x","-","-","","","","","","","","","","","","","","","","","","",""
"783","PROV","INE0ONE01016","1 x","-","-","","","","","","","","","","","","","","","","","","",""
"784","INFOLLION","INE0NNZ01013","1 x","-","-","","","","","","","","","","","","","","","","","","",""
"785","VAISHALI","INE972X01022","2 x","-","-","","","","","","","","","","","","","","","","","","",""
"786","ANDHRAPAP","INE435A01051","5 x","2 x","-","","","","","","","","","","","","","","","","","","",""
"787","ITC","INE154A01025","5 x","4.55 x","-","","","","","","","","","","","","","","","","","","",""
"788","SUNDROP","INE209A01019","5 x","2 x","-","","","","","","","","","","","","","","","","","","",""
"789","KIRIINDUS","INE415I01015","5 x","1.56 x","-","","","","","","","","","","","","","","","","","","",""
"790","ANIKINDS","INE087B01017","1 x","-","-","","","","","","","","","","","","","","","","","","",""
"791","SIGMA","INE0A0S01028","1 x","-","2 x","","","","","","","","","","","","","","","","","","",""
"792","BAJAJ-AUTO","INE917I01010","5 x","4.55 x","-","","","","","","","","","","","","","","","","","","",""
"793","BAJAJFINSV","INE918I01026","5 x","4.55 x","-","","","","","","","","","","","","","","","","","","",""
"794","PTCIL","INE596F01018","5 x","2.94 x","-","","","","","","","","","","","","","","","","","","",""
"795","DIGISPICE","INE927C01020","1 x","-","-","","","","","","","","","","","","","","","","","","",""
"796","GHCLTEXTIL","INE0PA801013","5 x","2 x","-","","","","","","","","","","","","","","","","","","",""
"797","GOKUL","INE020J01029","1 x","-","2 x","","","","","","","","","","","","","","","","","","",""
"798","SAHANA","INE0LEX01011","1 x","-","-","","","","","","","","","","","","","","","","","","",""
"799","UBL","INE686F01025","5 x","3.77 x","-","","","","","","","","","","","","","","","","","","",""
"800","ALMONDZ","INE326B01035","1 x","-","-","","","","","","","","","","","","","","","","","","",""
"801","HGINFRA","INE926X01010","5 x","3.08 x","-","","","","","","","","","","","","","","","","","","",""
"802","RPGLIFE","INE105J01010","5 x","2.95 x","-","","","","","","","","","","","","","","","","","","",""
"803","MKPL","INE964W01021","1 x","-","-","","","","","","","","","","","","","","","","","","",""
"804","ITI","INE248A01017","5 x","2.86 x","-","","","","","","","","","","","","","","","","","","",""
"805","KDL","INE0O4R01018","1 x","-","-","","","","","","","","","","","","","","","","","","",""
"806","SILVERAG","INF769K01KG6","5 x","2.65 x","-","","","","","","","","","","","","","","","","","","",""
"807","GVT&D","INE200A01026","5 x","2.86 x","-","","","","","","","","","","","","","","","","","","",""
"808","ARCHIDPLY","INE877I01016","1 x","-","-","","","","","","","","","","","","","","","","","","",""
"809","LOTUSEYE","INE947I01017","1 x","-","-","","","","","","","","","","","","","","","","","","",""
"810","QNIFTY","INF082J01499","5 x","5 x","-","","","","","","","","","","","","","","","","","","",""
"811","VINYLINDIA","INE250B01029","1 x","1.67 x","-","","","","","","","","","","","","","","","","","","",""
"812","IKIO","INE0LOJ01019","5 x","2 x","-","","","","","","","","","","","","","","","","","","",""
"813","KOKUYOCMLN","INE760A01029","5 x","2 x","-","","","","","","","","","","","","","","","","","","",""
"814","SINDHUTRAD","INE325D01025","5 x","2.5 x","-","","","","","","","","","","","","","","","","","","",""
"815","LPDC","INE197J01017","1 x","-","-","","","","","","","","","","","","","","","","","","",""
"816","SICAGEN","INE176J01011","5 x","-","-","","","","","","","","","","","","","","","","","","",""
"817","SPECTSTM","INE0OL001018","1 x","-","-","","","","","","","","","","","","","","","","","","",""
"818","URBAN","INE0O0201019","1 x","-","-","","","","","","","","","","","","","","","","","","",""
"819","DPWIRES","INE864X01013","1 x","-","-","","","","","","","","","","","","","","","","","","",""
"820","TOUCHWOOD","INE486Y01013","1 x","-","-","","","","","","","","","","","","","","","","","","",""
"821","ARTEMISMED","INE025R01021","5 x","2.86 x","-","","","","","","","","","","","","","","","","","","",""
"822","ZFCVINDIA","INE342J01019","5 x","3.33 x","-","","","","","","","","","","","","","","","","","","",""
"823","20MICRONS","INE144J01027","5 x","2 x","-","","","","","","","","","","","","","","","","","","",""
"824","JOCIL","INE839G01010","1 x","-","-","","","","","","","","","","","","","","","","","","",""
"825","INDBANK","INE841B01017","1 x","-","-","","","","","","","","","","","","","","","","","","",""
"826","ASHOKAMET","INE760Y01011","1 x","-","-","","","","","","","","","","","","","","","","","","",""
"827","CELLPOINT","INE0O0001013","1 x","-","-","","","","","","","","","","","","","","","","","","",""
"828","ALKALI","INE773I01017","1 x","-","-","","","","","","","","","","","","","","","","","","",""
"829","VILINBIO","INE0L4V01013","1 x","-","-","","","","","","","","","","","","","","","","","","",""
"830","AATMAJ","INE0OB201016","1 x","-","-","","","","","","","","","","","","","","","","","","",""
"831","COUNCODOS","INE695B01025","1 x","-","-","","","","","","","","","","","","","","","","","","",""
"832","TPHQ","INE065J01024","1 x","-","-","","","","","","","","","","","","","","","","","","",""
"833","MAWANASUG","INE636A01039","5 x","-","-","","","","","","","","","","","","","","","","","","",""
"834","PATANJALI","INE619A01035","5 x","2.38 x","-","","","","","","","","","","","","","","","","","","",""
"835","THYROCARE","INE594H01019","5 x","2.96 x","-","","","","","","","","","","","","","","","","","","",""
"836","SHARIABEES","INF732E01128","5 x","3.77 x","-","","","","","","","","","","","","","","","","","","",""
"837","HMAAGRO","INE0ECP01024","5 x","2 x","-","","","","","","","","","","","","","","","","","","",""
"838","PALREDTEC","INE218G01033","1 x","-","-","","","","","","","","","","","","","","","","","","",""
"839","JAYBARMARU","INE571B01036","5 x","1 x","-","","","","","","","","","","","","","","","","","","",""
"840","ESFL","INE0ITO01014","1 x","-","-","","","","","","","","","","","","","","","","","","",""
"841","MAGSON","INE0O1S01012","1 x","-","-","","","","","","","","","","","","","","","","","","",""
"842","GREENCHEF","INE0O7P01015","1 x","-","-","","","","","","","","","","","","","","","","","","",""
"843","CROMPTON","INE299U01018","5 x","4.35 x","-","","","","","","","","","","","","","","","","","","",""
"844","SUMICHEM","INE258G01013","5 x","3.1 x","-","","","","","","","","","","","","","","","","","","",""
"845","PARAGMILK","INE883N01014","5 x","2.74 x","-","","","","","","","","","","","","","","","","","","",""
"846","PENTAGON","INE0ORS01017","1 x","-","-","","","","","","","","","","","","","","","","","","",""
"847","IDEAFORGE","INE349Y01013","5 x","1 x","-","","","","","","","","","","","","","","","","","","",""
"848","MIDCAPIETF","INF109KC11W8","5 x","5 x","-","","","","","","","","","","","","","","","","","","",""
"849","AARTECH","INE01C001026","1 x","-","-","","","","","","","","","","","","","","","","","","",""
"850","GLOBALPET","INE0PS501019","1 x","-","-","","","","","","","","","","","","","","","","","","",""
"851","NEXT50","INF769K01FN2","5 x","5 x","-","","","","","","","","","","","","","","","","","","",""
"852","SHRIPISTON","INE526E01018","5 x","3.03 x","-","","","","","","","","","","","","","","","","","","",""
"853","CYIENTDLM","INE055S01018","5 x","1 x","-","","","","","","","","","","","","","","","","","","",""
"854","PAKKA","INE551D01018","5 x","1 x","-","","","","","","","","","","","","","","","","","","",""
"855","JAYSREETEA","INE364A01020","5 x","1 x","-","","","","","","","","","","","","","","","","","","",""
"856","SYNOPTICS","INE0BTR01012","1 x","-","-","","","","","","","","","","","","","","","","","","",""
"857","ITADD","INF740KA1SX1","5 x","3.66 x","-","","","","","","","","","","","","","","","","","","",""
"858","TRIDHYA","INE0LWY01029","1 x","-","-","","","","","","","","","","","","","","","","","","",""
"859","ALBERTDAVD","INE155C01010","5 x","-","2 x","","","","","","","","","","","","","","","","","","",""
"860","ARMANFIN","INE109C01017","5 x","2 x","-","","","","","","","","","","","","","","","","","","",""
"861","ASPINWALL","INE991I01015","1 x","-","-","","","","","","","","","","","","","","","","","","",""
"862","SENCO","INE602W01027","5 x","2.78 x","-","","","","","","","","","","","","","","","","","","",""
"863","SETFGOLD","INF200KA16D8","5 x","3.45 x","-","","","","","","","","","","","","","","","","","","",""
"864","BLS","INE153T01027","5 x","2.22 x","-","","","","","","","","","","","","","","","","","","",""
"865","AJMERA","INE298G01035","5 x","2.5 x","-","","","","","","","","","","","","","","","","","","",""
"866","LLOYDSME","INE281B01032","5 x","3.1 x","-","","","","","","","","","","","","","","","","","","",""
"867","MHRIL","INE998I01010","5 x","3.4 x","-","","","","","","","","","","","","","","","","","","",""
"868","SALONA","INE498E01010","2 x","-","-","","","","","","","","","","","","","","","","","","",""
"869","GKWLIMITED","INE528A01020","1 x","-","2 x","","","","","","","","","","","","","","","","","","",""
"870","UTKARSHBNK","INE735W01017","5 x","2.5 x","-","","","","","","","","","","","","","","","","","","",""
"871","VINATIORGA","INE410B01037","5 x","3.68 x","-","","","","","","","","","","","","","","","","","","",""
"872","DRONE","INE0P7201019","1 x","-","-","","","","","","","","","","","","","","","","","","",""
"873","LANDSMILL","INE688J01023","1 x","-","-","","","","","","","","","","","","","","","","","","",""
"874","ADANIPOWER","INE814H01029","5 x","3.33 x","-","","","","","","","","","","","","","","","","","","",""
"875","SETF10GILT","INF200KA1JT1","5 x","5 x","-","","","","","","","","","","","","","","","","","","",""
"876","PREMEXPLN","INE863B01029","5 x","1 x","-","","","","","","","","","","","","","","","","","","",""
"877","SERVICE","INE0P1Q01015","1 x","-","-","","","","","","","","","","","","","","","","","","",""
"878","NHPC","INE848E01016","5 x","4.35 x","-","","","","","","","","","","","","","","","","","","",""
"879","BANKETF","INF769K01KR3","5 x","3.77 x","-","","","","","","","","","","","","","","","","","","",""
"880","GLOBUSSPR","INE615I01010","5 x","2.5 x","-","","","","","","","","","","","","","","","","","","",""
"881","NETWEB","INE0NT901020","5 x","2.47 x","-","","","","","","","","","","","","","","","","","","",""
"882","OIL","INE274J01014","5 x","4.17 x","-","","","","","","","","","","","","","","","","","","",""
"883","NV20IETF","INF109KC11V0","5 x","3.77 x","-","","","","","","","","","","","","","","","","","","",""
"884","CONTROLPR","INE663B01015","5 x","2.5 x","-","","","","","","","","","","","","","","","","","","",""
"885","EXPLEOSOL","INE201K01015","5 x","2.5 x","-","","","","","","","","","","","","","","","","","","",""
"886","INCREDIBLE","INE452L01012","1 x","-","-","","","","","","","","","","","","","","","","","","",""
"887","SETCO","INE878E01021","1 x","-","-","","","","","","","","","","","","","","","","","","",""
"888","RTNPOWER","INE399K01017","5 x","2.86 x","-","","","","","","","","","","","","","","","","","","",""
"889","MAHASTEEL","INE451L01014","1 x","-","-","","","","","","","","","","","","","","","","","","",""
"890","MGL","INE002S01010","5 x","3.33 x","-","","","","","","","","","","","","","","","","","","",""
"891","AMRUTANJAN","INE098F01031","5 x","2.5 x","-","","","","","","","","","","","","","","","","","","",""
"892","JINDALPOLY","INE197D01010","5 x","2.72 x","-","","","","","","","","","","","","","","","","","","",""
"893","DAMODARIND","INE497D01022","1 x","-","-","","","","","","","","","","","","","","","","","","",""
"894","LIQUID","INF769K01KS1","5 x","5 x","-","","","","","","","","","","","","","","","","","","",""
"895","PVTBANKADD","INF740KA1TA7","5 x","3.77 x","-","","","","","","","","","","","","","","","","","","",""
"896","ASALCBR","INE073G01016","5 x","2.5 x","-","","","","","","","","","","","","","","","","","","",""
"897","MAHEPC","INE215D01010","5 x","1 x","-","","","","","","","","","","","","","","","","","","",""
"898","SENSEXADD","INF740KA1SZ6","5 x","5 x","-","","","","","","","","","","","","","","","","","","",""
"899","PSUBANKADD","INF740KA1SY9","5 x","3.57 x","-","","","","","","","","","","","","","","","","","","",""
"900","YCCL","INE08S201019","1 x","-","-","","","","","","","","","","","","","","","","","","",""
"901","MOLDTECH","INE835B01035","1 x","-","2 x","","","","","","","","","","","","","","","","","","",""
"902","ZYDUSWELL","INE768C01028","5 x","3.1 x","-","","","","","","","","","","","","","","","","","","",""
"903","SUNTECK","INE805D01034","5 x","2.98 x","-","","","","","","","","","","","","","","","","","","",""
"904","POKARNA","INE637C01025","5 x","2 x","-","","","","","","","","","","","","","","","","","","",""
"905","UNIVPHOTO","INE03V001013","1 x","-","-","","","","","","","","","","","","","","","","","","",""
"906","ALOKINDS","INE270A01029","5 x","2.87 x","-","","","","","","","","","","","","","","","","","","",""
"907","SHRITECH","INE0OMF01015","1 x","-","-","","","","","","","","","","","","","","","","","","",""
"908","GPTINFRA","INE390G01014","5 x","2.5 x","-","","","","","","","","","","","","","","","","","","",""
"909","LTGILTBEES","INF204KB1882","5 x","5 x","-","","","","","","","","","","","","","","","","","","",""
"910","MIDSELIETF","INF109KC10W0","5 x","5 x","-","","","","","","","","","","","","","","","","","","",""
"911","QUESS","INE615P01015","5 x","2.5 x","-","","","","","","","","","","","","","","","","","","",""
"912","DEN","INE947J01015","5 x","2.5 x","-","","","","","","","","","","","","","","","","","","",""
"913","ASTEC","INE563J01010","5 x","2.35 x","-","","","","","","","","","","","","","","","","","","",""
"914","YATHARTH","INE0JO301016","5 x","3.04 x","-","","","","","","","","","","","","","","","","","","",""
"915","NIITMTS","INE342G01023","5 x","3.03 x","-","","","","","","","","","","","","","","","","","","",""
"916","SHILPAMED","INE790G01031","5 x","1 x","-","","","","","","","","","","","","","","","","","","",""
"917","SARDAEN","INE385C01021","5 x","3.07 x","-","","","","","","","","","","","","","","","","","","",""
"918","REFEX","INE056I01025","5 x","2.62 x","-","","","","","","","","","","","","","","","","","","",""
"919","ZEAL","INE0PPS01018","1 x","-","-","","","","","","","","","","","","","","","","","","",""
"920","GROBTEA","INE646C01018","1 x","-","-","","","","","","","","","","","","","","","","","","",""
"921","ATL","INE0NN701020","2 x","1 x","-","","","","","","","","","","","","","","","","","","",""
"922","KKVAPOW","INE239T01016","1 x","-","-","","","","","","","","","","","","","","","","","","",""
"923","SOMICONVEY","INE323J01019","1 x","-","-","","","","","","","","","","","","","","","","","","",""
"924","TREL","INE0O3901029","5 x","-","2 x","","","","","","","","","","","","","","","","","","",""
"925","LLOYDSENGG","INE093R01011","5 x","2.57 x","-","","","","","","","","","","","","","","","","","","",""
"926","QUAL30IETF","INF109KC18V5","5 x","5 x","-","","","","","","","","","","","","","","","","","","",""
"927","LTM","INE214T01019","5 x","4.25 x","-","","","","","","","","","","","","","","","","","","",""
"928","KANPRPLA","INE694E01014","5 x","-","2 x","","","","","","","","","","","","","","","","","","",""
"929","AHLUCONT","INE758C01029","5 x","3.01 x","-","","","","","","","","","","","","","","","","","","",""
"930","GILLANDERS","INE047B01011","1 x","-","-","","","","","","","","","","","","","","","","","","",""
"931","DLINKINDIA","INE250K01012","5 x","2.5 x","-","","","","","","","","","","","","","","","","","","",""
"932","REDTAPE","INE0LXT01019","5 x","3.07 x","-","","","","","","","","","","","","","","","","","","",""
"933","JSWENERGY","INE121E01018","5 x","4.17 x","-","","","","","","","","","","","","","","","","","","",""
"934","GODREJPROP","INE484J01027","5 x","3.95 x","-","","","","","","","","","","","","","","","","","","",""
"935","DBCORP","INE950I01011","5 x","2.86 x","-","","","","","","","","","","","","","","","","","","",""
"936","ORIANA","INE0OUT01027","1 x","-","-","","","","","","","","","","","","","","","","","","",""
"937","ABBOTINDIA","INE358A01014","5 x","3.77 x","-","","","","","","","","","","","","","","","","","","",""
"938","VINSYS","INE0OSJ01014","1 x","-","-","","","","","","","","","","","","","","","","","","",""
"939","GEEKAYWIRE","INE669X01032","1 x","-","-","","","","","","","","","","","","","","","","","","",""
"940","BAYERCROP","INE462A01022","5 x","3.73 x","-","","","","","","","","","","","","","","","","","","",""
"941","BEARDSELL","INE520H01022","1 x","-","-","","","","","","","","","","","","","","","","","","",""
"942","HINDCOPPER","INE531E01026","5 x","2.5 x","-","","","","","","","","","","","","","","","","","","",""
"943","COHANCE","INE03QK01018","5 x","2.5 x","-","","","","","","","","","","","","","","","","","","",""
"944","MMTC","INE123F01029","5 x","2.79 x","-","","","","","","","","","","","","","","","","","","",""
"945","NESTLEIND","INE239A01024","5 x","4.55 x","-","","","","","","","","","","","","","","","","","","",""
"946","AWHCL","INE01BK01022","5 x","2.82 x","-","","","","","","","","","","","","","","","","","","",""
"947","SBICARD","INE018E01016","5 x","4.55 x","-","","","","","","","","","","","","","","","","","","",""
"948","TRF","INE391D01019","5 x","1 x","-","","","","","","","","","","","","","","","","","","",""
"949","UNITEDTEA","INE458F01011","1 x","-","-","","","","","","","","","","","","","","","","","","",""
"950","WHIRLPOOL","INE716A01013","5 x","3.14 x","-","","","","","","","","","","","","","","","","","","",""
"951","VLEGOV","INE03HW01020","1 x","-","-","","","","","","","","","","","","","","","","","","",""
"952","GATECH","INE224E01028","1 x","-","-","","","","","","","","","","","","","","","","","","",""
"953","JYOTISTRUC","INE197A01024","5 x","2.5 x","-","","","","","","","","","","","","","","","","","","",""
"954","SBFC","INE423Y01016","5 x","3.32 x","-","","","","","","","","","","","","","","","","","","",""
"955","MBLINFRA","INE912H01013","5 x","-","2 x","","","","","","","","","","","","","","","","","","",""
"956","SANGANI","INE0OVI01010","1 x","-","-","","","","","","","","","","","","","","","","","","",""
"957","ADVENZYMES","INE837H01020","5 x","3.04 x","-","","","","","","","","","","","","","","","","","","",""
"958","YUDIZ","INE09FA01019","1 x","-","-","","","","","","","","","","","","","","","","","","",""
"959","MINDTECK","INE110B01017","5 x","2 x","-","","","","","","","","","","","","","","","","","","",""
"960","KABRAEXTRU","INE900B01029","5 x","-","1 x","","","","","","","","","","","","","","","","","","",""
"961","SSFL","INE0ON201012","1 x","-","-","","","","","","","","","","","","","","","","","","",""
"962","CONCORDBIO","INE338H01029","5 x","2.92 x","-","","","","","","","","","","","","","","","","","","",""
"963","KAJARIACER","INE217B01036","5 x","3.45 x","-","","","","","","","","","","","","","","","","","","",""
"964","DBL","INE917M01012","5 x","3.08 x","-","","","","","","","","","","","","","","","","","","",""
"965","JUBLFOOD","INE797F01020","5 x","4.26 x","-","","","","","","","","","","","","","","","","","","",""
"966","ARENTERP","INE610C01014","1 x","-","-","","","","","","","","","","","","","","","","","","",""
"967","NIFTY1","INF174K014P6","5 x","5 x","-","","","","","","","","","","","","","","","","","","",""
"968","KAKATCEM","INE437B01014","1 x","-","-","","","","","","","","","","","","","","","","","","",""
"969","VASCONEQ","INE893I01013","5 x","1 x","-","","","","","","","","","","","","","","","","","","",""
"970","THANGAMAYL","INE085J01014","5 x","2.45 x","-","","","","","","","","","","","","","","","","","","",""
"971","SRGHFL","INE559N01010","1 x","-","2 x","","","","","","","","","","","","","","","","","","",""
"972","DBREALTY","INE879I01012","5 x","2.5 x","-","","","","","","","","","","","","","","","","","","",""
"973","YASHO","INE616Z01012","5 x","1 x","-","","","","","","","","","","","","","","","","","","",""
"974","DOLPHIN","INE920A01037","5 x","1.67 x","-","","","","","","","","","","","","","","","","","","",""
"975","KPIL","INE220B01022","5 x","3.3 x","-","","","","","","","","","","","","","","","","","","",""
"976","JIOFIN","INE758E01017","5 x","4.35 x","-","","","","","","","","","","","","","","","","","","",""
"977","EMMBI","INE753K01015","1 x","-","-","","","","","","","","","","","","","","","","","","",""
"978","TVSSCS","INE395N01027","5 x","2 x","-","","","","","","","","","","","","","","","","","","",""
"979","HATHWAY","INE982F01036","5 x","2.5 x","-","","","","","","","","","","","","","","","","","","",""
"980","ORIENTLTD","INE609C01024","1 x","-","-","","","","","","","","","","","","","","","","","","",""
"981","TEXMOPIPES","INE141K01013","2 x","1 x","-","","","","","","","","","","","","","","","","","","",""
"982","KECL","INE134B01017","5 x","-","-","","","","","","","","","","","","","","","","","","",""
"983","MANINFRA","INE949H01023","5 x","2.86 x","-","","","","","","","","","","","","","","","","","","",""
"984","LORDSCHLO","INE846D01012","1 x","-","2 x","","","","","","","","","","","","","","","","","","",""
"985","PYRAMID","INE0MIS01010","5 x","2 x","-","","","","","","","","","","","","","","","","","","",""
"986","SPAL","INE212I01016","5 x","2.57 x","-","","","","","","","","","","","","","","","","","","",""
"987","KAMATHOTEL","INE967C01018","5 x","2 x","-","","","","","","","","","","","","","","","","","","",""
"988","CLSL","INE00NH01017","1 x","-","-","","","","","","","","","","","","","","","","","","",""
"989","SEL","INE0O3O01017","1 x","-","-","","","","","","","","","","","","","","","","","","",""
"990","AEROFLEX","INE024001021","5 x","2.37 x","-","","","","","","","","","","","","","","","","","","",""
"991","HDFCLIQUID","INF179KC1JG3","5 x","5 x","-","","","","","","","","","","","","","","","","","","",""
"992","HNGSNGBEES","INF204KB19I1","5 x","4.76 x","-","","","","","","","","","","","","","","","","","","",""
"993","IVZINGOLD","INF205KA1BP1","5 x","3.03 x","-","","","","","","","","","","","","","","","","","","",""
"994","LGBBROSLTD","INE337A01034","5 x","3.25 x","-","","","","","","","","","","","","","","","","","","",""
"995","VPRPL","INE0AE001013","5 x","1 x","-","","","","","","","","","","","","","","","","","","",""
"996","MIDCAPBETA","INF789F1AYX9","5 x","5 x","-","","","","","","","","","","","","","","","","","","",""
"997","SANDUMA","INE149K01016","5 x","2.75 x","-","","","","","","","","","","","","","","","","","","",""
"998","PERSISTENT","INE262H01021","5 x","4.03 x","-","","","","","","","","","","","","","","","","","","",""
"999","NDGL","INE756C01015","1 x","-","-","","","","","","","","","","","","","","","","","","",""
"1000","CPS","INE0QBU01012","1 x","-","-","","","","","","","","","","","","","","","","","","",""
"1001","KARURVYSYA","INE036D01028","5 x","3.16 x","-","","","","","","","","","","","","","","","","","","",""
"1002","RBLBANK","INE976G01028","5 x","4 x","-","","","","","","","","","","","","","","","","","","",""
"1003","MONOPHARMA","INE0OIP01012","1 x","-","-","","","","","","","","","","","","","","","","","","",""
"1004","TCPLPACK","INE822C01015","5 x","2.5 x","-","","","","","","","","","","","","","","","","","","",""
"1005","KCP","INE805C01028","5 x","2.5 x","-","","","","","","","","","","","","","","","","","","",""
"1006","RISHABH","INE0N2P01017","5 x","2.5 x","-","","","","","","","","","","","","","","","","","","",""
"1007","ASIANHOTNR","INE363A01022","5 x","2 x","-","","","","","","","","","","","","","","","","","","",""
"1008","RATNAVEER","INE05CZ01011","5 x","2.54 x","-","","","","","","","","","","","","","","","","","","",""
"1009","BIGBLOC","INE412U01025","5 x","2 x","-","","","","","","","","","","","","","","","","","","",""
"1010","BASILIC","INE0OCC01013","1 x","-","-","","","","","","","","","","","","","","","","","","",""
"1011","POWERINDIA","INE07Y701011","5 x","3.33 x","-","","","","","","","","","","","","","","","","","","",""
"1012","ISFT","INE566K01011","1 x","-","-","","","","","","","","","","","","","","","","","","",""
"1013","SAROJA","INE0PCL01011","1 x","-","-","","","","","","","","","","","","","","","","","","",""
"1014","PRAMARA","INE0O7A01017","1 x","-","-","","","","","","","","","","","","","","","","","","",""
"1015","CUPID","INE509F01029","2 x","1 x","-","","","","","","","","","","","","","","","","","","",""
"1016","DIACABS","INE989C01038","5 x","-","-","","","","","","","","","","","","","","","","","","",""
"1017","JLHL","INE682M01020","5 x","3.69 x","-","","","","","","","","","","","","","","","","","","",""
"1018","JIWANRAM","INE0N5H01017","1 x","-","-","","","","","","","","","","","","","","","","","","",""
"1019","MITTAL","INE997Y01027","1 x","-","-","","","","","","","","","","","","","","","","","","",""
"1020","LTTS","INE010V01017","5 x","3.22 x","-","","","","","","","","","","","","","","","","","","",""
"1021","RRKABEL","INE777K01022","5 x","2.97 x","-","","","","","","","","","","","","","","","","","","",""
"1022","GNA","INE934S01014","5 x","1 x","-","","","","","","","","","","","","","","","","","","",""
"1023","KIRLOSBROS","INE732A01036","5 x","2.86 x","-","","","","","","","","","","","","","","","","","","",""
"1024","UNIHEALTH","INE0PRF01011","1 x","-","-","","","","","","","","","","","","","","","","","","",""
"1025","EMSLIMITED","INE0OV601013","5 x","2.55 x","-","","","","","","","","","","","","","","","","","","",""
"1026","ZAGGLE","INE07K301024","5 x","2.39 x","-","","","","","","","","","","","","","","","","","","",""
"1027","SAMHI","INE08U801020","5 x","3.05 x","-","","","","","","","","","","","","","","","","","","",""
"1028","DIAMINESQ","INE591D01014","1 x","-","-","","","","","","","","","","","","","","","","","","",""
"1029","HOLMARC","INE0LXA01019","1 x","-","-","","","","","","","","","","","","","","","","","","",""
"1030","ICICIPRULI","INE726G01019","5 x","4.35 x","-","","","","","","","","","","","","","","","","","","",""
"1031","CHAVDA","INE0PT101017","1 x","-","-","","","","","","","","","","","","","","","","","","",""
"1032","MARATHON","INE182D01020","5 x","2.5 x","-","","","","","","","","","","","","","","","","","","",""
"1033","HPL","INE495S01016","5 x","2.72 x","-","","","","","","","","","","","","","","","","","","",""
"1034","AVSL","INE522V01011","1 x","-","-","","","","","","","","","","","","","","","","","","",""
"1035","JETKNIT","INE564T01017","1 x","-","-","","","","","","","","","","","","","","","","","","",""
"1036","VISDEM","INE0OWX01025","1 x","-","-","","","","","","","","","","","","","","","","","","",""
"1037","NUVAMA","INE531F01023","5 x","3 x","-","","","","","","","","","","","","","","","","","","",""
"1038","MASKINVEST","INE885F01015","1 x","-","-","","","","","","","","","","","","","","","","","","",""
"1039","MADHUSUDAN","INE0P6701019","1 x","-","-","","","","","","","","","","","","","","","","","","",""
"1040","GRETEX","INE985P01012","1 x","-","-","","","","","","","","","","","","","","","","","","",""
"1041","SIGNATURE","INE903U01023","5 x","3.2 x","-","","","","","","","","","","","","","","","","","","",""
"1042","KODYTECH","INE0Q7P01013","1 x","-","-","","","","","","","","","","","","","","","","","","",""
"1043","KALAMANDIR","INE438K01021","5 x","2.5 x","-","","","","","","","","","","","","","","","","","","",""
"1044","YATRA","INE0JR601024","5 x","2.46 x","-","","","","","","","","","","","","","","","","","","",""
"1045","ALCODIS","INE448V01019","1 x","-","-","","","","","","","","","","","","","","","","","","",""
"1046","DIRL","INE704V01015","1 x","-","-","","","","","","","","","","","","","","","","","","",""
"1047","MARCO","INE0QP001012","1 x","-","-","","","","","","","","","","","","","","","","","","",""
"1048","IDFNIFTYET","INF194KA1U07","5 x","5 x","-","","","","","","","","","","","","","","","","","","",""
"1049","CARYSIL","INE482D01024","5 x","2.78 x","-","","","","","","","","","","","","","","","","","","",""
"1050","HIGREEN","INE0PIC01017","1 x","-","-","","","","","","","","","","","","","","","","","","",""
"1051","CELLECOR","INE0OMO01025","1 x","-","-","","","","","","","","","","","","","","","","","","",""
"1052","ENDURANCE","INE913H01037","5 x","3.33 x","-","","","","","","","","","","","","","","","","","","",""
"1053","TARAPUR","INE747K01017","1 x","-","-","","","","","","","","","","","","","","","","","","",""
"1054","NIRAJISPAT","INE326T01011","1 x","-","-","","","","","","","","","","","","","","","","","","",""
"1055","VERTOZ","INE188Y01031","5 x","-","-","","","","","","","","","","","","","","","","","","",""
"1056","MAZDA","INE885E01042","3.03030303030303 x","-","-","","","","","","","","","","","","","","","","","","",""
"1057","SJVN","INE002L01015","5 x","3.24 x","-","","","","","","","","","","","","","","","","","","",""
"1058","KSL","INE907A01026","5 x","2.5 x","-","","","","","","","","","","","","","","","","","","",""
"1059","PNBHOUSING","INE572E01012","5 x","4.06 x","-","","","","","","","","","","","","","","","","","","",""
"1060","VBL","INE200M01039","5 x","4.35 x","-","","","","","","","","","","","","","","","","","","",""
"1061","SUNDARAM","INE108E01023","1 x","-","-","","","","","","","","","","","","","","","","","","",""
"1062","KINGFA","INE473D01015","5 x","2.86 x","-","","","","","","","","","","","","","","","","","","",""
"1063","RAJRATAN","INE451D01029","5 x","2 x","-","","","","","","","","","","","","","","","","","","",""
"1064","KAPSTON","INE542Z01028","1 x","-","1 x","","","","","","","","","","","","","","","","","","",""
"1065","UNIVASTU","INE562X01013","3.03030303030303 x","-","-","","","","","","","","","","","","","","","","","","",""
"1066","STYRENIX","INE189B01011","5 x","3.3 x","-","","","","","","","","","","","","","","","","","","",""
"1067","CUMMINSIND","INE298A01020","5 x","4.35 x","-","","","","","","","","","","","","","","","","","","",""
"1068","MVGJL","INE0KNT01012","5 x","1 x","-","","","","","","","","","","","","","","","","","","",""
"1069","JSWINFRA","INE880J01026","5 x","3.19 x","-","","","","","","","","","","","","","","","","","","",""
"1070","KIRLOSIND","INE250A01039","5 x","2.5 x","-","","","","","","","","","","","","","","","","","","",""
"1071","PODDARMENT","INE371C01013","1 x","-","-","","","","","","","","","","","","","","","","","","",""
"1072","MANAPPURAM","INE522D01027","5 x","2.53 x","-","","","","","","","","","","","","","","","","","","",""
"1073","AARVI","INE754X01016","1 x","-","-","","","","","","","","","","","","","","","","","","",""
"1074","ITBEES","INF204KB15V2","5 x","3.69 x","-","","","","","","","","","","","","","","","","","","",""
"1075","CRESTO","INE203Y01012","1 x","-","-","","","","","","","","","","","","","","","","","","",""
"1076","ROLLT","INE927A01040","1 x","-","-","","","","","","","","","","","","","","","","","","",""
"1077","NBIFIN","INE365I01020","1 x","-","2 x","","","","","","","","","","","","","","","","","","",""
"1078","SAAKSHI","INE0PSK01027","1 x","-","-","","","","","","","","","","","","","","","","","","",""
"1079","UDS","INE851I01011","5 x","2.5 x","-","","","","","","","","","","","","","","","","","","",""
"1080","KIOCL","INE880L01014","5 x","2.56 x","-","","","","","","","","","","","","","","","","","","",""
"1081","MAL","INE00C401011","1 x","-","-","","","","","","","","","","","","","","","","","","",""
"1082","DIGIKORE","INE0QJ901011","1 x","-","-","","","","","","","","","","","","","","","","","","",""
"1083","UMESLTD","INE240C01028","1 x","-","-","","","","","","","","","","","","","","","","","","",""
"1084","INSPIRE","INE0NDX01019","1 x","-","-","","","","","","","","","","","","","","","","","","",""
"1085","NEWJAISA","INE0PW501021","1 x","-","-","","","","","","","","","","","","","","","","","","",""
"1086","SFL","INE916U01025","5 x","3.1 x","-","","","","","","","","","","","","","","","","","","",""
"1087","KOPRAN","INE082A01010","5 x","-","-","","","","","","","","","","","","","","","","","","",""
"1088","TI","INE133E01013","5 x","2.04 x","-","","","","","","","","","","","","","","","","","","",""
"1089","HEADSUP","INE759V01019","1 x","-","-","","","","","","","","","","","","","","","","","","",""
"1090","VINYAS","INE0OLS01010","1 x","-","-","","","","","","","","","","","","","","","","","","",""
"1091","HMVL","INE871K01015","5 x","-","-","","","","","","","","","","","","","","","","","","",""
"1092","KOTAKBANK","INE237A01036","5 x","4.55 x","-","","","","","","","","","","","","","","","","","","",""
"1093","VALIANTLAB","INE0JWS01017","5 x","-","-","","","","","","","","","","","","","","","","","","",""
"1094","TCIEXP","INE586V01016","5 x","2.5 x","-","","","","","","","","","","","","","","","","","","",""
"1095","SENSEXETF","INF769K01KT9","5 x","5 x","-","","","","","","","","","","","","","","","","","","",""
"1096","WEALTH","INE658T01017","2 x","-","2 x","","","","","","","","","","","","","","","","","","",""
"1097","LAURUSLABS","INE947Q01028","5 x","4.17 x","-","","","","","","","","","","","","","","","","","","",""
"1098","IMFA","INE919H01018","5 x","2.78 x","-","","","","","","","","","","","","","","","","","","",""
"1099","MONIFTY500","INF247L01BU1","5 x","5 x","-","","","","","","","","","","","","","","","","","","",""
"1100","ARABIAN","INE08NJ01024","1 x","-","-","","","","","","","","","","","","","","","","","","",""
"1101","AARTISURF","INE09EO01013","5 x","-","-","","","","","","","","","","","","","","","","","","",""
"1102","EFACTOR","INE0KFF01017","1 x","-","-","","","","","","","","","","","","","","","","","","",""
"1103","BLISSGVS","INE416D01022","5 x","-","-","","","","","","","","","","","","","","","","","","",""
"1104","LIQUIDETF","INF740KA1EU7","5 x","5 x","-","","","","","","","","","","","","","","","","","","",""
"1105","EMAMIREAL","INE778K01012","1 x","-","-","","","","","","","","","","","","","","","","","","",""
"1106","THEJO","INE121N01019","5 x","2 x","-","","","","","","","","","","","","","","","","","","",""
"1107","KONTOR","INE0KZ301010","1 x","-","-","","","","","","","","","","","","","","","","","","",""
"1108","MOM50","INF247L01536","5 x","5 x","-","","","","","","","","","","","","","","","","","","",""
"1109","TERASOFT","INE482B01010","5 x","-","-","","","","","","","","","","","","","","","","","","",""
"1110","ITDC","INE353K01014","5 x","2.46 x","-","","","","","","","","","","","","","","","","","","",""
"1111","ARVIND","INE034A01011","5 x","2.98 x","-","","","","","","","","","","","","","","","","","","",""
"1112","VISHNUINFR","INE0PQ001012","1 x","-","-","","","","","","","","","","","","","","","","","","",""
"1113","HISARMETAL","INE598C01011","1 x","-","-","","","","","","","","","","","","","","","","","","",""
"1114","PROLIFE","INE994V01012","1 x","-","-","","","","","","","","","","","","","","","","","","",""
"1115","GOYALSALT","INE0QFE01017","1 x","-","-","","","","","","","","","","","","","","","","","","",""
"1116","CANARYS","INE0QG301017","1 x","-","-","","","","","","","","","","","","","","","","","","",""
"1117","KREBSBIO","INE268B01013","1 x","-","-","","","","","","","","","","","","","","","","","","",""
"1118","SPCENET","INE970N01027","1 x","-","-","","","","","","","","","","","","","","","","","","",""
"1119","OLIL","INE0OPS01011","1 x","-","-","","","","","","","","","","","","","","","","","","",""
"1120","BOROLTD","INE02PY01013","5 x","2.5 x","-","","","","","","","","","","","","","","","","","","",""
"1121","ROSSARI","INE02A801020","5 x","2.5 x","-","","","","","","","","","","","","","","","","","","",""
"1122","AHLEAST","INE926K01017","1 x","-","-","","","","","","","","","","","","","","","","","","",""
"1123","SICALLOG","INE075B01020","1 x","-","-","","","","","","","","","","","","","","","","","","",""
"1124","CAPTRUST","INE707C01018","1 x","-","-","","","","","","","","","","","","","","","","","","",""
"1125","PLAZACABLE","INE0INJ01017","1 x","-","-","","","","","","","","","","","","","","","","","","",""
"1126","KARNIKA","INE0MGA01012","1 x","-","-","","","","","","","","","","","","","","","","","","",""
"1127","SCML","INE460Q01014","1 x","-","-","","","","","","","","","","","","","","","","","","",""
"1128","KSB","INE999A01023","5 x","3.32 x","-","","","","","","","","","","","","","","","","","","",""
"1129","PLADAINFO","INE0PXD01014","1 x","-","-","","","","","","","","","","","","","","","","","","",""
"1130","SECMARK","INE0BTM01013","1 x","-","-","","","","","","","","","","","","","","","","","","",""
"1131","TICL","INE388G01026","1 x","-","2 x","","","","","","","","","","","","","","","","","","",""
"1132","COMMITTED","INE597Z01014","1 x","-","-","","","","","","","","","","","","","","","","","","",""
"1133","IITL","INE886A01014","5 x","-","-","","","","","","","","","","","","","","","","","","",""
"1134","BAJAJCON","INE933K01021","5 x","2.74 x","-","","","","","","","","","","","","","","","","","","",""
"1135","HDFCGOLD","INF179KC1981","5 x","3.45 x","-","","","","","","","","","","","","","","","","","","",""
"1136","BHANDARI","INE474E01029","1 x","-","-","","","","","","","","","","","","","","","","","","",""
"1137","UGARSUGAR","INE071E01023","5 x","1 x","-","","","","","","","","","","","","","","","","","","",""
"1138","ARVINDPORT","INE0P4T01013","1 x","-","-","","","","","","","","","","","","","","","","","","",""
"1139","BSE","INE118H01025","5 x","3.33 x","-","","","","","","","","","","","","","","","","","","",""
"1140","IRMENERGY","INE07U701015","5 x","2 x","-","","","","","","","","","","","","","","","","","","",""
"1141","PRAKASHSTL","INE696K01024","1 x","-","-","","","","","","","","","","","","","","","","","","",""
"1142","PRICOLLTD","INE726V01018","5 x","3.07 x","-","","","","","","","","","","","","","","","","","","",""
"1143","WOMANCART","INE0Q9601016","1 x","-","-","","","","","","","","","","","","","","","","","","",""
"1144","ITETF","INF769K01KV5","5 x","3.68 x","-","","","","","","","","","","","","","","","","","","",""
"1145","TRENT","INE849A01020","5 x","4.07 x","-","","","","","","","","","","","","","","","","","","",""
"1146","ALPHAETF","INF769K01KU7","5 x","5 x","-","","","","","","","","","","","","","","","","","","",""
"1147","MAXESTATES","INE03EI01018","5 x","2.87 x","-","","","","","","","","","","","","","","","","","","",""
"1148","KALYANI","INE610E01010","1 x","-","-","","","","","","","","","","","","","","","","","","",""
"1149","GOLDIETF","INF109KC1NT3","5 x","3.45 x","-","","","","","","","","","","","","","","","","","","",""
"1150","RCDL","INE0BZQ01011","1 x","-","-","","","","","","","","","","","","","","","","","","",""
"1151","BLUEJET","INE0KBH01020","5 x","2.73 x","-","","","","","","","","","","","","","","","","","","",""
"1152","JITFINFRA","INE863T01013","5 x","-","-","","","","","","","","","","","","","","","","","","",""
"1153","LIQUIDSBI","INF200KA13Z8","5 x","5 x","-","","","","","","","","","","","","","","","","","","",""
"1154","GPPL","INE517F01014","5 x","3.33 x","-","","","","","","","","","","","","","","","","","","",""
"1155","SHANTHALA","INE0Q9Q01017","1 x","-","-","","","","","","","","","","","","","","","","","","",""
"1156","ADFFOODS","INE982B01027","5 x","2.5 x","-","","","","","","","","","","","","","","","","","","",""
"1157","PARAGON","INE0N4G01012","1 x","-","-","","","","","","","","","","","","","","","","","","",""
"1158","MUFIN","INE08KJ01020","5 x","2.5 x","-","","","","","","","","","","","","","","","","","","",""
"1159","LMW","INE269B01029","5 x","3.31 x","-","","","","","","","","","","","","","","","","","","",""
"1160","CELLO","INE0LMW01024","5 x","3.26 x","-","","","","","","","","","","","","","","","","","","",""
"1161","TRANSTEEL","INE0NVI01020","1 x","-","-","","","","","","","","","","","","","","","","","","",""
"1162","MAITREYA","INE0PLQ01011","1 x","-","-","","","","","","","","","","","","","","","","","","",""
"1163","HONASA","INE0J5401028","5 x","3.14 x","-","","","","","","","","","","","","","","","","","","",""
"1164","SARTELE","INE0PUC01020","1 x","-","-","","","","","","","","","","","","","","","","","","",""
"1165","AMNPLST","INE275D01022","1 x","-","2 x","","","","","","","","","","","","","","","","","","",""
"1166","LGHL","INE258Y01016","5 x","2 x","-","","","","","","","","","","","","","","","","","","",""
"1167","RADIOCITY","INE919I01024","1 x","-","-","","","","","","","","","","","","","","","","","","",""
"1168","ESAFSFB","INE818W01011","5 x","-","-","","","","","","","","","","","","","","","","","","",""
"1169","MICROPRO","INE0PZK01014","1 x","-","-","","","","","","","","","","","","","","","","","","",""
"1170","MASFIN","INE348L01012","5 x","3.44 x","-","","","","","","","","","","","","","","","","","","",""
"1171","DMART","INE192R01011","5 x","4.55 x","-","","","","","","","","","","","","","","","","","","",""
"1172","ORISSAMINE","INE725E01024","5 x","2.5 x","-","","","","","","","","","","","","","","","","","","",""
"1173","EGOLD","INF754K01SE6","5 x","3.58 x","-","","","","","","","","","","","","","","","","","","",""
"1174","LIBERTSHOE","INE557B01019","5 x","1.67 x","-","","","","","","","","","","","","","","","","","","",""
"1175","DEEPAKNTR","INE288B01029","5 x","3.33 x","-","","","","","","","","","","","","","","","","","","",""
"1176","WAAREEINDO","INE866K01023","5 x","-","-","","","","","","","","","","","","","","","","","","",""
"1177","LICHSGFIN","INE115A01026","5 x","2.75 x","-","","","","","","","","","","","","","","","","","","",""
"1178","MCL","INE813V01022","1 x","-","-","","","","","","","","","","","","","","","","","","",""
"1179","SMVD","INE702Y01013","1 x","-","-","","","","","","","","","","","","","","","","","","",""
"1180","JMA","INE412C01023","1 x","-","-","","","","","","","","","","","","","","","","","","",""
"1181","SINTERCOM","INE129Z01016","2 x","-","-","","","","","","","","","","","","","","","","","","",""
"1182","AHLADA","INE00PV01013","1 x","-","-","","","","","","","","","","","","","","","","","","",""
"1183","MAHICKRA","INE961Y01015","1 x","-","-","","","","","","","","","","","","","","","","","","",""
"1184","SAKAR","INE732S01012","5 x","1 x","-","","","","","","","","","","","","","","","","","","",""
"1185","ELGIRUBCO","INE819L01012","1 x","-","-","","","","","","","","","","","","","","","","","","",""
"1186","CROWN","INE491V01019","1 x","-","-","","","","","","","","","","","","","","","","","","",""
"1187","SURANI","INE01ZJ01015","1 x","-","-","","","","","","","","","","","","","","","","","","",""
"1188","HEALTHX","INE019J01013","2 x","-","2 x","","","","","","","","","","","","","","","","","","",""
"1189","INTENTECH","INE781A01025","5 x","-","-","","","","","","","","","","","","","","","","","","",""
"1190","INFRABEES","INF732E01268","5 x","3.77 x","-","","","","","","","","","","","","","","","","","","",""
"1191","AISL","INE635Y01015","1 x","-","-","","","","","","","","","","","","","","","","","","",""
"1192","TEMBO","INE869Y01028","5 x","-","2 x","","","","","","","","","","","","","","","","","","",""
"1193","UWCSL","INE00F301010","1 x","-","-","","","","","","","","","","","","","","","","","","",""
"1194","CPCAP","INE521J01018","1 x","-","-","","","","","","","","","","","","","","","","","","",""
"1195","TASTYBITE","INE488B01017","5 x","2.5 x","-","","","","","","","","","","","","","","","","","","",""
"1196","TSFINV","INE202Z01029","5 x","2.88 x","-","","","","","","","","","","","","","","","","","","",""
"1197","UNIDT","INE961D01019","1 x","-","-","","","","","","","","","","","","","","","","","","",""
"1198","VSCL","INE551Q01028","1 x","-","-","","","","","","","","","","","","","","","","","","",""
"1199","ICEMAKE","INE520Y01019","5 x","2 x","-","","","","","","","","","","","","","","","","","","",""
"1200","AMBANIORGO","INE00C501018","1 x","-","-","","","","","","","","","","","","","","","","","","",""
"1201","GREENPOWER","INE999K01014","5 x","2.5 x","-","","","","","","","","","","","","","","","","","","",""
"1202","CDSL","INE736A01011","5 x","4.13 x","-","","","","","","","","","","","","","","","","","","",""
"1203","RAMKY","INE874I01013","5 x","2.5 x","-","","","","","","","","","","","","","","","","","","",""
"1204","PULZ","INE335X01014","1 x","-","-","","","","","","","","","","","","","","","","","","",""
"1205","BABAFP","INE0QW501012","1 x","-","-","","","","","","","","","","","","","","","","","","",""
"1206","ASKAUTOLTD","INE491J01022","5 x","3.02 x","-","","","","","","","","","","","","","","","","","","",""
"1207","ANTGRAPHIC","INE414B01021","1 x","-","-","","","","","","","","","","","","","","","","","","",""
"1208","ARIHANTSUP","INE643K01018","5 x","2 x","-","","","","","","","","","","","","","","","","","","",""
"1209","CANTABIL","INE068L01024","5 x","2.5 x","-","","","","","","","","","","","","","","","","","","",""
"1210","PANSARI","INE697V01011","1 x","-","2 x","","","","","","","","","","","","","","","","","","",""
"1211","ROXHITECH","INE0PDJ01013","1 x","-","-","","","","","","","","","","","","","","","","","","",""
"1212","UNIINFO","INE481Z01011","1 x","-","-","","","","","","","","","","","","","","","","","","",""
"1213","PAR","INE04LG01015","1 x","-","-","","","","","","","","","","","","","","","","","","",""
"1214","LUMAXIND","INE162B01018","5 x","2.78 x","-","","","","","","","","","","","","","","","","","","",""
"1215","SHUBHLAXMI","INE01Z401013","1 x","-","-","","","","","","","","","","","","","","","","","","",""
"1216","ASHOKA","INE442H01029","5 x","3 x","-","","","","","","","","","","","","","","","","","","",""
"1217","WABAG","INE956G01038","5 x","2.82 x","-","","","","","","","","","","","","","","","","","","",""
"1218","AKSHARCHEM","INE542B01011","1 x","-","-","","","","","","","","","","","","","","","","","","",""
"1219","BEDMUTHA","INE844K01012","1 x","-","2 x","","","","","","","","","","","","","","","","","","",""
"1220","URJA","INE550C01020","5 x","1 x","-","","","","","","","","","","","","","","","","","","",""
"1221","SUNREST","INE0PLZ01012","1 x","-","-","","","","","","","","","","","","","","","","","","",""
"1222","DRSDILIP","INE02CV01017","1 x","-","-","","","","","","","","","","","","","","","","","","",""
"1223","KHFM","INE00UG01014","1 x","-","-","","","","","","","","","","","","","","","","","","",""
"1224","CLEDUCATE","INE201M01029","2 x","-","-","","","","","","","","","","","","","","","","","","",""
"1225","JWL","INE209L01016","5 x","2.85 x","-","","","","","","","","","","","","","","","","","","",""
"1226","LAGNAM","INE548Z01017","1 x","-","-","","","","","","","","","","","","","","","","","","",""
"1227","LAXMICOT","INE801V01019","1 x","-","-","","","","","","","","","","","","","","","","","","",""
"1228","OBEROIRLTY","INE093I01010","5 x","4.35 x","-","","","","","","","","","","","","","","","","","","",""
"1229","TRANSWIND","INE792X01016","1 x","-","-","","","","","","","","","","","","","","","","","","",""
"1230","ESILVER","INF754K01SF3","5 x","2.44 x","-","","","","","","","","","","","","","","","","","","",""
"1231","IREDA","INE202E01016","5 x","4 x","-","","","","","","","","","","","","","","","","","","",""
"1232","VERA","INE709Z01015","1 x","-","-","","","","","","","","","","","","","","","","","","",""
"1233","AKG","INE00Y801016","1 x","-","-","","","","","","","","","","","","","","","","","","",""
"1234","ROCKINGDCE","INE0PTR01012","1 x","-","-","","","","","","","","","","","","","","","","","","",""
"1235","IRFC","INE053F01010","5 x","4.17 x","-","","","","","","","","","","","","","","","","","","",""
"1236","TATATECH","INE142M01025","5 x","3.27 x","-","","","","","","","","","","","","","","","","","","",""
"1237","SHAH","INE482J01021","1 x","-","2 x","","","","","","","","","","","","","","","","","","",""
"1238","AGROPHOS","INE740V01019","1 x","-","-","","","","","","","","","","","","","","","","","","",""
"1239","HECPROJECT","INE558R01013","1 x","-","-","","","","","","","","","","","","","","","","","","",""
"1240","ASHAPURMIN","INE348A01023","5 x","2.5 x","-","","","","","","","","","","","","","","","","","","",""
"1241","PRESTIGE","INE811K01011","5 x","3.99 x","-","","","","","","","","","","","","","","","","","","",""
"1242","GANDHAR","INE717W01049","5 x","1 x","-","","","","","","","","","","","","","","","","","","",""
"1243","MDL","INE575Z01010","1 x","-","-","","","","","","","","","","","","","","","","","","",""
"1244","BANKA","INE862Y01015","1 x","-","-","","","","","","","","","","","","","","","","","","",""
"1245","M&M","INE101A01026","5 x","4.35 x","-","","","","","","","","","","","","","","","","","","",""
"1246","MACPOWER","INE155Z01011","5 x","-","1 x","","","","","","","","","","","","","","","","","","",""
"1247","NRAIL","INE740D01017","1 x","-","2 x","","","","","","","","","","","","","","","","","","",""
"1248","MANAV","INE104Y01012","1 x","-","-","","","","","","","","","","","","","","","","","","",""
"1249","SHANKARA","INE274V01019","5 x","-","-","","","","","","","","","","","","","","","","","","",""
"1250","FEDFINA","INE007N01010","5 x","3.07 x","-","","","","","","","","","","","","","","","","","","",""
"1251","RESPONIND","INE688D01026","5 x","2.61 x","-","","","","","","","","","","","","","","","","","","",""
"1252","CGCL","INE180C01042","5 x","2.95 x","-","","","","","","","","","","","","","","","","","","",""
"1253","KOTHARIPET","INE720A01015","5 x","-","2 x","","","","","","","","","","","","","","","","","","",""
"1254","CONTI","INE340Z01019","1 x","-","-","","","","","","","","","","","","","","","","","","",""
"1255","AIROLAM","INE801L01010","1 x","-","-","","","","","","","","","","","","","","","","","","",""
"1256","TOTAL","INE336X01012","1 x","-","-","","","","","","","","","","","","","","","","","","",""
"1257","JAIPURKURT","INE696V01013","1 x","-","-","","","","","","","","","","","","","","","","","","",""
"1258","FLAIR","INE00Y201027","5 x","3.28 x","-","","","","","","","","","","","","","","","","","","",""
"1259","BETA","INE351Y01019","5 x","1 x","-","","","","","","","","","","","","","","","","","","",""
"1260","COALINDIA","INE522F01014","5 x","4.55 x","-","","","","","","","","","","","","","","","","","","",""
"1261","TIRUPATI","INE238Y01018","1 x","-","-","","","","","","","","","","","","","","","","","","",""
"1262","NITIRAJ","INE439T01012","1 x","-","-","","","","","","","","","","","","","","","","","","",""
"1263","PRITI","INE974Z01015","1 x","-","-","","","","","","","","","","","","","","","","","","",""
"1264","IOLCP","INE485C01029","5 x","1 x","-","","","","","","","","","","","","","","","","","","",""
"1265","MARINETRAN","INE0P1P01017","1 x","-","-","","","","","","","","","","","","","","","","","","",""
"1266","SHEETAL","INE04VX01019","1 x","-","-","","","","","","","","","","","","","","","","","","",""
"1267","SAGARDEEP","INE976T01013","1 x","-","-","","","","","","","","","","","","","","","","","","",""
"1268","NACLIND","INE295D01020","5 x","2 x","-","","","","","","","","","","","","","","","","","","",""
"1269","RAMCOCEM","INE331A01037","5 x","3.59 x","-","","","","","","","","","","","","","","","","","","",""
"1270","KALYANI$","INE610E01010","1 x","-","-","","","","","","","","","","","","","","","","","","",""
"1271","APCL","INE071F01012","1 x","-","2 x","","","","","","","","","","","","","","","","","","",""
"1272","GRAPHISAD","INE0POU01017","1 x","-","-","","","","","","","","","","","","","","","","","","",""
"1273","MITCON","INE828O01033","1 x","-","-","","","","","","","","","","","","","","","","","","",""
"1274","GICL","INE947T01022","5 x","-","1 x","","","","","","","","","","","","","","","","","","",""
"1275","INDIGOPNTS","INE09VQ01012","5 x","3.25 x","-","","","","","","","","","","","","","","","","","","",""
"1276","WIPL","INE215F01023","1 x","-","-","","","","","","","","","","","","","","","","","","",""
"1277","ACCENTMIC","INE0Q5D01013","1 x","-","-","","","","","","","","","","","","","","","","","","",""
"1278","CHENNPETRO","INE178A01016","5 x","2.59 x","-","","","","","","","","","","","","","","","","","","",""
"1279","PRESSTONIC","INE0R1601012","1 x","-","-","","","","","","","","","","","","","","","","","","",""
"1280","LFIC","INE850E01012","1 x","-","-","","","","","","","","","","","","","","","","","","",""
"1281","PRUDMOULI","INE024D01016","1 x","-","-","","","","","","","","","","","","","","","","","","",""
"1282","BAJEL","INE0KQN01018","5 x","2 x","-","","","","","","","","","","","","","","","","","","",""
"1283","GOLDAXIS","INF846K01W80","5 x","3.33 x","-","","","","","","","","","","","","","","","","","","",""
"1284","PARIN","INE00U801010","1 x","-","-","","","","","","","","","","","","","","","","","","",""
"1285","GRAVITA","INE024L01027","5 x","2.86 x","-","","","","","","","","","","","","","","","","","","",""
"1286","MAHESHWARI","INE263W01010","1 x","-","-","","","","","","","","","","","","","","","","","","",""
"1287","SJLOGISTIC","INE0F3301020","1 x","-","-","","","","","","","","","","","","","","","","","","",""
"1288","ARVEE","INE006Z01016","1 x","-","-","","","","","","","","","","","","","","","","","","",""
"1289","BBNPPGOLD","INF251K01SU9","5 x","3.33 x","-","","","","","","","","","","","","","","","","","","",""
"1290","DOMS","INE321T01012","5 x","3.33 x","-","","","","","","","","","","","","","","","","","","",""
"1291","INDIASHLTR","INE922K01024","5 x","3.28 x","-","","","","","","","","","","","","","","","","","","",""
"1292","HOMEFIRST","INE481N01025","5 x","3.06 x","-","","","","","","","","","","","","","","","","","","",""
"1293","DOLLAR","INE325C01035","5 x","2.5 x","-","","","","","","","","","","","","","","","","","","",""
"1294","MINDPOOL","INE00RQ01019","1 x","-","-","","","","","","","","","","","","","","","","","","",""
"1295","SIKKO","INE112X01025","1 x","-","-","","","","","","","","","","","","","","","","","","",""
"1296","JAKHARIA","INE00N401018","1 x","-","-","","","","","","","","","","","","","","","","","","",""
"1297","SILGO","INE01II01013","5 x","-","-","","","","","","","","","","","","","","","","","","",""
"1298","APOLSINHOT","INE451F01024","2 x","-","-","","","","","","","","","","","","","","","","","","",""
"1299","PRECOT","INE283A01014","1 x","-","2 x","","","","","","","","","","","","","","","","","","",""
"1300","ARTNIRMAN","INE738V01013","1 x","-","-","","","","","","","","","","","","","","","","","","",""
"1301","ASHIMASYN","INE440A01010","1 x","-","1 x","","","","","","","","","","","","","","","","","","",""
"1302","NRVANDANA","INE104101014","1 x","-","-","","","","","","","","","","","","","","","","","","",""
"1303","SHREEOSFM","INE02S501018","1 x","-","-","","","","","","","","","","","","","","","","","","",""
"1304","FELIX","INE901X01013","1 x","-","-","","","","","","","","","","","","","","","","","","",""
"1305","INOXINDIA","INE616N01034","5 x","2.88 x","-","","","","","","","","","","","","","","","","","","",""
"1306","CADSYS","INE090Y01013","1 x","-","-","","","","","","","","","","","","","","","","","","",""
"1307","SHANTI","INE933X01016","1 x","-","-","","","","","","","","","","","","","","","","","","",""
"1308","SUPERHOUSE","INE712B01010","1 x","-","-","","","","","","","","","","","","","","","","","","",""
"1309","ACCORD","INE113X01015","1 x","-","-","","","","","","","","","","","","","","","","","","",""
"1310","PENIND","INE932A01024","5 x","2.71 x","-","","","","","","","","","","","","","","","","","","",""
"1311","JINDWORLD","INE247D01039","5 x","1 x","-","","","","","","","","","","","","","","","","","","",""
"1312","SHIVAUM","INE719F01016","5 x","-","2 x","","","","","","","","","","","","","","","","","","",""
"1313","SCHAND","INE807K01035","5 x","1 x","-","","","","","","","","","","","","","","","","","","",""
"1314","VTL","INE825A01020","5 x","3.18 x","-","","","","","","","","","","","","","","","","","","",""
"1315","RPPINFRA","INE324L01013","5 x","-","2 x","","","","","","","","","","","","","","","","","","",""
"1316","PARTYCRUS","INE06ZX01015","1 x","-","-","","","","","","","","","","","","","","","","","","",""
"1317","BHAGYANGR","INE458B01036","1 x","-","-","","","","","","","","","","","","","","","","","","",""
"1318","JAMNAAUTO","INE039C01032","5 x","2.93 x","-","","","","","","","","","","","","","","","","","","",""
"1319","SIDDHIKA","INE0A1E01018","1 x","-","-","","","","","","","","","","","","","","","","","","",""
"1320","VMARCIND","INE0GXK01018","1 x","-","-","","","","","","","","","","","","","","","","","","",""
"1321","MOTISONS","INE0FRK01020","5 x","2.56 x","-","","","","","","","","","","","","","","","","","","",""
"1322","SUMEETINDS","INE235C01036","1 x","-","-","","","","","","","","","","","","","","","","","","",""
"1323","AILIMITED","INE0CAJ01017","1 x","-","-","","","","","","","","","","","","","","","","","","",""
"1324","WALPAR","INE0G2G01015","1 x","-","-","","","","","","","","","","","","","","","","","","",""
"1325","MOKSH","INE514Y01020","2 x","-","-","","","","","","","","","","","","","","","","","","",""
"1326","GLOBE","INE581X01021","1 x","-","-","","","","","","","","","","","","","","","","","","",""
"1327","REXPIPES","INE00D001018","1 x","-","-","","","","","","","","","","","","","","","","","","",""
"1328","IRBINVIT","INE183W23014","1 x","-","-","","","","","","","","","","","","","","","","","","",""
"1329","GANGAFORGE","INE691Z01023","1 x","-","-","","","","","","","","","","","","","","","","","","",""
"1330","BEWLTD","INE0HQI01014","1 x","-","-","","","","","","","","","","","","","","","","","","",""
"1331","SURAJEST","INE843S01025","5 x","2.5 x","-","","","","","","","","","","","","","","","","","","",""
"1332","QUADPRO","INE0GOJ01027","1 x","-","-","","","","","","","","","","","","","","","","","","",""
"1333","HUDCO","INE031A01017","5 x","3.14 x","-","","","","","","","","","","","","","","","","","","",""
"1334","JAINAM","INE02KC01010","1 x","-","-","","","","","","","","","","","","","","","","","","",""
"1335","MOIL","INE490G01020","5 x","3.01 x","-","","","","","","","","","","","","","","","","","","",""
"1336","TIRUPATIFL","INE319Y01024","5 x","-","-","","","","","","","","","","","","","","","","","","",""
"1337","BMETRICS","INE0I3Y01014","1 x","-","-","","","","","","","","","","","","","","","","","","",""
"1338","DYNAMIC","INE0DZ701010","1 x","-","-","","","","","","","","","","","","","","","","","","",""
"1339","MUTHOOTMF","INE046W01019","5 x","2.86 x","-","","","","","","","","","","","","","","","","","","",""
"1340","DKEGL","INE0GN101014","1 x","-","-","","","","","","","","","","","","","","","","","","",""
"1341","NIDAN","INE0J6L01013","1 x","-","-","","","","","","","","","","","","","","","","","","",""
"1342","FOCE","INE0I7D01019","1 x","-","-","","","","","","","","","","","","","","","","","","",""
"1343","VIVO","INE0IA701014","1 x","-","-","","","","","","","","","","","","","","","","","","",""
"1344","TIMESCAN","INE0IJY01014","1 x","-","-","","","","","","","","","","","","","","","","","","",""
"1345","MAHSCOOTER","INE288A01013","5 x","3.28 x","-","","","","","","","","","","","","","","","","","","",""
"1346","ZEELEARN","INE565L01011","1 x","-","-","","","","","","","","","","","","","","","","","","",""
"1347","AAKASH","INE087Z01024","1 x","-","-","","","","","","","","","","","","","","","","","","",""
"1348","HAPPYFORGE","INE330T01021","5 x","3.19 x","-","","","","","","","","","","","","","","","","","","",""
"1349","RICHA","INE0J1P01015","1 x","-","-","","","","","","","","","","","","","","","","","","",""
"1350","MADHAVBAUG","INE0JR301013","1 x","-","-","","","","","","","","","","","","","","","","","","",""
"1351","SHIGAN","INE03KJ01013","1 x","-","-","","","","","","","","","","","","","","","","","","",""
"1352","SPRL","INE0JW501011","1 x","-","-","","","","","","","","","","","","","","","","","","",""
"1353","COOLCAPS","INE0HS001028","1 x","-","-","","","","","","","","","","","","","","","","","","",""
"1354","KNAGRI","INE0KNW01016","2 x","-","2 x","","","","","","","","","","","","","","","","","","",""
"1355","PROPEQUITY","INE0KN801013","1 x","-","-","","","","","","","","","","","","","","","","","","",""
"1356","KRISHNADEF","INE0J5601015","5 x","2 x","-","","","","","","","","","","","","","","","","","","",""
"1357","LEMERITE","INE0G1L01025","5 x","-","-","","","","","","","","","","","","","","","","","","",""
"1358","SONUINFRA","INE0JZA01018","1 x","-","-","","","","","","","","","","","","","","","","","","",""
"1359","PSPPROJECT","INE488V01015","5 x","2.5 x","-","","","","","","","","","","","","","","","","","","",""
"1360","MUFTI","INE220Q01020","5 x","2 x","-","","","","","","","","","","","","","","","","","","",""
"1361","RILINFRA","INE02OY01016","1 x","-","-","","","","","","","","","","","","","","","","","","",""
"1362","MAHSEAMLES","INE271B01025","5 x","3.38 x","-","","","","","","","","","","","","","","","","","","",""
"1363","DUGLOBAL","INE0HPK01020","1 x","-","-","","","","","","","","","","","","","","","","","","",""
"1364","RBZJEWEL","INE0PEQ01016","5 x","-","-","","","","","","","","","","","","","","","","","","",""
"1365","SKP$","INE0KZA01016","1 x","-","-","","","","","","","","","","","","","","","","","","",""
"1366","EFORCE","INE0Q1W01012","1 x","-","-","","","","","","","","","","","","","","","","","","",""
"1367","AZAD","INE02IJ01035","5 x","2.83 x","-","","","","","","","","","","","","","","","","","","",""
"1368","A2ZINFRA","INE619I01012","1 x","-","-","","","","","","","","","","","","","","","","","","",""
"1369","KRITIKA","INE00Z501029","1 x","-","-","","","","","","","","","","","","","","","","","","",""
"1370","VIVIANA","INE0MEG01014","1 x","-","-","","","","","","","","","","","","","","","","","","",""
"1371","ANNAPURNA","INE0MGM01017","5 x","-","-","","","","","","","","","","","","","","","","","","",""
"1372","AJOONI","INE820Y01021","1 x","-","-","","","","","","","","","","","","","","","","","","",""
"1373","QMSMEDI","INE0FMW01018","1 x","-","-","","","","","","","","","","","","","","","","","","",""
"1374","VITAL","INE0L4K01016","1 x","-","-","","","","","","","","","","","","","","","","","","",""
"1375","RAJMET","INE00KV01022","1 x","-","-","","","","","","","","","","","","","","","","","","",""
"1376","KIRLOSENG","INE146L01010","5 x","1 x","-","","","","","","","","","","","","","","","","","","",""
"1377","VCL","INE098201036","1 x","-","-","","","","","","","","","","","","","","","","","","",""
"1378","RKDL","INE722J01012","1 x","-","-","","","","","","","","","","","","","","","","","","",""
"1379","SUNCLAY","INE0Q3R01026","5 x","2.5 x","-","","","","","","","","","","","","","","","","","","",""
"1380","INDIGRID","INE219X23014","1 x","-","-","","","","","","","","","","","","","","","","","","",""
"1381","PSB","INE608A01012","5 x","3.13 x","-","","","","","","","","","","","","","","","","","","",""
"1382","FMNL","INE360L01017","1 x","-","-","","","","","","","","","","","","","","","","","","",""
"1383","SERVOTECH","INE782X01033","5 x","2.5 x","-","","","","","","","","","","","","","","","","","","",""
"1384","ZEAL$","INE0PPS01018","1 x","-","-","","","","","","","","","","","","","","","","","","",""
"1385","IRISDOREME","INE01GN01025","5 x","-","2 x","","","","","","","","","","","","","","","","","","",""
"1386","SEL$","INE0O3O01017","1 x","-","-","","","","","","","","","","","","","","","","","","",""
"1387","MANGLMCEM","INE347A01017","5 x","2.5 x","-","","","","","","","","","","","","","","","","","","",""
"1388","INNOVACAP","INE0DUT01020","5 x","3.12 x","-","","","","","","","","","","","","","","","","","","",""
"1389","MAL$","INE00C401011","1 x","-","-","","","","","","","","","","","","","","","","","","",""
"1390","SUPREMEPWR","INE0QHG01026","1 x","-","-","","","","","","","","","","","","","","","","","","",""
"1391","FOCUS$","INE593W01028","1 x","-","2 x","","","","","","","","","","","","","","","","","","",""
"1392","STOVEKRAFT","INE00IN01015","5 x","2.5 x","-","","","","","","","","","","","","","","","","","","",""
"1393","SURANASOL","INE272L01022","1 x","-","-","","","","","","","","","","","","","","","","","","",""
"1394","TECHLABS","INE0QD201012","1 x","-","-","","","","","","","","","","","","","","","","","","",""
"1395","HINDCON","INE642Y01029","1 x","-","-","","","","","","","","","","","","","","","","","","",""
"1396","STARCEMENT","INE460H01021","5 x","3.52 x","-","","","","","","","","","","","","","","","","","","",""
"1397","SAIFL","INE0PZA01015","1 x","-","-","","","","","","","","","","","","","","","","","","",""
"1398","AKANKSHA","INE0PCY01014","1 x","-","-","","","","","","","","","","","","","","","","","","",""
"1399","KCEIL","INE0RCG01017","1 x","-","-","","","","","","","","","","","","","","","","","","",""
"1400","KLL","INE0Q2V01012","1 x","-","-","","","","","","","","","","","","","","","","","","",""
"1401","SHEKHAWATI","INE268L01046","1 x","-","-","","","","","","","","","","","","","","","","","","",""
"1402","IBLFL","INE0O7401018","1 x","-","-","","","","","","","","","","","","","","","","","","",""
"1403","APS","INE0P0001010","1 x","-","-","","","","","","","","","","","","","","","","","","",""
"1404","MAXPOSURE","INE0ECC01022","1 x","-","-","","","","","","","","","","","","","","","","","","",""
"1405","ADDICTIVE","INE0RDH01021","1 x","-","-","","","","","","","","","","","","","","","","","","",""
"1406","DHTL","INE0OGG01015","1 x","-","-","","","","","","","","","","","","","","","","","","",""
"1407","FONEBOX","INE0Q4701019","1 x","-","-","","","","","","","","","","","","","","","","","","",""
"1408","DELAPLEX","INE0SK801018","1 x","-","-","","","","","","","","","","","","","","","","","","",""
"1409","MEGATHERM","INE531R01010","1 x","-","-","","","","","","","","","","","","","","","","","","",""
"1410","BAWEJA","INE0JFJ01011","1 x","-","-","","","","","","","","","","","","","","","","","","",""
"1411","ITALIANE","INE0R7R01018","1 x","-","-","","","","","","","","","","","","","","","","","","",""
"1412","ALPEXSOLAR","INE0R4701017","1 x","-","-","","","","","","","","","","","","","","","","","","",""
"1413","BFINVEST","INE878K01010","5 x","2 x","-","","","","","","","","","","","","","","","","","","",""
"1414","WTICAB","INE623Y01011","1 x","-","-","","","","","","","","","","","","","","","","","","",""
"1415","ATMASTCO","INE05DH01017","1 x","-","-","","","","","","","","","","","","","","","","","","",""
"1416","INM","INE0OPC01015","1 x","-","-","","","","","","","","","","","","","","","","","","",""
"1417","TCL","INE0QJL01014","1 x","-","-","","","","","","","","","","","","","","","","","","",""
"1418","ESCONET","INE0RQZ01017","1 x","-","-","","","","","","","","","","","","","","","","","","",""
"1419","ZENITHDRUG","INE0QWN01013","1 x","-","-","","","","","","","","","","","","","","","","","","",""
"1420","DEEM","INE586O01011","1 x","-","-","","","","","","","","","","","","","","","","","","",""
"1421","KICL","INE029L01018","5 x","2.5 x","-","","","","","","","","","","","","","","","","","","",""
"1422","MARALOVER","INE882A01013","1 x","-","-","","","","","","","","","","","","","","","","","","",""
"1423","OWAIS","INE0R8M01017","1 x","-","-","","","","","","","","","","","","","","","","","","",""
"1424","PURVFLEXI","INE0R6C01012","1 x","-","-","","","","","","","","","","","","","","","","","","",""
"1425","VR","INE0QQM01017","1 x","-","-","","","","","","","","","","","","","","","","","","",""
"1426","SONAMAC","INE0Q6H01012","1 x","-","-","","","","","","","","","","","","","","","","","","",""
"1427","SHREEKARNI","INE0S4Y01010","1 x","-","-","","","","","","","","","","","","","","","","","","",""
"1428","PRATHAM","INE0QA601016","1 x","-","-","","","","","","","","","","","","","","","","","","",""
"1429","SIGNORIA","INE0RDE01010","1 x","-","-","","","","","","","","","","","","","","","","","","",""
"1430","AVPINFRA","INE0R9401019","1 x","-","-","","","","","","","","","","","","","","","","","","",""
"1431","TEJASNET","INE010J01012","5 x","2.49 x","-","","","","","","","","","","","","","","","","","","",""
"1432","ENFUSE","INE0S3X01014","1 x","-","-","","","","","","","","","","","","","","","","","","",""
"1433","VISHWAS","INE0S2E01016","1 x","-","-","","","","","","","","","","","","","","","","","","",""
"1434","NAMAN","INE0RJM01010","1 x","-","-","","","","","","","","","","","","","","","","","","",""
"1435","BLUEPEBBLE","INE0SAK01011","1 x","-","-","","","","","","","","","","","","","","","","","","",""
"1436","TRUST","INE0SWN01019","1 x","-","-","","","","","","","","","","","","","","","","","","",""
"1437","TAC","INE0SOY01013","1 x","-","-","","","","","","","","","","","","","","","","","","",""
"1438","K2INFRA","INE0DEZ01013","1 x","-","-","","","","","","","","","","","","","","","","","","",""
"1439","YASHOPTICS","INE0TO601017","1 x","-","-","","","","","","","","","","","","","","","","","","",""
"1440","CGRAPHICS","INE0R7401011","1 x","-","-","","","","","","","","","","","","","","","","","","",""
"1441","ALUWIND","INE0STM01017","1 x","-","-","","","","","","","","","","","","","","","","","","",""
"1442","DRSCARGO","INE0QZM01018","1 x","-","-","","","","","","","","","","","","","","","","","","",""
"1443","DCG","INE0S8401018","1 x","-","-","","","","","","","","","","","","","","","","","","",""
"1444","BIRDYS","INE0PC901019","1 x","-","-","","","","","","","","","","","","","","","","","","",""
"1445","RBS","INE0RJH01010","1 x","-","-","","","","","","","","","","","","","","","","","","",""
"1446","ERIS","INE406M01024","5 x","3.39 x","-","","","","","","","","","","","","","","","","","","",""
"1447","SONAMLTD","INE00LM01029","1 x","-","-","","","","","","","","","","","","","","","","","","",""
"1448","SLONE","INE0SMA01017","1 x","-","-","","","","","","","","","","","","","","","","","","",""
"1449","WINSOL","INE0S3D01016","1 x","-","-","","","","","","","","","","","","","","","","","","",""
"1450","REFRACTORY","INE0TNX01015","1 x","-","-","","","","","","","","","","","","","","","","","","",""
"1451","SILKFLEX","INE0STN01015","1 x","-","-","","","","","","","","","","","","","","","","","","",""
"1452","EMMIL","INE0S1L01013","1 x","-","-","","","","","","","","","","","","","","","","","","",""
"1453","PRLIND","INE0CFG01012","1 x","-","-","","","","","","","","","","","","","","","","","","",""
"1454","ABSMARINE","INE0QRV01016","1 x","-","-","","","","","","","","","","","","","","","","","","",""
"1455","MANDEEP","INE0R3T01013","1 x","-","-","","","","","","","","","","","","","","","","","","",""
"1456","VERITAAS","INE0SRI01019","1 x","-","-","","","","","","","","","","","","","","","","","","",""
"1457","IEML","INE0RRU01016","1 x","-","-","","","","","","","","","","","","","","","","","","",""
"1458","QUESTLAB","INE0TNW01017","1 x","-","-","","","","","","","","","","","","","","","","","","",""
"1459","RULKA","INE0R7301013","1 x","-","-","","","","","","","","","","","","","","","","","","",""
"1460","VILAS","INE0AZY01017","1 x","-","-","","","","","","","","","","","","","","","","","","",""
"1461","BEACON","INE639X01027","1 x","-","-","","","","","","","","","","","","","","","","","","",""
"1462","ZTECH","INE0ISZ01012","1 x","-","-","","","","","","","","","","","","","","","","","","",""
"1463","AIMTRON","INE0RUV01018","1 x","-","-","","","","","","","","","","","","","","","","","","",""
"1464","TBI","INE0N2D01013","1 x","-","-","","","","","","","","","","","","","","","","","","",""
"1465","DURLAX","INE0OUW01013","1 x","-","-","","","","","","","","","","","","","","","","","","",""
"1466","FALCONTECH","INE0PQK01013","1 x","-","-","","","","","","","","","","","","","","","","","","",""
"1467","MEDIORG","INE0PE401018","1 x","-","-","","","","","","","","","","","","","","","","","","",""
"1468","SYLVANPLY","INE01IH01015","1 x","-","-","","","","","","","","","","","","","","","","","","",""
"1469","SPCL","INE0T7B01010","2 x","-","-","","","","","","","","","","","","","","","","","","",""
"1470","AKIKO","INE0PMR01017","1 x","-","-","","","","","","","","","","","","","","","","","","",""
"1471","DPEL","INE0SCO01019","1 x","-","-","","","","","","","","","","","","","","","","","","",""
"1472","PCCL","INE998U01015","1 x","-","-","","","","","","","","","","","","","","","","","","",""
"1473","DTL","INE0JRD01019","1 x","-","-","","","","","","","","","","","","","","","","","","",""
"1474","NEPHROCARE","INE0SUN01013","1 x","-","-","","","","","","","","","","","","","","","","","","",""
"1475","DHANSA","INE0M3I01029","1 x","-","-","","","","","","","","","","","","","","","","","","",""
"1476","GGBL","INE0R8C01018","1 x","-","-","","","","","","","","","","","","","","","","","","",""
"1477","EFFWA","INE0U9101019","1 x","-","-","","","","","","","","","","","","","","","","","","",""
"1478","SAHAJSOLAR","INE0P4701011","1 x","-","-","","","","","","","","","","","","","","","","","","",""
"1479","SATIPOLY","INE0RPM01017","1 x","-","-","","","","","","","","","","","","","","","","","","",""
"1480","TUNWAL","INE0OXV01027","1 x","-","-","","","","","","","","","","","","","","","","","","",""
"1481","MACOBSTECH","INE0R0J01010","1 x","-","-","","","","","","","","","","","","","","","","","","",""
"1482","KATARIA","INE0SVY01018","1 x","-","-","","","","","","","","","","","","","","","","","","",""
"1483","RNFI","INE0SA001017","1 x","-","-","","","","","","","","","","","","","","","","","","",""
"1484","VLINFRA","INE0QXL01015","1 x","-","-","","","","","","","","","","","","","","","","","","",""
"1485","MIEL","INE0R3101011","1 x","-","-","","","","","","","","","","","","","","","","","","",""
"1486","CHETANA","INE0U1T01012","1 x","-","-","","","","","","","","","","","","","","","","","","",""
"1487","APRAMEYA","INE0LQG01010","1 x","-","-","","","","","","","","","","","","","","","","","","",""
"1488","TROM","INE0SYV01018","1 x","-","-","","","","","","","","","","","","","","","","","","",""
"1489","SATECH","INE0BSN01013","1 x","-","-","","","","","","","","","","","","","","","","","","",""
"1490","ESPRIT","INE0SBP01018","1 x","-","-","","","","","","","","","","","","","","","","","","",""
"1491","ASHALOG","INE0LAA01017","1 x","-","-","","","","","","","","","","","","","","","","","","",""
"1492","RAJINDLTD","INE0PCU01012","1 x","-","-","","","","","","","","","","","","","","","","","","",""
"1493","SSEGL","INE0RFP01011","1 x","-","-","","","","","","","","","","","","","","","","","","",""
"1494","BULKCORP","INE0SZ301012","1 x","-","-","","","","","","","","","","","","","","","","","","",""
"1495","UTSSAV","INE06IJ01010","1 x","-","-","","","","","","","","","","","","","","","","","","",""
"1496","PPSL","INE0YAL01017","1 x","-","-","","","","","","","","","","","","","","","","","","",""
"1497","AESTHETIK","INE0TSF01011","1 x","-","-","","","","","","","","","","","","","","","","","","",""
"1498","POSITRON","INE0S3H01017","1 x","-","-","","","","","","","","","","","","","","","","","","",""
"1499","SUNLITE","INE0U2N01013","1 x","-","-","","","","","","","","","","","","","","","","","","",""
"1500","BALCO","INE0U0201016","1 x","-","-","","","","","","","","","","","","","","","","","","",""
"1501","BRACEPORT","INE0R4Z01018","1 x","-","-","","","","","","","","","","","","","","","","","","",""
"1502","FORCAS","INE0U2501017","1 x","-","-","","","","","","","","","","","","","","","","","","",""
"1503","QVCEL","INE0KZF01015","1 x","-","-","","","","","","","","","","","","","","","","","","",""
"1504","IDEALTECHO","INE0T9I01011","1 x","-","-","","","","","","","","","","","","","","","","","","",""
"1505","IPHL","INE0DHF01018","1 x","-","-","","","","","","","","","","","","","","","","","","",""
"1506","JAYBEE","INE0SMY01017","1 x","-","-","","","","","","","","","","","","","","","","","","",""
"1507","VDEAL","INE0U2M01015","1 x","-","-","","","","","","","","","","","","","","","","","","",""
"1508","PARAMATRIX","INE0S2W01018","1 x","-","-","","","","","","","","","","","","","","","","","","",""
"1509","AERON","INE0WL801011","1 x","-","-","","","","","","","","","","","","","","","","","","",""
"1510","GTPL","INE869I01013","5 x","2 x","-","","","","","","","","","","","","","","","","","","",""
"1511","BOSS","INE0QNI01012","1 x","-","-","","","","","","","","","","","","","","","","","","",""
"1512","JEYYAM","INE0RXB01022","1 x","-","-","","","","","","","","","","","","","","","","","","",""
"1513","NAMOEWASTE","INE08NZ01012","1 x","-","-","","","","","","","","","","","","","","","","","","",""
"1514","MYMUDRA","INE0RVQ01016","1 x","-","-","","","","","","","","","","","","","","","","","","",""
"1515","VIESL","INE0TR001017","1 x","-","-","","","","","","","","","","","","","","","","","","",""
"1516","AUSL","INE01YQ01013","1 x","-","-","","","","","","","","","","","","","","","","","","",""
"1517","GAJANAND","INE0QTE01018","1 x","-","-","","","","","","","","","","","","","","","","","","",""
"1518","SHUBHSHREE","INE0UL701015","1 x","-","-","","","","","","","","","","","","","","","","","","",""
"1519","SPPPOLY","INE0QR801013","1 x","-","-","","","","","","","","","","","","","","","","","","",""
"1520","RPPL","INE760W01023","1 x","-","-","","","","","","","","","","","","","","","","","","",""
"1521","EXCELLENT","INE0Y4801011","1 x","-","-","","","","","","","","","","","","","","","","","","",""
"1522","ASHOKLEY","INE208A01029","5 x","4.06 x","-","","","","","","","","","","","","","","","","","","",""
"1523","DECCANTRAN","INE0S7C01019","1 x","-","-","","","","","","","","","","","","","","","","","","",""
"1524","ENVIRO","INE0SUH01015","1 x","-","-","","","","","","","","","","","","","","","","","","",""
"1525","PELATRO","INE0VG601013","1 x","-","-","","","","","","","","","","","","","","","","","","",""
"1526","PSFL","INE0Q6001012","1 x","-","-","","","","","","","","","","","","","","","","","","",""
"1527","KALANA","INE0T0L01014","1 x","-","-","","","","","","","","","","","","","","","","","","",""
"1528","PHOGLOBAL","INE0FPO01018","1 x","-","-","","","","","","","","","","","","","","","","","","",""
"1529","AVIANSH","INE0TFB01017","1 x","-","-","","","","","","","","","","","","","","","","","","",""
"1530","SDREAMS","INE0X6F01017","1 x","-","-","","","","","","","","","","","","","","","","","","",""
"1531","RAPPID","INE0MVO01012","1 x","-","-","","","","","","","","","","","","","","","","","","",""
"1532","WOL3D","INE0OO201011","1 x","-","-","","","","","","","","","","","","","","","","","","",""
"1533","UNILEX","INE0B2801011","1 x","-","-","","","","","","","","","","","","","","","","","","",""
"1534","TECHERA","INE0JQS01019","1 x","-","-","","","","","","","","","","","","","","","","","","",""
"1535","THESL","INE0SHE01019","1 x","-","-","","","","","","","","","","","","","","","","","","",""
"1536","DIVYADHAN","INE0QYI01019","1 x","-","-","","","","","","","","","","","","","","","","","","",""
"1537","SAHASRA","INE0RBQ01018","1 x","-","-","","","","","","","","","","","","","","","","","","",""
"1538","FORGEAUTO","INE0YKW01013","1 x","-","-","","","","","","","","","","","","","","","","","","",""
"1539","SAJHOTELS","INE00MT01022","1 x","-","-","","","","","","","","","","","","","","","","","","",""
"1540","HVAX","INE0TO501019","1 x","-","-","","","","","","","","","","","","","","","","","","",""
"1541","PRANIK","INE0VJG01014","1 x","-","-","","","","","","","","","","","","","","","","","","",""
"1542","LAKSHYA","INE0VZS01015","1 x","-","-","","","","","","","","","","","","","","","","","","",""
"1543","FRESHARA","INE0SFW01015","1 x","-","-","","","","","","","","","","","","","","","","","","",""
"1544","PREMIUM","INE0M1F01011","1 x","-","-","","","","","","","","","","","","","","","","","","",""
"1545","OBSCP","INE0YHV01011","1 x","-","-","","","","","","","","","","","","","","","","","","",""
"1546","DANISH","INE0YU901016","1 x","-","-","","","","","","","","","","","","","","","","","","",""
"1547","USHAFIN","INE0LS001014","1 x","-","-","","","","","","","","","","","","","","","","","","",""
"1548","NEELAM","INE0N1401016","1 x","-","-","","","","","","","","","","","","","","","","","","",""
"1549","ONYX","INE0WVU01018","1 x","-","-","","","","","","","","","","","","","","","","","","",""
"1550","LAMOSAIC","INE0R0201012","1 x","-","-","","","","","","","","","","","","","","","","","","",""
"1551","ITTL","INE070Y01023","1 x","-","-","","","","","","","","","","","","","","","","","","",""
"1552","C2C","INE0U7V01015","1 x","-","-","","","","","","","","","","","","","","","","","","",""
"1553","RAJPUTANA$","INE0VHU01019","1 x","-","-","","","","","","","","","","","","","","","","","","",""
"1554","APEXECO","INE0T4V01015","1 x","-","-","","","","","","","","","","","","","","","","","","",""
"1555","ABHAPOWER","INE0UYG01015","1 x","-","-","","","","","","","","","","","","","","","","","","",""
"1556","AGARWALTUF","INE0P8X01016","1 x","-","-","","","","","","","","","","","","","","","","","","",""
"1557","TARACHAND","INE555Z01020","5 x","-","2 x","","","","","","","","","","","","","","","","","","",""
"1558","GANESHIN","INE0TVT01024","1 x","-","-","","","","","","","","","","","","","","","","","","",""
"1559","SHRADHA","INE715Y01031","5 x","-","-","","","","","","","","","","","","","","","","","","",""
"1560","ETML","INE0RHD01013","1 x","-","-","","","","","","","","","","","","","","","","","","",""
"1561","DHANLAXMI","INE0V9V01010","1 x","-","-","","","","","","","","","","","","","","","","","","",""
"1562","PURPLEUTED","INE0P5R01014","1 x","-","-","","","","","","","","","","","","","","","","","","",""
"1563","SFML","INE0U6N01014","1 x","-","-","","","","","","","","","","","","","","","","","","",""
"1564","IDENTICAL","INE0TD101011","1 x","-","-","","","","","","","","","","","","","","","","","","",""
"1565","NMSTEEL","INE0TP801012","1 x","-","-","","","","","","","","","","","","","","","","","","",""
"1566","ANYA","INE0SI601032","1 x","-","-","","","","","","","","","","","","","","","","","","",""
"1567","DELTIC","INE0XRN01019","1 x","-","-","","","","","","","","","","","","","","","","","","",""
"1568","AUBANK","INE949L01017","5 x","4.17 x","-","","","","","","","","","","","","","","","","","","",""
"1569","SATKARTAR","INE0NB801022","1 x","-","-","","","","","","","","","","","","","","","","","","",""
"1570","BARFLEX","INE0QX401014","1 x","-","-","","","","","","","","","","","","","","","","","","",""
"1571","MASTEK","INE759A01021","5 x","2.87 x","-","","","","","","","","","","","","","","","","","","",""
"1572","KKJEWELS","INE0XOW01017","1 x","-","-","","","","","","","","","","","","","","","","","","",""
"1573","EMAPARTNER","INE0ZOL01023","1 x","-","-","","","","","","","","","","","","","","","","","","",""
"1574","REXPRO","INE113601012","1 x","-","-","","","","","","","","","","","","","","","","","","",""
"1575","DIGIDRIVE","INE0PSC01024","1 x","-","-","","","","","","","","","","","","","","","","","","",""
"1576","KEN","INE15DO01012","1 x","-","-","","","","","","","","","","","","","","","","","","",""
"1577","READYMIX","INE10QL01011","1 x","-","-","","","","","","","","","","","","","","","","","","",""
"1578","ELGNZ","INE0R9101015","1 x","-","-","","","","","","","","","","","","","","","","","","",""
"1579","CHANDAN","INE0B2N01016","1 x","-","-","","","","","","","","","","","","","","","","","","",""
"1580","PSRAJ","INE0XUS01020","1 x","-","-","","","","","","","","","","","","","","","","","","",""
"1581","NIFTYAXIS","INF846K01W98","5 x","5 x","-","","","","","","","","","","","","","","","","","","",""
"1582","ROYALARC","INE0EO401019","1 x","-","-","","","","","","","","","","","","","","","","","","",""
"1583","TEJASCARGO","INE17WC01013","1 x","-","-","","","","","","","","","","","","","","","","","","",""
"1584","LOWVOLIETF","INF109KC19U5","5 x","5 x","-","","","","","","","","","","","","","","","","","","",""
"1585","HPTL","INE0VA601019","1 x","-","-","","","","","","","","","","","","","","","","","","",""
"1586","BALAJIPHOS","INE0PQ601019","1 x","-","-","","","","","","","","","","","","","","","","","","",""
"1587","DIVINEHIRA","INE0NA501011","1 x","-","-","","","","","","","","","","","","","","","","","","",""
"1588","GCHOTELS","INE12E301017","1 x","-","-","","","","","","","","","","","","","","","","","","",""
"1589","SUMMITSEC","INE519C01017","5 x","2.5 x","-","","","","","","","","","","","","","","","","","","",""
"1590","DYNPRO","INE256H01015","5 x","1.67 x","-","","","","","","","","","","","","","","","","","","",""
"1591","ACTIVEINFR","INE0KLO01025","1 x","-","-","","","","","","","","","","","","","","","","","","",""
"1592","RAPIDFLEET","INE0QX901013","1 x","-","-","","","","","","","","","","","","","","","","","","",""
"1593","ATCENERGY","INE0V0Q01019","1 x","-","-","","","","","","","","","","","","","","","","","","",""
"1594","SHRIAHIMSA","INE0DM401012","1 x","-","-","","","","","","","","","","","","","","","","","","",""
"1595","IWARE","INE1AII01014","1 x","-","-","","","","","","","","","","","","","","","","","","",""
"1596","ARUNAYA","INE0TTG01017","1 x","-","-","","","","","","","","","","","","","","","","","","",""
"1597","VGINFOTECH","INE0VRH01015","1 x","-","-","","","","","","","","","","","","","","","","","","",""
"1598","INTEGRITY","INE0YSH01017","1 x","-","-","","","","","","","","","","","","","","","","","","",""
"1599","ACCPL","INE0T8T01010","1 x","-","-","","","","","","","","","","","","","","","","","","",""
"1600","JYOTICNC","INE980O01024","5 x","2.71 x","-","","","","","","","","","","","","","","","","","","",""
"1601","DCCL","INE04Q901010","1 x","-","-","","","","","","","","","","","","","","","","","","",""
"1602","BLUEWATER","INE0X3M01010","1 x","-","-","","","","","","","","","","","","","","","","","","",""
"1603","NIKITA","INE0FLF01015","1 x","-","-","","","","","","","","","","","","","","","","","","",""
"1604","NEPTUNE","INE156901014","1 x","-","-","","","","","","","","","","","","","","","","","","",""
"1605","STEELXIND","INE503B01021","5 x","2 x","-","","","","","","","","","","","","","","","","","","",""
"1606","GANGABATH","INE0ZI101018","1 x","-","-","","","","","","","","","","","","","","","","","","",""
"1607","SACHEEROME","INE1ARD01016","1 x","-","-","","","","","","","","","","","","","","","","","","",""
"1608","JAINIK","INE0XIL01012","1 x","-","-","","","","","","","","","","","","","","","","","","",""
"1609","MONOLITH","INE1DV401010","1 x","-","-","","","","","","","","","","","","","","","","","","",""
"1610","PATILAUTOM","INE17GV01016","1 x","-","-","","","","","","","","","","","","","","","","","","",""
"1611","SAMAY","INE124101010","1 x","-","-","","","","","","","","","","","","","","","","","","",""
"1612","EEPL","INE11HF01010","1 x","-","-","","","","","","","","","","","","","","","","","","",""
"1613","INFLUX","INE0MYZ01012","1 x","-","-","","","","","","","","","","","","","","","","","","",""
"1614","AAKAAR","INE1GYP01013","1 x","-","-","","","","","","","","","","","","","","","","","","",""
"1615","MAYASHEEL","INE0ZTO01018","1 x","-","-","","","","","","","","","","","","","","","","","","",""
"1616","SAFEENTP","INE17D601016","1 x","-","-","","","","","","","","","","","","","","","","","","",""
"1617","SHKSIL","INE0NON01025","1 x","-","-","","","","","","","","","","","","","","","","","","",""
"1618","RTL","INE14W901010","1 x","-","-","","","","","","","","","","","","","","","","","","",""
"1619","SUNTECH","INE0SGZ01016","1 x","-","-","","","","","","","","","","","","","","","","","","",""
"1620","MMEL","INE0XM301010","1 x","-","-","","","","","","","","","","","","","","","","","","",""
"1621","PROFX","INE0VJT01017","1 x","-","-","","","","","","","","","","","","","","","","","","",""
"1622","CEDAAR","INE11J101017","1 x","-","-","","","","","","","","","","","","","","","","","","",""
"1623","PUSHPA","INE154801018","2 x","-","-","","","","","","","","","","","","","","","","","","",""
"1624","SILKY","INE0SN801015","1 x","-","-","","","","","","","","","","","","","","","","","","",""
"1625","ETL","INE0PXC01024","2 x","-","-","","","","","","","","","","","","","","","","","","",""
"1626","WHITEFORCE","INE0TLP01015","1 x","-","-","","","","","","","","","","","","","","","","","","",""
"1627","SMARTEN","INE14GK01016","1 x","-","-","","","","","","","","","","","","","","","","","","",""
"1628","SPUNWEB","INE19QH01010","1 x","-","-","","","","","","","","","","","","","","","","","","",""
"1629","SAVY","INE0UCN01017","1 x","-","-","","","","","","","","","","","","","","","","","","",""
"1630","TSC","INE16VK01010","1 x","-","-","","","","","","","","","","","","","","","","","","",""
"1631","SELLOWRAP","INE0IJF01013","1 x","-","-","","","","","","","","","","","","","","","","","","",""
"1632","KAYTEX","INE13ZD01013","1 x","-","-","","","","","","","","","","","","","","","","","","",""
"1633","CUDML","INE0WL201014","1 x","-","-","","","","","","","","","","","","","","","","","","",""
"1634","RNPL","INE0VZX01015","1 x","-","-","","","","","","","","","","","","","","","","","","",""
"1635","FLYSBS","INE0VCK01011","1 x","-","-","","","","","","","","","","","","","","","","","","",""
"1636","SALASAR","INE170V01027","5 x","2.71 x","-","","","","","","","","","","","","","","","","","","",""
"1637","AARADHYA","INE124401014","1 x","-","-","","","","","","","","","","","","","","","","","","",""
"1638","BHADORA","INE0ZRC01017","1 x","-","-","","","","","","","","","","","","","","","","","","",""
"1639","JYOTIGLOBL","INE1M3T01017","1 x","-","-","","","","","","","","","","","","","","","","","","",""
"1640","PARTH","INE1H7V01011","1 x","-","-","","","","","","","","","","","","","","","","","","",""
"1641","CONNPLEX","INE0EAS01014","1 x","-","-","","","","","","","","","","","","","","","","","","",""
"1642","SAWALIYA","INE10VS01016","1 x","-","-","","","","","","","","","","","","","","","","","","",""
"1643","PALASHSECU","INE471W01019","1 x","-","-","","","","","","","","","","","","","","","","","","",""
"1644","MAGADSUGAR","INE347W01011","5 x","2 x","-","","","","","","","","","","","","","","","","","","",""
"1645","GANGESSECU","INE335W01016","1 x","-","-","","","","","","","","","","","","","","","","","","",""
"1646","TATAGOLD","INF277KA1976","5 x","3.45 x","-","","","","","","","","","","","","","","","","","","",""
"1647","AVADHSUGAR","INE349W01017","5 x","-","-","","","","","","","","","","","","","","","","","","",""
"1648","MFSL","INE180A01020","5 x","4.55 x","-","","","","","","","","","","","","","","","","","","",""
"1649","MOM100","INF247L01023","5 x","5 x","-","","","","","","","","","","","","","","","","","","",""
"1650","THEINVEST","INE924D01017","5 x","-","2 x","","","","","","","","","","","","","","","","","","",""
"1651","TATSILV","INF277KA1984","5 x","2.63 x","-","","","","","","","","","","","","","","","","","","",""
"1652","BDL","INE171Z01026","5 x","3.78 x","-","","","","","","","","","","","","","","","","","","",""
"1653","OPTIEMUS","INE350C01017","5 x","2.49 x","-","","","","","","","","","","","","","","","","","","",""
"1654","NEXT50BETA","INF789F1AUW9","5 x","5 x","-","","","","","","","","","","","","","","","","","","",""
"1655","STEL","INE577L01016","5 x","-","2 x","","","","","","","","","","","","","","","","","","",""
"1656","SIS","INE285J01028","5 x","3.33 x","-","","","","","","","","","","","","","","","","","","",""
"1657","COCHINSHIP","INE704P01025","5 x","3.33 x","-","","","","","","","","","","","","","","","","","","",""
"1658","SUBAHOTELS","INE0RYR01018","1 x","-","-","","","","","","","","","","","","","","","","","","",""
"1659","VIJAYPD","INE0WL901019","1 x","-","-","","","","","","","","","","","","","","","","","","",""
"1660","HALEOSLABS","INE320X01016","1 x","-","2 x","","","","","","","","","","","","","","","","","","",""
"1661","AVANA","INE1KU201016","1 x","-","-","","","","","","","","","","","","","","","","","","",""
"1662","ARMOUR","INE0TZX01019","1 x","-","-","","","","","","","","","","","","","","","","","","",""
"1663","COMSYN","INE073V01015","5 x","-","2 x","","","","","","","","","","","","","","","","","","",""
"1664","ABCAPITAL","INE674K01013","5 x","4.17 x","-","","","","","","","","","","","","","","","","","","",""
"1665","APEX","INE346W01013","5 x","1.67 x","-","","","","","","","","","","","","","","","","","","",""
"1666","GRADIENTE","INE361K01017","1 x","-","-","","","","","","","","","","","","","","","","","","",""
"1667","BRNL","INE727S01012","1 x","-","-","","","","","","","","","","","","","","","","","","",""
"1668","DIXON","INE935N01020","5 x","3.85 x","-","","","","","","","","","","","","","","","","","","",""
"1669","DCAL","INE385W01011","5 x","2.5 x","-","","","","","","","","","","","","","","","","","","",""
"1670","MEDIASSIST","INE456Z01021","5 x","2.5 x","-","","","","","","","","","","","","","","","","","","",""
"1671","LASA","INE670X01014","1 x","-","-","","","","","","","","","","","","","","","","","","",""
"1672","MATRIMONY","INE866R01028","5 x","2 x","-","","","","","","","","","","","","","","","","","","",""
"1673","CHOLAHLDNG","INE149A01033","5 x","3.14 x","-","","","","","","","","","","","","","","","","","","",""
"1674","CAPACITE","INE264T01014","5 x","2.5 x","-","","","","","","","","","","","","","","","","","","",""
"1675","LIQUIDCASE","INF0R8F01034","5 x","5 x","-","","","","","","","","","","","","","","","","","","",""
"1676","ICICIGI","INE765G01017","5 x","4.55 x","-","","","","","","","","","","","","","","","","","","",""
"1677","DAVANGERE","INE179G01029","1 x","-","2 x","","","","","","","","","","","","","","","","","","",""
"1678","SBILIFE","INE123W01016","5 x","4.55 x","-","","","","","","","","","","","","","","","","","","",""
"1679","BOSCHLTD","INE323A01026","5 x","4.35 x","-","","","","","","","","","","","","","","","","","","",""
"1680","TEXRAIL","INE621L01012","5 x","2.76 x","-","","","","","","","","","","","","","","","","","","",""
"1681","DIAMONDYD","INE393P01035","5 x","2.5 x","-","","","","","","","","","","","","","","","","","","",""
"1682","GENCON","INE854S01022","5 x","-","-","","","","","","","","","","","","","","","","","","",""
"1683","HFCL","INE548A01028","5 x","-","-","","","","","","","","","","","","","","","","","","",""
"1684","INDTERRAIN","INE611L01021","1 x","-","-","","","","","","","","","","","","","","","","","","",""
"1685","NIFTYBETF","INF0QA701722","5 x","5 x","-","","","","","","","","","","","","","","","","","","",""
"1686","BANKBETF","INF0QA701714","5 x","3.77 x","-","","","","","","","","","","","","","","","","","","",""
"1687","ACC","INE012A01025","5 x","3.73 x","-","","","","","","","","","","","","","","","","","","",""
"1688","IEX","INE022Q01020","5 x","3.94 x","-","","","","","","","","","","","","","","","","","","",""
"1689","ONIDA","INE831A01028","5 x","-","-","","","","","","","","","","","","","","","","","","",""
"1690","BIRET","INE0FDU25010","2 x","-","-","","","","","","","","","","","","","","","","","","",""
"1691","DHUNINV","INE320L01011","1 x","-","2 x","","","","","","","","","","","","","","","","","","",""
"1692","EBBETF0431","INF754K01LE1","5 x","3.77 x","-","","","","","","","","","","","","","","","","","","",""
"1693","NDRAUTO","INE07OG01012","5 x","2.5 x","-","","","","","","","","","","","","","","","","","","",""
"1694","WORTHPERI","INE196Y01018","1 x","-","-","","","","","","","","","","","","","","","","","","",""
"1695","MODIRUBBER","INE832A01018","1 x","-","2 x","","","","","","","","","","","","","","","","","","",""
"1696","MINDSPACE","INE0CCU25019","2 x","-","-","","","","","","","","","","","","","","","","","","",""
"1697","ALPL30IETF","INF109KC17V7","5 x","5 x","-","","","","","","","","","","","","","","","","","","",""
"1698","ITIETF","INF109KC16I6","5 x","3.7 x","-","","","","","","","","","","","","","","","","","","",""
"1699","MAXHEALTH","INE027H01010","5 x","4.17 x","-","","","","","","","","","","","","","","","","","","",""
"1700","MODTHREAD","INE794W01014","1 x","-","-","","","","","","","","","","","","","","","","","","",""
"1701","LOVABLE","INE597L01014","1 x","-","-","","","","","","","","","","","","","","","","","","",""
"1702","MAXIND","INE0CG601016","5 x","1 x","-","","","","","","","","","","","","","","","","","","",""
"1703","HDFCNIFBAN","INF179KC1HY0","5 x","3.77 x","-","","","","","","","","","","","","","","","","","","",""
"1704","BANKBETA","INF789F1AUV1","5 x","3.77 x","-","","","","","","","","","","","","","","","","","","",""
"1705","EPACK","INE0G5901015","5 x","2.72 x","-","","","","","","","","","","","","","","","","","","",""
"1706","NOVAAGRI","INE02H701025","2 x","-","-","","","","","","","","","","","","","","","","","","",""
"1707","ITBETA","INF789F1AZD8","5 x","-","-","","","","","","","","","","","","","","","","","","",""
"1708","GILT5BETA","INF789F1AZE6","5 x","5 x","-","","","","","","","","","","","","","","","","","","",""
"1709","GILT10BETA","INF789F1AZF3","5 x","5 x","-","","","","","","","","","","","","","","","","","","",""
"1710","PENINLAND","INE138A01028","5 x","-","-","","","","","","","","","","","","","","","","","","",""
"1711","BLSE","INE0NLT01010","5 x","2 x","-","","","","","","","","","","","","","","","","","","",""
"1712","MOREPENLAB","INE083A01026","5 x","1 x","-","","","","","","","","","","","","","","","","","","",""
"1713","HEALTHADD","INF740KA1ZG1","5 x","3.33 x","-","","","","","","","","","","","","","","","","","","",""
"1714","HDFCPSUBK","INF179KC1HW4","5 x","3.57 x","-","","","","","","","","","","","","","","","","","","",""
"1715","PFS","INE560K01014","5 x","2.5 x","-","","","","","","","","","","","","","","","","","","",""
"1716","BANDHANBNK","INE545U01014","5 x","3.67 x","-","","","","","","","","","","","","","","","","","","",""
"1717","PARKHOTELS","INE988S01028","5 x","2.5 x","-","","","","","","","","","","","","","","","","","","",""
"1718","SIGNPOST","INE0KGZ01021","5 x","2 x","-","","","","","","","","","","","","","","","","","","",""
"1719","JSFB","INE953L01027","5 x","2.89 x","-","","","","","","","","","","","","","","","","","","",""
"1720","RPTECH","INE0J1F01024","5 x","1 x","-","","","","","","","","","","","","","","","","","","",""
"1721","CAPITALSFB","INE646H01017","5 x","2.5 x","-","","","","","","","","","","","","","","","","","","",""
"1722","MOTOGENFIN","INE861B01023","2 x","-","-","","","","","","","","","","","","","","","","","","",""
"1723","ENTERO","INE010601016","5 x","2.95 x","-","","","","","","","","","","","","","","","","","","",""
"1724","LICNMID100","INF767K01RN1","5 x","5 x","-","","","","","","","","","","","","","","","","","","",""
"1725","VSTL","INE0QTF01015","2 x","1 x","-","","","","","","","","","","","","","","","","","","",""
"1726","MON100","INF247L01AP3","5 x","5 x","-","","","","","","","","","","","","","","","","","","",""
"1727","MRF","INE883A01011","5 x","3.77 x","-","","","","","","","","","","","","","","","","","","",""
"1728","JUNIPER","INE696F01016","5 x","3.2 x","-","","","","","","","","","","","","","","","","","","",""
"1729","MRPL","INE103A01014","5 x","2.65 x","-","","","","","","","","","","","","","","","","","","",""
"1730","SMALLCAP","INF769K01LC3","5 x","5 x","-","","","","","","","","","","","","","","","","","","",""
"1731","GPTHEALTH","INE486R01017","5 x","2.5 x","-","","","","","","","","","","","","","","","","","","",""
"1732","HLEGLAS","INE461D01028","5 x","1.56 x","-","","","","","","","","","","","","","","","","","","",""
"1733","GOLDCASE","INF0R8F01042","5 x","3.45 x","-","","","","","","","","","","","","","","","","","","",""
"1734","PLATIND","INE0PT501018","5 x","2.5 x","-","","","","","","","","","","","","","","","","","","",""
"1735","MTNL","INE153A01019","5 x","2.5 x","-","","","","","","","","","","","","","","","","","","",""
"1736","EXICOM","INE777F01014","5 x","1 x","-","","","","","","","","","","","","","","","","","","",""
"1737","MUKKA","INE0CG401037","5 x","-","-","","","","","","","","","","","","","","","","","","",""
"1738","HAL","INE066F01020","5 x","4.17 x","-","","","","","","","","","","","","","","","","","","",""
"1739","LANCORHOL","INE572G01025","1 x","-","-","","","","","","","","","","","","","","","","","","",""
"1740","INDUSINVIT","INE0NHL23019","1 x","-","-","","","","","","","","","","","","","","","","","","",""
"1741","RKSWAMY","INE0NQ801033","5 x","1 x","-","","","","","","","","","","","","","","","","","","",""
"1742","JGCHEM","INE0MB501011","5 x","2.5 x","-","","","","","","","","","","","","","","","","","","",""
"1743","BESTAGRO","INE052T01021","1 x","2 x","-","","","","","","","","","","","","","","","","","","",""
"1744","GOPAL","INE0L9R01028","5 x","3.29 x","-","","","","","","","","","","","","","","","","","","",""
"1745","MUNJALSHOW","INE577A01027","5 x","1 x","-","","","","","","","","","","","","","","","","","","",""
"1746","SCILAL","INE0PB301013","5 x","2.5 x","-","","","","","","","","","","","","","","","","","","",""
"1747","MURUDCERA","INE692B01014","1 x","-","-","","","","","","","","","","","","","","","","","","",""
"1748","PVSL","INE772T01024","5 x","2 x","-","","","","","","","","","","","","","","","","","","",""
"1749","HEIDELBERG","INE578A01017","5 x","3.73 x","-","","","","","","","","","","","","","","","","","","",""
"1750","KRYSTAL","INE0QN801017","5 x","2 x","-","","","","","","","","","","","","","","","","","","",""
"1751","MOSMALL250","INF247L01CH6","5 x","5 x","-","","","","","","","","","","","","","","","","","","",""
"1752","MOREALTY","INF247L01CI4","5 x","3.59 x","-","","","","","","","","","","","","","","","","","","",""
"1753","NCC","INE868B01028","5 x","3.23 x","-","","","","","","","","","","","","","","","","","","",""
"1754","SMCGLOBAL","INE103C01036","5 x","2 x","-","","","","","","","","","","","","","","","","","","",""
"1755","CPSEETF","INF457M01133","5 x","3.77 x","-","","","","","","","","","","","","","","","","","","",""
"1756","JAYNECOIND","INE854B01010","5 x","2.49 x","-","","","","","","","","","","","","","","","","","","",""
"1757","AQYLON","INE416A01051","1 x","-","-","","","","","","","","","","","","","","","","","","",""
"1758","VHLTD","INE048C01025","1 x","-","-","","","","","","","","","","","","","","","","","","",""
"1759","SRM","INE0R6Z01013","5 x","2 x","-","","","","","","","","","","","","","","","","","","",""
"1760","LIQUIDADD","INF740KA1UM0","5 x","5 x","-","","","","","","","","","","","","","","","","","","",""
"1761","SINCLAIR","INE985A01022","2 x","1 x","-","","","","","","","","","","","","","","","","","","",""
"1762","BHARTIHEXA","INE343G01021","5 x","3.33 x","-","","","","","","","","","","","","","","","","","","",""
"1763","UEL","INE899L01030","1 x","-","1.86 x","","","","","","","","","","","","","","","","","","",""
"1764","NURECA","INE0DSF01015","2 x","-","-","","","","","","","","","","","","","","","","","","",""
"1765","AIIL","INE206F01022","5 x","2.5 x","-","","","","","","","","","","","","","","","","","","",""
"1766","GLOSTERLTD","INE350Z01018","1 x","-","2 x","","","","","","","","","","","","","","","","","","",""
"1767","ASIANPAINT","INE021A01026","5 x","4.55 x","-","","","","","","","","","","","","","","","","","","",""
"1768","BALUFORGE","INE011E01029","5 x","2.5 x","-","","","","","","","","","","","","","","","","","","",""
"1769","JNKINDIA","INE0OAF01028","5 x","2 x","-","","","","","","","","","","","","","","","","","","",""
"1770","FILATFASH","INE185E01021","1 x","-","-","","","","","","","","","","","","","","","","","","",""
"1771","MUTHOOTFIN","INE414G01012","5 x","4.01 x","-","","","","","","","","","","","","","","","","","","",""
"1772","INDGN","INE065X01017","5 x","3.33 x","-","","","","","","","","","","","","","","","","","","",""
"1773","AADHARHFC","INE883F01010","5 x","3.47 x","-","","","","","","","","","","","","","","","","","","",""
"1774","TBOTEK","INE673O01025","5 x","3.05 x","-","","","","","","","","","","","","","","","","","","",""
"1775","GODIGIT","INE03JT01014","5 x","3.42 x","-","","","","","","","","","","","","","","","","","","",""
"1776","BSLGOLDETF","INF209KB18D3","5 x","3.33 x","-","","","","","","","","","","","","","","","","","","",""
"1777","ABSLPSE","INF209KB19Z4","1 x","3.77 x","-","","","","","","","","","","","","","","","","","","",""
"1778","NAVNETEDUL","INE060A01024","5 x","2.86 x","-","","","","","","","","","","","","","","","","","","",""
"1779","MIDSMALL","INF769K01LJ8","5 x","5 x","-","","","","","","","","","","","","","","","","","","",""
"1780","AWFIS","INE108V01019","5 x","2.5 x","-","","","","","","","","","","","","","","","","","","",""
"1781","NELCO","INE045B01015","5 x","2.5 x","-","","","","","","","","","","","","","","","","","","",""
"1782","LIQUIDBETF","INF0QA701854","5 x","5 x","-","","","","","","","","","","","","","","","","","","",""
"1783","SANDHAR","INE278H01035","5 x","2.5 x","-","","","","","","","","","","","","","","","","","","",""
"1784","BOROSCI","INE02L001032","5 x","2 x","-","","","","","","","","","","","","","","","","","","",""
"1785","KRONOX","INE0ATZ01017","5 x","-","-","","","","","","","","","","","","","","","","","","",""
"1786","NEULANDLAB","INE794A01010","5 x","2.85 x","-","","","","","","","","","","","","","","","","","","",""
"1787","IXIGO","INE0HV901016","5 x","2.59 x","-","","","","","","","","","","","","","","","","","","",""
"1788","MID150CASE","INF0R8F01059","5 x","5 x","-","","","","","","","","","","","","","","","","","","",""
"1789","TOP100CASE","INF0R8F01067","5 x","5 x","-","","","","","","","","","","","","","","","","","","",""
"1790","BBNPNBETF","INF251K01TL6","5 x","2 x","-","","","","","","","","","","","","","","","","","","",""
"1791","RETAIL","INE03DD01011","1 x","-","-","","","","","","","","","","","","","","","","","","",""
"1792","DEEDEV","INE841L01016","5 x","1 x","-","","","","","","","","","","","","","","","","","","",""
"1793","AFIL","INE916Y01027","1 x","-","-","","","","","","","","","","","","","","","","","","",""
"1794","PIIND","INE603J01030","5 x","4.35 x","-","","","","","","","","","","","","","","","","","","",""
"1795","SYMPHONY","INE225D01027","5 x","3.27 x","-","","","","","","","","","","","","","","","","","","",""
"1796","VADILALIND","INE694D01016","5 x","2.9 x","-","","","","","","","","","","","","","","","","","","",""
"1797","NILKAMAL","INE310A01015","5 x","2 x","-","","","","","","","","","","","","","","","","","","",""
"1798","IVZINNIFTY","INF205KA1CC7","5 x","-","2 x","","","","","","","","","","","","","","","","","","",""
"1799","RELAXO","INE131B01039","5 x","2.87 x","-","","","","","","","","","","","","","","","","","","",""
"1800","STANLEY","INE01A001028","5 x","2 x","-","","","","","","","","","","","","","","","","","","",""
"1801","OMINFRAL","INE239D01028","5 x","-","2 x","","","","","","","","","","","","","","","","","","",""
"1802","ESTER","INE778B01029","5 x","2 x","-","","","","","","","","","","","","","","","","","","",""
"1803","VSTTILLERS","INE764D01017","5 x","3.33 x","-","","","","","","","","","","","","","","","","","","",""
"1804","ABDL","INE552Z01027","5 x","3.02 x","-","","","","","","","","","","","","","","","","","","",""
"1805","RAILTEL","INE0DD101019","5 x","2.91 x","-","","","","","","","","","","","","","","","","","","",""
"1806","VRAJ","INE0S2V01010","2 x","1 x","-","","","","","","","","","","","","","","","","","","",""
"1807","NIRLON","INE910A01012","5 x","-","2 x","","","","","","","","","","","","","","","","","","",""
"1808","CONSUMBEES","INF204KA1LD7","5 x","3.77 x","-","","","","","","","","","","","","","","","","","","",""
"1809","SBISILVER","INF200KB1217","5 x","2.66 x","-","","","","","","","","","","","","","","","","","","",""
"1810","LIQUIDSHRI","INF680P01422","5 x","5 x","-","","","","","","","","","","","","","","","","","","",""
"1811","RELIABLE","INE375Y01018","1 x","-","-","","","","","","","","","","","","","","","","","","",""
"1812","KARMAENG","INE725L01011","1 x","-","-","","","","","","","","","","","","","","","","","","",""
"1813","BANSALWIRE","INE0B9K01025","5 x","3.1 x","-","","","","","","","","","","","","","","","","","","",""
"1814","NKIND","INE542C01019","1 x","-","-","","","","","","","","","","","","","","","","","","",""
"1815","DELPHIFX","INE726L01027","1 x","-","-","","","","","","","","","","","","","","","","","","",""
"1816","EMCURE","INE168P01015","5 x","3.29 x","-","","","","","","","","","","","","","","","","","","",""
"1817","ASHIANA","INE365D01021","5 x","2.5 x","-","","","","","","","","","","","","","","","","","","",""
"1818","ABGSEC","INF209KC1134","5 x","5 x","-","","","","","","","","","","","","","","","","","","",""
"1819","DHANUKA","INE435G01025","5 x","3.29 x","-","","","","","","","","","","","","","","","","","","",""
"1820","NOCIL","INE163A01018","5 x","2.5 x","-","","","","","","","","","","","","","","","","","","",""
"1821","AGIIL","INE976R01033","5 x","2.71 x","-","","","","","","","","","","","","","","","","","","",""
"1822","EVINDIA","INF769K01LQ3","5 x","3.77 x","-","","","","","","","","","","","","","","","","","","",""
"1823","ADL","INE0CHO01012","1 x","-","-","","","","","","","","","","","","","","","","","","",""
"1824","SBINEQWETF","INF200KB1282","5 x","5 x","-","","","","","","","","","","","","","","","","","","",""
"1825","FILATEX","INE816B01035","5 x","1 x","-","","","","","","","","","","","","","","","","","","",""
"1826","OILIETF","INF109KC18W3","5 x","3.77 x","-","","","","","","","","","","","","","","","","","","",""
"1827","MAITHANALL","INE683C01011","5 x","2.5 x","-","","","","","","","","","","","","","","","","","","",""
"1828","CENTRUM","INE660C01027","5 x","2.5 x","-","","","","","","","","","","","","","","","","","","",""
"1829","SANSTAR","INE08NE01025","5 x","2.5 x","-","","","","","","","","","","","","","","","","","","",""
"1830","RUSHIL","INE573K01025","3.03030303030303 x","-","2 x","","","","","","","","","","","","","","","","","","",""
"1831","RELTD","INE206N01018","5 x","2 x","-","","","","","","","","","","","","","","","","","","",""
"1832","AVANTEL","INE005B01027","5 x","2.8 x","-","","","","","","","","","","","","","","","","","","",""
"1833","MIDHANI","INE099Z01011","5 x","2.72 x","-","","","","","","","","","","","","","","","","","","",""
"1834","AKUMS","INE09XN01023","5 x","3.18 x","-","","","","","","","","","","","","","","","","","","",""
"1835","RUBFILA","INE642C01025","2 x","-","2 x","","","","","","","","","","","","","","","","","","",""
"1836","RPEL","INE912T01018","5 x","1 x","-","","","","","","","","","","","","","","","","","","",""
"1837","CEIGALL","INE0AG901020","5 x","3.34 x","-","","","","","","","","","","","","","","","","","","",""
"1838","ONGC","INE213A01029","5 x","4.55 x","-","","","","","","","","","","","","","","","","","","",""
"1839","OLAELEC","INE0LXG01040","5 x","2.44 x","-","","","","","","","","","","","","","","","","","","",""
"1840","BSLNIFTY","INF209KB19D1","5 x","5 x","-","","","","","","","","","","","","","","","","","","",""
"1841","GROWWEV","INF666M01IH2","5 x","3.77 x","-","","","","","","","","","","","","","","","","","","",""
"1842","UNIECOM","INE00U401027","5 x","2.5 x","-","","","","","","","","","","","","","","","","","","",""
"1843","ONWARDTEC","INE229A01017","5 x","2 x","-","","","","","","","","","","","","","","","","","","",""
"1844","FIRSTCRY","INE02RE01045","5 x","2.86 x","-","","","","","","","","","","","","","","","","","","",""
"1845","MANCREDIT","INE545L01039","5 x","-","2 x","","","","","","","","","","","","","","","","","","",""
"1846","GSEC10ABSL","INF209KC1142","5 x","-","2 x","","","","","","","","","","","","","","","","","","",""
"1847","SUYOG","INE442P01014","5 x","2 x","-","","","","","","","","","","","","","","","","","","",""
"1848","SSDL","INE0PQ101010","1 x","1 x","-","","","","","","","","","","","","","","","","","","",""
"1849","METALIETF","INF109KC19W1","5 x","3.77 x","-","","","","","","","","","","","","","","","","","","",""
"1850","INVENTURE","INE878H01024","1 x","-","-","","","","","","","","","","","","","","","","","","",""
"1851","INTERARCH","INE00M901018","5 x","2.86 x","-","","","","","","","","","","","","","","","","","","",""
"1852","ORIENTHOT","INE750A01020","5 x","2.5 x","-","","","","","","","","","","","","","","","","","","",""
"1853","GLOBALE","INE0URU01010","1 x","-","-","","","","","","","","","","","","","","","","","","",""
"1854","MFML","INE0US801024","1 x","-","-","","","","","","","","","","","","","","","","","","",""
"1855","MODEFENCE","INF247L01DJ0","5 x","3.45 x","-","","","","","","","","","","","","","","","","","","",""
"1856","LTF","INE498L01015","5 x","4.14 x","-","","","","","","","","","","","","","","","","","","",""
"1857","ORIENTPPR","INE592A01026","5 x","1 x","-","","","","","","","","","","","","","","","","","","",""
"1858","ORIENTTECH","INE0PPK01015","5 x","2.5 x","-","","","","","","","","","","","","","","","","","","",""
"1859","SURAJLTD","INE713C01016","1 x","-","2 x","","","","","","","","","","","","","","","","","","",""
"1860","WINDMACHIN","INE052A01021","5 x","2.5 x","-","","","","","","","","","","","","","","","","","","",""
"1861","IBULLSLTD","INE126M01010","5 x","-","-","","","","","","","","","","","","","","","","","","",""
"1862","ADANIENT","INE423A01024","5 x","3.85 x","-","","","","","","","","","","","","","","","","","","",""
"1863","BODALCHEM","INE338D01028","5 x","-","-","","","","","","","","","","","","","","","","","","",""
"1864","GAYAPROJ","INE336H01023","1 x","-","-","","","","","","","","","","","","","","","","","","",""
"1865","PREMIERENE","INE0BS701011","5 x","4 x","-","","","","","","","","","","","","","","","","","","",""
"1866","ECOSMOBLTY","INE06HJ01020","5 x","-","-","","","","","","","","","","","","","","","","","","",""
"1867","RAYMONDLSL","INE02ID01020","5 x","2.86 x","-","","","","","","","","","","","","","","","","","","",""
"1868","MULTICAP","INF769K01LX9","5 x","5 x","-","","","","","","","","","","","","","","","","","","",""
"1869","TREEHOUSE","INE040M01013","1 x","-","-","","","","","","","","","","","","","","","","","","",""
"1870","ASAHISONG","INE228I01012","5 x","-","-","","","","","","","","","","","","","","","","","","",""
"1871","STYLEBAAZA","INE01FR01028","5 x","2 x","-","","","","","","","","","","","","","","","","","","",""
"1872","BCLIND","INE412G01024","5 x","2 x","-","","","","","","","","","","","","","","","","","","",""
"1873","GALAPREC","INE0RE001014","5 x","2 x","-","","","","","","","","","","","","","","","","","","",""
"1874","BROOKS","INE650L01011","1 x","-","-","","","","","","","","","","","","","","","","","","",""
"1875","OSWALAGRO","INE142A01012","5 x","-","-","","","","","","","","","","","","","","","","","","",""
"1876","RVTH","INE0DAB01012","1 x","-","-","","","","","","","","","","","","","","","","","","",""
"1877","EUREKAFORB","INE0KCE01017","5 x","3.27 x","-","","","","","","","","","","","","","","","","","","",""
"1878","TOP10ADD","INF740KA1UR9","5 x","3.77 x","-","","","","","","","","","","","","","","","","","","",""
"1879","TDPOWERSYS","INE419M01035","5 x","2.49 x","-","","","","","","","","","","","","","","","","","","",""
"1880","BALAJEE","INE0S2G01011","2 x","1 x","-","","","","","","","","","","","","","","","","","","",""
"1881","SANOFICONR","INE0UOS01011","5 x","3.5 x","-","","","","","","","","","","","","","","","","","","",""
"1882","XTGLOBAL","INE547B01028","1 x","-","2 x","","","","","","","","","","","","","","","","","","",""
"1883","KROSS","INE0O6601022","5 x","2 x","-","","","","","","","","","","","","","","","","","","",""
"1884","EBANKNIFTY","INF754K01TE4","5 x","-","2 x","","","","","","","","","","","","","","","","","","",""
"1885","TOLINS","INE0RWQ01014","5 x","1 x","-","","","","","","","","","","","","","","","","","","",""
"1886","BAJAJHFL","INE377Y01014","5 x","3.76 x","-","","","","","","","","","","","","","","","","","","",""
"1887","PNGJL","INE953R01016","5 x","3.21 x","-","","","","","","","","","","","","","","","","","","",""
"1888","APLLTD","INE901L01018","5 x","3.33 x","-","","","","","","","","","","","","","","","","","","",""
"1889","VASWANI","INE590L01019","1 x","-","-","","","","","","","","","","","","","","","","","","",""
"1890","PGHH","INE179A01014","5 x","3.77 x","-","","","","","","","","","","","","","","","","","","",""
"1891","PGEL","INE457L01029","5 x","3.31 x","-","","","","","","","","","","","","","","","","","","",""
"1892","PANAMAPET","INE305C01029","5 x","2.5 x","-","","","","","","","","","","","","","","","","","","",""
"1893","ARKADE","INE0QRL01017","5 x","2.5 x","-","","","","","","","","","","","","","","","","","","",""
"1894","WCIL","INE0CJF01024","5 x","2.5 x","-","","","","","","","","","","","","","","","","","","",""
"1895","NORTHARC","INE850M01015","5 x","3 x","-","","","","","","","","","","","","","","","","","","",""
"1896","GROWWLIQID","INF666M01IP5","5 x","5 x","-","","","","","","","","","","","","","","","","","","",""
"1897","PAISALO","INE420C01059","5 x","1 x","-","","","","","","","","","","","","","","","","","","",""
"1898","ONELIFECAP","INE912L01015","1 x","-","-","","","","","","","","","","","","","","","","","","",""
"1899","NIRAJ","INE368I01016","1 x","-","-","","","","","","","","","","","","","","","","","","",""
"1900","INDOUS","INE250Z01010","1 x","-","-","","","","","","","","","","","","","","","","","","",""
"1901","BIKEWO","INE0SQH01013","1 x","-","-","","","","","","","","","","","","","","","","","","",""
"1902","SHAKTIPUMP","INE908D01010","5 x","2.79 x","-","","","","","","","","","","","","","","","","","","",""
"1903","TRITURBINE","INE152M01016","5 x","2.92 x","-","","","","","","","","","","","","","","","","","","",""
"1904","MANBA","INE939X01013","5 x","-","2 x","","","","","","","","","","","","","","","","","","",""
"1905","MOMENTUM50","INF247L01DK8","5 x","5 x","-","","","","","","","","","","","","","","","","","","",""
"1906","INDOTHAI","INE337M01021","1 x","-","-","","","","","","","","","","","","","","","","","","",""
"1907","HUHTAMAKI","INE275B01026","5 x","2.5 x","-","","","","","","","","","","","","","","","","","","",""
"1908","UYFINCORP","INE152C01025","1 x","-","-","","","","","","","","","","","","","","","","","","",""
"1909","ESSARSHPNG","INE122M01019","5 x","-","2 x","","","","","","","","","","","","","","","","","","",""
"1910","LICMFGOLD","INF767K01SM1","5 x","3.33 x","-","","","","","","","","","","","","","","","","","","",""
"1911","KRN","INE0Q3J01015","5 x","2 x","-","","","","","","","","","","","","","","","","","","",""
"1912","DIFFNKG","INE184O01015","5 x","2 x","-","","","","","","","","","","","","","","","","","","",""
"1913","JISLDVREQS","IN9175A01010","1 x","-","-","","","","","","","","","","","","","","","","","","",""
"1914","DSSL","INE417B01040","5 x","2.5 x","-","","","","","","","","","","","","","","","","","","",""
"1915","POLYMED","INE205C01021","5 x","2.91 x","-","","","","","","","","","","","","","","","","","","",""
"1916","RUPA","INE895B01021","5 x","2.5 x","-","","","","","","","","","","","","","","","","","","",""
"1917","BANKPSU","INF769K01LZ4","5 x","3.57 x","-","","","","","","","","","","","","","","","","","","",""
"1918","SRD","INE01NE01012","5 x","-","-","","","","","","","","","","","","","","","","","","",""
"1919","METAL","INF769K01LY7","5 x","3.77 x","-","","","","","","","","","","","","","","","","","","",""
"1920","VIKASECO","INE806A01020","1 x","-","-","","","","","","","","","","","","","","","","","","",""
"1921","GROWWDEFNC","INF666M01IO8","5 x","3.67 x","-","","","","","","","","","","","","","","","","","","",""
"1922","APLAPOLLO","INE702C01027","5 x","4.35 x","-","","","","","","","","","","","","","","","","","","",""
"1923","KANANIIND","INE879E01037","1 x","-","-","","","","","","","","","","","","","","","","","","",""
"1924","GARUDA","INE0JVO01026","5 x","2.5 x","-","","","","","","","","","","","","","","","","","","",""
"1925","LLOYDSENT","INE080I01025","5 x","2.57 x","-","","","","","","","","","","","","","","","","","","",""
"1926","VINCOFE","INE498Q01014","5 x","2.5 x","-","","","","","","","","","","","","","","","","","","",""
"1927","HYUNDAI","INE0V6F01027","5 x","4.17 x","-","","","","","","","","","","","","","","","","","","",""
"1928","VAL30IETF","INF109KC16X5","5 x","5 x","-","","","","","","","","","","","","","","","","","","",""
"1929","AFFORDABLE","INE692Z01013","5 x","-","-","","","","","","","","","","","","","","","","","","",""
"1930","GROWWGOLD","INF666M01OE7","5 x","3.56 x","-","","","","","","","","","","","","","","","","","","",""
"1931","DBEIL","INE0OPA01027","5 x","-","-","","","","","","","","","","","","","","","","","","",""
"1932","MINDACORP","INE842C01021","5 x","3.26 x","-","","","","","","","","","","","","","","","","","","",""
"1933","WAAREEENER","INE377N01017","5 x","3.33 x","-","","","","","","","","","","","","","","","","","","",""
"1934","OCCLLTD","INE0PK601023","5 x","-","2 x","","","","","","","","","","","","","","","","","","",""
"1935","GODAVARIB","INE497S01012","5 x","2 x","-","","","","","","","","","","","","","","","","","","",""
"1936","3PLAND","INE105C01023","1 x","-","-","","","","","","","","","","","","","","","","","","",""
"1937","AFCONS","INE101I01011","5 x","3.25 x","-","","","","","","","","","","","","","","","","","","",""
"1938","AMJLAND","INE606A01024","1 x","-","-","","","","","","","","","","","","","","","","","","",""
"1939","AVL","INE679V01027","5 x","3.18 x","-","","","","","","","","","","","","","","","","","","",""
"1940","EMULTIMQ","INF754K01TF1","5 x","5 x","-","","","","","","","","","","","","","","","","","","",""
"1941","LEMONTREE","INE970X01018","5 x","3.3 x","-","","","","","","","","","","","","","","","","","","",""
"1942","PEARLPOLY","INE844A01013","1 x","-","-","","","","","","","","","","","","","","","","","","",""
"1943","HERANBA","INE694N01015","5 x","2 x","-","","","","","","","","","","","","","","","","","","",""
"1944","SEAMECLTD","INE497B01018","5 x","2.5 x","-","","","","","","","","","","","","","","","","","","",""
"1945","IT","INF174KA1GC5","5 x","3.68 x","-","","","","","","","","","","","","","","","","","","",""
"1946","ATUL","INE100A01010","5 x","3.58 x","-","","","","","","","","","","","","","","","","","","",""
"1947","DIVOPPBEES","INF204KA1MS3","5 x","3.77 x","-","","","","","","","","","","","","","","","","","","",""
"1948","PFIZER","INE182A01018","5 x","3.65 x","-","","","","","","","","","","","","","","","","","","",""
"1949","DRCSYSTEMS","INE03RS01027","1 x","-","-","","","","","","","","","","","","","","","","","","",""
"1950","PCBL","INE602A01031","5 x","2.76 x","-","","","","","","","","","","","","","","","","","","",""
"1951","PHOENXINTL","INE245B01011","1 x","-","-","","","","","","","","","","","","","","","","","","",""
"1952","PIDILITIND","INE318A01026","5 x","4.55 x","-","","","","","","","","","","","","","","","","","","",""
"1953","POLYPLEX","INE633B01018","5 x","2.04 x","-","","","","","","","","","","","","","","","","","","",""
"1954","GATECHDVR","INE224E01036","1 x","-","-","","","","","","","","","","","","","","","","","","",""
"1955","HEXATRADEX","INE750M01017","1 x","-","2 x","","","","","","","","","","","","","","","","","","",""
"1956","ABINFRA","INE00YB01025","1 x","-","-","","","","","","","","","","","","","","","","","","",""
"1957","TBZ","INE760L01018","2 x","-","-","","","","","","","","","","","","","","","","","","",""
"1958","MASTERTR","INE677D01037","5 x","2.38 x","-","","","","","","","","","","","","","","","","","","",""
"1959","PRAJIND","INE074A01025","5 x","3.01 x","-","","","","","","","","","","","","","","","","","","",""
"1960","SAGILITY","INE0W2G01015","5 x","2.86 x","-","","","","","","","","","","","","","","","","","","",""
"1961","ACMESOLAR","INE622W01025","5 x","3.01 x","-","","","","","","","","","","","","","","","","","","",""
"1962","SWIGGY","INE00H001014","5 x","3.86 x","-","","","","","","","","","","","","","","","","","","",""
"1963","VSSL","INE050M01012","5 x","2.5 x","-","","","","","","","","","","","","","","","","","","",""
"1964","LIQUIDPLUS","INF769K01MY5","5 x","5 x","-","","","","","","","","","","","","","","","","","","",""
"1965","KPEL","INE127T01021","5 x","2.74 x","-","","","","","","","","","","","","","","","","","","",""
"1966","PRAKASH","INE603A01013","5 x","2.5 x","-","","","","","","","","","","","","","","","","","","",""
"1967","KMEW","INE0CJD01029","5 x","2.41 x","-","","","","","","","","","","","","","","","","","","",""
"1968","SWANCORP","INE665A01038","5 x","2.86 x","-","","","","","","","","","","","","","","","","","","",""
"1969","NIVABUPA","INE995S01015","5 x","3.59 x","-","","","","","","","","","","","","","","","","","","",""
"1970","SPECIALITY","INE247M01014","5 x","-","-","","","","","","","","","","","","","","","","","","",""
"1971","BLACKBUCK","INE0UIZ01018","5 x","2.86 x","-","","","","","","","","","","","","","","","","","","",""
"1972","MTARTECH","INE864I01014","5 x","-","-","","","","","","","","","","","","","","","","","","",""
"1973","BUTTERFLY","INE295F01017","5 x","2 x","-","","","","","","","","","","","","","","","","","","",""
"1974","CINELINE","INE704H01022","1 x","-","-","","","","","","","","","","","","","","","","","","",""
"1975","PRECWIRE","INE372C01037","5 x","2.41 x","-","","","","","","","","","","","","","","","","","","",""
"1976","RACLGEAR","INE704B01017","5 x","2 x","-","","","","","","","","","","","","","","","","","","",""
"1977","NTPCGREEN","INE0ONG01011","5 x","3.33 x","-","","","","","","","","","","","","","","","","","","",""
"1978","EIEL","INE0LLY01014","5 x","2.7 x","-","","","","","","","","","","","","","","","","","","",""
"1979","RAJPUTANA","INE0VHU01019","1 x","-","-","","","","","","","","","","","","","","","","","","",""
"1980","RTNINDIA","INE834M01019","5 x","2.78 x","-","","","","","","","","","","","","","","","","","","",""
"1981","SAMPANN","INE735M01018","5 x","-","-","","","","","","","","","","","","","","","","","","",""
"1982","SURAKSHA","INE877V01027","5 x","2.5 x","-","","","","","","","","","","","","","","","","","","",""
"1983","ROSSTECH","INE0OJW01016","5 x","2 x","-","","","","","","","","","","","","","","","","","","",""
"1984","PRSMJOHNSN","INE010A01011","5 x","3.21 x","-","","","","","","","","","","","","","","","","","","",""
"1985","AUROPHARMA","INE406A01037","5 x","4.35 x","-","","","","","","","","","","","","","","","","","","",""
"1986","ODIGMA","INE054301028","1 x","-","-","","","","","","","","","","","","","","","","","","",""
"1987","CHEMCON","INE03YM01018","5 x","-","-","","","","","","","","","","","","","","","","","","",""
"1988","GICRE","INE481Y01014","5 x","3.33 x","-","","","","","","","","","","","","","","","","","","",""
"1989","INNOVANA","INE403Y01018","5 x","-","2 x","","","","","","","","","","","","","","","","","","",""
"1990","AUTOAXLES","INE449A01011","5 x","2.5 x","-","","","","","","","","","","","","","","","","","","",""
"1991","JUBLINGREA","INE0BY001018","5 x","3.07 x","-","","","","","","","","","","","","","","","","","","",""
"1992","SAILIFE","INE570L01029","5 x","3.19 x","-","","","","","","","","","","","","","","","","","","",""
"1993","EASEMYTRIP","INE07O001026","5 x","2.6 x","-","","","","","","","","","","","","","","","","","","",""
"1994","RSWM","INE611A01016","5 x","-","2 x","","","","","","","","","","","","","","","","","","",""
"1995","VMM","INE01EA01019","5 x","4 x","-","","","","","","","","","","","","","","","","","","",""
"1996","CHEMFAB","INE783X01023","5 x","-","-","","","","","","","","","","","","","","","","","","",""
"1997","MOBIKWIK","INE0HLU01028","5 x","2.69 x","-","","","","","","","","","","","","","","","","","","",""
"1998","RAJSREESUG","INE562B01019","1 x","-","-","","","","","","","","","","","","","","","","","","",""
"1999","IKS","INE115Q01022","5 x","3.2 x","-","","","","","","","","","","","","","","","","","","",""
"2000","RALLIS","INE613A01020","5 x","3.2 x","-","","","","","","","","","","","","","","","","","","",""
"2001","ANURAS","INE930P01018","5 x","3.64 x","-","","","","","","","","","","","","","","","","","","",""
"2002","ANUHPHR","INE489G01022","2 x","-","2 x","","","","","","","","","","","","","","","","","","",""
"2003","RANASUG","INE625B01014","1 x","-","-","","","","","","","","","","","","","","","","","","",""
"2004","IGIL","INE0Q9301021","5 x","3.14 x","-","","","","","","","","","","","","","","","","","","",""
"2005","LXCHEM","INE576O01020","5 x","2.81 x","-","","","","","","","","","","","","","","","","","","",""
"2006","RANEHOLDIN","INE384A01010","5 x","2.5 x","-","","","","","","","","","","","","","","","","","","",""
"2007","CRAFTSMAN","INE00LO01017","5 x","3.1 x","-","","","","","","","","","","","","","","","","","","",""
"2008","RAYMOND","INE301A01014","5 x","1 x","-","","","","","","","","","","","","","","","","","","",""
"2009","RCF","INE027A01015","5 x","3.13 x","-","","","","","","","","","","","","","","","","","","",""
"2010","DAMCAPITAL","INE284H01025","5 x","2.5 x","-","","","","","","","","","","","","","","","","","","",""
"2011","HITECH","INE106T01025","5 x","2.5 x","-","","","","","","","","","","","","","","","","","","",""
"2012","MAMATA","INE0TO701015","5 x","2.5 x","-","","","","","","","","","","","","","","","","","","",""
"2013","TRANSRAILL","INE454P01035","5 x","2.96 x","-","","","","","","","","","","","","","","","","","","",""
"2014","CEWATER","INE037Z01029","5 x","2 x","-","","","","","","","","","","","","","","","","","","",""
"2015","SANATHAN","INE0JPD01013","5 x","2.5 x","-","","","","","","","","","","","","","","","","","","",""
"2016","VENTIVE","INE781S01027","5 x","2.86 x","-","","","","","","","","","","","","","","","","","","",""
"2017","RELIANCE","INE002A01018","5 x","4.55 x","-","","","","","","","","","","","","","","","","","","",""
"2018","PROZONER","INE195N01013","5 x","-","2 x","","","","","","","","","","","","","","","","","","",""
"2019","CARRARO","INE0V7W01012","5 x","2.85 x","-","","","","","","","","","","","","","","","","","","",""
"2020","SENORES","INE0RB801010","5 x","2.93 x","-","","","","","","","","","","","","","","","","","","",""
"2021","KITEX","INE602G01020","5 x","2.5 x","-","","","","","","","","","","","","","","","","","","",""
"2022","MAYURUNIQ","INE040D01038","5 x","2.86 x","-","","","","","","","","","","","","","","","","","","",""
"2023","ROSSELLIND","INE847C01020","5 x","-","2 x","","","","","","","","","","","","","","","","","","",""
"2024","DUCON","INE741L01018","1 x","-","-","","","","","","","","","","","","","","","","","","",""
"2025","UNIMECH","INE0U3I01011","5 x","2 x","-","","","","","","","","","","","","","","","","","","",""
"2026","CONSUMER","INF769K01NS5","5 x","3.77 x","-","","","","","","","","","","","","","","","","","","",""
"2027","TVSHLTD","INE105A01035","5 x","3.33 x","-","","","","","","","","","","","","","","","","","","",""
"2028","ECAPINSURE","INF754K01TX4","5 x","3.77 x","-","","","","","","","","","","","","","","","","","","",""
"2029","INDOFARM","INE622H01018","5 x","2 x","-","","","","","","","","","","","","","","","","","","",""
"2030","ZUARI","INE840M01016","5 x","2 x","-","","","","","","","","","","","","","","","","","","",""
"2031","SETL","INE0M4D01010","5 x","1 x","-","","","","","","","","","","","","","","","","","","",""
"2032","QUADFUTURE","INE0LRY01011","5 x","2.37 x","-","","","","","","","","","","","","","","","","","","",""
"2033","RICOAUTO","INE209B01025","5 x","2.5 x","-","","","","","","","","","","","","","","","","","","",""
"2034","DDEVPLSTIK","INE0HR601026","5 x","2.79 x","-","","","","","","","","","","","","","","","","","","",""
"2035","CARERATING","INE752H01013","5 x","3.27 x","-","","","","","","","","","","","","","","","","","","",""
"2036","RIIL","INE046A01015","5 x","2.5 x","-","","","","","","","","","","","","","","","","","","",""
"2037","PCJEWELLER","INE785M01021","5 x","2.49 x","-","","","","","","","","","","","","","","","","","","",""
"2038","INDUSTOWER","INE121J01017","5 x","4.17 x","-","","","","","","","","","","","","","","","","","","",""
"2039","NAVKARURB","INE268H01044","1 x","-","-","","","","","","","","","","","","","","","","","","",""
"2040","LAXMIDENTL","INE0WO601020","5 x","2.79 x","-","","","","","","","","","","","","","","","","","","",""
"2041","STALLION","INE0RYC01010","5 x","-","-","","","","","","","","","","","","","","","","","","",""
"2042","ONESOURCE","INE013P01021","5 x","2.86 x","-","","","","","","","","","","","","","","","","","","",""
"2043","ITCHOTELS","INE379A01028","5 x","3.43 x","-","","","","","","","","","","","","","","","","","","",""
"2044","DENTA","INE0R4L01018","5 x","2 x","-","","","","","","","","","","","","","","","","","","",""
"2045","VMART","INE665J01013","5 x","3.07 x","-","","","","","","","","","","","","","","","","","","",""
"2046","RUBYMILLS","INE301D01026","5 x","-","-","","","","","","","","","","","","","","","","","","",""
"2047","MOHITIND","INE954E01012","1 x","-","-","","","","","","","","","","","","","","","","","","",""
"2048","SUPREME","INE822E01011","2 x","1 x","-","","","","","","","","","","","","","","","","","","",""
"2049","AGARWALEYE","INE943P01029","5 x","3.6 x","-","","","","","","","","","","","","","","","","","","",""
"2050","MOSCHIP","INE935B01025","5 x","2.5 x","-","","","","","","","","","","","","","","","","","","",""
"2051","NEXT30ADD","INF740KA1VE5","5 x","5 x","-","","","","","","","","","","","","","","","","","","",""
"2052","PROTEAN","INE004A01022","5 x","2.5 x","-","","","","","","","","","","","","","","","","","","",""
"2053","MCLOUD","INE613C01026","5 x","2 x","-","","","","","","","","","","","","","","","","","","",""
"2054","NIBE","INE149O01018","5 x","2 x","-","","","","","","","","","","","","","","","","","","",""
"2055","ORCHASP","INE215B01022","1 x","-","-","","","","","","","","","","","","","","","","","","",""
"2056","S&SPOWER","INE902B01017","1 x","-","-","","","","","","","","","","","","","","","","","","",""
"2057","GROWWRAIL","INF666M01JJ6","5 x","3.77 x","-","","","","","","","","","","","","","","","","","","",""
"2058","KALYANKJIL","INE303R01014","5 x","3.32 x","-","","","","","","","","","","","","","","","","","","",""
"2059","NIFTYIETF","INF109K012R6","5 x","5 x","-","","","","","","","","","","","","","","","","","","",""
"2060","NIF100BEES","INF204K014N5","5 x","5 x","-","","","","","","","","","","","","","","","","","","",""
"2061","NATCAPSUQ","INE936B01015","1 x","-","-","","","","","","","","","","","","","","","","","","",""
"2062","JUBLCPL","INE03CC01015","5 x","2.5 x","-","","","","","","","","","","","","","","","","","","",""
"2063","REPCOHOME","INE612J01015","5 x","2.5 x","-","","","","","","","","","","","","","","","","","","",""
"2064","AJAXENGG","INE274Y01021","5 x","3.21 x","-","","","","","","","","","","","","","","","","","","",""
"2065","SAIL","INE114A01011","5 x","2.48 x","-","","","","","","","","","","","","","","","","","","",""
"2066","HEXT","INE093A01041","5 x","3.12 x","-","","","","","","","","","","","","","","","","","","",""
"2067","BAJAJINDEF","INE0O9T01021","5 x","2 x","-","","","","","","","","","","","","","","","","","","",""
"2068","UNIONGOLD","INF582M01KS4","5 x","3.23 x","-","","","","","","","","","","","","","","","","","","",""
"2069","SAKHTISUG","INE623A01011","5 x","-","-","","","","","","","","","","","","","","","","","","",""
"2070","SURYODAY","INE428Q01011","5 x","2.86 x","-","","","","","","","","","","","","","","","","","","",""
"2071","QPOWER","INE0SII01026","5 x","2 x","-","","","","","","","","","","","","","","","","","","",""
"2072","ORIENTELEC","INE142Z01019","5 x","3.14 x","-","","","","","","","","","","","","","","","","","","",""
"2073","GUJTHEM","INE942C01045","5 x","2.5 x","-","","","","","","","","","","","","","","","","","","",""
"2074","NIBL","INE047O01014","1 x","-","-","","","","","","","","","","","","","","","","","","",""
"2075","MSCIINDIA","INF174KA1VD2","5 x","5 x","-","","","","","","","","","","","","","","","","","","",""
"2076","ORTINGLOBE","INE749B01020","1 x","-","-","","","","","","","","","","","","","","","","","","",""
"2077","NAZARA","INE418L01047","5 x","2.04 x","-","","","","","","","","","","","","","","","","","","",""
"2078","GROWWN200","INF666M01JV1","5 x","5 x","-","","","","","","","","","","","","","","","","","","",""
"2079","VIVIDHA","INE370E01029","1 x","-","-","","","","","","","","","","","","","","","","","","",""
"2080","SANDESH","INE583B01015","1 x","-","2 x","","","","","","","","","","","","","","","","","","",""
"2081","NIFTY100EW","INF174KA1UW4","5 x","5 x","-","","","","","","","","","","","","","","","","","","",""
"2082","JUSTDIAL","INE599M01018","5 x","2.94 x","-","","","","","","","","","","","","","","","","","","",""
"2083","AONETOTAL","INF1J2R01015","5 x","5 x","-","","","","","","","","","","","","","","","","","","",""
"2084","SUVIDHAA","INE018401013","1 x","-","-","","","","","","","","","","","","","","","","","","",""
"2085","BSE500IETF","INF109KC1V59","5 x","5 x","-","","","","","","","","","","","","","","","","","","",""
"2086","WONDERLA","INE066O01014","5 x","2.86 x","-","","","","","","","","","","","","","","","","","","",""
"2087","ATULAUTO","INE951D01028","5 x","2.5 x","-","","","","","","","","","","","","","","","","","","",""
"2088","MOCAPITAL","INF247L01EV3","5 x","3.77 x","-","","","","","","","","","","","","","","","","","","",""
"2089","ORIENTCEM","INE876N01018","5 x","2.5 x","-","","","","","","","","","","","","","","","","","","",""
"2090","KOHINOOR","INE080B01012","5 x","-","-","","","","","","","","","","","","","","","","","","",""
"2091","ITAXIS","INF846K01Y96","5 x","3.66 x","-","","","","","","","","","","","","","","","","","","",""
"2092","GOLD360","INF579M01BB5","5 x","3.23 x","-","","","","","","","","","","","","","","","","","","",""
"2093","ABFRL","INE647O01011","5 x","3.11 x","-","","","","","","","","","","","","","","","","","","",""
"2094","SELECTIPO","INF769K01ON4","5 x","3.77 x","-","","","","","","","","","","","","","","","","","","",""
"2095","EQUAL200","INF769K01OA1","5 x","5 x","-","","","","","","","","","","","","","","","","","","",""
"2096","SAMMAANCAP","INE148I01020","5 x","2.94 x","-","","","","","","","","","","","","","","","","","","",""
"2097","PRABHA","INE0I0M01023","5 x","1.56 x","-","","","","","","","","","","","","","","","","","","",""
"2098","CASHIETF","INF109K1A021","5 x","5 x","-","","","","","","","","","","","","","","","","","","",""
"2099","VALUEAXIS","INF846KA1119","5 x","5 x","-","","","","","","","","","","","","","","","","","","",""
"2100","SAURASHCEM","INE626A01014","5 x","1 x","-","","","","","","","","","","","","","","","","","","",""
"2101","CURAA","INE117B01020","1 x","-","-","","","","","","","","","","","","","","","","","","",""
"2102","SOTL","INE035D01020","5 x","2.5 x","-","","","","","","","","","","","","","","","","","","",""
"2103","JINDALSAW","INE324A01032","5 x","2.74 x","-","","","","","","","","","","","","","","","","","","",""
"2104","BHARATSE","INE415D01024","5 x","2 x","-","","","","","","","","","","","","","","","","","","",""
"2105","ISHANCH","INE561M01018","1 x","-","-","","","","","","","","","","","","","","","","","","",""
"2106","SILVERCASE","INF0R8F01091","5 x","2.72 x","-","","","","","","","","","","","","","","","","","","",""
"2107","SBIBPB","INF200KB1712","5 x","3.77 x","-","","","","","","","","","","","","","","","","","","",""
"2108","ESSENTIA","INE418N01035","1 x","-","-","","","","","","","","","","","","","","","","","","",""
"2109","NIF100IETF","INF109KC16V9","5 x","5 x","-","","","","","","","","","","","","","","","","","","",""
"2110","SBIN","INE062A01020","5 x","4.55 x","-","","","","","","","","","","","","","","","","","","",""
"2111","SPECTRUM","INE01EO01010","5 x","-","-","","","","","","","","","","","","","","","","","","",""
"2112","MID150","INF174KA1VW2","5 x","5 x","-","","","","","","","","","","","","","","","","","","",""
"2113","AONELIQUID","INF1J2R01056","5 x","5 x","-","","","","","","","","","","","","","","","","","","",""
"2114","SCI","INE109A01011","5 x","2.8 x","-","","","","","","","","","","","","","","","","","","",""
"2115","BAJAJHLDNG","INE118A01012","5 x","4 x","-","","","","","","","","","","","","","","","","","","",""
"2116","MHLSRG","INF200K30015","1 x","-","-","","","","","","","","","","","","","","","","","","",""
"2117","MHLSRD","INF200K30023","1 x","-","-","","","","","","","","","","","","","","","","","","",""
"2118","MHLSRDR","INF200K30031","1 x","-","-","","","","","","","","","","","","","","","","","","",""
"2119","MHLSDG","INF200K30049","1 x","-","-","","","","","","","","","","","","","","","","","","",""
"2120","MHLSDD","INF200K30056","1 x","-","-","","","","","","","","","","","","","","","","","","",""
"2121","MHLSDDR","INF200K30064","1 x","-","-","","","","","","","","","","","","","","","","","","",""
"2122","VEDL","INE205A01025","5 x","2.38 x","-","","","","","","","","","","","","","","","","","","",""
"2123","SESHAPAPER","INE630A01024","5 x","2 x","-","","","","","","","","","","","","","","","","","","",""
"2124","SHANTIGEAR","INE631A01022","5 x","1.56 x","-","","","","","","","","","","","","","","","","","","",""
"2125","BAJAJHIND","INE306A01021","5 x","2 x","-","","","","","","","","","","","","","","","","","","",""
"2126","PILITA","INE600A01035","1 x","-","-","","","","","","","","","","","","","","","","","","",""
"2127","INDOSTAR","INE896L01010","5 x","2.5 x","-","","","","","","","","","","","","","","","","","","",""
"2128","CMRGREEN","INE00WV01027","5 x","2 x","-","","","","","","","","","","","","","","","","","","",""
"2129","SHREDIGCEM","INE232A01011","5 x","2.5 x","-","","","","","","","","","","","","","","","","","","",""
"2130","THOMASCOTT","INE480M01011","5 x","1 x","-","","","","","","","","","","","","","","","","","","",""
"2131","SHREECEM","INE070A01015","5 x","4.55 x","-","","","","","","","","","","","","","","","","","","",""
"2132","ISIFAAFDG","INF109K30067","1 x","-","-","","","","","","","","","","","","","","","","","","",""
"2133","ISIFAAFG","INF109K30059","1 x","-","-","","","","","","","","","","","","","","","","","","",""
"2134","DBSTOCKBRO","INE921B01025","1 x","-","-","","","","","","","","","","","","","","","","","","",""
"2135","COMPUSOFT","INE453B01029","1 x","-","-","","","","","","","","","","","","","","","","","","",""
"2136","RHIM","INE743M01012","5 x","3.01 x","-","","","","","","","","","","","","","","","","","","",""
"2137","MCX","INE745G01043","5 x","3.78 x","-","","","","","","","","","","","","","","","","","","",""
"2138","TIINDIA","INE974X01010","5 x","4.1 x","-","","","","","","","","","","","","","","","","","","",""
"2139","SCHNEIDER","INE839M01018","5 x","2 x","-","","","","","","","","","","","","","","","","","","",""
"2140","NDL","INE875G01048","1 x","-","-","","","","","","","","","","","","","","","","","","",""
"2141","SHREYANIND","INE231C01019","1 x","-","-","","","","","","","","","","","","","","","","","","",""
"2142","UFBL","INE382M01027","5 x","-","-","","","","","","","","","","","","","","","","","","",""
"2143","HONDAPOWER","INE634A01018","5 x","2.5 x","-","","","","","","","","","","","","","","","","","","",""
"2144","NBCC","INE095N01031","5 x","3.92 x","-","","","","","","","","","","","","","","","","","","",""
"2145","AURUS","INE142K01011","1 x","-","-","","","","","","","","","","","","","","","","","","",""
"2146","SIEL","INE843L01012","1 x","-","-","","","","","","","","","","","","","","","","","","",""
"2147","ORBTEXP","INE231G01010","1 x","-","2 x","","","","","","","","","","","","","","","","","","",""
"2148","BORORENEW","INE666D01022","5 x","2.91 x","-","","","","","","","","","","","","","","","","","","",""
"2149","SIEMENS","INE003A01024","5 x","4.17 x","-","","","","","","","","","","","","","","","","","","",""
"2150","JPOLYINVST","INE147P01019","5 x","2 x","-","","","","","","","","","","","","","","","","","","",""
"2151","SIMPLEXINF","INE059B01024","5 x","2 x","-","","","","","","","","","","","","","","","","","","",""
"2152","BAJFINANCE","INE296A01032","5 x","4.35 x","-","","","","","","","","","","","","","","","","","","",""
"2153","GILT5YBEES","INF204KC1030","5 x","5 x","-","","","","","","","","","","","","","","","","","","",""
"2154","SREEL","INE099F01013","1 x","-","2 x","","","","","","","","","","","","","","","","","","",""
"2155","SKFINDIA","INE640A01023","5 x","3.77 x","-","","","","","","","","","","","","","","","","","","",""
"2156","LODHA","INE670K01029","5 x","3.73 x","-","","","","","","","","","","","","","","","","","","",""
"2157","JTEKTINDIA","INE643A01035","5 x","3 x","-","","","","","","","","","","","","","","","","","","",""
"2158","ANGELONE","INE732I01021","5 x","3.61 x","-","","","","","","","","","","","","","","","","","","",""
"2159","SPIC","INE147A01011","5 x","2.5 x","-","","","","","","","","","","","","","","","","","","",""
"2160","SRF","INE647A01010","5 x","4.35 x","-","","","","","","","","","","","","","","","","","","",""
"2161","STARPAPER","INE733A01018","1 x","-","-","","","","","","","","","","","","","","","","","","",""
"2162","DEEPINDS","INE0FHS01024","5 x","2.67 x","-","","","","","","","","","","","","","","","","","","",""
"2163","VALIANTORG","INE565V01010","5 x","-","2 x","","","","","","","","","","","","","","","","","","",""
"2164","SPMLINFRA","INE937A01023","5 x","2.5 x","-","","","","","","","","","","","","","","","","","","",""
"2165","SUBROS","INE287B01021","5 x","2.86 x","-","","","","","","","","","","","","","","","","","","",""
"2166","MODISONLTD","INE737D01021","5 x","-","-","","","","","","","","","","","","","","","","","","",""
"2167","SUDARSCHEM","INE659A01023","5 x","2.92 x","-","","","","","","","","","","","","","","","","","","",""
"2168","ISGEC","INE858B01029","5 x","2.92 x","-","","","","","","","","","","","","","","","","","","",""
"2169","SUNDARMFIN","INE660A01013","5 x","3.31 x","-","","","","","","","","","","","","","","","","","","",""
"2170","SUNDRMFAST","INE387A01021","5 x","3.55 x","-","","","","","","","","","","","","","","","","","","",""
"2171","SUNFLAG","INE947A01014","5 x","2.79 x","-","","","","","","","","","","","","","","","","","","",""
"2172","BALKRISIND","INE787D01026","5 x","3.25 x","-","","","","","","","","","","","","","","","","","","",""
"2173","SUNPHARMA","INE044A01036","5 x","4.55 x","-","","","","","","","","","","","","","","","","","","",""
"2174","SUPREMEIND","INE195A01028","5 x","4.17 x","-","","","","","","","","","","","","","","","","","","",""
"2175","SURYAROSNI","INE335A01020","5 x","2.86 x","-","","","","","","","","","","","","","","","","","","",""
"2176","BALMLAWRIE","INE164A01016","5 x","2.5 x","-","","","","","","","","","","","","","","","","","","",""
"2177","SWARAJENG","INE277A01016","5 x","3.33 x","-","","","","","","","","","","","","","","","","","","",""
"2178","SMLMAH","INE294B01019","5 x","2 x","-","","","","","","","","","","","","","","","","","","",""
"2179","AGARIND","INE204E01012","5 x","2 x","-","","","","","","","","","","","","","","","","","","",""
"2180","TAINWALCHM","INE123C01018","2 x","-","-","","","","","","","","","","","","","","","","","","",""
"2181","ADOR","INE045A01017","5 x","2.5 x","-","","","","","","","","","","","","","","","","","","",""
"2182","TATACHEM","INE092A01019","5 x","1.56 x","-","","","","","","","","","","","","","","","","","","",""
"2183","BALRAMCHIN","INE119A01028","5 x","2.94 x","-","","","","","","","","","","","","","","","","","","",""
"2184","TATAELXSI","INE670A01012","5 x","4.17 x","-","","","","","","","","","","","","","","","","","","",""
"2185","HONAUT","INE671A01010","5 x","3.4 x","-","","","","","","","","","","","","","","","","","","",""
"2186","CAMS","INE596I01020","5 x","4.17 x","-","","","","","","","","","","","","","","","","","","",""
"2187","TATAPOWER","INE245A01021","5 x","4.55 x","-","","","","","","","","","","","","","","","","","","",""
"2188","TATACONSUM","INE192A01025","5 x","4.55 x","-","","","","","","","","","","","","","","","","","","",""
"2189","BBOX","INE676A01027","5 x","2.69 x","-","","","","","","","","","","","","","","","","","","",""
"2190","TECILCHEM","INE014B01011","1 x","-","-","","","","","","","","","","","","","","","","","","",""
"2191","TMPV","INE155A01022","5 x","4.35 x","-","","","","","","","","","","","","","","","","","","",""
"2192","TFCILTD","INE305A01023","5 x","2.69 x","-","","","","","","","","","","","","","","","","","","",""
"2193","BANARBEADS","INE655B01011","1 x","-","-","","","","","","","","","","","","","","","","","","",""
"2194","THERMAX","INE152A01029","5 x","3.08 x","-","","","","","","","","","","","","","","","","","","",""
"2195","THOMASCOOK","INE332A01027","5 x","2.76 x","-","","","","","","","","","","","","","","","","","","",""
"2196","CLSEL","INE419D01026","5 x","2 x","-","","","","","","","","","","","","","","","","","","",""
"2197","PGINVIT","INE0GGX23010","1 x","-","-","","","","","","","","","","","","","","","","","","",""
"2198","TIRUMALCHM","INE338A01024","5 x","2.5 x","-","","","","","","","","","","","","","","","","","","",""
"2199","TATASTEEL","INE081A01020","5 x","4.35 x","-","","","","","","","","","","","","","","","","","","",""
"2200","BANARISUG","INE459A01010","5 x","2 x","-","","","","","","","","","","","","","","","","","","",""
"2201","TITAN","INE280A01028","5 x","4.55 x","-","","","","","","","","","","","","","","","","","","",""
"2202","MAFANG","INF769K01HF4","5 x","-","2 x","","","","","","","","","","","","","","","","","","",""
"2203","TNPETRO","INE148A01019","5 x","2 x","-","","","","","","","","","","","","","","","","","","",""
"2204","TNTELE","INE141D01018","1 x","-","-","","","","","","","","","","","","","","","","","","",""
"2205","TORNTPHARM","INE685A01028","5 x","4.55 x","-","","","","","","","","","","","","","","","","","","",""
"2206","TTKPRESTIG","INE690A01028","5 x","3.24 x","-","","","","","","","","","","","","","","","","","","",""
"2207","ADANIGREEN","INE364U01010","5 x","3.49 x","-","","","","","","","","","","","","","","","","","","",""
"2208","NAM-INDIA","INE298J01013","5 x","3.84 x","-","","","","","","","","","","","","","","","","","","",""
"2209","UNICHEMLAB","INE351A01035","5 x","2.5 x","-","","","","","","","","","","","","","","","","","","",""
"2210","ROML","INE294G01026","1 x","-","-","","","","","","","","","","","","","","","","","","",""
"2211","UNITECH","INE694A01020","1 x","1.56 x","-","","","","","","","","","","","","","","","","","","",""
"2212","UNIVCABLES","INE279A01012","5 x","2.42 x","-","","","","","","","","","","","","","","","","","","",""
"2213","HEALTHAXIS","INF846K01Z12","5 x","3.77 x","-","","","","","","","","","","","","","","","","","","",""
"2214","HEALTHIETF","INF109KC1Q72","5 x","3.77 x","-","","","","","","","","","","","","","","","","","","",""
"2215","JUBLPHARMA","INE700A01033","5 x","3.24 x","-","","","","","","","","","","","","","","","","","","",""
"2216","VARDMNPOLY","INE835A01029","5 x","-","-","","","","","","","","","","","","","","","","","","",""
"2217","SOLARA","INE624Z01016","5 x","2.5 x","-","","","","","","","","","","","","","","","","","","",""
"2218","VESUVIUS","INE386A01023","5 x","3.24 x","-","","","","","","","","","","","","","","","","","","",""
"2219","BASF","INE373A01013","5 x","3.27 x","-","","","","","","","","","","","","","","","","","","",""
"2220","GAYAHWS","INE287Z01012","1 x","-","-","","","","","","","","","","","","","","","","","","",""
"2221","VINDHYATEL","INE707A01012","5 x","2.44 x","-","","","","","","","","","","","","","","","","","","",""
"2222","VIPIND","INE054A01027","5 x","3.06 x","-","","","","","","","","","","","","","","","","","","",""
"2223","BATAINDIA","INE176A01028","5 x","3.41 x","-","","","","","","","","","","","","","","","","","","",""
"2224","VLSFINANCE","INE709A01018","1 x","-","2 x","","","","","","","","","","","","","","","","","","",""
"2225","VOLTAS","INE226A01021","5 x","4.17 x","-","","","","","","","","","","","","","","","","","","",""
"2226","TATACOMM","INE151A01013","5 x","3.33 x","-","","","","","","","","","","","","","","","","","","",""
"2227","VSTIND","INE710A01016","5 x","2.86 x","-","","","","","","","","","","","","","","","","","","",""
"2228","ANMOL","INE02AR01019","1 x","-","-","","","","","","","","","","","","","","","","","","",""
"2229","WALCHANNAG","INE711A01022","5 x","1 x","-","","","","","","","","","","","","","","","","","","",""
"2230","FINEORG","INE686Y01026","5 x","3.33 x","-","","","","","","","","","","","","","","","","","","",""
"2231","WATERBASE","INE054C01015","1 x","-","-","","","","","","","","","","","","","","","","","","",""
"2232","WEIZMANIND","INE080A01014","1 x","-","-","","","","","","","","","","","","","","","","","","",""
"2233","VENKEYS","INE398A01010","5 x","2.5 x","-","","","","","","","","","","","","","","","","","","",""
"2234","RITES","INE320J01015","5 x","3.08 x","-","","","","","","","","","","","","","","","","","","",""
"2235","WHEELS","INE715A01015","5 x","1 x","-","","","","","","","","","","","","","","","","","","",""
"2236","WILLAMAGOR","INE210A01017","1 x","-","-","","","","","","","","","","","","","","","","","","",""
"2237","WIPRO","INE075A01022","5 x","4.55 x","-","","","","","","","","","","","","","","","","","","",""
"2238","WSTCSTPAPR","INE976A01021","5 x","2.86 x","-","","","","","","","","","","","","","","","","","","",""
"2239","BBTC","INE050A01025","5 x","3.13 x","-","","","","","","","","","","","","","","","","","","",""
"2240","VINEETLAB","INE505Y01010","1 x","-","-","","","","","","","","","","","","","","","","","","",""
"2241","ZEEL","INE256A01028","5 x","2.64 x","-","","","","","","","","","","","","","","","","","","",""
"2242","ARIHANTCAP","INE420B01036","5 x","2 x","-","","","","","","","","","","","","","","","","","","",""
"2243","ZODIACLOTH","INE206B01013","1 x","-","-","","","","","","","","","","","","","","","","","","",""
"2244","ZUARIIND","INE217A01012","5 x","2 x","-","","","","","","","","","","","","","","","","","","",""
"2245","BEL","INE263A01024","5 x","4.35 x","-","","","","","","","","","","","","","","","","","","",""
"2246","BHARATRAS","INE838B01021","5 x","2.86 x","-","","","","","","","","","","","","","","","","","","",""
"2247","TOKYOPLAST","INE932C01012","1 x","-","-","","","","","","","","","","","","","","","","","","",""
"2248","MAHLOG","INE766P01016","5 x","3.13 x","-","","","","","","","","","","","","","","","","","","",""
"2249","VARROC","INE665L01035","5 x","3.05 x","-","","","","","","","","","","","","","","","","","","",""
"2250","SOMANYCERA","INE355A01028","5 x","2 x","-","","","","","","","","","","","","","","","","","","",""
"2251","HATSUN","INE473B01035","5 x","3.19 x","-","","","","","","","","","","","","","","","","","","",""
"2252","CAPLIPOINT","INE475E01026","5 x","3.04 x","-","","","","","","","","","","","","","","","","","","",""
"2253","PREMIERPOL","INE309M01020","5 x","-","-","","","","","","","","","","","","","","","","","","",""
"2254","KHAITANLTD","INE731C01018","1 x","-","-","","","","","","","","","","","","","","","","","","",""
"2255","NATCOPHARM","INE987B01026","5 x","3.1 x","-","","","","","","","","","","","","","","","","","","",""
"2256","BEML","INE258A01024","5 x","2.88 x","-","","","","","","","","","","","","","","","","","","",""
"2257","GOCLCORP","INE077F01035","5 x","2.5 x","-","","","","","","","","","","","","","","","","","","",""
"2258","REMSONSIND","INE474C01023","5 x","1 x","-","","","","","","","","","","","","","","","","","","",""
"2259","PARASPETRO","INE162C01024","1 x","-","-","","","","","","","","","","","","","","","","","","",""
"2260","TNPL","INE107A01015","5 x","2 x","-","","","","","","","","","","","","","","","","","","",""
"2261","GREENPLY","INE461C01038","5 x","2.86 x","-","","","","","","","","","","","","","","","","","","",""
"2262","NIACL","INE470Y01017","5 x","2.6 x","-","","","","","","","","","","","","","","","","","","",""
"2263","21STCENMGM","INE253B01015","1 x","-","-","","","","","","","","","","","","","","","","","","",""
"2264","AEGISLOG","INE208C01025","5 x","1 x","-","","","","","","","","","","","","","","","","","","",""
"2265","CORALFINAC","INE558D01021","1 x","-","-","","","","","","","","","","","","","","","","","","",""
"2266","PVP","INE362A01016","1 x","-","2 x","","","","","","","","","","","","","","","","","","",""
"2267","NAVA","INE725A01030","5 x","2.99 x","-","","","","","","","","","","","","","","","","","","",""
"2268","AUSOMENT","INE218C01016","1 x","-","-","","","","","","","","","","","","","","","","","","",""
"2269","BERGEPAINT","INE463A01038","5 x","3.5 x","-","","","","","","","","","","","","","","","","","","",""
"2270","EIMCOELECO","INE158B01016","5 x","2 x","-","","","","","","","","","","","","","","","","","","",""
"2271","JAYAGROGN","INE785A01026","2 x","2 x","-","","","","","","","","","","","","","","","","","","",""
"2272","PANACEABIO","INE922B01023","5 x","2 x","-","","","","","","","","","","","","","","","","","","",""
"2273","CUBEXTUB","INE144D01012","5 x","-","-","","","","","","","","","","","","","","","","","","",""
"2274","MARICO","INE196A01026","5 x","4.55 x","-","","","","","","","","","","","","","","","","","","",""
"2275","SILINV","INE923A01015","1 x","-","2 x","","","","","","","","","","","","","","","","","","",""
"2276","HBSL","INE550B01022","1 x","-","-","","","","","","","","","","","","","","","","","","",""
"2277","SAMBHAAV","INE699B01027","1 x","-","-","","","","","","","","","","","","","","","","","","",""
"2278","REGENCERAM","INE277C01012","1 x","-","-","","","","","","","","","","","","","","","","","","",""
"2279","BIOFILCHEM","INE829A01014","1 x","-","-","","","","","","","","","","","","","","","","","","",""
"2280","KEYFINSERV","INE681C01015","1 x","-","-","","","","","","","","","","","","","","","","","","",""
"2281","NORBTEAEXP","INE369C01017","1 x","-","-","","","","","","","","","","","","","","","","","","",""
"2282","ZENITHEXPO","INE058B01018","1 x","-","-","","","","","","","","","","","","","","","","","","",""
"2283","SANGAMIND","INE495C01010","5 x","2 x","-","","","","","","","","","","","","","","","","","","",""
"2284","BEPL","INE922A01025","5 x","2.5 x","-","","","","","","","","","","","","","","","","","","",""
"2285","SOMATEX","INE314C01013","1 x","-","-","","","","","","","","","","","","","","","","","","",""
"2286","MOTHERSON","INE775A01035","5 x","4.13 x","-","","","","","","","","","","","","","","","","","","",""
"2287","BHARATFORG","INE465A01025","5 x","4.17 x","-","","","","","","","","","","","","","","","","","","",""
"2288","VISAKAIND","INE392A01021","5 x","-","-","","","","","","","","","","","","","","","","","","",""
"2289","ZFSTEERING","INE116C01012","1 x","-","2 x","","","","","","","","","","","","","","","","","","",""
"2290","WENDT","INE274C01019","5 x","2.5 x","-","","","","","","","","","","","","","","","","","","",""
"2291","HDFCAMC","INE127D01025","5 x","4.17 x","-","","","","","","","","","","","","","","","","","","",""
"2292","DENORA","INE244A01016","2 x","-","1 x","","","","","","","","","","","","","","","","","","",""
"2293","SHRIRAMFIN","INE721A01047","5 x","4 x","-","","","","","","","","","","","","","","","","","","",""
"2294","PUNJABCHEM","INE277B01014","5 x","2.5 x","-","","","","","","","","","","","","","","","","","","",""
"2295","IFGLEXPOR","INE133Y01011","5 x","2 x","-","","","","","","","","","","","","","","","","","","",""
"2296","SENSEXIETF","INF346A01034","5 x","5 x","-","","","","","","","","","","","","","","","","","","",""
"2297","BHEL","INE257A01026","5 x","3.87 x","-","","","","","","","","","","","","","","","","","","",""
"2298","GULFOILLUB","INE635Q01029","5 x","3.31 x","-","","","","","","","","","","","","","","","","","","",""
"2299","MIRZAINT","INE771A01026","5 x","1 x","-","","","","","","","","","","","","","","","","","","",""
"2300","JAGSNPHARM","INE048B01035","5 x","2.5 x","-","","","","","","","","","","","","","","","","","","",""
"2301","CREDITACC","INE741K01010","5 x","2.98 x","-","","","","","","","","","","","","","","","","","","",""
"2302","INDIANCARD","INE061A01014","1 x","-","-","","","","","","","","","","","","","","","","","","",""
"2303","HAWKINCOOK","INE979B01015","5 x","-","2 x","","","","","","","","","","","","","","","","","","",""
"2304","5PAISA","INE618L01018","5 x","2 x","-","","","","","","","","","","","","","","","","","","",""
"2305","ELECTHERM","INE822G01016","5 x","1 x","-","","","","","","","","","","","","","","","","","","",""
"2306","ELPROINTL","INE579B01039","5 x","-","-","","","","","","","","","","","","","","","","","","",""
"2307","AARTIDRUGS","INE767A01016","5 x","3.24 x","-","","","","","","","","","","","","","","","","","","",""
"2308","ALKYLAMINE","INE150B01039","5 x","2.99 x","-","","","","","","","","","","","","","","","","","","",""
"2309","BOSCH-HCIL","INE782A01015","5 x","2.86 x","-","","","","","","","","","","","","","","","","","","",""
"2310","MPHASIS","INE356A01018","5 x","4.35 x","-","","","","","","","","","","","","","","","","","","",""
"2311","SIGIND","INE529F01035","1 x","-","-","","","","","","","","","","","","","","","","","","",""
"2312","DYNAMATECH","INE221B01012","5 x","2.86 x","-","","","","","","","","","","","","","","","","","","",""
"2313","NEXT50IETF","INF109KC1NS5","5 x","5 x","-","","","","","","","","","","","","","","","","","","",""
"2314","GUJRAFFIA","INE610B01024","1 x","-","-","","","","","","","","","","","","","","","","","","",""
"2315","RUCHINFRA","INE413B01023","1 x","-","-","","","","","","","","","","","","","","","","","","",""
"2316","ATLASCYCLE","INE446A01025","1 x","-","-","","","","","","","","","","","","","","","","","","",""
"2317","RAMCOIND","INE614A01028","5 x","2.5 x","-","","","","","","","","","","","","","","","","","","",""
"2318","HERITGFOOD","INE978A01027","5 x","3.09 x","-","","","","","","","","","","","","","","","","","","",""
"2319","SBCL","INE386D01027","5 x","1 x","-","","","","","","","","","","","","","","","","","","",""
"2320","BANKBARODA","INE028A01039","5 x","4.35 x","-","","","","","","","","","","","","","","","","","","",""
"2321","HDFCLIFE","INE795G01014","5 x","4.55 x","-","","","","","","","","","","","","","","","","","","",""
"2322","SONACOMS","INE073K01018","5 x","4.17 x","-","","","","","","","","","","","","","","","","","","",""
"2323","SHYAMMETL","INE810G01011","5 x","3.4 x","-","","","","","","","","","","","","","","","","","","",""
"2324","OSWALGREEN","INE143A01010","5 x","1 x","-","","","","","","","","","","","","","","","","","","",""
"2325","GAIL","INE129A01019","5 x","4.35 x","-","","","","","","","","","","","","","","","","","","",""
"2326","SKMEGGPROD","INE411D01023","1 x","1 x","-","","","","","","","","","","","","","","","","","","",""
"2327","3MINDIA","INE470A01017","5 x","3.48 x","-","","","","","","","","","","","","","","","","","","",""
"2328","BANKINDIA","INE084A01016","5 x","4 x","-","","","","","","","","","","","","","","","","","","",""
"2329","INDNIPPON","INE092B01025","5 x","2.5 x","-","","","","","","","","","","","","","","","","","","",""
"2330","CONCOR","INE111A01025","5 x","4.35 x","-","","","","","","","","","","","","","","","","","","",""
"2331","INDRAMEDCO","INE681B01017","5 x","2.86 x","-","","","","","","","","","","","","","","","","","","",""
"2332","BIRLACABLE","INE800A01015","1 x","-","-","","","","","","","","","","","","","","","","","","",""
"2333","TCIFINANCE","INE911B01018","1 x","-","-","","","","","","","","","","","","","","","","","","",""
"2334","DCMFINSERV","INE891B01012","1 x","-","-","","","","","","","","","","","","","","","","","","",""
"2335","HAPPSTMNDS","INE419U01012","5 x","3.02 x","-","","","","","","","","","","","","","","","","","","",""
"2336","BIRLACORPN","INE340A01012","5 x","3.22 x","-","","","","","","","","","","","","","","","","","","",""
"2337","DODLA","INE021O01019","5 x","3.31 x","-","","","","","","","","","","","","","","","","","","",""
"2338","LIQUIDIETF","INF109KC1KT9","5 x","5 x","-","","","","","","","","","","","","","","","","","","",""
"2339","SNOWMAN","INE734N01019","5 x","2 x","-","","","","","","","","","","","","","","","","","","",""
"2340","KIMS","INE967H01025","5 x","3.38 x","-","","","","","","","","","","","","","","","","","","",""
"2341","INDSWFTLAB","INE915B01019","5 x","1 x","-","","","","","","","","","","","","","","","","","","",""
"2342","SAREGAMA","INE979A01025","5 x","2.9 x","-","","","","","","","","","","","","","","","","","","",""
"2343","FDC","INE258B01022","5 x","3.42 x","-","","","","","","","","","","","","","","","","","","",""
"2344","ENGINERSIN","INE510A01028","5 x","2.81 x","-","","","","","","","","","","","","","","","","","","",""
"2345","MADRASFERT","INE414A01015","5 x","2 x","-","","","","","","","","","","","","","","","","","","",""
"2346","IPL","INE0D6701023","5 x","2.5 x","-","","","","","","","","","","","","","","","","","","",""
"2347","BLUEDART","INE233B01017","5 x","3.48 x","-","","","","","","","","","","","","","","","","","","",""
"2348","ADROITINFO","INE737B01033","1 x","-","-","","","","","","","","","","","","","","","","","","",""
"2349","ICICIBANK","INE090A01021","5 x","4.55 x","-","","","","","","","","","","","","","","","","","","",""
"2350","PHARMABEES","INF204KC1089","5 x","3.77 x","-","","","","","","","","","","","","","","","","","","",""
"2351","IRCON","INE962Y01021","5 x","2.96 x","-","","","","","","","","","","","","","","","","","","",""
"2352","SHARDACROP","INE221J01015","5 x","2.5 x","-","","","","","","","","","","","","","","","","","","",""
"2353","AMBALALSA","INE432A01017","1 x","-","-","","","","","","","","","","","","","","","","","","",""
"2354","ANDHRAPET","INE714B01016","1 x","-","-","","","","","","","","","","","","","","","","","","",""
"2355","UTIQUE","INE096A01010","1 x","-","-","","","","","","","","","","","","","","","","","","",""
"2356","ARUNAHTEL","INE957C01019","1 x","-","-","","","","","","","","","","","","","","","","","","",""
"2357","BOMDYEING","INE032A01023","5 x","2.5 x","-","","","","","","","","","","","","","","","","","","",""
"2358","ATVPR","INE447A01015","1 x","-","-","","","","","","","","","","","","","","","","","","",""
"2359","ABREL","INE055A01016","5 x","2.98 x","-","","","","","","","","","","","","","","","","","","",""
"2360","BIHSPONG","INE819C01011","1 x","-","-","","","","","","","","","","","","","","","","","","",""
"2361","BLUESTARCO","INE472A01039","5 x","4.16 x","-","","","","","","","","","","","","","","","","","","",""
"2362","DISAQ","INE131C01011","1 x","-","-","","","","","","","","","","","","","","","","","","",""
"2363","QUESTCAP","INE418C01012","1 x","-","-","","","","","","","","","","","","","","","","","","",""
"2364","BPL","INE110A01019","1 x","-","-","","","","","","","","","","","","","","","","","","",""
"2365","CESC","INE486A01021","5 x","3.43 x","-","","","","","","","","","","","","","","","","","","",""
"2366","CHAMBLFERT","INE085A01013","5 x","3.33 x","-","","","","","","","","","","","","","","","","","","",""
"2367","EXIDEIND","INE302A01020","5 x","3.36 x","-","","","","","","","","","","","","","","","","","","",""
"2368","CIPLA","INE059A01026","5 x","4.55 x","-","","","","","","","","","","","","","","","","","","",""
"2369","DICIND","INE303A01010","1 x","-","2 x","","","","","","","","","","","","","","","","","","",""
"2370","CRISIL","INE007A01025","5 x","3.47 x","-","","","","","","","","","","","","","","","","","","",""
"2371","CGPOWER","INE067A01029","5 x","4.04 x","-","","","","","","","","","","","","","","","","","","",""
"2372","DABUR","INE016A01026","5 x","4.55 x","-","","","","","","","","","","","","","","","","","","",""
"2373","DALMIASUG","INE495A01022","5 x","2.5 x","-","","","","","","","","","","","","","","","","","","",""
"2374","DCW","INE500A01029","5 x","2.76 x","-","","","","","","","","","","","","","","","","","","",""
"2375","DHAMPURSUG","INE041A01016","5 x","2 x","-","","","","","","","","","","","","","","","","","","",""
"2376","ELANTAS","INE280B01018","5 x","-","2 x","","","","","","","","","","","","","","","","","","",""
"2377","DRREDDY","INE089A01031","5 x","4.55 x","-","","","","","","","","","","","","","","","","","","",""
"2378","EIDPARRY","INE126A01031","5 x","3.33 x","-","","","","","","","","","","","","","","","","","","",""
"2379","PGHL","INE199A01012","5 x","3.68 x","-","","","","","","","","","","","","","","","","","","",""
"2380","ELECTCAST","INE086A01029","5 x","2.74 x","-","","","","","","","","","","","","","","","","","","",""
"2381","ESABINDIA","INE284A01012","5 x","3.42 x","-","","","","","","","","","","","","","","","","","","",""
"2382","EPL","INE255A01020","5 x","3.16 x","-","","","","","","","","","","","","","","","","","","",""
"2383","FGP","INE512A01016","1 x","-","-","","","","","","","","","","","","","","","","","","",""
"2384","COCKERILL","INE515A01019","5 x","-","-","","","","","","","","","","","","","","","","","","",""
"2385","GANESHBE","INE388A01029","5 x","-","-","","","","","","","","","","","","","","","","","","",""
"2386","METROGLOBL","INE085D01033","1 x","-","-","","","","","","","","","","","","","","","","","","",""
"2387","GOODRICKE","INE300A01016","1 x","-","-","","","","","","","","","","","","","","","","","","",""
"2388","GTNINDS","INE537A01013","1 x","-","-","","","","","","","","","","","","","","","","","","",""
"2389","PRAGBOS","INE962B01011","1 x","-","-","","","","","","","","","","","","","","","","","","",""
"2390","INDLEASE","INE333C01013","1 x","-","-","","","","","","","","","","","","","","","","","","",""
"2391","MARGOFIN","INE680B01019","1 x","-","-","","","","","","","","","","","","","","","","","","",""
"2392","ITHL","INE262B01016","1 x","-","-","","","","","","","","","","","","","","","","","","",""
"2393","JASCH","INE711C01028","1 x","-","-","","","","","","","","","","","","","","","","","","",""
"2394","KGDENIM","INE104A01012","1 x","-","-","","","","","","","","","","","","","","","","","","",""
"2395","KINETICENG","INE266B01017","1 x","-","-","","","","","","","","","","","","","","","","","","",""
"2396","ENVAIREL","INE601C01013","1 x","-","-","","","","","","","","","","","","","","","","","","",""
"2397","KRIFILIND","INE073A01019","1 x","-","-","","","","","","","","","","","","","","","","","","",""
"2398","MAFATIND","INE270B01035","5 x","-","2 x","","","","","","","","","","","","","","","","","","",""
"2399","MAJESAUT","INE201B01022","1 x","-","-","","","","","","","","","","","","","","","","","","",""
"2400","BARODARY","INE461A01024","1 x","-","-","","","","","","","","","","","","","","","","","","",""
"2401","MIDINDIA","INE401C01018","1 x","-","-","","","","","","","","","","","","","","","","","","",""
"2402","CENTENKA","INE485A01015","5 x","2 x","-","","","","","","","","","","","","","","","","","","",""
"2403","SPICEJET","INE285B01017","5 x","-","-","","","","","","","","","","","","","","","","","","",""
"2404","NAPEROL","INE585A01020","1 x","-","-","","","","","","","","","","","","","","","","","","",""
"2405","JAYKAY","INE903A01025","5 x","2.34 x","-","","","","","","","","","","","","","","","","","","",""
"2406","INDSUCR","INE557C01017","1 x","-","-","","","","","","","","","","","","","","","","","","",""
"2407","PANCM","INE167E01037","1 x","-","-","","","","","","","","","","","","","","","","","","",""
"2408","PIXTRANS","INE751B01018","5 x","2.5 x","-","","","","","","","","","","","","","","","","","","",""
"2409","PUNJCOMMU","INE609A01010","1 x","-","-","","","","","","","","","","","","","","","","","","",""
"2410","RAMAPPR-B","INE425E01013","1 x","-","-","","","","","","","","","","","","","","","","","","",""
"2411","RAPICUT","INE350D01015","1 x","-","-","","","","","","","","","","","","","","","","","","",""
"2412","WELSPLSOL","INE731F01037","5 x","-","2 x","","","","","","","","","","","","","","","","","","",""
"2413","SALORAINTL","INE924A01013","1 x","-","-","","","","","","","","","","","","","","","","","","",""
"2414","SKPMIL","INE970C01012","1 x","-","-","","","","","","","","","","","","","","","","","","",""
"2415","SPLPETRO","INE663A01033","5 x","3 x","-","","","","","","","","","","","","","","","","","","",""
"2416","TIMEX","INE064A01026","5 x","-","2 x","","","","","","","","","","","","","","","","","","",""
"2417","TPINDIA","INE578C01021","1 x","-","-","","","","","","","","","","","","","","","","","","",""
"2418","TRANSCHEM","INE019B01010","1 x","-","-","","","","","","","","","","","","","","","","","","",""
"2419","UTLINDS","INE184E01024","1 x","-","-","","","","","","","","","","","","","","","","","","",""
"2420","HOCL","INE048A01011","1 x","-","-","","","","","","","","","","","","","","","","","","",""
"2421","MPILCORPL","INE844C01027","1 x","-","-","","","","","","","","","","","","","","","","","","",""
"2422","PASUPTAC","INE818B01023","1 x","-","2 x","","","","","","","","","","","","","","","","","","",""
"2423","TEAM24","INE601A01017","1 x","-","-","","","","","","","","","","","","","","","","","","",""
"2424","UCAL","INE139B01016","1 x","-","-","","","","","","","","","","","","","","","","","","",""
"2425","ESCORTS","INE042A01014","5 x","3.33 x","-","","","","","","","","","","","","","","","","","","",""
"2426","HINDMOTORS","INE253A01025","1 x","-","-","","","","","","","","","","","","","","","","","","",""
"2427","BPCL","INE029A01011","5 x","4.35 x","-","","","","","","","","","","","","","","","","","","",""
"2428","DEEPAKFERT","INE501A01019","5 x","2.9 x","-","","","","","","","","","","","","","","","","","","",""
"2429","GRWRHITECH","INE291A01017","5 x","2.5 x","-","","","","","","","","","","","","","","","","","","",""
"2430","NOVARTIND","INE234A01025","5 x","-","-","","","","","","","","","","","","","","","","","","",""
"2431","BRITANNIA","INE216A01030","5 x","4.55 x","-","","","","","","","","","","","","","","","","","","",""
"2432","EIHOTEL","INE230A01023","5 x","3.24 x","-","","","","","","","","","","","","","","","","","","",""
"2433","SUNRINV","INE371U01015","1 x","-","-","","","","","","","","","","","","","","","","","","",""
"2434","ZGOLDINV","INE598F01014","1 x","-","-","","","","","","","","","","","","","","","","","","",""
"2435","DSINVEST","INE422D01012","1 x","-","-","","","","","","","","","","","","","","","","","","",""
"2436","ANTARIKSH","INE825M01017","1 x","-","-","","","","","","","","","","","","","","","","","","",""
"2437","INDPRUD","INE620D01011","1 x","-","-","","","","","","","","","","","","","","","","","","",""
"2438","PRISMX","INE286N01028","1 x","-","-","","","","","","","","","","","","","","","","","","",""
"2439","RAPIDIN","INE154M01012","1 x","-","-","","","","","","","","","","","","","","","","","","",""
"2440","WALCHPF","INE695D01021","1 x","-","-","","","","","","","","","","","","","","","","","","",""
"2441","EENTER","INE094R01019","1 x","-","-","","","","","","","","","","","","","","","","","","",""
"2442","WHBRADY","INE855A01019","1 x","-","-","","","","","","","","","","","","","","","","","","",""
"2443","TECHNVISN","INE314H01012","5 x","-","-","","","","","","","","","","","","","","","","","","",""
"2444","SHAILY","INE151G01028","5 x","2.63 x","-","","","","","","","","","","","","","","","","","","",""
"2445","BOMBCYC","INE691K01017","1 x","-","-","","","","","","","","","","","","","","","","","","",""
"2446","MULLER","INE003F01015","1 x","-","-","","","","","","","","","","","","","","","","","","",""
"2447","SFTL","INE02ZA01012","1 x","-","-","","","","","","","","","","","","","","","","","","",""
"2448","AMALGAM","INE492N01022","1 x","-","-","","","","","","","","","","","","","","","","","","",""
"2449","ANANDPROJ","INE134R01013","1 x","-","-","","","","","","","","","","","","","","","","","","",""
"2450","INDIANVSH","INE131H01028","1 x","-","-","","","","","","","","","","","","","","","","","","",""
"2451","COASTCORP","INE377E01024","1 x","-","2 x","","","","","","","","","","","","","","","","","","",""
"2452","CHOWGULSTM","INE490A01015","1 x","-","-","","","","","","","","","","","","","","","","","","",""
"2453","GARWAOFFS","INE446C01013","1 x","-","-","","","","","","","","","","","","","","","","","","",""
"2454","SVPGLOB","INE308E01029","1 x","-","-","","","","","","","","","","","","","","","","","","",""
"2455","ASIIL","INE443A01030","1 x","-","-","","","","","","","","","","","","","","","","","","",""
"2456","LERTHAI","INE347D01011","1 x","-","-","","","","","","","","","","","","","","","","","","",""
"2457","TRIVENIGQ","INE094C01011","1 x","-","-","","","","","","","","","","","","","","","","","","",""
"2458","CITADEL","INE906D01014","1 x","-","-","","","","","","","","","","","","","","","","","","",""
"2459","NATHIND","INE777A01023","1 x","-","-","","","","","","","","","","","","","","","","","","",""
"2460","VAPIENTER","INE464D01014","1 x","-","-","","","","","","","","","","","","","","","","","","",""
"2461","DCM","INE498A01018","1 x","-","-","","","","","","","","","","","","","","","","","","",""
"2462","ZGAEKWAR","INE837X01027","1 x","-","-","","","","","","","","","","","","","","","","","","",""
"2463","FORBESCO","INE518A01013","1 x","-","-","","","","","","","","","","","","","","","","","","",""
"2464","HPCOTTON","INE950C01014","1 x","-","-","","","","","","","","","","","","","","","","","","",""
"2465","UNITEDINT","INE706D01018","1 x","-","-","","","","","","","","","","","","","","","","","","",""
"2466","JAMSHRI","INE462D01034","1 x","-","-","","","","","","","","","","","","","","","","","","",""
"2467","KATRSPG","INE498G01015","1 x","-","-","","","","","","","","","","","","","","","","","","",""
"2468","LAKSHMIMIL","INE938C01019","1 x","-","-","","","","","","","","","","","","","","","","","","",""
"2469","PASUSPG","INE909B01020","1 x","-","-","","","","","","","","","","","","","","","","","","",""
"2470","RAJABAH","INE491N01016","1 x","-","-","","","","","","","","","","","","","","","","","","",""
"2471","RELCHEMQ","INE750D01016","1 x","-","-","","","","","","","","","","","","","","","","","","",""
"2472","SIMPLXREA","INE167H01014","1 x","-","-","","","","","","","","","","","","","","","","","","",""
"2473","VICTMILL","INE203D01016","1 x","-","-","","","","","","","","","","","","","","","","","","",""
"2474","ZSVTRADI","INE404N01019","1 x","-","-","","","","","","","","","","","","","","","","","","",""
"2475","ZSVARAJT","INE406N01014","1 x","-","-","","","","","","","","","","","","","","","","","","",""
"2476","MANGLAM","INE733N01011","1 x","-","-","","","","","","","","","","","","","","","","","","",""
"2477","SALSAIN","INE315N01017","1 x","-","-","","","","","","","","","","","","","","","","","","",""
"2478","APOLLOIN","INE314N01028","1 x","-","-","","","","","","","","","","","","","","","","","","",""
"2479","ZODIACVEN","INE945J01027","1 x","-","-","","","","","","","","","","","","","","","","","","",""
"2480","VEERENRGY","INE255E01030","1 x","-","-","","","","","","","","","","","","","","","","","","",""
"2481","TILAK","INE026L01022","1 x","-","-","","","","","","","","","","","","","","","","","","",""
"2482","UNIJOLL","INE130N01010","1 x","-","-","","","","","","","","","","","","","","","","","","",""
"2483","WAGEND","INE786K01023","1 x","-","-","","","","","","","","","","","","","","","","","","",""
"2484","ELCIDIN","INE927X01018","5 x","-","-","","","","","","","","","","","","","","","","","","",""
"2485","MEDIAONE","INE828I01019","1 x","-","-","","","","","","","","","","","","","","","","","","",""
"2486","HEALINV","INE160N01017","1 x","-","-","","","","","","","","","","","","","","","","","","",""
"2487","SHRENTI","INE475V01012","1 x","-","-","","","","","","","","","","","","","","","","","","",""
"2488","MODWOOL","INE380D01012","1 x","-","-","","","","","","","","","","","","","","","","","","",""
"2489","MODIPON","INE170C01019","1 x","-","-","","","","","","","","","","","","","","","","","","",""
"2490","SHRIDINE","INE204C01024","1 x","-","-","","","","","","","","","","","","","","","","","","",""
"2491","SWADPOL","INE243N01029","1 x","-","-","","","","","","","","","","","","","","","","","","",""
"2492","SHRAJSYNQ","INE796C01011","1 x","-","-","","","","","","","","","","","","","","","","","","",""
"2493","SHRMFGC","INE632A01012","1 x","-","-","","","","","","","","","","","","","","","","","","",""
"2494","ZSATYASL","INE07MC01015","1 x","-","-","","","","","","","","","","","","","","","","","","",""
"2495","GEE","INE064H01021","1 x","-","-","","","","","","","","","","","","","","","","","","",""
"2496","NIPPOBATRY","INE567A01028","1 x","-","-","","","","","","","","","","","","","","","","","","",""
"2497","JYOTI","INE511D01012","1 x","-","-","","","","","","","","","","","","","","","","","","",""
"2498","JSLINDL","INE581L01018","1 x","-","-","","","","","","","","","","","","","","","","","","",""
"2499","KAYCEEI","INE813G01023","1 x","-","-","","","","","","","","","","","","","","","","","","",""
"2500","INDOKEM","INE716F01012","1 x","-","-","","","","","","","","","","","","","","","","","","",""
"2501","PANAENERG","INE795A01017","1 x","-","-","","","","","","","","","","","","","","","","","","",""
"2502","PERMAGN","INE418E01018","1 x","-","-","","","","","","","","","","","","","","","","","","",""
"2503","HIGHENE","INE783E01023","1 x","-","-","","","","","","","","","","","","","","","","","","",""
"2504","STDBAT","INE502C01039","1 x","-","-","","","","","","","","","","","","","","","","","","",""
"2505","DLTNCBL","INE872E01016","1 x","-","-","","","","","","","","","","","","","","","","","","",""
"2506","LAKSELEC","INE284C01018","1 x","-","-","","","","","","","","","","","","","","","","","","",""
"2507","MODULEX","INE064R01012","1 x","-","-","","","","","","","","","","","","","","","","","","",""
"2508","LONGSPUR","INE180M01033","1 x","-","-","","","","","","","","","","","","","","","","","","",""
"2509","EMPOWER","INE507F01023","1 x","-","-","","","","","","","","","","","","","","","","","","",""
"2510","ZMULTIPU","INE017P01014","1 x","-","-","","","","","","","","","","","","","","","","","","",""
"2511","RIDHISYN","INE07LK01010","1 x","-","-","","","","","","","","","","","","","","","","","","",""
"2512","GRANDMA","INE927M01029","1 x","-","-","","","","","","","","","","","","","","","","","","",""
"2513","ARDIALL","INE0LKP01014","1 x","-","-","","","","","","","","","","","","","","","","","","",""
"2514","NYSSACORP","INE812K01027","1 x","-","-","","","","","","","","","","","","","","","","","","",""
"2515","FLOMIC","INE952M01019","1 x","-","-","","","","","","","","","","","","","","","","","","",""
"2516","KRISHNA","INE537L01010","1 x","-","-","","","","","","","","","","","","","","","","","","",""
"2517","UNIABEXAL","INE361D01012","1 x","-","-","","","","","","","","","","","","","","","","","","",""
"2518","BGWTATO","INE106G01014","1 x","-","-","","","","","","","","","","","","","","","","","","",""
"2519","BOMBWIR","INE089T01023","1 x","-","-","","","","","","","","","","","","","","","","","","",""
"2520","AZADIND","INE566M01017","1 x","-","-","","","","","","","","","","","","","","","","","","",""
"2521","INLCM","INE359D01024","1 x","-","-","","","","","","","","","","","","","","","","","","",""
"2522","INFORTEC","INE123E01014","1 x","-","-","","","","","","","","","","","","","","","","","","",""
"2523","KAIRA","INE375D01012","1 x","-","-","","","","","","","","","","","","","","","","","","",""
"2524","NATIONSTD","INE166R01015","5 x","-","-","","","","","","","","","","","","","","","","","","",""
"2525","CLEAN","INE227W01023","5 x","3.26 x","-","","","","","","","","","","","","","","","","","","",""
"2526","RATHIST","INE336C01016","1 x","-","-","","","","","","","","","","","","","","","","","","",""
"2527","DUNCANENG","INE340F01011","1 x","-","-","","","","","","","","","","","","","","","","","","",""
"2528","STOVACQ","INE755D01015","1 x","-","-","","","","","","","","","","","","","","","","","","",""
"2529","ZWELCAST","INE380G01015","1 x","-","-","","","","","","","","","","","","","","","","","","",""
"2530","WMINIMT","INE187U01015","1 x","-","-","","","","","","","","","","","","","","","","","","",""
"2531","AUTOPRD","INE0NY101012","1 x","-","-","","","","","","","","","","","","","","","","","","",""
"2532","ACGL","INE451C01013","1 x","-","-","","","","","","","","","","","","","","","","","","",""
"2533","TIL","INE806C01018","5 x","-","-","","","","","","","","","","","","","","","","","","",""
"2534","EICHERMOT","INE066A01021","5 x","4.44 x","-","","","","","","","","","","","","","","","","","","",""
"2535","JAINEX","INE280F01019","1 x","-","-","","","","","","","","","","","","","","","","","","",""
"2536","ALFREDHE","INE782D01027","1 x","-","-","","","","","","","","","","","","","","","","","","",""
"2537","VELJAN","INE232E01013","1 x","-","-","","","","","","","","","","","","","","","","","","",""
"2538","GGDPROP","INE631D01026","1 x","-","-","","","","","","","","","","","","","","","","","","",""
"2539","KPT","INE731D01024","1 x","-","-","","","","","","","","","","","","","","","","","","",""
"2540","LAKSHMIEW","INE718M01022","1 x","-","-","","","","","","","","","","","","","","","","","","",""
"2541","HARSHILAGR","INE098E01026","1 x","-","-","","","","","","","","","","","","","","","","","","",""
"2542","MONOT","INE811D01024","1 x","-","-","","","","","","","","","","","","","","","","","","",""
"2543","INTEGRAEN","INE984B01023","1 x","-","-","","","","","","","","","","","","","","","","","","",""
"2544","GRINFRA","INE201P01022","5 x","3.48 x","-","","","","","","","","","","","","","","","","","","",""
"2545","GHVINFRA","INE809Q01020","1 x","-","-","","","","","","","","","","","","","","","","","","",""
"2546","SHYMINV","INE203N01015","1 x","-","-","","","","","","","","","","","","","","","","","","",""
"2547","ZHEMHOLD","INE721U01011","1 x","-","-","","","","","","","","","","","","","","","","","","",""
"2548","MAHACORP","INE272E01027","1 x","-","-","","","","","","","","","","","","","","","","","","",""
"2549","ZKOVALIN","INE735U01011","1 x","-","-","","","","","","","","","","","","","","","","","","",""
"2550","MULTIIN","INE886E01016","1 x","-","-","","","","","","","","","","","","","","","","","","",""
"2551","SKYLMILAR","INE178E01026","1 x","-","-","","","","","","","","","","","","","","","","","","",""
"2552","BIMETAL","INE469A01019","1 x","-","-","","","","","","","","","","","","","","","","","","",""
"2553","TAPARIA","INE614R01014","1 x","-","-","","","","","","","","","","","","","","","","","","",""
"2554","BHARATGEAR","INE561C01019","1 x","-","-","","","","","","","","","","","","","","","","","","",""
"2555","BRADYM","INE856A01017","1 x","-","-","","","","","","","","","","","","","","","","","","",""
"2556","LATIMMETAL","INE501N01020","1 x","-","-","","","","","","","","","","","","","","","","","","",""
"2557","GRAUWEIL","INE266D01021","5 x","-","2 x","","","","","","","","","","","","","","","","","","",""
"2558","HIMTEK","INE705G01021","1 x","-","-","","","","","","","","","","","","","","","","","","",""
"2559","HERCULES","INE688E01024","1 x","-","-","","","","","","","","","","","","","","","","","","",""
"2560","ALGOQUANT","INE598D01035","5 x","2 x","-","","","","","","","","","","","","","","","","","","",""
"2561","SINGERIND","INE638A01035","5 x","-","2 x","","","","","","","","","","","","","","","","","","",""
"2562","INTLCOMBQ","INE403C01014","1 x","-","-","","","","","","","","","","","","","","","","","","",""
"2563","JOSTS","INE636D01041","1 x","-","-","","","","","","","","","","","","","","","","","","",""
"2564","ROLCOEN","INE775R01013","1 x","-","-","","","","","","","","","","","","","","","","","","",""
"2565","SNL","INE568F01017","1 x","-","-","","","","","","","","","","","","","","","","","","",""
"2566","JAIPAN","INE058D01030","1 x","-","-","","","","","","","","","","","","","","","","","","",""
"2567","WPIL","INE765D01022","5 x","-","2 x","","","","","","","","","","","","","","","","","","",""
"2568","HINDHARD","INE724D01011","1 x","-","-","","","","","","","","","","","","","","","","","","",""
"2569","TRITONV","INE440G01017","1 x","-","-","","","","","","","","","","","","","","","","","","",""
"2570","SUDAI","INE618D01015","1 x","-","-","","","","","","","","","","","","","","","","","","",""
"2571","HVL","INE219D01012","1 x","-","-","","","","","","","","","","","","","","","","","","",""
"2572","ZPRBHSTE","INE821R01015","1 x","-","-","","","","","","","","","","","","","","","","","","",""
"2573","STANROS","INE441L01015","1 x","-","-","","","","","","","","","","","","","","","","","","",""
"2574","ALNATRD","INE07I701011","1 x","-","-","","","","","","","","","","","","","","","","","","",""
"2575","VOLKAI","INE820M01026","1 x","-","-","","","","","","","","","","","","","","","","","","",""
"2576","PARNAXLAB","INE383L01019","1 x","-","-","","","","","","","","","","","","","","","","","","",""
"2577","GOURMET","INE512D01028","1 x","-","-","","","","","","","","","","","","","","","","","","",""
"2578","ISHWATR","INE073I01012","1 x","-","-","","","","","","","","","","","","","","","","","","",""
"2579","TERRAFORM","INE122V01010","1 x","-","-","","","","","","","","","","","","","","","","","","",""
"2580","APIS","INE070K01014","1 x","-","-","","","","","","","","","","","","","","","","","","",""
"2581","VELOX","INE092P01017","1 x","-","-","","","","","","","","","","","","","","","","","","",""
"2582","GSLTD","INE403B01016","1 x","-","-","","","","","","","","","","","","","","","","","","",""
"2583","ZSARVAMA","INE978L01016","1 x","-","-","","","","","","","","","","","","","","","","","","",""
"2584","ALEMBICLTD","INE426A01027","5 x","2.5 x","-","","","","","","","","","","","","","","","","","","",""
"2585","STARSOURCE","INE320M01019","1 x","-","-","","","","","","","","","","","","","","","","","","",""
"2586","CITURGIA","INE795B01031","1 x","-","-","","","","","","","","","","","","","","","","","","",""
"2587","SUDARCOLOR","INE492A01029","5 x","2 x","-","","","","","","","","","","","","","","","","","","",""
"2588","COROMANDEL","INE169A01031","5 x","3.33 x","-","","","","","","","","","","","","","","","","","","",""
"2589","DMCC","INE505A01010","5 x","2 x","-","","","","","","","","","","","","","","","","","","",""
"2590","FERMENTA","INE225B01021","5 x","-","2 x","","","","","","","","","","","","","","","","","","",""
"2591","JAYCH","INE693E01016","1 x","-","-","","","","","","","","","","","","","","","","","","",""
"2592","KANORICHEM","INE138C01024","1 x","-","-","","","","","","","","","","","","","","","","","","",""
"2593","KELENRG","INE881E01017","1 x","-","-","","","","","","","","","","","","","","","","","","",""
"2594","KEMP","INE060E01018","1 x","-","-","","","","","","","","","","","","","","","","","","",""
"2595","NITTAGELA","INE265B01019","1 x","-","-","","","","","","","","","","","","","","","","","","",""
"2596","MPAGI","INE468C01017","1 x","-","-","","","","","","","","","","","","","","","","","","",""
"2597","AGVENTURES","INE321D01016","1 x","-","-","","","","","","","","","","","","","","","","","","",""
"2598","PBGLOBAL","INE615W01011","1 x","-","-","","","","","","","","","","","","","","","","","","",""
"2599","AMAL","INE841D01013","2 x","-","-","","","","","","","","","","","","","","","","","","",""
"2600","POLYCHEM","INE752B01024","1 x","-","-","","","","","","","","","","","","","","","","","","",""
"2601","ZR2","INE218N01021","1 x","-","-","","","","","","","","","","","","","","","","","","",""
"2602","ULTRAMAR","INE405A01021","5 x","-","2 x","","","","","","","","","","","","","","","","","","",""
"2603","TRANSPEK","INE687A01016","1 x","-","2 x","","","","","","","","","","","","","","","","","","",""
"2604","MYSORPETRO","INE741A01011","1 x","-","-","","","","","","","","","","","","","","","","","","",""
"2605","TUTIALKA","INE400A01014","1 x","-","-","","","","","","","","","","","","","","","","","","",""
"2606","ASTRAZEN","INE203A01020","5 x","3.49 x","-","","","","","","","","","","","","","","","","","","",""
"2607","PRIMO","INE607A01022","1 x","-","2 x","","","","","","","","","","","","","","","","","","",""
"2608","TANFACIND","INE639B01023","5 x","-","-","","","","","","","","","","","","","","","","","","",""
"2609","GUJPETR","INE636P01011","1 x","-","-","","","","","","","","","","","","","","","","","","",""
"2610","SWADEIN","INE716M01034","1 x","-","-","","","","","","","","","","","","","","","","","","",""
"2611","MAKERSL","INE987A01010","1 x","-","-","","","","","","","","","","","","","","","","","","",""
"2612","CONTCHM","INE423K01015","1 x","-","-","","","","","","","","","","","","","","","","","","",""
"2613","IGLFXPL-B","INE684U01011","1 x","-","-","","","","","","","","","","","","","","","","","","",""
"2614","ADVPETR-B","INE334N01018","1 x","-","-","","","","","","","","","","","","","","","","","","",""
"2615","RAJSPTR","INE374C01017","1 x","-","-","","","","","","","","","","","","","","","","","","",""
"2616","APTPACK","INE046E01025","1 x","-","-","","","","","","","","","","","","","","","","","","",""
"2617","BLUECHIPT","INE472D01017","1 x","-","-","","","","","","","","","","","","","","","","","","",""
"2618","JAGAJITIND","INE574A01016","1 x","-","-","","","","","","","","","","","","","","","","","","",""
"2619","KESARENT","INE133B01027","1 x","-","-","","","","","","","","","","","","","","","","","","",""
"2620","SHEMAROO","INE363M01019","1 x","-","-","","","","","","","","","","","","","","","","","","",""
"2621","EMERALL","INE044N01021","1 x","-","-","","","","","","","","","","","","","","","","","","",""
"2622","RAVALSUGAR","INE615A01025","1 x","-","-","","","","","","","","","","","","","","","","","","",""
"2623","KFBL","INE991B01010","1 x","-","-","","","","","","","","","","","","","","","","","","",""
"2624","CAPRO","INE470N01010","1 x","-","-","","","","","","","","","","","","","","","","","","",""
"2625","PICCASUG","INE544C01023","1 x","-","-","","","","","","","","","","","","","","","","","","",""
"2626","THAKKERS","INE04VT01017","1 x","-","-","","","","","","","","","","","","","","","","","","",""
"2627","CORAGRO","INE495D01018","1 x","-","-","","","","","","","","","","","","","","","","","","",""
"2628","FOODSIN","INE976E01023","5 x","-","2 x","","","","","","","","","","","","","","","","","","",""
"2629","IVP","INE043C01018","5 x","-","-","","","","","","","","","","","","","","","","","","",""
"2630","KLRFM","INE014E01015","1 x","-","-","","","","","","","","","","","","","","","","","","",""
"2631","OLYOI","INE286E01019","1 x","-","-","","","","","","","","","","","","","","","","","","",""
"2632","MLKFOOD","INE588G01021","1 x","-","-","","","","","","","","","","","","","","","","","","",""
"2633","POLSON","INE339F01021","1 x","-","-","","","","","","","","","","","","","","","","","","",""
"2634","SIGNGCL","INE131O01024","1 x","-","-","","","","","","","","","","","","","","","","","","",""
"2635","ORIBEVER","INE247F01018","1 x","-","-","","","","","","","","","","","","","","","","","","",""
"2636","TGVSL","INE284B01028","5 x","-","2 x","","","","","","","","","","","","","","","","","","",""
"2637","LIMECHM","INE891G01011","1 x","-","-","","","","","","","","","","","","","","","","","","",""
"2638","KHAICHEM","INE745B01028","5 x","1 x","-","","","","","","","","","","","","","","","","","","",""
"2639","UNTTEMI","INE357P01014","1 x","-","-","","","","","","","","","","","","","","","","","","",""
"2640","NOL","INE296D01010","1 x","-","-","","","","","","","","","","","","","","","","","","",""
"2641","WIREFABR","INE469D01013","1 x","-","-","","","","","","","","","","","","","","","","","","",""
"2642","ANSALHSG","INE880B01015","1 x","-","-","","","","","","","","","","","","","","","","","","",""
"2643","COMPUPN","INE607B01012","1 x","-","-","","","","","","","","","","","","","","","","","","",""
"2644","MCCHRLS-B","INE435D01014","1 x","-","-","","","","","","","","","","","","","","","","","","",""
"2645","ADDIND","INE757C01021","1 x","-","-","","","","","","","","","","","","","","","","","","",""
"2646","PIONRINV","INE746D01014","1 x","-","-","","","","","","","","","","","","","","","","","","",""
"2647","ASHNOOR","INE372I01018","1 x","-","-","","","","","","","","","","","","","","","","","","",""
"2648","FIBERWEB","INE296C01020","1 x","-","-","","","","","","","","","","","","","","","","","","",""
"2649","GYFTR","INE724A01017","5 x","-","-","","","","","","","","","","","","","","","","","","",""
"2650","EASTBUILD","INE706N01017","1 x","-","-","","","","","","","","","","","","","","","","","","",""
"2651","MNPLFIN","INE798E01013","1 x","-","-","","","","","","","","","","","","","","","","","","",""
"2652","BAJAJST","INE704G01024","5 x","-","-","","","","","","","","","","","","","","","","","","",""
"2653","KIDUJA","INE845A01028","1 x","-","-","","","","","","","","","","","","","","","","","","",""
"2654","KEYCORP","INE130F01016","1 x","-","-","","","","","","","","","","","","","","","","","","",""
"2655","SHIKHARLETR","INE02BV01019","1 x","-","-","","","","","","","","","","","","","","","","","","",""
"2656","GUJHOTE","INE621C01011","1 x","-","-","","","","","","","","","","","","","","","","","","",""
"2657","FYNX","INE455H01021","1 x","-","-","","","","","","","","","","","","","","","","","","",""
"2658","RASRESOR","INE651D01016","1 x","-","-","","","","","","","","","","","","","","","","","","",""
"2659","JOLYPLS","INE289M01016","1 x","-","-","","","","","","","","","","","","","","","","","","",""
"2660","PARMCOS-B","INE143I01013","1 x","-","-","","","","","","","","","","","","","","","","","","",""
"2661","JINDHOT","INE726D01016","1 x","-","-","","","","","","","","","","","","","","","","","","",""
"2662","JPTRLES","INE990E01016","1 x","-","-","","","","","","","","","","","","","","","","","","",""
"2663","SIMMOND","INE657D01021","1 x","-","-","","","","","","","","","","","","","","","","","","",""
"2664","BNALTD","INE489D01011","1 x","-","-","","","","","","","","","","","","","","","","","","",""
"2665","WARRENTEA","INE712A01012","1 x","-","-","","","","","","","","","","","","","","","","","","",""
"2666","COCHMAL","INE788M01017","1 x","-","-","","","","","","","","","","","","","","","","","","",""
"2667","BESTEAST","INE553F01035","1 x","-","-","","","","","","","","","","","","","","","","","","",""
"2668","NEAGI","INE605D01012","1 x","-","-","","","","","","","","","","","","","","","","","","",""
"2669","ISTLTD","INE684B01029","1 x","-","-","","","","","","","","","","","","","","","","","","",""
"2670","COSMOFIRST","INE757A01017","5 x","2 x","-","","","","","","","","","","","","","","","","","","",""
"2671","NEWMKTAVE","INE800K01014","1 x","-","-","","","","","","","","","","","","","","","","","","",""
"2672","NITINCAST","INE861H01020","1 x","-","-","","","","","","","","","","","","","","","","","","",""
"2673","NEXOME","INE641A01013","1 x","-","-","","","","","","","","","","","","","","","","","","",""
"2674","EVERESTIND","INE295A01018","5 x","-","-","","","","","","","","","","","","","","","","","","",""
"2675","IRONWOOD","INE791H01011","1 x","-","-","","","","","","","","","","","","","","","","","","",""
"2676","PANCARBON","INE013E01017","1 x","-","-","","","","","","","","","","","","","","","","","","",""
"2677","FINKURVE","INE734I01027","5 x","-","2 x","","","","","","","","","","","","","","","","","","",""
"2678","HBLEAS","INE549B01016","1 x","-","-","","","","","","","","","","","","","","","","","","",""
"2679","SHRICON","INE753D01010","1 x","-","-","","","","","","","","","","","","","","","","","","",""
"2680","SULABEN","INE673M01029","1 x","-","-","","","","","","","","","","","","","","","","","","",""
"2681","FRONTCAP","INE977E01013","1 x","-","-","","","","","","","","","","","","","","","","","","",""
"2682","MAZDOCK","INE249Z01020","5 x","3.57 x","-","","","","","","","","","","","","","","","","","","",""
"2683","TRANOCE","INE074J01018","1 x","-","-","","","","","","","","","","","","","","","","","","",""
"2684","THAKRAL","INE190F01028","1 x","-","-","","","","","","","","","","","","","","","","","","",""
"2685","GOLDLEG","INE088E01019","1 x","-","-","","","","","","","","","","","","","","","","","","",""
"2686","VJTFEDU","INE117F01013","1 x","-","-","","","","","","","","","","","","","","","","","","",""
"2687","VOLLF","INE763D01019","1 x","-","-","","","","","","","","","","","","","","","","","","",""
"2688","NETLINK","INE040F01033","1 x","-","-","","","","","","","","","","","","","","","","","","",""
"2689","TRILIANCE","INE778N01016","1 x","-","-","","","","","","","","","","","","","","","","","","",""
"2690","INDINFO","INE300B01022","1 x","-","-","","","","","","","","","","","","","","","","","","",""
"2691","BANASFN","INE521L01030","1 x","-","-","","","","","","","","","","","","","","","","","","",""
"2692","HATHWAYB","INE525B01016","1 x","-","-","","","","","","","","","","","","","","","","","","",""
"2693","GRPLTD","INE137I01015","5 x","-","2 x","","","","","","","","","","","","","","","","","","",""
"2694","INDAG","INE802D01023","1 x","-","-","","","","","","","","","","","","","","","","","","",""
"2695","MMRUBBR-B","INE159E01026","1 x","-","-","","","","","","","","","","","","","","","","","","",""
"2696","SEL","INE367E01033","1 x","-","-","","","","","","","","","","","","","","","","","","",""
"2697","BENARAS","INE664D01019","2 x","-","-","","","","","","","","","","","","","","","","","","",""
"2698","BHAGWOX","INE026I01010","1 x","-","-","","","","","","","","","","","","","","","","","","",""
"2699","BOMOXY-B1","INE01TL01014","1 x","-","-","","","","","","","","","","","","","","","","","","",""
"2700","CRAVATEX","INE145E01017","1 x","-","-","","","","","","","","","","","","","","","","","","",""
"2701","CAPRIHANS","INE479A01018","1 x","-","-","","","","","","","","","","","","","","","","","","",""
"2702","GRAPHITE","INE371A01025","5 x","2.84 x","-","","","","","","","","","","","","","","","","","","",""
"2703","CEMPRO","INE686A01026","5 x","2.58 x","-","","","","","","","","","","","","","","","","","","",""
"2704","EMPIND","INE515H01014","1 x","-","-","","","","","","","","","","","","","","","","","","",""
"2705","GRAVISSHO","INE214F01026","1 x","-","-","","","","","","","","","","","","","","","","","","",""
"2706","GARWAMAR","INE925D01014","1 x","-","-","","","","","","","","","","","","","","","","","","",""
"2707","HARDCAS","INE722D01015","1 x","-","-","","","","","","","","","","","","","","","","","","",""
"2708","HEGAM","INE545A01024","5 x","-","-","","","","","","","","","","","","","","","","","","",""
"2709","ZHINDHSG","INE083O01019","1 x","-","-","","","","","","","","","","","","","","","","","","",""
"2710","ETERNAL","INE758T01015","5 x","4.08 x","-","","","","","","","","","","","","","","","","","","",""
"2711","INTLCONV","INE575C01027","3.03030303030303 x","1 x","-","","","","","","","","","","","","","","","","","","",""
"2712","KOTIC","INE972A01020","1 x","-","2 x","","","","","","","","","","","","","","","","","","",""
"2713","MODRNSH","INE370A01019","1 x","-","-","","","","","","","","","","","","","","","","","","",""
"2714","OSEASPR","INE880P01015","1 x","-","-","","","","","","","","","","","","","","","","","","",""
"2715","PREMSYN","INE940N01012","1 x","-","-","","","","","","","","","","","","","","","","","","",""
"2716","RJSHAH","INE712Z01019","1 x","-","-","","","","","","","","","","","","","","","","","","",""
"2717","SHAHCON","INE02C301011","1 x","-","-","","","","","","","","","","","","","","","","","","",""
"2718","HINDMILL","INE832D01020","1 x","-","-","","","","","","","","","","","","","","","","","","",""
"2719","ZSOUTGAS","INE532U01012","1 x","-","-","","","","","","","","","","","","","","","","","","",""
"2720","TECHCON","INE881P01013","1 x","-","-","","","","","","","","","","","","","","","","","","",""
"2721","THACKER","INE077P01034","1 x","-","-","","","","","","","","","","","","","","","","","","",""
"2722","UPHOT","INE726E01014","1 x","-","-","","","","","","","","","","","","","","","","","","",""
"2723","SWASTIVI","INE804A01025","1 x","-","-","","","","","","","","","","","","","","","","","","",""
"2724","KPIGREEN","INE542W01025","5 x","2.78 x","-","","","","","","","","","","","","","","","","","","",""
"2725","MSLGLOBAL","INE856D01011","1 x","-","-","","","","","","","","","","","","","","","","","","",""
"2726","YAMNINV","INE457N01025","1 x","-","-","","","","","","","","","","","","","","","","","","",""
"2727","ZMILGFIN","INE679T01013","1 x","-","-","","","","","","","","","","","","","","","","","","",""
"2728","KUSUMEL","INE175Q01018","1 x","-","-","","","","","","","","","","","","","","","","","","",""
"2729","JUMBFNL","INE122N01017","1 x","-","-","","","","","","","","","","","","","","","","","","",""
"2730","SAKTHIFIN","INE302E01014","1 x","-","-","","","","","","","","","","","","","","","","","","",""
"2731","EASYFIN","INE407F01018","1 x","-","-","","","","","","","","","","","","","","","","","","",""
"2732","JMDVL","INE047E01031","1 x","-","-","","","","","","","","","","","","","","","","","","",""
"2733","TVOLCON","INE747V01014","1 x","-","-","","","","","","","","","","","","","","","","","","",""
"2734","SHIVATEX","INE705C01020","1 x","-","-","","","","","","","","","","","","","","","","","","",""
"2735","VBDESAI","INE848D01018","1 x","-","-","","","","","","","","","","","","","","","","","","",""
"2736","QUADRANT","INE527B01020","1 x","-","-","","","","","","","","","","","","","","","","","","",""
"2737","1STCUS","INE609B01018","1 x","-","-","","","","","","","","","","","","","","","","","","",""
"2738","KAMANWALA","INE344D01018","1 x","-","-","","","","","","","","","","","","","","","","","","",""
"2739","WSFX","INE549D01012","1 x","-","-","","","","","","","","","","","","","","","","","","",""
"2740","ANJANIFOODS","INE096I01021","1 x","-","-","","","","","","","","","","","","","","","","","","",""
"2741","RKDAGRRTL","INE552N01023","1 x","-","-","","","","","","","","","","","","","","","","","","",""
"2742","PARSHWANA","INE635I01018","1 x","-","-","","","","","","","","","","","","","","","","","","",""
"2743","RAJVI","INE381N01019","1 x","-","-","","","","","","","","","","","","","","","","","","",""
"2744","MILLENNIUM","INE570N01025","1 x","-","-","","","","","","","","","","","","","","","","","","",""
"2745","ICDSLTD","INE613B01010","1 x","-","-","","","","","","","","","","","","","","","","","","",""
"2746","CANFINHOME","INE477A01020","5 x","3.53 x","-","","","","","","","","","","","","","","","","","","",""
"2747","MUNCAPM","INE910G01027","1 x","-","-","","","","","","","","","","","","","","","","","","",""
"2748","IVC","INE050B01023","1 x","-","-","","","","","","","","","","","","","","","","","","",""
"2749","CHOLAFIN","INE121A01024","5 x","4.17 x","-","","","","","","","","","","","","","","","","","","",""
"2750","BOMTALKIES","INE910D01024","1 x","-","-","","","","","","","","","","","","","","","","","","",""
"2751","SAGARSYST","INE771Z01015","1 x","-","-","","","","","","","","","","","","","","","","","","",""
"2752","ICONIKSPEV","INE088P01015","1 x","-","-","","","","","","","","","","","","","","","","","","",""
"2753","INDCEMCAP","INE429D01017","1 x","-","-","","","","","","","","","","","","","","","","","","",""
"2754","ADMANUM","INE556D01017","1 x","-","-","","","","","","","","","","","","","","","","","","",""
"2755","MEHIF","INE240B01012","1 x","-","-","","","","","","","","","","","","","","","","","","",""
"2756","INTRGLB","INE661M01016","1 x","-","-","","","","","","","","","","","","","","","","","","",""
"2757","SGIL","INE00QT01015","5 x","2 x","-","","","","","","","","","","","","","","","","","","",""
"2758","MCLTD","INE410E01015","1 x","-","-","","","","","","","","","","","","","","","","","","",""
"2759","SHRISTI","INE472C01027","1 x","-","-","","","","","","","","","","","","","","","","","","",""
"2760","GUJCRED","INE034B01019","1 x","-","-","","","","","","","","","","","","","","","","","","",""
"2761","SYLPH","INE706F01021","1 x","-","-","","","","","","","","","","","","","","","","","","",""
"2762","ALEXANDER","INE191N01012","1 x","-","-","","","","","","","","","","","","","","","","","","",""
"2763","SHRYDUS","INE488C01015","1 x","-","-","","","","","","","","","","","","","","","","","","",""
"2764","BHARAT","INE900A01013","1 x","-","-","","","","","","","","","","","","","","","","","","",""
"2765","USHAKIRA","INE697C01011","1 x","-","-","","","","","","","","","","","","","","","","","","",""
"2766","VIVOBIOT","INE380K01017","1 x","-","-","","","","","","","","","","","","","","","","","","",""
"2767","VEERHEALTH","INE882C01035","1 x","-","-","","","","","","","","","","","","","","","","","","",""
"2768","PANINDIAC","INE376A01032","1 x","-","-","","","","","","","","","","","","","","","","","","",""
"2769","SAHARAHOUS","INE135C01012","1 x","-","-","","","","","","","","","","","","","","","","","","",""
"2770","NDASEC","INE026C01013","1 x","-","-","","","","","","","","","","","","","","","","","","",""
"2771","SUPRATRE","INE533B01028","1 x","-","-","","","","","","","","","","","","","","","","","","",""
"2772","GSBFIN","INE777C01011","1 x","-","-","","","","","","","","","","","","","","","","","","",""
"2773","MORARKFI","INE367A01015","1 x","-","-","","","","","","","","","","","","","","","","","","",""
"2774","MONARCH","INE903D01011","5 x","2.5 x","-","","","","","","","","","","","","","","","","","","",""
"2775","PROFINC","INE732K01027","1 x","-","-","","","","","","","","","","","","","","","","","","",""
"2776","SANCF","INE654D01010","1 x","-","-","","","","","","","","","","","","","","","","","","",""
"2777","CRESCENTIS","INE754C01010","1 x","-","-","","","","","","","","","","","","","","","","","","",""
"2778","MANTRA","INE304E01010","1 x","-","-","","","","","","","","","","","","","","","","","","",""
"2779","BEFOUNDMOL","INE425F01028","1 x","-","-","","","","","","","","","","","","","","","","","","",""
"2780","LIBORDFIN","INE212B01011","1 x","-","-","","","","","","","","","","","","","","","","","","",""
"2781","YASHMGM","INE216B01012","1 x","-","-","","","","","","","","","","","","","","","","","","",""
"2782","ISLCONSUL","INE569B01022","1 x","-","-","","","","","","","","","","","","","","","","","","",""
"2783","RRFIN","INE229D01011","1 x","-","-","","","","","","","","","","","","","","","","","","",""
"2784","FEDDERSHOL","INE417D01020","5 x","-","2 x","","","","","","","","","","","","","","","","","","",""
"2785","DJSSS","INE234E01027","1 x","-","-","","","","","","","","","","","","","","","","","","",""
"2786","OMEGAIN","INE113B01037","1 x","-","-","","","","","","","","","","","","","","","","","","",""
"2787","SUGALDAM","INE309D01011","1 x","-","-","","","","","","","","","","","","","","","","","","",""
"2788","NETTLINX","INE027D01019","1 x","-","-","","","","","","","","","","","","","","","","","","",""
"2789","BGIL","INE443D01018","1 x","-","-","","","","","","","","","","","","","","","","","","",""
"2790","SCANSTL","INE099G01011","1 x","-","-","","","","","","","","","","","","","","","","","","",""
"2791","AJCON","INE759C01027","1 x","-","-","","","","","","","","","","","","","","","","","","",""
"2792","CHRTEDCA","INE953B01010","1 x","-","-","","","","","","","","","","","","","","","","","","",""
"2793","STANCAP","INE625D01028","1 x","-","-","","","","","","","","","","","","","","","","","","",""
"2794","YOGI","INE290E01011","1 x","-","-","","","","","","","","","","","","","","","","","","",""
"2795","CUBIFIN","INE717D01023","1 x","-","-","","","","","","","","","","","","","","","","","","",""
"2796","RELICTEC","INE452B01013","1 x","-","-","","","","","","","","","","","","","","","","","","",""
"2797","NIMBSPROJ","INE875B01015","5 x","-","-","","","","","","","","","","","","","","","","","","",""
"2798","INVIGO","INE359A01012","1 x","-","-","","","","","","","","","","","","","","","","","","",""
"2799","KZLFIN","INE006C01015","1 x","-","-","","","","","","","","","","","","","","","","","","",""
"2800","MEHSECU","INE241B01010","1 x","-","-","","","","","","","","","","","","","","","","","","",""
"2801","RFL","INE239B01014","1 x","-","-","","","","","","","","","","","","","","","","","","",""
"2802","UGROCAP","INE583D01011","5 x","2.5 x","-","","","","","","","","","","","","","","","","","","",""
"2803","SAHLIBHFI","INE861D01011","1 x","-","-","","","","","","","","","","","","","","","","","","",""
"2804","ABIRAFN","INE195I01013","1 x","-","-","","","","","","","","","","","","","","","","","","",""
"2805","MANSIFIN","INE094E01017","1 x","-","-","","","","","","","","","","","","","","","","","","",""
"2806","AASTAFIN","INE819K01014","1 x","-","-","","","","","","","","","","","","","","","","","","",""
"2807","ZNILKENG","INE582V01015","1 x","-","-","","","","","","","","","","","","","","","","","","",""
"2808","EFCIL","INE886D01026","5 x","2.5 x","-","","","","","","","","","","","","","","","","","","",""
"2809","SOBME","INE754D01018","1 x","-","-","","","","","","","","","","","","","","","","","","",""
"2810","TTGIL","INE135H01029","1 x","-","-","","","","","","","","","","","","","","","","","","",""
"2811","ZSARACOM","INE967G01019","1 x","-","2 x","","","","","","","","","","","","","","","","","","",""
"2812","WINROC","INE837E01019","1 x","-","-","","","","","","","","","","","","","","","","","","",""
"2813","ASGARD","INE767M01029","1 x","-","-","","","","","","","","","","","","","","","","","","",""
"2814","VEGA","INE603D01017","1 x","-","-","","","","","","","","","","","","","","","","","","",""
"2815","SKYBIOTECH","INE393H01016","1 x","-","-","","","","","","","","","","","","","","","","","","",""
"2816","TCC","INE887D01024","1 x","1.56 x","-","","","","","","","","","","","","","","","","","","",""
"2817","ROYALIND","INE510H01015","1 x","-","-","","","","","","","","","","","","","","","","","","",""
"2818","DHANSAFAL","INE195E01020","1 x","-","-","","","","","","","","","","","","","","","","","","",""
"2819","SHYAM","INE139J01019","1 x","-","-","","","","","","","","","","","","","","","","","","",""
"2820","TANDHANIN","INE896J01014","1 x","-","-","","","","","","","","","","","","","","","","","","",""
"2821","VISVEN","INE762D01011","1 x","-","-","","","","","","","","","","","","","","","","","","",""
"2822","DECNGOLD","INE945F01025","5 x","-","2 x","","","","","","","","","","","","","","","","","","",""
"2823","GDIL","INE425H01016","1 x","-","-","","","","","","","","","","","","","","","","","","",""
"2824","CRANESSOFT","INE234B01023","1 x","-","-","","","","","","","","","","","","","","","","","","",""
"2825","SAICOM","INE092G01024","1 x","-","-","","","","","","","","","","","","","","","","","","",""
"2826","EY","INE750G01019","1 x","-","-","","","","","","","","","","","","","","","","","","",""
"2827","TRIPR","INE331E01013","1 x","-","-","","","","","","","","","","","","","","","","","","",""
"2828","NIDHGRN","INE276H01013","1 x","-","-","","","","","","","","","","","","","","","","","","",""
"2829","AVIVA","INE461H01011","1 x","-","-","","","","","","","","","","","","","","","","","","",""
"2830","ROSEMER","INE649C01012","1 x","-","-","","","","","","","","","","","","","","","","","","",""
"2831","TWIROST","INE436U01016","1 x","-","-","","","","","","","","","","","","","","","","","","",""
"2832","KAJALSY","INE956V01011","1 x","-","-","","","","","","","","","","","","","","","","","","",""
"2833","AVANCE","INE758A01072","1 x","-","-","","","","","","","","","","","","","","","","","","",""
"2834","MLINDLTD","INE808W01012","1 x","-","-","","","","","","","","","","","","","","","","","","",""
"2835","TERRAREAL","INE123V01018","1 x","-","-","","","","","","","","","","","","","","","","","","",""
"2836","ABANSENT","INE365O01028","1 x","-","-","","","","","","","","","","","","","","","","","","",""
"2837","VAMA","INE685D01022","1 x","-","-","","","","","","","","","","","","","","","","","","",""
"2838","BENTCOM","INE496M01017","1 x","-","-","","","","","","","","","","","","","","","","","","",""
"2839","CLASELE","INE02BR01017","1 x","-","-","","","","","","","","","","","","","","","","","","",""
"2840","PRISMMEDI","INE730E01016","1 x","-","-","","","","","","","","","","","","","","","","","","",""
"2841","SPVGLOBAL","INE177E01010","1 x","-","-","","","","","","","","","","","","","","","","","","",""
"2842","VERITAS","INE379J01029","1 x","-","-","","","","","","","","","","","","","","","","","","",""
"2843","JAICORPLTD","INE070D01027","5 x","2.79 x","-","","","","","","","","","","","","","","","","","","",""
"2844","ZNIVITRD","INE552F01011","1 x","-","-","","","","","","","","","","","","","","","","","","",""
"2845","ASHCAP","INE894A01026","1 x","-","-","","","","","","","","","","","","","","","","","","",""
"2846","SVARTCORP","INE895A01023","1 x","-","-","","","","","","","","","","","","","","","","","","",""
"2847","BAJGLOB","INE553H01015","1 x","-","-","","","","","","","","","","","","","","","","","","",""
"2848","AVONMERC","INE471D01019","1 x","-","-","","","","","","","","","","","","","","","","","","",""
"2849","MMWL","INE200D01020","1 x","-","-","","","","","","","","","","","","","","","","","","",""
"2850","TASHIND","INE552H01017","1 x","-","-","","","","","","","","","","","","","","","","","","",""
"2851","AUTOINT","INE340U01010","1 x","-","-","","","","","","","","","","","","","","","","","","",""
"2852","ZSPEEDCO","INE497M01015","1 x","-","-","","","","","","","","","","","","","","","","","","",""
"2853","ZMANSOON","INE776V01013","1 x","-","-","","","","","","","","","","","","","","","","","","",""
"2854","SGMART","INE385F01024","5 x","2.95 x","-","","","","","","","","","","","","","","","","","","",""
"2855","ARAVALIS","INE068C01015","1 x","-","-","","","","","","","","","","","","","","","","","","",""
"2856","LEXGLOBAL","INE745A01012","1 x","-","-","","","","","","","","","","","","","","","","","","",""
"2857","CUPIDALBV","INE108G01010","1 x","-","-","","","","","","","","","","","","","","","","","","",""
"2858","ZSHERAPR","INE495M01019","1 x","-","-","","","","","","","","","","","","","","","","","","",""
"2859","MAGANTR","INE664N01018","1 x","-","-","","","","","","","","","","","","","","","","","","",""
"2860","CRSL","INE716D01033","1 x","-","-","","","","","","","","","","","","","","","","","","",""
"2861","STARTECK","INE992I01013","1 x","-","-","","","","","","","","","","","","","","","","","","",""
"2862","SHARDUL","INE037B01020","1 x","-","-","","","","","","","","","","","","","","","","","","",""
"2863","SERA","INE017I01027","1 x","-","-","","","","","","","","","","","","","","","","","","",""
"2864","BENGALS","INE523W01017","1 x","-","-","","","","","","","","","","","","","","","","","","",""
"2865","UNIWSEC","INE728J01019","1 x","-","-","","","","","","","","","","","","","","","","","","",""
"2866","MERCTRD","INE319T01016","1 x","-","-","","","","","","","","","","","","","","","","","","",""
"2867","NIRAVCOM","INE242B01018","1 x","-","-","","","","","","","","","","","","","","","","","","",""
"2868","WHITHAL","INE416X01012","1 x","-","-","","","","","","","","","","","","","","","","","","",""
"2869","ASUTENT","INE508W01018","1 x","-","-","","","","","","","","","","","","","","","","","","",""
"2870","APOLLOFI","INE412D01013","1 x","-","-","","","","","","","","","","","","","","","","","","",""
"2871","ENBETRD","INE993I01029","1 x","-","-","","","","","","","","","","","","","","","","","","",""
"2872","GANONPRO","INE162L01017","1 x","-","-","","","","","","","","","","","","","","","","","","",""
"2873","DEVITRD","INE07LH01016","1 x","-","-","","","","","","","","","","","","","","","","","","",""
"2874","SHRJAGP","INE564J01026","1 x","-","-","","","","","","","","","","","","","","","","","","",""
"2875","PUNCTRD","INE07NX01019","1 x","-","-","","","","","","","","","","","","","","","","","","",""
"2876","BETXIND","INE765L01017","1 x","-","-","","","","","","","","","","","","","","","","","","",""
"2877","VIRYA","INE661K01010","1 x","-","-","","","","","","","","","","","","","","","","","","",""
"2878","DHANCOT","INE977F01010","1 x","-","-","","","","","","","","","","","","","","","","","","",""
"2879","OASISEC","INE876A01023","1 x","-","-","","","","","","","","","","","","","","","","","","",""
"2880","GARNETINT","INE590B01010","1 x","-","-","","","","","","","","","","","","","","","","","","",""
"2881","SHALPRO","INE435E01020","1 x","-","-","","","","","","","","","","","","","","","","","","",""
"2882","MEENST","INE721V01019","1 x","-","-","","","","","","","","","","","","","","","","","","",""
"2883","VARUNME","INE442U01014","1 x","-","-","","","","","","","","","","","","","","","","","","",""
"2884","VINVANI","INE132V01019","1 x","-","-","","","","","","","","","","","","","","","","","","",""
"2885","SUPER","INE091C01017","1 x","-","-","","","","","","","","","","","","","","","","","","",""
"2886","NEELKANTH","INE581D01015","1 x","-","-","","","","","","","","","","","","","","","","","","",""
"2887","AVANTIFEED","INE871C01038","5 x","2.5 x","-","","","","","","","","","","","","","","","","","","",""
"2888","ZODJRDMKJ","INE077B01018","1 x","-","-","","","","","","","","","","","","","","","","","","",""
"2889","SITAENT","INE579D01019","1 x","-","-","","","","","","","","","","","","","","","","","","",""
"2890","PULSRIN","INE183U01022","1 x","-","-","","","","","","","","","","","","","","","","","","",""
"2891","KDGREEN","INE348N01042","5 x","-","-","","","","","","","","","","","","","","","","","","",""
"2892","ASTALLTD","INE307N01014","1 x","-","-","","","","","","","","","","","","","","","","","","",""
"2893","HARIAEXPO","INE772B01014","1 x","-","-","","","","","","","","","","","","","","","","","","",""
"2894","RLF","INE629C01014","1 x","-","-","","","","","","","","","","","","","","","","","","",""
"2895","REGENTRP","INE769D01016","1 x","-","-","","","","","","","","","","","","","","","","","","",""
"2896","SAVERA","INE104E01014","1 x","-","-","","","","","","","","","","","","","","","","","","",""
"2897","CHROME","INE114E01013","1 x","-","-","","","","","","","","","","","","","","","","","","",""
"2898","ZJEETMAC","INE987E01012","1 x","-","-","","","","","","","","","","","","","","","","","","",""
"2899","ZHINUDYP","INE582K01018","1 x","-","-","","","","","","","","","","","","","","","","","","",""
"2900","REMIEDEL","INE158G01015","1 x","-","-","","","","","","","","","","","","","","","","","","",""
"2901","GSAUTO","INE736H01024","1 x","-","-","","","","","","","","","","","","","","","","","","",""
"2902","TRANSFRE","INE360D01014","1 x","-","-","","","","","","","","","","","","","","","","","","",""
"2903","AMFORG","INE991A01020","1 x","-","-","","","","","","","","","","","","","","","","","","",""
"2904","ONIXSOLAR","INE173M01012","1 x","-","-","","","","","","","","","","","","","","","","","","",""
"2905","ACROW","INE950D01012","1 x","-","-","","","","","","","","","","","","","","","","","","",""
"2906","STLSTRINF","INE205F01016","1 x","-","-","","","","","","","","","","","","","","","","","","",""
"2907","JAYUSH","INE289D01015","1 x","-","-","","","","","","","","","","","","","","","","","","",""
"2908","IMEC","INE611C01020","1 x","-","-","","","","","","","","","","","","","","","","","","",""
"2909","MDRNSTL","INE001F01019","1 x","-","-","","","","","","","","","","","","","","","","","","",""
"2910","BELDING","INE363L01045","1 x","-","-","","","","","","","","","","","","","","","","","","",""
"2911","GUJTLRM","INE145J01032","1 x","-","-","","","","","","","","","","","","","","","","","","",""
"2912","COCHINM","INE105D01013","1 x","-","-","","","","","","","","","","","","","","","","","","",""
"2913","INDIAHOMES","INE072A01029","1 x","-","-","","","","","","","","","","","","","","","","","","",""
"2914","KVFORGE","INE013J01016","1 x","-","-","","","","","","","","","","","","","","","","","","",""
"2915","CARBORUNIV","INE120A01034","5 x","3.17 x","-","","","","","","","","","","","","","","","","","","",""
"2916","VALLABHSQ","INE457E01016","1 x","-","-","","","","","","","","","","","","","","","","","","",""
"2917","SMFIL","INE728B01032","1 x","-","-","","","","","","","","","","","","","","","","","","",""
"2918","BLOIN","INE373E01015","1 x","-","-","","","","","","","","","","","","","","","","","","",""
"2919","MAITRI","INE501L01024","1 x","-","-","","","","","","","","","","","","","","","","","","",""
"2920","KANSHST","INE791E01018","1 x","-","-","","","","","","","","","","","","","","","","","","",""
"2921","MAHALXSE","INE257F01017","1 x","-","-","","","","","","","","","","","","","","","","","","",""
"2922","SIMPLEXCAS","INE658D01029","1 x","-","-","","","","","","","","","","","","","","","","","","",""
"2923","SSWRL","INE387D01025","1 x","-","-","","","","","","","","","","","","","","","","","","",""
"2924","SOUTHMG","INE308N01012","1 x","-","-","","","","","","","","","","","","","","","","","","",""
"2925","BAROEXT","INE927K01023","1 x","-","-","","","","","","","","","","","","","","","","","","",""
"2926","GUJCONT","INE276I01011","1 x","-","-","","","","","","","","","","","","","","","","","","",""
"2927","PANCHMAHQ","INE798F01010","1 x","-","-","","","","","","","","","","","","","","","","","","",""
"2928","ADITYA","INE570B01012","1 x","-","-","","","","","","","","","","","","","","","","","","",""
"2929","STEELCAS","INE124E01038","5 x","2.5 x","-","","","","","","","","","","","","","","","","","","",""
"2930","GLITTEKG","INE741B01027","1 x","-","-","","","","","","","","","","","","","","","","","","",""
"2931","PRADPME","INE770A01010","1 x","-","2 x","","","","","","","","","","","","","","","","","","",""
"2932","GNRL","INE207H01018","5 x","-","2 x","","","","","","","","","","","","","","","","","","",""
"2933","TNSTLTU","INE176E01012","1 x","-","-","","","","","","","","","","","","","","","","","","",""
"2934","MSCTC","INE277E01026","1 x","-","-","","","","","","","","","","","","","","","","","","",""
"2935","SHRDAIS","INE385M01012","1 x","-","-","","","","","","","","","","","","","","","","","","",""
"2936","NOVIS","INE608C01026","1 x","-","-","","","","","","","","","","","","","","","","","","",""
"2937","STERPOW","INE067E01013","1 x","-","-","","","","","","","","","","","","","","","","","","",""
"2938","TULSYAN","INE463D01016","1 x","-","-","","","","","","","","","","","","","","","","","","",""
"2939","AXELPOLY","INE197C01012","1 x","-","-","","","","","","","","","","","","","","","","","","",""
"2940","NLCINDIA","INE589A01014","5 x","3.04 x","-","","","","","","","","","","","","","","","","","","",""
"2941","SPECTRA","INE848B01012","1 x","-","-","","","","","","","","","","","","","","","","","","",""
"2942","KAJARIR","INE434C01027","1 x","-","-","","","","","","","","","","","","","","","","","","",""
"2943","SOLIDSTON","INE584G01012","1 x","-","-","","","","","","","","","","","","","","","","","","",""
"2944","SHILGRAVQ","INE960A01017","1 x","-","-","","","","","","","","","","","","","","","","","","",""
"2945","WHITEORG","INE146C01019","1 x","-","-","","","","","","","","","","","","","","","","","","",""
"2946","RUDRAECO","INE723D01021","1 x","-","-","","","","","","","","","","","","","","","","","","",""
"2947","RAJKSYN","INE376L01013","1 x","-","-","","","","","","","","","","","","","","","","","","",""
"2948","DEEPAKSP","INE272C01013","1 x","-","-","","","","","","","","","","","","","","","","","","",""
"2949","BSL","INE594B01012","1 x","-","-","","","","","","","","","","","","","","","","","","",""
"2950","NEWTRAC","INE229N01010","1 x","-","-","","","","","","","","","","","","","","","","","","",""
"2951","PBMPOLY","INE501F01018","1 x","-","-","","","","","","","","","","","","","","","","","","",""
"2952","SURYALA","INE132C01027","1 x","-","-","","","","","","","","","","","","","","","","","","",""
"2953","INDIANACRY","INE862B01013","1 x","-","-","","","","","","","","","","","","","","","","","","",""
"2954","GANECOS","INE845D01014","5 x","2.73 x","-","","","","","","","","","","","","","","","","","","",""
"2955","CEETAIN","INE760J01012","1 x","-","-","","","","","","","","","","","","","","","","","","",""
"2956","IMPERA","INE351D01013","1 x","-","-","","","","","","","","","","","","","","","","","","",""
"2957","BLACKROSE","INE761G01016","1 x","-","-","","","","","","","","","","","","","","","","","","",""
"2958","STCORP","INE110Q01023","1 x","-","-","","","","","","","","","","","","","","","","","","",""
"2959","RAMGOPOLY","INE410D01017","1 x","-","-","","","","","","","","","","","","","","","","","","",""
"2960","TTLEL","INE664X01025","1 x","-","-","","","","","","","","","","","","","","","","","","",""
"2961","MKVENTURES","INE874A01010","1 x","-","-","","","","","","","","","","","","","","","","","","",""
"2962","KUSHIND","INE979D01011","1 x","-","-","","","","","","","","","","","","","","","","","","",""
"2963","SRECR","INE377C01010","1 x","-","-","","","","","","","","","","","","","","","","","","",""
"2964","SURBHIN","INE899E01019","1 x","-","-","","","","","","","","","","","","","","","","","","",""
"2965","SEASONST","INE707B01010","1 x","-","-","","","","","","","","","","","","","","","","","","",""
"2966","ZENIFIB","INE106C01013","1 x","-","-","","","","","","","","","","","","","","","","","","",""
"2967","BHILSPIN","INE436C01014","1 x","-","-","","","","","","","","","","","","","","","","","","",""
"2968","SANTETX","INE589J01015","1 x","-","-","","","","","","","","","","","","","","","","","","",""
"2969","VIPPYSP","INE660D01017","1 x","-","-","","","","","","","","","","","","","","","","","","",""
"2970","JAIHIND","INE156E01014","1 x","-","-","","","","","","","","","","","","","","","","","","",""
"2971","RAGHUSYN","INE969C01022","1 x","-","-","","","","","","","","","","","","","","","","","","",""
"2972","JATTAINDUS","INE722N01014","1 x","-","-","","","","","","","","","","","","","","","","","","",""
"2973","KAMADGIRI","INE535C01013","1 x","-","-","","","","","","","","","","","","","","","","","","",""
"2974","OMNITEX","INE814D01010","1 x","-","-","","","","","","","","","","","","","","","","","","",""
"2975","PATSPINLTD","INE790C01014","1 x","-","-","","","","","","","","","","","","","","","","","","",""
"2976","ONEGLOBAL","INE670O01013","1 x","-","-","","","","","","","","","","","","","","","","","","",""
"2977","NEOINFRA","INE216I01017","1 x","-","-","","","","","","","","","","","","","","","","","","",""
"2978","CCME","INE194N01016","1 x","-","-","","","","","","","","","","","","","","","","","","",""
"2979","EVERFIN","INE339D01034","1 x","-","-","","","","","","","","","","","","","","","","","","",""
"2980","KRRAIL","INE078T01026","1 x","-","-","","","","","","","","","","","","","","","","","","",""
"2981","YARNSYN","INE564C01013","1 x","-","-","","","","","","","","","","","","","","","","","","",""
"2982","GUJCOTEX","INE004C01028","1 x","-","-","","","","","","","","","","","","","","","","","","",""
"2983","GARWSYN","INE340D01016","1 x","-","-","","","","","","","","","","","","","","","","","","",""
"2984","ECOHOTELS","INE638N01012","1 x","-","-","","","","","","","","","","","","","","","","","","",""
"2985","SARUPINDUS","INE305D01019","1 x","-","-","","","","","","","","","","","","","","","","","","",""
"2986","OXFORDIN","INE114D01015","1 x","-","-","","","","","","","","","","","","","","","","","","",""
"2987","MANORG","INE370D01013","1 x","-","-","","","","","","","","","","","","","","","","","","",""
"2988","HINDADH","INE074C01013","1 x","-","-","","","","","","","","","","","","","","","","","","",""
"2989","BPAGRI","INE439N01031","1 x","-","-","","","","","","","","","","","","","","","","","","",""
"2990","SRIKPRIND","INE009C01019","1 x","-","-","","","","","","","","","","","","","","","","","","",""
"2991","JYOTIRES","INE577D01013","5 x","-","-","","","","","","","","","","","","","","","","","","",""
"2992","MHLXMIRU","INE112D01035","1 x","-","-","","","","","","","","","","","","","","","","","","",""
"2993","SOUTLAT","INE410M01018","1 x","-","-","","","","","","","","","","","","","","","","","","",""
"2994","WINSOMTX","INE837B01031","1 x","-","-","","","","","","","","","","","","","","","","","","",""
"2995","MODINSU","INE219W01012","1 x","-","-","","","","","","","","","","","","","","","","","","",""
"2996","ASAHIINDIA","INE439A01020","5 x","3.24 x","-","","","","","","","","","","","","","","","","","","",""
"2997","SEKURITIND","INE068B01017","5 x","-","-","","","","","","","","","","","","","","","","","","",""
"2998","MADHUDIN","INE469C01023","1 x","-","-","","","","","","","","","","","","","","","","","","",""
"2999","RESTILE","INE298E01022","1 x","-","-","","","","","","","","","","","","","","","","","","",""
"3000","HALDYNGL","INE506D01020","5 x","-","2 x","","","","","","","","","","","","","","","","","","",""
"3001","DUROPLY","INE932D01010","1 x","-","-","","","","","","","","","","","","","","","","","","",""
"3002","AGIOPAPER","INE112C01011","1 x","-","-","","","","","","","","","","","","","","","","","","",""
"3003","TAHMARENT","INE385D01029","1 x","-","-","","","","","","","","","","","","","","","","","","",""
"3004","KSSMART","INE737E01011","1 x","-","-","","","","","","","","","","","","","","","","","","",""
"3005","NATPLY","INE497C01016","1 x","-","-","","","","","","","","","","","","","","","","","","",""
"3006","ARROWGREEN","INE570D01018","2 x","-","-","","","","","","","","","","","","","","","","","","",""
"3007","VISHNU","INE270I01022","5 x","3.14 x","-","","","","","","","","","","","","","","","","","","",""
"3008","JUMBO","INE699D01015","1 x","-","-","","","","","","","","","","","","","","","","","","",""
"3009","SANPA","INE384D01022","1 x","-","-","","","","","","","","","","","","","","","","","","",""
"3010","VENTURA","INE810C01044","1 x","-","-","","","","","","","","","","","","","","","","","","",""
"3011","SHKARTP","INE538D01015","1 x","-","-","","","","","","","","","","","","","","","","","","",""
"3012","STHINPA","INE088G01014","1 x","-","-","","","","","","","","","","","","","","","","","","",""
"3013","FAMILYCARE","INE146N01016","1 x","-","-","","","","","","","","","","","","","","","","","","",""
"3014","TATVA","INE0GK401011","5 x","1 x","-","","","","","","","","","","","","","","","","","","",""
"3015","SBIETFCON","INF200KA1X17","5 x","3.77 x","-","","","","","","","","","","","","","","","","","","",""
"3016","RIR","INE302D01024","5 x","-","2 x","","","","","","","","","","","","","","","","","","",""
"3017","JETKINGQ","INE919C01019","1 x","-","-","","","","","","","","","","","","","","","","","","",""
"3018","INDAGIV","INE115E01010","1 x","-","-","","","","","","","","","","","","","","","","","","",""
"3019","APLAB","INE273A01015","1 x","-","-","","","","","","","","","","","","","","","","","","",""
"3020","PCS","INE834B01012","1 x","-","-","","","","","","","","","","","","","","","","","","",""
"3021","USHAMART","INE228A01035","5 x","3.18 x","-","","","","","","","","","","","","","","","","","","",""
"3022","SPELS","INE252A01019","2 x","-","-","","","","","","","","","","","","","","","","","","",""
"3023","EDVENSWA","INE125G01014","1 x","-","-","","","","","","","","","","","","","","","","","","",""
"3024","PERVASIVE","INE443P01038","1 x","-","-","","","","","","","","","","","","","","","","","","",""
"3025","CALCOM","INE216C01010","1 x","-","-","","","","","","","","","","","","","","","","","","",""
"3026","DYNAVSN","INE083E01010","1 x","-","-","","","","","","","","","","","","","","","","","","",""
"3027","BCCFUBA","INE788D01016","1 x","-","-","","","","","","","","","","","","","","","","","","",""
"3028","PRECISIO","INE143C01024","1 x","-","-","","","","","","","","","","","","","","","","","","",""
"3029","FINELINE","INE087E01011","1 x","-","-","","","","","","","","","","","","","","","","","","",""
"3030","GUJARATPOLY","INE541F01022","1 x","-","-","","","","","","","","","","","","","","","","","","",""
"3031","HAVELLS","INE176B01034","5 x","4.55 x","-","","","","","","","","","","","","","","","","","","",""
"3032","ACIIN","INE167B01025","1 x","-","-","","","","","","","","","","","","","","","","","","",""
"3033","SBECSYS","INE689V01018","1 x","-","-","","","","","","","","","","","","","","","","","","",""
"3034","INCAP","INE437C01012","1 x","-","-","","","","","","","","","","","","","","","","","","",""
"3035","GUJINTRX","INE877E01015","1 x","-","-","","","","","","","","","","","","","","","","","","",""
"3036","IGARASHI","INE188B01013","5 x","2.74 x","-","","","","","","","","","","","","","","","","","","",""
"3037","REGANTO","INE043B01028","1 x","-","-","","","","","","","","","","","","","","","","","","",""
"3038","PANELEC","INE648E01010","1 x","-","-","","","","","","","","","","","","","","","","","","",""
"3039","LEENEE","INE791B01014","1 x","-","-","","","","","","","","","","","","","","","","","","",""
"3040","PATELSAI","INE082C01024","1 x","-","-","","","","","","","","","","","","","","","","","","",""
"3041","ATHENAGLO","INE576B01019","1 x","-","-","","","","","","","","","","","","","","","","","","",""
"3042","NARMP","INE060D01028","1 x","-","-","","","","","","","","","","","","","","","","","","",""
"3043","DUTRON","INE940C01015","1 x","-","-","","","","","","","","","","","","","","","","","","",""
"3044","RSSOFTWARE","INE165B01029","1 x","-","-","","","","","","","","","","","","","","","","","","",""
"3045","MAGNAELQ","INE437D01010","1 x","-","-","","","","","","","","","","","","","","","","","","",""
"3046","MARSONS","INE415B01044","5 x","2 x","-","","","","","","","","","","","","","","","","","","",""
"3047","ELNET","INE033C01019","1 x","-","-","","","","","","","","","","","","","","","","","","",""
"3048","ACCEL","INE258C01038","1 x","-","-","","","","","","","","","","","","","","","","","","",""
"3049","ROTO","INE535D01037","5 x","2.5 x","-","","","","","","","","","","","","","","","","","","",""
"3050","DHINDIA","INE589D01018","1 x","-","-","","","","","","","","","","","","","","","","","","",""
"3051","ALFATRAN","INE209C01015","1 x","-","-","","","","","","","","","","","","","","","","","","",""
"3052","NHCFOODS","INE141C01036","1 x","-","-","","","","","","","","","","","","","","","","","","",""
"3053","TRIGYN","INE948A01012","1 x","-","-","","","","","","","","","","","","","","","","","","",""
"3054","KEERTHI","INE145L01012","1 x","-","-","","","","","","","","","","","","","","","","","","",""
"3055","SRICC","INE827D01020","1 x","-","-","","","","","","","","","","","","","","","","","","",""
"3056","SURAJ","INE069E01019","1 x","-","-","","","","","","","","","","","","","","","","","","",""
"3057","STYLAMIND","INE239C01020","5 x","3.09 x","-","","","","","","","","","","","","","","","","","","",""
"3058","MODINATUR","INE537F01012","1 x","-","2 x","","","","","","","","","","","","","","","","","","",""
"3059","PRSNTIN","INE100E01012","1 x","-","-","","","","","","","","","","","","","","","","","","",""
"3060","RITESHIN","INE534D01014","1 x","-","-","","","","","","","","","","","","","","","","","","",""
"3061","VADILENT","INE693D01018","1 x","-","-","","","","","","","","","","","","","","","","","","",""
"3062","RGRL","INE601N01010","1 x","-","-","","","","","","","","","","","","","","","","","","",""
"3063","KOVAI","INE177F01017","5 x","-","-","","","","","","","","","","","","","","","","","","",""
"3064","WILLIMFI","INE188E01017","1 x","-","-","","","","","","","","","","","","","","","","","","",""
"3065","AJANTSOY","INE601B01023","1 x","-","-","","","","","","","","","","","","","","","","","","",""
"3066","KISAAN","INE102C01020","1 x","-","-","","","","","","","","","","","","","","","","","","",""
"3067","SPTRSHI","INE233P01017","1 x","-","-","","","","","","","","","","","","","","","","","","",""
"3068","PRIMAGR","INE297D01018","1 x","-","-","","","","","","","","","","","","","","","","","","",""
"3069","TARAI","INE906C01016","1 x","-","-","","","","","","","","","","","","","","","","","","",""
"3070","MODAIRY","INE617B01011","1 x","-","-","","","","","","","","","","","","","","","","","","",""
"3071","BAMBINO","INE921D01013","1 x","-","-","","","","","","","","","","","","","","","","","","",""
"3072","PRIMIND","INE543F01028","1 x","-","-","","","","","","","","","","","","","","","","","","",""
"3073","VSFPROJ","INE923K01014","1 x","-","-","","","","","","","","","","","","","","","","","","",""
"3074","NOVYRA","INE856E01019","1 x","-","-","","","","","","","","","","","","","","","","","","",""
"3075","POONADAL","INE809E01018","1 x","-","-","","","","","","","","","","","","","","","","","","",""
"3076","TRANSFD","INE213P01027","1 x","-","-","","","","","","","","","","","","","","","","","","",""
"3077","SHINDL","INE220Z01013","5 x","-","2 x","","","","","","","","","","","","","","","","","","",""
"3078","DATIWARE","INE673U01014","1 x","-","-","","","","","","","","","","","","","","","","","","",""
"3079","KMGMILK","INE873N01015","1 x","-","-","","","","","","","","","","","","","","","","","","",""
"3080","KSE","INE953E01022","1 x","-","-","","","","","","","","","","","","","","","","","","",""
"3081","VIRATCRA","INE295C01014","1 x","-","-","","","","","","","","","","","","","","","","","","",""
"3082","IBINFO","INE678B01039","1 x","-","-","","","","","","","","","","","","","","","","","","",""
"3083","AMBARPIL","INE072V01017","1 x","-","-","","","","","","","","","","","","","","","","","","",""
"3084","CHORDIA","INE975C01011","1 x","-","-","","","","","","","","","","","","","","","","","","",""
"3085","CIANAGRO","INE052V01019","5 x","-","-","","","","","","","","","","","","","","","","","","",""
"3086","OMEAG","INE112B01013","1 x","-","-","","","","","","","","","","","","","","","","","","",""
"3087","TAIIND","INE358D01018","1 x","-","-","","","","","","","","","","","","","","","","","","",""
"3088","BKV","INE356C01022","1 x","-","-","","","","","","","","","","","","","","","","","","",""
"3089","NCCBLUE","INE630N01019","1 x","-","-","","","","","","","","","","","","","","","","","","",""
"3090","ASIANTNE","INE822B01017","1 x","-","-","","","","","","","","","","","","","","","","","","",""
"3091","SIMRAN","INE354D01017","1 x","-","-","","","","","","","","","","","","","","","","","","",""
"3092","HINDUST","INE092301014","1 x","-","-","","","","","","","","","","","","","","","","","","",""
"3093","SURFI","INE565E01016","1 x","-","-","","","","","","","","","","","","","","","","","","",""
"3094","LAKESHORE","INE734D01010","1 x","-","-","","","","","","","","","","","","","","","","","","",""
"3095","SAMKRG","INE706B01012","1 x","-","-","","","","","","","","","","","","","","","","","","",""
"3096","ECSTSTL","INE315F01013","1 x","-","-","","","","","","","","","","","","","","","","","","",""
"3097","ABCINDQ","INE125D01011","1 x","-","-","","","","","","","","","","","","","","","","","","",""
"3098","BALTE","INE654B01014","1 x","-","-","","","","","","","","","","","","","","","","","","",""
"3099","COARO","INE229E01019","1 x","-","-","","","","","","","","","","","","","","","","","","",""
"3100","SIBARAUT","INE441C01014","1 x","-","-","","","","","","","","","","","","","","","","","","",""
"3101","STARLOG","INE580C01019","1 x","-","-","","","","","","","","","","","","","","","","","","",""
"3102","GMDCLTD","INE131A01031","5 x","2.74 x","-","","","","","","","","","","","","","","","","","","",""
"3103","ANDREWYU","INE449C01025","5 x","-","-","","","","","","","","","","","","","","","","","","",""
"3104","SHVSUIT","INE02Z901011","1 x","-","-","","","","","","","","","","","","","","","","","","",""
"3105","TITANIN","INE807M01031","1 x","-","-","","","","","","","","","","","","","","","","","","",""
"3106","ADVLIFE","INE900E01015","1 x","-","-","","","","","","","","","","","","","","","","","","",""
"3107","KAKTEX","INE092E01011","1 x","-","-","","","","","","","","","","","","","","","","","","",""
"3108","OCTAVE","INE814L01013","1 x","-","-","","","","","","","","","","","","","","","","","","",""
"3109","TRIDENT","INE064C01022","5 x","3.33 x","-","","","","","","","","","","","","","","","","","","",""
"3110","HISARSP","INE689E01014","1 x","-","-","","","","","","","","","","","","","","","","","","",""
"3111","PASARI","INE604F01010","1 x","-","-","","","","","","","","","","","","","","","","","","",""
"3112","AMARJOTHI","INE484D01012","1 x","-","-","","","","","","","","","","","","","","","","","","",""
"3113","OLYMPTX","INE482O01021","1 x","-","-","","","","","","","","","","","","","","","","","","",""
"3114","SUDTIND-B","INE691D01012","1 x","-","-","","","","","","","","","","","","","","","","","","",""
"3115","SBFL","INE363D01018","1 x","-","-","","","","","","","","","","","","","","","","","","",""
"3116","GEMSPIN","INE165F01020","1 x","-","-","","","","","","","","","","","","","","","","","","",""
"3117","EUREKAI","INE958A01011","1 x","-","-","","","","","","","","","","","","","","","","","","",""
"3118","ADITYASP","INE122D01026","1 x","-","-","","","","","","","","","","","","","","","","","","",""
"3119","PRIMEURB","INE419E01024","1 x","-","-","","","","","","","","","","","","","","","","","","",""
"3120","DHANFAB","INE953D01016","1 x","-","-","","","","","","","","","","","","","","","","","","",""
"3121","SLSTLQ","INE456D01010","1 x","-","-","","","","","","","","","","","","","","","","","","",""
"3122","SRMCL","INE306D01017","1 x","-","-","","","","","","","","","","","","","","","","","","",""
"3123","SAMTEX","INE931D01020","1 x","-","-","","","","","","","","","","","","","","","","","","",""
"3124","CITYMAN","INE117C01010","1 x","-","-","","","","","","","","","","","","","","","","","","",""
"3125","DHANROTO","INE220C01012","1 x","-","-","","","","","","","","","","","","","","","","","","",""
"3126","SANBLUE","INE602D01027","1 x","-","-","","","","","","","","","","","","","","","","","","",""
"3127","UNIROYAL","INE980D01019","1 x","-","-","","","","","","","","","","","","","","","","","","",""
"3128","TATIAGLOB","INE083G01031","1 x","-","-","","","","","","","","","","","","","","","","","","",""
"3129","SUNILTX","INE124M01015","1 x","-","-","","","","","","","","","","","","","","","","","","",""
"3130","SRINACHA","INE443E01016","1 x","-","-","","","","","","","","","","","","","","","","","","",""
"3131","BGDL","INE893C01032","1 x","-","-","","","","","","","","","","","","","","","","","","",""
"3132","SAMBANDAM","INE304D01012","1 x","-","-","","","","","","","","","","","","","","","","","","",""
"3133","MKPMOB","INE676G01024","1 x","-","-","","","","","","","","","","","","","","","","","","",""
"3134","ICICIB22","INF109KB15Y7","5 x","3.77 x","-","","","","","","","","","","","","","","","","","","",""
"3135","BFSI","INF769K01HI8","5 x","3.77 x","-","","","","","","","","","","","","","","","","","","",""
"3136","CRANEX","INE608B01010","1 x","-","-","","","","","","","","","","","","","","","","","","",""
"3137","BATLIBOI","INE177C01022","5 x","-","-","","","","","","","","","","","","","","","","","","",""
"3138","AUSTENG","INE759F01012","1 x","-","-","","","","","","","","","","","","","","","","","","",""
"3139","FLUIDOM","INE459C01016","1 x","-","-","","","","","","","","","","","","","","","","","","",""
"3140","MIVENMACH","INE338P01014","1 x","-","-","","","","","","","","","","","","","","","","","","",""
"3141","HITECHGEAR","INE127B01011","1 x","-","-","","","","","","","","","","","","","","","","","","",""
"3142","ELGIEQUIP","INE285A01027","5 x","3.16 x","-","","","","","","","","","","","","","","","","","","",""
"3143","UVDRHOR","INE890G01047","1 x","-","-","","","","","","","","","","","","","","","","","","",""
"3144","KLBRENG-B","INE338F01015","5 x","-","2 x","","","","","","","","","","","","","","","","","","",""
"3145","BIRLAPREC","INE372E01025","1 x","-","-","","","","","","","","","","","","","","","","","","",""
"3146","YUKEN","INE384C01016","5 x","2 x","-","","","","","","","","","","","","","","","","","","",""
"3147","VOITHPAPR","INE285C01015","1 x","-","-","","","","","","","","","","","","","","","","","","",""
"3148","SOLIMAC","INE410A01013","1 x","-","-","","","","","","","","","","","","","","","","","","",""
"3149","INDSILHYD","INE867D01018","1 x","-","-","","","","","","","","","","","","","","","","","","",""
"3150","ITL","INE478D01014","1 x","-","-","","","","","","","","","","","","","","","","","","",""
"3151","FRONTSP","INE572D01014","5 x","-","-","","","","","","","","","","","","","","","","","","",""
"3152","RASANDIK","INE682D01011","1 x","-","-","","","","","","","","","","","","","","","","","","",""
"3153","YOGISUNG","INE429B01011","1 x","-","-","","","","","","","","","","","","","","","","","","",""
"3154","TANAA","INE692C01020","1 x","-","-","","","","","","","","","","","","","","","","","","",""
"3155","CONART","INE714D01020","1 x","-","-","","","","","","","","","","","","","","","","","","",""
"3156","SHIVAGR","INE092H01014","1 x","-","-","","","","","","","","","","","","","","","","","","",""
"3157","CENLUB","INE627F01011","1 x","-","-","","","","","","","","","","","","","","","","","","",""
"3158","RAJOOENG","INE535F01024","5 x","-","-","","","","","","","","","","","","","","","","","","",""
"3159","VJLAXMIE","INE466D01019","1 x","-","-","","","","","","","","","","","","","","","","","","",""
"3160","AHMDSTE","INE868C01018","1 x","-","-","","","","","","","","","","","","","","","","","","",""
"3161","NMSGLOBAL","INE169F01014","1 x","-","-","","","","","","","","","","","","","","","","","","",""
"3162","CANDOUR","INE713D01055","1 x","-","-","","","","","","","","","","","","","","","","","","",""
"3163","TIGLOB","INE811B01010","1 x","-","-","","","","","","","","","","","","","","","","","","",""
"3164","BEMHY","INE142E01022","1 x","-","-","","","","","","","","","","","","","","","","","","",""
"3165","ANSALBU","INE030C01015","1 x","-","-","","","","","","","","","","","","","","","","","","",""
"3166","BNRSEC","INE710D01028","1 x","-","-","","","","","","","","","","","","","","","","","","",""
"3167","RISHITECH","INE989D01010","1 x","-","-","","","","","","","","","","","","","","","","","","",""
"3168","ZBINTXPP","INE626H01019","1 x","-","-","","","","","","","","","","","","","","","","","","",""
"3169","JJFINCOR","INE584C01011","1 x","-","-","","","","","","","","","","","","","","","","","","",""
"3170","COSMOFE","INE124B01018","1 x","-","-","","","","","","","","","","","","","","","","","","",""
"3171","CROPSTER","INE293E01031","1 x","-","-","","","","","","","","","","","","","","","","","","",""
"3172","FUTURSEC","INE425D01015","1 x","-","-","","","","","","","","","","","","","","","","","","",""
"3173","SANCTRN","INE391G01012","1 x","-","-","","","","","","","","","","","","","","","","","","",""
"3174","THRIVE","INE628D01014","1 x","-","-","","","","","","","","","","","","","","","","","","",""
"3175","MEDICAPQ","INE442D01010","1 x","-","-","","","","","","","","","","","","","","","","","","",""
"3176","FOSECOC","INE599F01020","1 x","-","-","","","","","","","","","","","","","","","","","","",""
"3177","BAPACK","INE00FM01013","1 x","-","-","","","","","","","","","","","","","","","","","","",""
"3178","ABAN","INE421A01028","1 x","-","-","","","","","","","","","","","","","","","","","","",""
"3179","CONTPTR","INE369D01023","1 x","-","-","","","","","","","","","","","","","","","","","","",""
"3180","NBFOOT","INE006F01018","1 x","-","-","","","","","","","","","","","","","","","","","","",""
"3181","MACPLASQ","INE082B01018","1 x","-","-","","","","","","","","","","","","","","","","","","",""
"3182","RAMAVISION","INE763B01013","1 x","-","-","","","","","","","","","","","","","","","","","","",""
"3183","SHRIGANG","INE241V01018","1 x","-","-","","","","","","","","","","","","","","","","","","",""
"3184","PURITY","INE898O01010","1 x","-","-","","","","","","","","","","","","","","","","","","",""
"3185","ELDEHSG","INE668G01021","1 x","-","2 x","","","","","","","","","","","","","","","","","","",""
"3186","MICROSE","INE809F01015","1 x","-","-","","","","","","","","","","","","","","","","","","",""
"3187","DCMSHRIRAM","INE499A01024","5 x","3.33 x","-","","","","","","","","","","","","","","","","","","",""
"3188","DCMSRIND","INE843D01027","5 x","-","2 x","","","","","","","","","","","","","","","","","","",""
"3189","MINID","INE281E01028","1 x","-","-","","","","","","","","","","","","","","","","","","",""
"3190","MAHAPEXLTD","INE843B01013","1 x","-","-","","","","","","","","","","","","","","","","","","",""
"3191","ADCINDIA","INE833A01016","1 x","-","-","","","","","","","","","","","","","","","","","","",""
"3192","SMAART","INE207B01011","1 x","-","-","","","","","","","","","","","","","","","","","","",""
"3193","INDBNK","INE969D01012","1 x","-","-","","","","","","","","","","","","","","","","","","",""
"3194","JAIMATAG","INE250C01027","1 x","-","-","","","","","","","","","","","","","","","","","","",""
"3195","LOTUSCHO","INE026D01011","2 x","-","-","","","","","","","","","","","","","","","","","","",""
"3196","PACIFICI","INE883C01025","1 x","-","-","","","","","","","","","","","","","","","","","","",""
"3197","CMMHOSP","INE889F01017","1 x","-","-","","","","","","","","","","","","","","","","","","",""
"3198","UNIOFFICE","INE951C01012","1 x","-","-","","","","","","","","","","","","","","","","","","",""
"3199","APMIN","INE170D01025","1 x","-","-","","","","","","","","","","","","","","","","","","",""
"3200","KRYPTONQ","INE951B01014","1 x","-","-","","","","","","","","","","","","","","","","","","",""
"3201","SWISSMLTRY","INE010C01025","2 x","-","-","","","","","","","","","","","","","","","","","","",""
"3202","MARBU","INE199D01016","1 x","-","-","","","","","","","","","","","","","","","","","","",""
"3203","INDTONER","INE826B01026","1 x","-","-","","","","","","","","","","","","","","","","","","",""
"3204","KUNSTOFF","INE638D01021","1 x","-","-","","","","","","","","","","","","","","","","","","",""
"3205","SIKA","INE438E01032","5 x","-","2 x","","","","","","","","","","","","","","","","","","",""
"3206","PHRMASI","INE486I01016","1 x","-","-","","","","","","","","","","","","","","","","","","",""
"3207","IPRINGLTD","INE558A01019","1 x","-","-","","","","","","","","","","","","","","","","","","",""
"3208","YASHINNO","INE823D01011","1 x","-","-","","","","","","","","","","","","","","","","","","",""
"3209","KKPLASTICK","INE465K01016","1 x","-","-","","","","","","","","","","","","","","","","","","",""
"3210","FLEXFO","INE954B01018","1 x","-","-","","","","","","","","","","","","","","","","","","",""
"3211","GOLKUNDIA","INE798D01015","1 x","-","-","","","","","","","","","","","","","","","","","","",""
"3212","FORTISMLR","INE842B01015","1 x","-","-","","","","","","","","","","","","","","","","","","",""
"3213","SAYAJIHOTL","INE318C01014","1 x","-","-","","","","","","","","","","","","","","","","","","",""
"3214","SVAMSOF","INE119B01018","1 x","-","-","","","","","","","","","","","","","","","","","","",""
"3215","ECOBOAR","INE866A01016","1 x","-","-","","","","","","","","","","","","","","","","","","",""
"3216","TIHIL","INE502D01011","1 x","-","-","","","","","","","","","","","","","","","","","","",""
"3217","MITSHI","INE844D01017","1 x","-","-","","","","","","","","","","","","","","","","","","",""
"3218","SHUKJEW","INE344E01016","1 x","-","-","","","","","","","","","","","","","","","","","","",""
"3219","SOVERDIA","INE959D01013","1 x","-","-","","","","","","","","","","","","","","","","","","",""
"3220","MENONBE","INE071D01033","5 x","-","2 x","","","","","","","","","","","","","","","","","","",""
"3221","INNOVTEC","INE965C01038","1 x","-","-","","","","","","","","","","","","","","","","","","",""
"3222","SUPTANERY","INE460D01038","1 x","-","-","","","","","","","","","","","","","","","","","","",""
"3223","CONSTRONIC","INE537B01011","1 x","-","-","","","","","","","","","","","","","","","","","","",""
"3224","AXTEL","INE767C01012","1 x","-","-","","","","","","","","","","","","","","","","","","",""
"3225","GRANDOAK","INE926B01016","1 x","-","-","","","","","","","","","","","","","","","","","","",""
"3226","MEGAMONT","INE317D01014","1 x","-","-","","","","","","","","","","","","","","","","","","",""
"3227","PATIDAR","INE637N01014","1 x","-","-","","","","","","","","","","","","","","","","","","",""
"3228","VENLONENT","INE204D01022","1 x","-","-","","","","","","","","","","","","","","","","","","",""
"3229","PETPLST","INE704F01018","1 x","-","-","","","","","","","","","","","","","","","","","","",""
"3230","HARLETH","INE681F01018","1 x","-","-","","","","","","","","","","","","","","","","","","",""
"3231","PCCOSMA","INE417E01010","1 x","-","-","","","","","","","","","","","","","","","","","","",""
"3232","TCMLMTD","INE034F01010","1 x","-","-","","","","","","","","","","","","","","","","","","",""
"3233","KESARPE","INE133C01033","1 x","-","-","","","","","","","","","","","","","","","","","","",""
"3234","LACTOSE","INE058I01013","1 x","-","-","","","","","","","","","","","","","","","","","","",""
"3235","TEEAI","INE757D01011","1 x","-","-","","","","","","","","","","","","","","","","","","",""
"3236","AARTIIND","INE769A01020","5 x","3.07 x","-","","","","","","","","","","","","","","","","","","",""
"3237","PNTKYOR","INE702E01015","1 x","-","-","","","","","","","","","","","","","","","","","","",""
"3238","RESONANCE","INE486D01017","1 x","-","-","","","","","","","","","","","","","","","","","","",""
"3239","GAEL","INE036B01030","5 x","3.08 x","-","","","","","","","","","","","","","","","","","","",""
"3240","AIMCOPEST","INE008B01013","1 x","-","-","","","","","","","","","","","","","","","","","","",""
"3241","GUJTERC","INE499G01013","1 x","-","-","","","","","","","","","","","","","","","","","","",""
"3242","KABRADG","INE323K01017","1 x","-","-","","","","","","","","","","","","","","","","","","",""
"3243","SHHARICH","INE065E01017","1 x","-","-","","","","","","","","","","","","","","","","","","",""
"3244","INDOBORAX","INE803D01021","5 x","-","2 x","","","","","","","","","","","","","","","","","","",""
"3245","ORCHPHARMA","INE191A01027","5 x","2.72 x","-","","","","","","","","","","","","","","","","","","",""
"3246","ISHITADR","INE806D01016","1 x","-","-","","","","","","","","","","","","","","","","","","",""
"3247","UNIVSTAR","INE113E01015","1 x","-","-","","","","","","","","","","","","","","","","","","",""
"3248","AAREYDRUGS","INE198H01019","1 x","-","-","","","","","","","","","","","","","","","","","","",""
"3249","NORRIS","INE744C01029","1 x","-","-","","","","","","","","","","","","","","","","","","",""
"3250","ASINPET","INE810M01019","1 x","-","-","","","","","","","","","","","","","","","","","","",""
"3251","CAMEXLTD","INE198C01010","1 x","-","-","","","","","","","","","","","","","","","","","","",""
"3252","EVEXIA","INE313M01030","1 x","-","-","","","","","","","","","","","","","","","","","","",""
"3253","INDOEURO","INE319N01019","1 x","-","-","","","","","","","","","","","","","","","","","","",""
"3254","RIDDHI","INE249D01019","1 x","-","-","","","","","","","","","","","","","","","","","","",""
"3255","SVCIND","INE038B01010","1 x","-","-","","","","","","","","","","","","","","","","","","",""
"3256","RAAJMEDI","INE548H01015","1 x","-","-","","","","","","","","","","","","","","","","","","",""
"3257","REVAMEDIA","INE270D01015","1 x","-","-","","","","","","","","","","","","","","","","","","",""
"3258","CORALAB","INE683E01017","1 x","-","-","","","","","","","","","","","","","","","","","","",""
"3259","TULASEEBIOE","INE276N01011","1 x","-","-","","","","","","","","","","","","","","","","","","",""
"3260","BACPHAR","INE711D01018","1 x","-","-","","","","","","","","","","","","","","","","","","",""
"3261","KMCSHIL","INE879K01018","5 x","-","-","","","","","","","","","","","","","","","","","","",""
"3262","LAFFANSQ","INE919B01011","1 x","-","-","","","","","","","","","","","","","","","","","","",""
"3263","BHASKAGR","INE972C01018","1 x","-","-","","","","","","","","","","","","","","","","","","",""
"3264","SHARMEH","INE465H01012","1 x","-","-","","","","","","","","","","","","","","","","","","",""
"3265","GAYATRIBI","INE052E01015","1 x","-","-","","","","","","","","","","","","","","","","","","",""
"3266","PHARMAID","INE117D01018","1 x","-","-","","","","","","","","","","","","","","","","","","",""
"3267","VIVIDIND","INE737C01023","1 x","-","-","","","","","","","","","","","","","","","","","","",""
"3268","PRIYALT","INE686C01014","1 x","-","-","","","","","","","","","","","","","","","","","","",""
"3269","TIRUSTA","INE314D01011","1 x","-","-","","","","","","","","","","","","","","","","","","",""
"3270","JAYSYNTH","INE263B01022","1 x","-","-","","","","","","","","","","","","","","","","","","",""
"3271","AEONXDIGI","INE994D01010","1 x","-","-","","","","","","","","","","","","","","","","","","",""
"3272","BANDARAM","INE875N01036","1 x","-","-","","","","","","","","","","","","","","","","","","",""
"3273","BERLDRG","INE415H01017","1 x","-","-","","","","","","","","","","","","","","","","","","",""
"3274","INDXTRA","INE056E01024","1 x","-","-","","","","","","","","","","","","","","","","","","",""
"3275","ISTRNETWK","INE532B01020","1 x","-","-","","","","","","","","","","","","","","","","","","",""
"3276","PARKERAC","INE750B01010","1 x","-","-","","","","","","","","","","","","","","","","","","",""
"3277","SHUKRAPHAR","INE551C01044","5 x","-","-","","","","","","","","","","","","","","","","","","",""
"3278","ALUFLUOR","INE058F01019","1 x","-","-","","","","","","","","","","","","","","","","","","",""
"3279","OXYGENTAPH","INE102E01018","1 x","-","-","","","","","","","","","","","","","","","","","","",""
"3280","ARCHITORG","INE078I01011","1 x","-","-","","","","","","","","","","","","","","","","","","",""
"3281","INDOAMIN","INE760F01028","5 x","-","-","","","","","","","","","","","","","","","","","","",""
"3282","WELCURE","INE331C01025","1 x","-","-","","","","","","","","","","","","","","","","","","",""
"3283","BIBCL","INE994B01014","1 x","-","-","","","","","","","","","","","","","","","","","","",""
"3284","HESTERBIO","INE782E01017","5 x","2 x","-","","","","","","","","","","","","","","","","","","",""
"3285","KABSON","INE645C01010","1 x","-","-","","","","","","","","","","","","","","","","","","",""
"3286","BASANTGL","INE473E01021","1 x","-","-","","","","","","","","","","","","","","","","","","",""
"3287","SANDUPHQ","INE751D01014","1 x","-","-","","","","","","","","","","","","","","","","","","",""
"3288","VISTAPH","INE427C01021","1 x","-","-","","","","","","","","","","","","","","","","","","",""
"3289","TITANBIO","INE150C01029","1 x","-","-","","","","","","","","","","","","","","","","","","",""
"3290","SDL","INE004E01016","1 x","-","-","","","","","","","","","","","","","","","","","","",""
"3291","JENBURPH","INE354A01013","1 x","-","-","","","","","","","","","","","","","","","","","","",""
"3292","HIKAL","INE475B01022","5 x","2.5 x","-","","","","","","","","","","","","","","","","","","",""
"3293","FISCHER","INE771F01041","5 x","1 x","-","","","","","","","","","","","","","","","","","","",""
"3294","LINKPH","INE302F01011","1 x","-","-","","","","","","","","","","","","","","","","","","",""
"3295","DECIPHER","INE643N01012","1 x","-","-","","","","","","","","","","","","","","","","","","",""
"3296","EMMESSA","INE634B01016","1 x","-","-","","","","","","","","","","","","","","","","","","",""
"3297","EVERESTO","INE334C01029","1 x","-","-","","","","","","","","","","","","","","","","","","",""
"3298","PHYTO","INE037C01010","1 x","-","-","","","","","","","","","","","","","","","","","","",""
"3299","DYNAMIND","INE457C01010","1 x","-","-","","","","","","","","","","","","","","","","","","",""
"3300","BDH","INE278D01018","1 x","-","-","","","","","","","","","","","","","","","","","","",""
"3301","INDUSINDBK","INE095A01012","5 x","4.17 x","-","","","","","","","","","","","","","","","","","","",""
"3302","JAUSPOL","INE593O01017","1 x","-","-","","","","","","","","","","","","","","","","","","",""
"3303","GLOBUSCON","INE064L01015","1 x","-","-","","","","","","","","","","","","","","","","","","",""
"3304","POLYCHMP","INE809B01014","1 x","-","-","","","","","","","","","","","","","","","","","","",""
"3305","STELLANT","INE395F01023","1 x","-","-","","","","","","","","","","","","","","","","","","",""
"3306","GALXBRG","INE020S01012","1 x","-","-","","","","","","","","","","","","","","","","","","",""
"3307","RALEGRA","INE427E01027","1 x","-","-","","","","","","","","","","","","","","","","","","",""
"3308","UNRYLMA","INE602H01010","1 x","-","-","","","","","","","","","","","","","","","","","","",""
"3309","KARANWO","INE327D01013","1 x","-","-","","","","","","","","","","","","","","","","","","",""
"3310","SHERVANI","INE011D01013","1 x","-","-","","","","","","","","","","","","","","","","","","",""
"3311","BNAGROCHEM","INE00HZ01011","5 x","-","-","","","","","","","","","","","","","","","","","","",""
"3312","SUPERTEX","INE881B01054","1 x","-","-","","","","","","","","","","","","","","","","","","",""
"3313","SHETR","INE278C01010","1 x","-","-","","","","","","","","","","","","","","","","","","",""
"3314","TRABI","INE773D01018","1 x","-","-","","","","","","","","","","","","","","","","","","",""
"3315","MPL","INE343A01016","1 x","-","-","","","","","","","","","","","","","","","","","","",""
"3316","NIKHILAD","INE926C01022","1 x","-","-","","","","","","","","","","","","","","","","","","",""
"3317","SPENTA","INE175C01018","1 x","-","-","","","","","","","","","","","","","","","","","","",""
"3318","MULTIBASE","INE678F01014","1 x","-","-","","","","","","","","","","","","","","","","","","",""
"3319","LUDLOWJUT","INE983C01015","1 x","-","-","","","","","","","","","","","","","","","","","","",""
"3320","ASHRAM","INE293C01019","1 x","-","-","","","","","","","","","","","","","","","","","","",""
"3321","ROYALCU","INE618A01011","1 x","-","-","","","","","","","","","","","","","","","","","","",""
"3322","SURJIND","INE170U01011","1 x","-","-","","","","","","","","","","","","","","","","","","",""
"3323","STDSFAC","INE307D01015","1 x","-","-","","","","","","","","","","","","","","","","","","",""
"3324","MORGAN","INE902C01015","1 x","-","-","","","","","","","","","","","","","","","","","","",""
"3325","AMRAPLIN","INE762C01021","1 x","-","-","","","","","","","","","","","","","","","","","","",""
"3326","MIDEASTP","INE033E01015","1 x","-","-","","","","","","","","","","","","","","","","","","",""
"3327","CRSTCHM","INE293N01016","1 x","-","-","","","","","","","","","","","","","","","","","","",""
"3328","DIVSHKT","INE410G01010","1 x","-","-","","","","","","","","","","","","","","","","","","",""
"3329","SHREYASI","INE115F01017","1 x","-","-","","","","","","","","","","","","","","","","","","",""
"3330","PANJON","INE744D01019","1 x","-","-","","","","","","","","","","","","","","","","","","",""
"3331","CRAFTROOT","INE218T01010","1 x","-","-","","","","","","","","","","","","","","","","","","",""
"3332","DUROPACK","INE138B01018","1 x","-","-","","","","","","","","","","","","","","","","","","",""
"3333","SWARNSAR","INE967A01012","1 x","-","-","","","","","","","","","","","","","","","","","","",""
"3334","CINDHO","INE908C01012","1 x","-","-","","","","","","","","","","","","","","","","","","",""
"3335","PDSL","INE111Q01021","5 x","3.01 x","-","","","","","","","","","","","","","","","","","","",""
"3336","HAMPTON","INE299D01022","1 x","-","-","","","","","","","","","","","","","","","","","","",""
"3337","KKALPANAIND","INE301C01028","1 x","-","-","","","","","","","","","","","","","","","","","","",""
"3338","OKPLA","INE870B01024","1 x","-","-","","","","","","","","","","","","","","","","","","",""
"3339","KRITI","INE479D01038","1 x","-","-","","","","","","","","","","","","","","","","","","",""
"3340","ASMTEC","INE867C01010","5 x","-","-","","","","","","","","","","","","","","","","","","",""
"3341","PERFEPA","INE759I01024","1 x","-","-","","","","","","","","","","","","","","","","","","",""
"3342","AMBIT","INE267C01013","1 x","-","-","","","","","","","","","","","","","","","","","","",""
"3343","AEIM","INE072B01027","1 x","-","-","","","","","","","","","","","","","","","","","","",""
"3344","INDRANIB","INE007C01021","1 x","-","-","","","","","","","","","","","","","","","","","","",""
"3345","EUROLED","INE940E01011","1 x","-","-","","","","","","","","","","","","","","","","","","",""
"3346","WINSOMBR","INE391C01011","1 x","-","-","","","","","","","","","","","","","","","","","","",""
"3347","ELEFLOR","INE152E01013","1 x","-","-","","","","","","","","","","","","","","","","","","",""
"3348","SKYIND","INE765B01018","1 x","-","-","","","","","","","","","","","","","","","","","","",""
"3349","BHUDEVI","INE432N01010","1 x","-","-","","","","","","","","","","","","","","","","","","",""
"3350","PRATIK","INE206C01029","1 x","-","-","","","","","","","","","","","","","","","","","","",""
"3351","RISHIROOP","INE582D01013","1 x","-","-","","","","","","","","","","","","","","","","","","",""
"3352","PROMACT","INE818D01011","1 x","-","-","","","","","","","","","","","","","","","","","","",""
"3353","ALIVUS","INE03Q201024","5 x","3.25 x","-","","","","","","","","","","","","","","","","","","",""
"3354","STRGRENWO","INE398F01019","1 x","-","-","","","","","","","","","","","","","","","","","","",""
"3355","SHAHISHIP","INE825D01016","1 x","-","-","","","","","","","","","","","","","","","","","","",""
"3356","ALPINEHOU","INE840D01015","1 x","-","-","","","","","","","","","","","","","","","","","","",""
"3357","WWALUM","INE550D01010","1 x","-","-","","","","","","","","","","","","","","","","","","",""
"3358","IIRM","INE670C01026","1 x","-","-","","","","","","","","","","","","","","","","","","",""
"3359","SFPIL","INE716K01020","1 x","-","-","","","","","","","","","","","","","","","","","","",""
"3360","SGLRES","INE967B01028","1 x","-","-","","","","","","","","","","","","","","","","","","",""
"3361","CHOKSILA","INE493D01013","1 x","-","-","","","","","","","","","","","","","","","","","","",""
"3362","CCHHL","INE652F01027","1 x","-","-","","","","","","","","","","","","","","","","","","",""
"3363","SALGUTI","INE159C01012","1 x","-","-","","","","","","","","","","","","","","","","","","",""
"3364","REMAGNET","INE519N01014","1 x","-","-","","","","","","","","","","","","","","","","","","",""
"3365","ENTRINT","INE439G01019","1 x","-","-","","","","","","","","","","","","","","","","","","",""
"3366","TPLPLASTEH","INE413G01022","5 x","1 x","-","","","","","","","","","","","","","","","","","","",""
"3367","PHOTOQUP","INE813B01016","1 x","-","-","","","","","","","","","","","","","","","","","","",""
"3368","LIPPISYS","INE845B01018","1 x","-","-","","","","","","","","","","","","","","","","","","",""
"3369","EXPOEAPL","INE561D01025","1 x","-","-","","","","","","","","","","","","","","","","","","",""
"3370","NATPLAS","INE233D01013","1 x","-","-","","","","","","","","","","","","","","","","","","",""
"3371","MFLINDIA","INE244C01020","1 x","-","-","","","","","","","","","","","","","","","","","","",""
"3372","AJWAFUN","INE863E01015","1 x","-","-","","","","","","","","","","","","","","","","","","",""
"3373","TEXELIN","INE594V01028","1 x","-","-","","","","","","","","","","","","","","","","","","",""
"3374","RAYALEMA","INE008C01011","1 x","-","-","","","","","","","","","","","","","","","","","","",""
"3375","THAKDEV","INE403F01017","1 x","-","-","","","","","","","","","","","","","","","","","","",""
"3376","BIL","INE828A01016","5 x","-","2 x","","","","","","","","","","","","","","","","","","",""
"3377","TIRTPLS","INE008N01018","1 x","-","-","","","","","","","","","","","","","","","","","","",""
"3378","KEEPLEARN","INE055C01020","1 x","-","-","","","","","","","","","","","","","","","","","","",""
"3379","ECOPLAST","INE423D01010","1 x","-","-","","","","","","","","","","","","","","","","","","",""
"3380","ELEMARB","INE095B01010","1 x","-","-","","","","","","","","","","","","","","","","","","",""
"3381","BITS","INE839A01021","1 x","-","-","","","","","","","","","","","","","","","","","","",""
"3382","ADARSHPL","INE627D01016","1 x","-","-","","","","","","","","","","","","","","","","","","",""
"3383","HPBL","INE136C01044","1 x","-","-","","","","","","","","","","","","","","","","","","",""
"3384","NICCOPAR","INE653C01022","1 x","-","-","","","","","","","","","","","","","","","","","","",""
"3385","NTCIND","INE920C01017","1 x","-","-","","","","","","","","","","","","","","","","","","",""
"3386","GARNET","INE797D01017","1 x","-","-","","","","","","","","","","","","","","","","","","",""
"3387","BRIGHTBR","INE630D01010","1 x","-","-","","","","","","","","","","","","","","","","","","",""
"3388","SHAWGELTIN","INE869A01010","1 x","-","-","","","","","","","","","","","","","","","","","","",""
"3389","PGFOILQ","INE078D01012","1 x","-","-","","","","","","","","","","","","","","","","","","",""
"3390","GRATEXI","INE915E01013","1 x","-","-","","","","","","","","","","","","","","","","","","",""
"3391","VELHO","INE548D01014","1 x","-","-","","","","","","","","","","","","","","","","","","",""
"3392","HOWARHO","INE931B01016","1 x","-","-","","","","","","","","","","","","","","","","","","",""
"3393","VALIANT","INE760B01019","1 x","-","-","","","","","","","","","","","","","","","","","","",""
"3394","DRAGARWQ","INE934C01018","5 x","-","-","","","","","","","","","","","","","","","","","","",""
"3395","MHSGRMS","INE007G01014","1 x","-","-","","","","","","","","","","","","","","","","","","",""
"3396","RAGHUNAT","INE753B01014","1 x","-","-","","","","","","","","","","","","","","","","","","",""
"3397","CHEVIOT","INE974B01016","5 x","2 x","-","","","","","","","","","","","","","","","","","","",""
"3398","DAICHI","INE928C01010","1 x","-","-","","","","","","","","","","","","","","","","","","",""
"3399","SPICEISLIN","INE882D01025","1 x","-","-","","","","","","","","","","","","","","","","","","",""
"3400","SIPL","INE413C01013","1 x","-","-","","","","","","","","","","","","","","","","","","",""
"3401","SHAKTIPR","INE794C01016","1 x","-","-","","","","","","","","","","","","","","","","","","",""
"3402","ASHSI","INE338C01012","1 x","-","-","","","","","","","","","","","","","","","","","","",""
"3403","AREXMIS","INE480H01011","1 x","-","-","","","","","","","","","","","","","","","","","","",""
"3404","BI","INE986A01012","1 x","-","-","","","","","","","","","","","","","","","","","","",""
"3405","ISFL","INE973B01026","1 x","-","-","","","","","","","","","","","","","","","","","","",""
"3406","RISHILASE","INE988D01012","1 x","-","-","","","","","","","","","","","","","","","","","","",""
"3407","KUMPFIN","INE795E01019","1 x","-","-","","","","","","","","","","","","","","","","","","",""
"3408","INTECCAP","INE017E01018","1 x","-","-","","","","","","","","","","","","","","","","","","",""
"3409","RAJSEC","INE184D01026","1 x","-","-","","","","","","","","","","","","","","","","","","",""
"3410","SIDDHEGA","INE797C01019","1 x","-","-","","","","","","","","","","","","","","","","","","",""
"3411","MKTCREAT","INE944C01017","1 x","-","-","","","","","","","","","","","","","","","","","","",""
"3412","HFIL","INE552B01010","1 x","-","-","","","","","","","","","","","","","","","","","","",""
"3413","SONALAD","INE344I01017","1 x","-","-","","","","","","","","","","","","","","","","","","",""
"3414","PADMAIND","INE743D01011","1 x","-","-","","","","","","","","","","","","","","","","","","",""
"3415","HRYNSHP","INE400G01011","1 x","-","-","","","","","","","","","","","","","","","","","","",""
"3416","TYROON","INE945B01016","1 x","-","-","","","","","","","","","","","","","","","","","","",""
"3417","LASTMILE","INE404B01022","1 x","-","-","","","","","","","","","","","","","","","","","","",""
"3418","GUJCRAFT","INE372D01019","1 x","-","-","","","","","","","","","","","","","","","","","","",""
"3419","HEERAISP","INE025D01013","1 x","-","-","","","","","","","","","","","","","","","","","","",""
"3420","DHOOTIN","INE313G01016","1 x","-","-","","","","","","","","","","","","","","","","","","",""
"3421","SHBAJRG","INE402H01015","1 x","-","-","","","","","","","","","","","","","","","","","","",""
"3422","UTIAMC","INE094J01016","5 x","3.38 x","-","","","","","","","","","","","","","","","","","","",""
"3423","SHREEPAC","INE847D01010","1 x","-","-","","","","","","","","","","","","","","","","","","",""
"3424","ROLEXRINGS","INE645S01024","5 x","2.92 x","-","","","","","","","","","","","","","","","","","","",""
"3425","PRITIKAUTO","INE583R01029","1 x","-","-","","","","","","","","","","","","","","","","","","",""
"3426","SAMYAKINT","INE607G01011","1 x","-","-","","","","","","","","","","","","","","","","","","",""
"3427","AADIIND","INE563D01013","1 x","-","-","","","","","","","","","","","","","","","","","","",""
"3428","SPARKLEGR","INE618F01010","1 x","-","-","","","","","","","","","","","","","","","","","","",""
"3429","ACKNIT","INE326C01017","1 x","-","-","","","","","","","","","","","","","","","","","","",""
"3430","TITANSEC","INE090D01017","1 x","-","-","","","","","","","","","","","","","","","","","","",""
"3431","REALECO","INE055E01034","1 x","-","-","","","","","","","","","","","","","","","","","","",""
"3432","VIVANZA","INE984E01035","1 x","-","-","","","","","","","","","","","","","","","","","","",""
"3433","YASHRAJC","INE095C01018","1 x","-","-","","","","","","","","","","","","","","","","","","",""
"3434","LORDSHOTL","INE689J01013","1 x","-","-","","","","","","","","","","","","","","","","","","",""
"3435","PURETROP","INE795D01011","1 x","-","-","","","","","","","","","","","","","","","","","","",""
"3436","ANUPAM","INE069B01023","1 x","-","-","","","","","","","","","","","","","","","","","","",""
"3437","RAJPACK","INE639C01013","1 x","-","-","","","","","","","","","","","","","","","","","","",""
"3438","PRIVISCL","INE959A01019","5 x","3.16 x","-","","","","","","","","","","","","","","","","","","",""
"3439","NATRAJPR","INE444D01016","1 x","-","-","","","","","","","","","","","","","","","","","","",""
"3440","SAMRATPH","INE103E01016","1 x","-","-","","","","","","","","","","","","","","","","","","",""
"3441","NPRFIN","INE446D01011","1 x","-","-","","","","","","","","","","","","","","","","","","",""
"3442","NILE","INE445D01013","1 x","-","2 x","","","","","","","","","","","","","","","","","","",""
"3443","AMCOIND","INE924B01011","1 x","-","-","","","","","","","","","","","","","","","","","","",""
"3444","KREONFIN","INE302C01018","1 x","-","-","","","","","","","","","","","","","","","","","","",""
"3445","GYANDEV","INE487G01018","1 x","-","-","","","","","","","","","","","","","","","","","","",""
"3446","KISAN","INE017C01012","1 x","-","-","","","","","","","","","","","","","","","","","","",""
"3447","KERALAYUR","INE817B01025","1 x","-","-","","","","","","","","","","","","","","","","","","",""
"3448","MONGIPA","INE153K01018","1 x","-","-","","","","","","","","","","","","","","","","","","",""
"3449","MOHITPPR","INE388C01017","1 x","-","-","","","","","","","","","","","","","","","","","","",""
"3450","DAULAT","INE108C01019","1 x","-","-","","","","","","","","","","","","","","","","","","",""
"3451","ODYSSEY","INE213B01019","1 x","-","-","","","","","","","","","","","","","","","","","","",""
"3452","RSCINT","INE015F01019","1 x","-","-","","","","","","","","","","","","","","","","","","",""
"3453","SURATRAML","INE936A01025","1 x","-","-","","","","","","","","","","","","","","","","","","",""
"3454","ATHARVENT","INE354E01031","1 x","-","-","","","","","","","","","","","","","","","","","","",""
"3455","FUNDVISER","INE365H01014","1 x","-","-","","","","","","","","","","","","","","","","","","",""
"3456","KALLAM","INE629F01025","1 x","-","-","","","","","","","","","","","","","","","","","","",""
"3457","BRAWN","INE899B01015","1 x","-","-","","","","","","","","","","","","","","","","","","",""
"3458","FORINTL","INE501D01013","1 x","-","-","","","","","","","","","","","","","","","","","","",""
"3459","KINGSINFR","INE050N01010","1 x","-","-","","","","","","","","","","","","","","","","","","",""
"3460","SWOJAS","INE295B01016","1 x","-","-","","","","","","","","","","","","","","","","","","",""
"3461","SUBSM","INE690D01014","1 x","-","-","","","","","","","","","","","","","","","","","","",""
"3462","AUROLAB","INE292C01011","1 x","-","-","","","","","","","","","","","","","","","","","","",""
"3463","KJMCFIN","INE533C01018","1 x","-","-","","","","","","","","","","","","","","","","","","",""
"3464","ARYAMAN","INE032E01017","1 x","-","-","","","","","","","","","","","","","","","","","","",""
"3465","BRIDGESE","INE958C01025","1 x","-","-","","","","","","","","","","","","","","","","","","",""
"3466","RISAINTL","INE001O01029","1 x","-","-","","","","","","","","","","","","","","","","","","",""
"3467","RAJTUBE","INE497E01020","1 x","-","-","","","","","","","","","","","","","","","","","","",""
"3468","KAYPOWR","INE961B01013","1 x","-","-","","","","","","","","","","","","","","","","","","",""
"3469","INTSTOIL","INE003B01014","1 x","-","-","","","","","","","","","","","","","","","","","","",""
"3470","GLOBALCA","INE062C01042","1 x","-","-","","","","","","","","","","","","","","","","","","",""
"3471","SAINIK","INE584B01013","1 x","-","-","","","","","","","","","","","","","","","","","","",""
"3472","ARIGATO","INE021N01011","1 x","-","-","","","","","","","","","","","","","","","","","","",""
"3473","SPCAPIT","INE102F01015","1 x","-","-","","","","","","","","","","","","","","","","","","",""
"3474","SHRAJOI","INE418K01015","1 x","-","-","","","","","","","","","","","","","","","","","","",""
"3475","KOTHARIPRO","INE823A01017","1 x","-","2 x","","","","","","","","","","","","","","","","","","",""
"3476","PICCADIL","INE546C01010","5 x","2.78 x","-","","","","","","","","","","","","","","","","","","",""
"3477","CHANDRAP","INE368D01025","1 x","-","-","","","","","","","","","","","","","","","","","","",""
"3478","KIMIABL","INE285U01025","1 x","-","-","","","","","","","","","","","","","","","","","","",""
"3479","HINDTIN","INE428D01019","1 x","-","-","","","","","","","","","","","","","","","","","","",""
"3480","GODAVARI","INE362C01012","1 x","-","-","","","","","","","","","","","","","","","","","","",""
"3481","PREMCO","INE001E01012","1 x","-","-","","","","","","","","","","","","","","","","","","",""
"3482","MUKESHB","INE596B01017","1 x","-","-","","","","","","","","","","","","","","","","","","",""
"3483","ASIANENE","INE276G01015","5 x","2.5 x","-","","","","","","","","","","","","","","","","","","",""
"3484","KBSINDIA","INE883D01023","1 x","-","-","","","","","","","","","","","","","","","","","","",""
"3485","PRABHHANS","INE428P01013","1 x","-","-","","","","","","","","","","","","","","","","","","",""
"3486","NRBBEARING","INE349A01021","5 x","2.5 x","-","","","","","","","","","","","","","","","","","","",""
"3487","VAMSHIRU","INE380C01014","1 x","-","-","","","","","","","","","","","","","","","","","","",""
"3488","NILAINFRA","INE937C01029","2 x","-","2 x","","","","","","","","","","","","","","","","","","",""
"3489","VINYOFL","INE526H01011","1 x","-","-","","","","","","","","","","","","","","","","","","",""
"3490","JINDCAP","INE356F01017","1 x","-","-","","","","","","","","","","","","","","","","","","",""
"3491","EPIC","INE932F01015","1 x","-","-","","","","","","","","","","","","","","","","","","",""
"3492","SUMEDHA","INE886B01012","1 x","-","-","","","","","","","","","","","","","","","","","","",""
"3493","KUWERIN","INE430F01010","1 x","-","-","","","","","","","","","","","","","","","","","","",""
"3494","CHOKSI","INE865B01016","1 x","-","-","","","","","","","","","","","","","","","","","","",""
"3495","ASHISHPO","INE831C01016","1 x","-","-","","","","","","","","","","","","","","","","","","",""
"3496","SHIVAAGRO","INE960E01019","1 x","-","-","","","","","","","","","","","","","","","","","","",""
"3497","SIDDHA","INE140C01012","1 x","-","-","","","","","","","","","","","","","","","","","","",""
"3498","KIRANSY-B","INE293D01017","1 x","-","-","","","","","","","","","","","","","","","","","","",""
"3499","SUMERUIND","INE764B01029","1 x","-","-","","","","","","","","","","","","","","","","","","",""
"3500","RUNGTAIR","INE347C01013","1 x","-","-","","","","","","","","","","","","","","","","","","",""
"3501","GTTDATA","INE959B01017","1 x","-","-","","","","","","","","","","","","","","","","","","",""
"3502","VALSONQ","INE808A01018","1 x","-","-","","","","","","","","","","","","","","","","","","",""
"3503","SABOOSOD","INE440C01016","1 x","-","-","","","","","","","","","","","","","","","","","","",""
"3504","TINNARUBR","INE015C01016","5 x","2.5 x","-","","","","","","","","","","","","","","","","","","",""
"3505","VIKRAMTH","INE337E01010","1 x","-","-","","","","","","","","","","","","","","","","","","",""
"3506","STRATMONT","INE473C01025","1 x","-","-","","","","","","","","","","","","","","","","","","",""
"3507","AKCAPIT","INE701G01012","1 x","-","-","","","","","","","","","","","","","","","","","","",""
"3508","VIRAT","INE467D01017","1 x","-","-","","","","","","","","","","","","","","","","","","",""
"3509","RRETAIL","INE786J01033","1 x","-","-","","","","","","","","","","","","","","","","","","",""
"3510","TERAI","INE390D01011","1 x","-","-","","","","","","","","","","","","","","","","","","",""
"3511","MANRAJH","INE948I01015","1 x","-","-","","","","","","","","","","","","","","","","","","",""
"3512","COSCO","INE949B01018","1 x","-","-","","","","","","","","","","","","","","","","","","",""
"3513","NCLRESE","INE132F01038","1 x","-","-","","","","","","","","","","","","","","","","","","",""
"3514","EXPLICITFIN","INE335G01019","1 x","-","-","","","","","","","","","","","","","","","","","","",""
"3515","LADDERUP","INE519D01015","1 x","-","-","","","","","","","","","","","","","","","","","","",""
"3516","SWASTIKA","INE691C01022","1 x","-","-","","","","","","","","","","","","","","","","","","",""
"3517","PRIMAPLA","INE573B01016","1 x","-","-","","","","","","","","","","","","","","","","","","",""
"3518","TELECANOR","INE381G01013","1 x","-","-","","","","","","","","","","","","","","","","","","",""
"3519","FMCGIETF","INF109KC19V3","5 x","3.77 x","-","","","","","","","","","","","","","","","","","","",""
"3520","JAGSONSER","INE582C01015","1 x","-","-","","","","","","","","","","","","","","","","","","",""
"3521","GARGFUR","INE194E01015","1 x","-","-","","","","","","","","","","","","","","","","","","",""
"3522","SAMPRE","INE375C01022","1 x","-","-","","","","","","","","","","","","","","","","","","",""
"3523","AAIL","INE864E01021","1 x","-","-","","","","","","","","","","","","","","","","","","",""
"3524","VIPULORG","INE834D01018","1 x","-","-","","","","","","","","","","","","","","","","","","",""
"3525","ECORECO","INE316A01038","5 x","-","-","","","","","","","","","","","","","","","","","","",""
"3526","GOODLUCK","INE127I01024","5 x","2.7 x","-","","","","","","","","","","","","","","","","","","",""
"3527","GOYALASS","INE912B01032","1 x","-","-","","","","","","","","","","","","","","","","","","",""
"3528","ZENITHHE","INE812B01026","1 x","-","-","","","","","","","","","","","","","","","","","","",""
"3529","YORKEXP","INE057Q01018","1 x","-","-","","","","","","","","","","","","","","","","","","",""
"3530","KROWNIQ","INE624M01014","1 x","-","-","","","","","","","","","","","","","","","","","","",""
"3531","PRIMEPRO","INE233C01023","1 x","-","-","","","","","","","","","","","","","","","","","","",""
"3532","ZENLABS","INE546F01013","1 x","-","-","","","","","","","","","","","","","","","","","","",""
"3533","RAJRILTD","INE533D01032","1 x","-","-","","","","","","","","","","","","","","","","","","",""
"3534","GOWRALE","INE225G01012","1 x","-","-","","","","","","","","","","","","","","","","","","",""
"3535","JAGANLAM","INE144C01014","1 x","-","-","","","","","","","","","","","","","","","","","","",""
"3536","ASITCFIN","INE041B01014","1 x","-","-","","","","","","","","","","","","","","","","","","",""
"3537","ENCODE","INE900O01014","1 x","-","-","","","","","","","","","","","","","","","","","","",""
"3538","SUPERBAK","INE897A01011","1 x","-","-","","","","","","","","","","","","","","","","","","",""
"3539","OVOBELE","INE812S01012","1 x","-","-","","","","","","","","","","","","","","","","","","",""
"3540","ACSTECH","INE366C01021","1 x","-","-","","","","","","","","","","","","","","","","","","",""
"3541","CHALLANI","INE807A01010","1 x","-","-","","","","","","","","","","","","","","","","","","",""
"3542","CORNE","INE715D01019","1 x","-","-","","","","","","","","","","","","","","","","","","",""
"3543","STERTOOLS","INE334A01023","5 x","-","-","","","","","","","","","","","","","","","","","","",""
"3544","AGARWAL","INE510B01018","1 x","-","-","","","","","","","","","","","","","","","","","","",""
"3545","DYNAMICP","INE118C01018","1 x","-","-","","","","","","","","","","","","","","","","","","",""
"3546","INLANPR","INE055O01033","1 x","-","-","","","","","","","","","","","","","","","","","","",""
"3547","CEEJAY","INE358C01010","1 x","-","-","","","","","","","","","","","","","","","","","","",""
"3548","SUNCITYSY","INE584D01019","1 x","-","-","","","","","","","","","","","","","","","","","","",""
"3549","SHGANEL","INE400N01017","1 x","-","-","","","","","","","","","","","","","","","","","","",""
"3550","ANNAINFRA","INE336D01014","1 x","-","-","","","","","","","","","","","","","","","","","","",""
"3551","OIVL","INE125F01032","1 x","-","-","","","","","","","","","","","","","","","","","","",""
"3552","BNRUDY","INE355C01016","1 x","-","-","","","","","","","","","","","","","","","","","","",""
"3553","SSPDL","INE838C01011","1 x","-","-","","","","","","","","","","","","","","","","","","",""
"3554","DAIKAFFI","INE789B01018","1 x","-","-","","","","","","","","","","","","","","","","","","",""
"3555","CILSEC","INE830A01012","1 x","-","-","","","","","","","","","","","","","","","","","","",""
"3556","SUNSHIEL","INE199E01014","1 x","-","-","","","","","","","","","","","","","","","","","","",""
"3557","GDLLEAS","INE545E01018","1 x","-","-","","","","","","","","","","","","","","","","","","",""
"3558","CIFL","INE345H01024","5 x","2 x","-","","","","","","","","","","","","","","","","","","",""
"3559","ABVL","INE485K01022","1 x","-","-","","","","","","","","","","","","","","","","","","",""
"3560","SUCROSA","INE366G01022","1 x","-","-","","","","","","","","","","","","","","","","","","",""
"3561","NGIND","INE825C01018","1 x","-","-","","","","","","","","","","","","","","","","","","",""
"3562","ASIAPAK","INE784M01016","1 x","-","-","","","","","","","","","","","","","","","","","","",""
"3563","SICAPIT","INE417F01017","1 x","-","-","","","","","","","","","","","","","","","","","","",""
"3564","ERPSOFT","INE308B01017","1 x","-","-","","","","","","","","","","","","","","","","","","",""
"3565","RRSECUR","INE474H01014","1 x","-","-","","","","","","","","","","","","","","","","","","",""
"3566","INTETHR","INE038N01015","1 x","-","-","","","","","","","","","","","","","","","","","","",""
"3567","RAMSONS","INE609D01014","1 x","-","-","","","","","","","","","","","","","","","","","","",""
"3568","HARAFIN","INE737G01016","1 x","-","-","","","","","","","","","","","","","","","","","","",""
"3569","STANPACK","INE457D01018","1 x","-","-","","","","","","","","","","","","","","","","","","",""
"3570","RAMINFO","INE357B01022","1 x","-","-","","","","","","","","","","","","","","","","","","",""
"3571","SUNILAGR","INE224D01012","1 x","-","-","","","","","","","","","","","","","","","","","","",""
"3572","DIANATEA","INE012E01035","1 x","-","-","","","","","","","","","","","","","","","","","","",""
"3573","ALFAICA","INE042C01010","1 x","-","-","","","","","","","","","","","","","","","","","","",""
"3574","SKCIL","INE260E01014","1 x","-","-","","","","","","","","","","","","","","","","","","",""
"3575","INDIAHOME","INE274E01015","1 x","-","-","","","","","","","","","","","","","","","","","","",""
"3576","ROOPAIND","INE443C01010","1 x","-","-","","","","","","","","","","","","","","","","","","",""
"3577","UNIQUEO","INE333E01019","1 x","-","-","","","","","","","","","","","","","","","","","","",""
"3578","SWRNASE","INE595G01018","1 x","-","-","","","","","","","","","","","","","","","","","","",""
"3579","VENMAX","INE154G01022","1 x","-","-","","","","","","","","","","","","","","","","","","",""
"3580","ARISE","INE190D01015","1 x","-","-","","","","","","","","","","","","","","","","","","",""
"3581","VISAGAR","INE309H01038","1 x","-","-","","","","","","","","","","","","","","","","","","",""
"3582","LIBORD","INE267E01019","1 x","-","-","","","","","","","","","","","","","","","","","","",""
"3583","REGAL","INE101E01010","1 x","-","-","","","","","","","","","","","","","","","","","","",""
"3584","EBIX","INE432F01032","1 x","-","-","","","","","","","","","","","","","","","","","","",""
"3585","COMPEAU","INE823B01015","1 x","-","-","","","","","","","","","","","","","","","","","","",""
"3586","ZDHJERK","INE239F01015","1 x","-","-","","","","","","","","","","","","","","","","","","",""
"3587","NEELKAN","INE741D01015","1 x","-","-","","","","","","","","","","","","","","","","","","",""
"3588","VINTAGES","INE153C01015","1 x","-","-","","","","","","","","","","","","","","","","","","",""
"3589","CONTILI","INE080G01029","1 x","-","-","","","","","","","","","","","","","","","","","","",""
"3590","VIJSOLX","INE362D01010","1 x","-","-","","","","","","","","","","","","","","","","","","",""
"3591","SHRIKRISH","INE997I01012","1 x","-","-","","","","","","","","","","","","","","","","","","",""
"3592","ALANKIT","INE914E01040","2 x","-","-","","","","","","","","","","","","","","","","","","",""
"3593","NIHARINF","INE876E01033","1 x","-","-","","","","","","","","","","","","","","","","","","",""
"3594","UNITDCR","INE858C01027","1 x","-","-","","","","","","","","","","","","","","","","","","",""
"3595","CENTUPLE","INE396H01019","1 x","-","-","","","","","","","","","","","","","","","","","","",""
"3596","GOTHIPL","INE538G01018","1 x","-","-","","","","","","","","","","","","","","","","","","",""
"3597","CEENIK","INE418D01010","1 x","-","-","","","","","","","","","","","","","","","","","","",""
"3598","KATIPATANG","INE237C01016","1 x","-","-","","","","","","","","","","","","","","","","","","",""
"3599","MENAMANI","INE148B01033","1 x","-","-","","","","","","","","","","","","","","","","","","",""
"3600","INANI","INE635D01027","1 x","-","-","","","","","","","","","","","","","","","","","","",""
"3601","GEMSI","INE503D01027","1 x","-","-","","","","","","","","","","","","","","","","","","",""
"3602","ELFORGE","INE158F01017","1 x","-","-","","","","","","","","","","","","","","","","","","",""
"3603","MEDICAMEQ","INE646B01010","5 x","-","-","","","","","","","","","","","","","","","","","","",""
"3604","DILIGENT","INE650C01036","1 x","-","-","","","","","","","","","","","","","","","","","","",""
"3605","ALFAVIO","INE883B01027","1 x","-","-","","","","","","","","","","","","","","","","","","",""
"3606","ORGCOAT","INE412E01011","1 x","-","-","","","","","","","","","","","","","","","","","","",""
"3607","CATVISION","INE660B01011","1 x","-","-","","","","","","","","","","","","","","","","","","",""
"3608","ABMKNO","INE850B01026","1 x","-","-","","","","","","","","","","","","","","","","","","",""
"3609","KEMISTAR","INE971L01029","1 x","-","-","","","","","","","","","","","","","","","","","","",""
"3610","ASSOCER","INE771E01010","1 x","-","-","","","","","","","","","","","","","","","","","","",""
"3611","SKPSEC","INE709B01016","1 x","-","-","","","","","","","","","","","","","","","","","","",""
"3612","SYSCHEM","INE121D01036","1 x","-","-","","","","","","","","","","","","","","","","","","",""
"3613","MEFCOMCAP","INE186C01023","1 x","-","-","","","","","","","","","","","","","","","","","","",""
"3614","HEMANG","INE930A01010","1 x","-","-","","","","","","","","","","","","","","","","","","",""
"3615","EFORU","INE355H01015","1 x","-","-","","","","","","","","","","","","","","","","","","",""
"3616","GLANCE","INE580D01017","1 x","-","-","","","","","","","","","","","","","","","","","","",""
"3617","SHILCTECH","INE024F01011","5 x","2.5 x","-","","","","","","","","","","","","","","","","","","",""
"3618","TRADEWELL","INE819G01012","1 x","-","-","","","","","","","","","","","","","","","","","","",""
"3619","SPRIGHT","INE179O01031","1 x","-","-","","","","","","","","","","","","","","","","","","",""
"3620","COLINZ","INE923C01011","1 x","-","-","","","","","","","","","","","","","","","","","","",""
"3621","NLFL","INE606C01012","1 x","-","-","","","","","","","","","","","","","","","","","","",""
"3622","RTSPOWR","INE005C01017","1 x","-","-","","","","","","","","","","","","","","","","","","",""
"3623","COMFINTE","INE819A01049","1 x","-","-","","","","","","","","","","","","","","","","","","",""
"3624","SHYAMACOMP","INE861E01019","1 x","-","-","","","","","","","","","","","","","","","","","","",""
"3625","MAYURFL","INE262W01012","1 x","-","-","","","","","","","","","","","","","","","","","","",""
"3626","ANJANI","INE364D01032","1 x","-","-","","","","","","","","","","","","","","","","","","",""
"3627","DECOMIC","INE907E01010","1 x","-","-","","","","","","","","","","","","","","","","","","",""
"3628","RANDER","INE821D01031","1 x","-","-","","","","","","","","","","","","","","","","","","",""
"3629","RASIELEC","INE822D01021","1 x","-","-","","","","","","","","","","","","","","","","","","",""
"3630","SCOOBEEDAY","INE962E01015","1 x","-","-","","","","","","","","","","","","","","","","","","",""
"3631","CITIPOR","INE494D01011","1 x","-","-","","","","","","","","","","","","","","","","","","",""
"3632","DHRUVCA","INE972E01014","1 x","-","-","","","","","","","","","","","","","","","","","","",""
"3633","LINC","INE802B01027","5 x","-","2 x","","","","","","","","","","","","","","","","","","",""
"3634","PRIMAIN","INE723N01012","1 x","-","-","","","","","","","","","","","","","","","","","","",""
"3635","INDGELA","INE342D01012","1 x","-","-","","","","","","","","","","","","","","","","","","",""
"3636","OPTIFIN","INE031G01022","1 x","-","-","","","","","","","","","","","","","","","","","","",""
"3637","PARAGONF","INE015E01012","1 x","-","-","","","","","","","","","","","","","","","","","","",""
"3638","VELLORA","INE530D01012","1 x","-","-","","","","","","","","","","","","","","","","","","",""
"3639","EQUILATERA","INE060N01019","1 x","-","-","","","","","","","","","","","","","","","","","","",""
"3640","B2BSOFT","INE151B01011","1 x","-","-","","","","","","","","","","","","","","","","","","",""
"3641","NIKKIGL","INE526C01012","1 x","-","-","","","","","","","","","","","","","","","","","","",""
"3642","RADHEDE","INE986B01044","1 x","-","-","","","","","","","","","","","","","","","","","","",""
"3643","ELIXIR","INE785D01012","1 x","-","-","","","","","","","","","","","","","","","","","","",""
"3644","TRISHAKT","INE238C01022","1 x","-","-","","","","","","","","","","","","","","","","","","",""
"3645","PANKAJPO","INE698B01011","1 x","-","-","","","","","","","","","","","","","","","","","","",""
"3646","MARBLE","INE807H01023","1 x","-","-","","","","","","","","","","","","","","","","","","",""
"3647","CINDRELL","INE897D01015","1 x","-","-","","","","","","","","","","","","","","","","","","",""
"3648","ADHHATA","INE586D01014","1 x","-","-","","","","","","","","","","","","","","","","","","",""
"3649","NATPLASTI","INE896D01017","1 x","-","-","","","","","","","","","","","","","","","","","","",""
"3650","LEADFIN","INE531D01010","1 x","-","-","","","","","","","","","","","","","","","","","","",""
"3651","NATFIT","INE643C01015","1 x","-","-","","","","","","","","","","","","","","","","","","",""
"3652","ARTEFACT","INE885B01014","1 x","-","-","","","","","","","","","","","","","","","","","","",""
"3653","NUTECGLOB","INE960H01012","1 x","-","-","","","","","","","","","","","","","","","","","","",""
"3654","DHPIND","INE590D01016","1 x","-","-","","","","","","","","","","","","","","","","","","",""
"3655","RRIL","INE951M01037","1 x","-","-","","","","","","","","","","","","","","","","","","",""
"3656","AVAILFC","INE325G01010","1 x","-","-","","","","","","","","","","","","","","","","","","",""
"3657","INTCAPL","INE366H01012","1 x","-","-","","","","","","","","","","","","","","","","","","",""
"3658","MGIL","INE368C01019","1 x","-","-","","","","","","","","","","","","","","","","","","",""
"3659","HAVISHA","INE293B01029","1 x","-","-","","","","","","","","","","","","","","","","","","",""
"3660","JAYIND","INE250D01017","1 x","-","-","","","","","","","","","","","","","","","","","","",""
"3661","ROSELABS","INE475C01012","1 x","-","-","","","","","","","","","","","","","","","","","","",""
"3662","KRETTOSYS","INE128R01023","1 x","-","-","","","","","","","","","","","","","","","","","","",""
"3663","VIKALPS","INE186E01011","1 x","-","-","","","","","","","","","","","","","","","","","","",""
"3664","MILESTONE","INE151H01018","1 x","-","-","","","","","","","","","","","","","","","","","","",""
"3665","BERVINL","INE348I01018","1 x","-","-","","","","","","","","","","","","","","","","","","",""
"3666","GUJINV","INE373D01017","1 x","-","-","","","","","","","","","","","","","","","","","","",""
"3667","EASTRED","INE500D01015","1 x","-","-","","","","","","","","","","","","","","","","","","",""
"3668","PEETISEC","INE328D01011","1 x","-","-","","","","","","","","","","","","","","","","","","",""
"3669","MERCURYEV","INE763M01028","5 x","-","-","","","","","","","","","","","","","","","","","","",""
"3670","CHOICEIN","INE102B01014","5 x","3.33 x","-","","","","","","","","","","","","","","","","","","",""
"3671","SRAMSET","INE777G01012","1 x","-","-","","","","","","","","","","","","","","","","","","",""
"3672","GOLECHA","INE427D01011","1 x","-","-","","","","","","","","","","","","","","","","","","",""
"3673","EKANSH","INE005E01013","1 x","-","-","","","","","","","","","","","","","","","","","","",""
"3674","SPAR","INE960B01015","1 x","-","-","","","","","","","","","","","","","","","","","","",""
"3675","BYKE","INE319B01014","1 x","-","-","","","","","","","","","","","","","","","","","","",""
"3676","CSURGSU","INE405H01018","1 x","-","-","","","","","","","","","","","","","","","","","","",""
"3677","HASTIFIN","INE671D01014","1 x","-","-","","","","","","","","","","","","","","","","","","",""
"3678","UPSURGE","INE890B01014","1 x","-","-","","","","","","","","","","","","","","","","","","",""
"3679","PADAMCO","INE448D01025","1 x","-","-","","","","","","","","","","","","","","","","","","",""
"3680","WOMENNET","INE905B01010","1 x","-","-","","","","","","","","","","","","","","","","","","",""
"3681","POLYCON","INE262C01014","1 x","-","-","","","","","","","","","","","","","","","","","","",""
"3682","SOURCENTRL","INE679C01027","1 x","-","-","","","","","","","","","","","","","","","","","","",""
"3683","GGAUTO","INE493B01017","1 x","-","-","","","","","","","","","","","","","","","","","","",""
"3684","LWSKNIT","INE281M01013","1 x","-","-","","","","","","","","","","","","","","","","","","",""
"3685","ANSINDUS","INE234J01018","1 x","-","-","","","","","","","","","","","","","","","","","","",""
"3686","TUNITEX","INE560D01027","1 x","-","-","","","","","","","","","","","","","","","","","","",""
"3687","RADIXIND","INE576N01014","1 x","-","-","","","","","","","","","","","","","","","","","","",""
"3688","NARPROP","INE603F01012","1 x","-","-","","","","","","","","","","","","","","","","","","",""
"3689","MEGACOR","INE804B01023","1 x","-","-","","","","","","","","","","","","","","","","","","",""
"3690","SYTIXSE","INE07P301011","1 x","-","-","","","","","","","","","","","","","","","","","","",""
"3691","SUNGOLD","INE271D01013","1 x","-","-","","","","","","","","","","","","","","","","","","",""
"3692","SAFFRON","INE474D01013","1 x","-","-","","","","","","","","","","","","","","","","","","",""
"3693","PWASML","INE523I01016","1 x","-","-","","","","","","","","","","","","","","","","","","",""
"3694","GOLDTECH","INE805A01014","1 x","-","-","","","","","","","","","","","","","","","","","","",""
"3695","LYONSCO","INE100F01019","1 x","-","-","","","","","","","","","","","","","","","","","","",""
"3696","POLYLINK","INE323D01020","1 x","-","-","","","","","","","","","","","","","","","","","","",""
"3697","MINAXI","INE952C01028","1 x","-","-","","","","","","","","","","","","","","","","","","",""
"3698","BOSTON","INE109B01019","1 x","-","-","","","","","","","","","","","","","","","","","","",""
"3699","CONTICON","INE545B01022","1 x","-","-","","","","","","","","","","","","","","","","","","",""
"3700","NOUVEAU","INE317B01042","1 x","-","-","","","","","","","","","","","","","","","","","","",""
"3701","DUKEOFS","INE397G01019","1 x","-","-","","","","","","","","","","","","","","","","","","",""
"3702","CYBELEIND","INE183D01010","1 x","-","-","","","","","","","","","","","","","","","","","","",""
"3703","CGVAK","INE084D01010","1 x","-","-","","","","","","","","","","","","","","","","","","",""
"3704","BLUECOAST","INE472B01011","1 x","-","-","","","","","","","","","","","","","","","","","","",""
"3705","SYBLY","INE080D01042","1 x","-","-","","","","","","","","","","","","","","","","","","",""
"3706","RAJESHEXPO","INE343B01030","1 x","-","-","","","","","","","","","","","","","","","","","","",""
"3707","ESARIND","INE404L01039","1 x","-","-","","","","","","","","","","","","","","","","","","",""
"3708","MARIS","INE866D01010","1 x","-","-","","","","","","","","","","","","","","","","","","",""
"3709","INDERGR","INE628F01019","1 x","-","-","","","","","","","","","","","","","","","","","","",""
"3710","SKRABUL","INE561E01015","1 x","-","-","","","","","","","","","","","","","","","","","","",""
"3711","STEP2COR","INE623D01015","1 x","-","-","","","","","","","","","","","","","","","","","","",""
"3712","ORIENTTR","INE681D01039","1 x","-","-","","","","","","","","","","","","","","","","","","",""
"3713","VIKASPROP","INE767B01022","1 x","-","-","","","","","","","","","","","","","","","","","","",""
"3714","DESHRAK","INE971E01016","1 x","-","-","","","","","","","","","","","","","","","","","","",""
"3715","ACESOFT","INE849B01010","1 x","-","-","","","","","","","","","","","","","","","","","","",""
"3716","SOFTRAKV","INE562E01021","1 x","-","-","","","","","","","","","","","","","","","","","","",""
"3717","ACCEDERE","INE578B01015","1 x","-","-","","","","","","","","","","","","","","","","","","",""
"3718","MIZVEN","INE681K01026","1 x","-","-","","","","","","","","","","","","","","","","","","",""
"3719","RISHDIGA","INE864D01015","1 x","-","-","","","","","","","","","","","","","","","","","","",""
"3720","MAINFRA","INE392G01028","1 x","-","-","","","","","","","","","","","","","","","","","","",""
"3721","JHACC","INE865D01012","1 x","-","-","","","","","","","","","","","","","","","","","","",""
"3722","RAGHUTOB","INE754B01012","1 x","-","-","","","","","","","","","","","","","","","","","","",""
"3723","DRL","INE193D01019","1 x","-","-","","","","","","","","","","","","","","","","","","",""
"3724","AMITSEC","INE137E01014","1 x","-","-","","","","","","","","","","","","","","","","","","",""
"3725","SANJIVIN","INE860D01013","1 x","-","-","","","","","","","","","","","","","","","","","","",""
"3726","KMFBLDR","INE580H01026","1 x","-","-","","","","","","","","","","","","","","","","","","",""
"3727","BERYLSE","INE508J01015","1 x","-","-","","","","","","","","","","","","","","","","","","",""
"3728","RAP","INE483D01014","1 x","-","-","","","","","","","","","","","","","","","","","","",""
"3729","DEVINE","INE455C01014","1 x","-","-","","","","","","","","","","","","","","","","","","",""
"3730","BAMPSL","INE802A01037","1 x","-","-","","","","","","","","","","","","","","","","","","",""
"3731","GENPHARMA","INE861N01036","1 x","-","-","","","","","","","","","","","","","","","","","","",""
"3732","MIDPOLY","INE046M01036","1 x","-","-","","","","","","","","","","","","","","","","","","",""
"3733","GOGIACAPGL","INE832C01014","1 x","-","-","","","","","","","","","","","","","","","","","","",""
"3734","GORANIN","INE792J01015","1 x","-","-","","","","","","","","","","","","","","","","","","",""
"3735","KGPETRO","INE902G01016","1 x","-","-","","","","","","","","","","","","","","","","","","",""
"3736","UFMINDL","INE832E01010","1 x","-","-","","","","","","","","","","","","","","","","","","",""
"3737","STARCOM","INE347I01010","1 x","-","-","","","","","","","","","","","","","","","","","","",""
"3738","OROSMITHS","INE628B01034","1 x","-","-","","","","","","","","","","","","","","","","","","",""
"3739","SILVOAK","INE870J01019","1 x","-","-","","","","","","","","","","","","","","","","","","",""
"3740","PRAVEG","INE722B01019","5 x","-","-","","","","","","","","","","","","","","","","","","",""
"3741","SICL","INE936N01010","1 x","-","-","","","","","","","","","","","","","","","","","","",""
"3742","TOKYOFIN","INE546D01018","1 x","-","-","","","","","","","","","","","","","","","","","","",""
"3743","NATGENI","INE654H01011","1 x","-","-","","","","","","","","","","","","","","","","","","",""
"3744","UVS","INE528C01018","1 x","-","-","","","","","","","","","","","","","","","","","","",""
"3745","ABATEAS","INE454E01013","1 x","-","-","","","","","","","","","","","","","","","","","","",""
"3746","YUVRAAJHPL","INE139D01020","1 x","-","-","","","","","","","","","","","","","","","","","","",""
"3747","RRMETAL","INE117K01013","1 x","-","-","","","","","","","","","","","","","","","","","","",""
"3748","VISIONCO","INE661D01015","1 x","-","-","","","","","","","","","","","","","","","","","","",""
"3749","KARNAWATI","INE214D01021","1 x","-","-","","","","","","","","","","","","","","","","","","",""
"3750","INANISEC","INE224C01014","1 x","-","-","","","","","","","","","","","","","","","","","","",""
"3751","ANKIN","INE067C01025","1 x","-","-","","","","","","","","","","","","","","","","","","",""
"3752","MAYUR","INE799E01011","1 x","-","-","","","","","","","","","","","","","","","","","","",""
"3753","AMERISE","INE673C01020","1 x","-","-","","","","","","","","","","","","","","","","","","",""
"3754","PRITHVIEXCH","INE621B01021","1 x","-","-","","","","","","","","","","","","","","","","","","",""
"3755","RAINBOWF","INE230F01014","1 x","-","-","","","","","","","","","","","","","","","","","","",""
"3756","VSDCONF","INE489F01016","1 x","-","-","","","","","","","","","","","","","","","","","","",""
"3757","TRICOMFRU","INE843F01014","1 x","-","-","","","","","","","","","","","","","","","","","","",""
"3758","BHAGCHEM","INE414D01027","5 x","2.5 x","-","","","","","","","","","","","","","","","","","","",""
"3759","PANCHSHEEL","INE316G01019","1 x","-","-","","","","","","","","","","","","","","","","","","",""
"3760","MENNPIS","INE650G01029","1 x","-","-","","","","","","","","","","","","","","","","","","",""
"3761","PRISMFN","INE429Q01019","1 x","-","-","","","","","","","","","","","","","","","","","","",""
"3762","GREENCREST","INE414C01045","1 x","-","-","","","","","","","","","","","","","","","","","","",""
"3763","GENNEX","INE509C01026","1 x","-","-","","","","","","","","","","","","","","","","","","",""
"3764","HIRAUTO","INE258Z01013","1 x","-","-","","","","","","","","","","","","","","","","","","",""
"3765","GINISILK","INE548B01018","1 x","-","-","","","","","","","","","","","","","","","","","","",""
"3766","BIOGEN","INE703D01023","1 x","-","-","","","","","","","","","","","","","","","","","","",""
"3767","GKCONS","INE131D01019","1 x","-","-","","","","","","","","","","","","","","","","","","",""
"3768","UNJHAFOR","INE576D01015","1 x","-","-","","","","","","","","","","","","","","","","","","",""
"3769","PFLINFOTC","INE600F01018","1 x","-","-","","","","","","","","","","","","","","","","","","",""
"3770","SHRADDHA","INE311M01018","1 x","-","2 x","","","","","","","","","","","","","","","","","","",""
"3771","KACHCHH","INE059E01010","1 x","-","-","","","","","","","","","","","","","","","","","","",""
"3772","PADALPO","INE630U01014","1 x","-","-","","","","","","","","","","","","","","","","","","",""
"3773","KACL","INE229G01022","1 x","-","-","","","","","","","","","","","","","","","","","","",""
"3774","KCLINFRA","INE469F01026","1 x","-","-","","","","","","","","","","","","","","","","","","",""
"3775","SESHACHAL","INE331F01028","1 x","-","-","","","","","","","","","","","","","","","","","","",""
"3776","SCANPRO","INE393D01015","1 x","-","-","","","","","","","","","","","","","","","","","","",""
"3777","PRERINFRA","INE426H01014","1 x","-","-","","","","","","","","","","","","","","","","","","",""
"3778","METALCO","INE161E01014","1 x","-","-","","","","","","","","","","","","","","","","","","",""
"3779","SGNTE","INE266C01023","1 x","-","-","","","","","","","","","","","","","","","","","","",""
"3780","GANGAPA","INE278O01015","1 x","-","-","","","","","","","","","","","","","","","","","","",""
"3781","TIRSARJ","INE297J01023","1 x","-","-","","","","","","","","","","","","","","","","","","",""
"3782","MUNOTHFI","INE348D01019","1 x","-","-","","","","","","","","","","","","","","","","","","",""
"3783","RODIUM","INE513E01024","1 x","-","-","","","","","","","","","","","","","","","","","","",""
"3784","NATHUEC","INE487B01019","1 x","-","-","","","","","","","","","","","","","","","","","","",""
"3785","IECEDU","INE172B01017","1 x","-","-","","","","","","","","","","","","","","","","","","",""
"3786","INDUSFINL","INE935D01013","1 x","-","-","","","","","","","","","","","","","","","","","","",""
"3787","LAHOTIOV","INE515C01023","1 x","-","-","","","","","","","","","","","","","","","","","","",""
"3788","TRINITYLEA","INE884X01011","1 x","-","-","","","","","","","","","","","","","","","","","","",""
"3789","ASTAR","INE194D01017","1 x","-","-","","","","","","","","","","","","","","","","","","",""
"3790","ORIRAIL","INE457G01029","5 x","-","-","","","","","","","","","","","","","","","","","","",""
"3791","JOINDRE","INE024B01010","1 x","-","-","","","","","","","","","","","","","","","","","","",""
"3792","BHARATAGRI","INE842D01029","1 x","-","-","","","","","","","","","","","","","","","","","","",""
"3793","UNITINT","INE929K01011","1 x","-","-","","","","","","","","","","","","","","","","","","",""
"3794","SACHEMT","INE433G01020","1 x","-","-","","","","","","","","","","","","","","","","","","",""
"3795","POPULARES","INE370C01015","1 x","-","-","","","","","","","","","","","","","","","","","","",""
"3796","ANJANIFIN","INE283D01018","1 x","-","-","","","","","","","","","","","","","","","","","","",""
"3797","SVAINDIA","INE763K01014","1 x","-","-","","","","","","","","","","","","","","","","","","",""
"3798","REXNORD","INE687C01012","1 x","-","-","","","","","","","","","","","","","","","","","","",""
"3799","NWIL","INE882B01037","1 x","-","2 x","","","","","","","","","","","","","","","","","","",""
"3800","KHANDSE","INE060B01014","1 x","-","-","","","","","","","","","","","","","","","","","","",""
"3801","SAWACA","INE248B01023","1 x","-","-","","","","","","","","","","","","","","","","","","",""
"3802","CCLINTER","INE778E01031","1 x","-","-","","","","","","","","","","","","","","","","","","",""
"3803","CROISSANCE","INE587J01027","1 x","-","-","","","","","","","","","","","","","","","","","","",""
"3804","JOJO","INE312M01024","1 x","-","-","","","","","","","","","","","","","","","","","","",""
"3805","GALAGEX","INE803L01016","1 x","-","-","","","","","","","","","","","","","","","","","","",""
"3806","HINDAPL","INE02XD01011","1 x","-","-","","","","","","","","","","","","","","","","","","",""
"3807","DHAMPURE","INE956B01013","1 x","-","-","","","","","","","","","","","","","","","","","","",""
"3808","SHAQUAK","INE545N01019","1 x","-","-","","","","","","","","","","","","","","","","","","",""
"3809","SARTHAKIND","INE074H01012","1 x","-","-","","","","","","","","","","","","","","","","","","",""
"3810","SAICAPI","INE531X01018","1 x","-","-","","","","","","","","","","","","","","","","","","",""
"3811","CHADPAP","INE669W01018","1 x","-","-","","","","","","","","","","","","","","","","","","",""
"3812","VERTEX","INE316D01024","1 x","-","-","","","","","","","","","","","","","","","","","","",""
"3813","RIBATEX","INE811H01017","1 x","-","-","","","","","","","","","","","","","","","","","","",""
"3814","NEWINFRA","INE997D01021","1 x","-","-","","","","","","","","","","","","","","","","","","",""
"3815","SHREMETAL","INE914B01012","1 x","-","-","","","","","","","","","","","","","","","","","","",""
"3816","IITLPROJ","INE786E01018","1 x","-","-","","","","","","","","","","","","","","","","","","",""
"3817","CHLOGIST","INE558F01026","1 x","-","-","","","","","","","","","","","","","","","","","","",""
"3818","HINDALUMI","INE227B01019","1 x","-","-","","","","","","","","","","","","","","","","","","",""
"3819","SPECFOOD","INE547C01018","1 x","-","-","","","","","","","","","","","","","","","","","","",""
"3820","DECPO","INE132E01015","1 x","-","-","","","","","","","","","","","","","","","","","","",""
"3821","AMRAAGRI","INE735C01027","1 x","-","-","","","","","","","","","","","","","","","","","","",""
"3822","AUTOPINS","INE706C01028","1 x","-","-","","","","","","","","","","","","","","","","","","",""
"3823","ODYCORP","INE839E01023","1 x","-","-","","","","","","","","","","","","","","","","","","",""
"3824","IKOMA","INE164D01010","1 x","-","-","","","","","","","","","","","","","","","","","","",""
"3825","INDCTST","INE146H01018","1 x","-","-","","","","","","","","","","","","","","","","","","",""
"3826","SAMINDUS","INE653D01012","1 x","-","-","","","","","","","","","","","","","","","","","","",""
"3827","SHVFL","INE981C01019","1 x","-","-","","","","","","","","","","","","","","","","","","",""
"3828","POOJAENT","INE147C01017","1 x","-","-","","","","","","","","","","","","","","","","","","",""
"3829","GRAVITY","INE995A01013","1 x","-","-","","","","","","","","","","","","","","","","","","",""
"3830","ESPIRE","INE176O01011","1 x","-","-","","","","","","","","","","","","","","","","","","",""
"3831","LCCINFOTEC","INE938A01021","1 x","-","-","","","","","","","","","","","","","","","","","","",""
"3832","AARCON","INE056J01015","1 x","-","-","","","","","","","","","","","","","","","","","","",""
"3833","ZENOTECH","INE486F01012","1 x","-","-","","","","","","","","","","","","","","","","","","",""
"3834","FRONTCORP","INE092D01013","1 x","-","-","","","","","","","","","","","","","","","","","","",""
"3835","WALLFORT","INE121B01014","1 x","-","-","","","","","","","","","","","","","","","","","","",""
"3836","TRUSTEDGE","INE398H01015","1 x","-","-","","","","","","","","","","","","","","","","","","",""
"3837","ABHICAP","INE516F01016","1 x","-","-","","","","","","","","","","","","","","","","","","",""
"3838","3BBLACKBIO","INE994E01018","5 x","-","-","","","","","","","","","","","","","","","","","","",""
"3839","GUJJUBHAI","INE311N01016","1 x","-","-","","","","","","","","","","","","","","","","","","",""
"3840","SHKALYN","INE079N01019","1 x","-","-","","","","","","","","","","","","","","","","","","",""
"3841","ATVOENT","INE219M01021","1 x","-","-","","","","","","","","","","","","","","","","","","",""
"3842","EPUJA","INE807D01030","1 x","-","-","","","","","","","","","","","","","","","","","","",""
"3843","INDOCITY","INE456B01014","1 x","-","-","","","","","","","","","","","","","","","","","","",""
"3844","SBECSUG","INE948G01019","1 x","-","-","","","","","","","","","","","","","","","","","","",""
"3845","BRIJLEAS","INE957E01031","1 x","-","-","","","","","","","","","","","","","","","","","","",""
"3846","BSELALGO","INE395A01016","1 x","-","-","","","","","","","","","","","","","","","","","","",""
"3847","RELIABVEN","INE419H01019","1 x","-","-","","","","","","","","","","","","","","","","","","",""
"3848","TRIUMPIN","INE382B01012","1 x","-","-","","","","","","","","","","","","","","","","","","",""
"3849","SMCREDT","INE440E01012","1 x","-","-","","","","","","","","","","","","","","","","","","",""
"3850","MOHITE","INE154B01023","1 x","-","-","","","","","","","","","","","","","","","","","","",""
"3851","HOTLSILV","INE731B01010","1 x","-","-","","","","","","","","","","","","","","","","","","",""
"3852","JOHNPHARMA","INE560F01022","1 x","-","-","","","","","","","","","","","","","","","","","","",""
"3853","TRESCON","INE088D01011","1 x","-","-","","","","","","","","","","","","","","","","","","",""
"3854","GUJSTATFIN","INE944A01011","1 x","-","-","","","","","","","","","","","","","","","","","","",""
"3855","OMKARPH","INE501C01015","1 x","-","-","","","","","","","","","","","","","","","","","","",""
"3856","CYBERTECH","INE214A01019","1 x","-","2 x","","","","","","","","","","","","","","","","","","",""
"3857","CYIENT","INE136B01020","5 x","3.13 x","-","","","","","","","","","","","","","","","","","","",""
"3858","GAYATRI","INE622E01023","1 x","-","-","","","","","","","","","","","","","","","","","","",""
"3859","J&KBANK","INE168A01041","5 x","2.9 x","-","","","","","","","","","","","","","","","","","","",""
"3860","CUB","INE491A01021","5 x","3.11 x","-","","","","","","","","","","","","","","","","","","",""
"3861","ARCHIES","INE731A01020","1 x","-","-","","","","","","","","","","","","","","","","","","",""
"3862","AXISBANK","INE238A01034","5 x","4.55 x","-","","","","","","","","","","","","","","","","","","",""
"3863","CMXLTD","INE027F01014","1 x","-","-","","","","","","","","","","","","","","","","","","",""
"3864","SOUTHBANK","INE683A01023","5 x","3.07 x","-","","","","","","","","","","","","","","","","","","",""
"3865","SONATSOFTW","INE269A01021","5 x","2.69 x","-","","","","","","","","","","","","","","","","","","",""
"3866","BENGALT","INE665D01016","1 x","-","-","","","","","","","","","","","","","","","","","","",""
"3867","NATIONALUM","INE139A01034","5 x","3.63 x","-","","","","","","","","","","","","","","","","","","",""
"3868","TCIIND","INE920B01019","1 x","-","-","","","","","","","","","","","","","","","","","","",""
"3869","ACCELYA","INE793A01012","5 x","2.5 x","-","","","","","","","","","","","","","","","","","","",""
"3870","LANDMARC","INE394C01023","1 x","-","-","","","","","","","","","","","","","","","","","","",""
"3871","HCLTECH","INE860A01027","5 x","4.44 x","-","","","","","","","","","","","","","","","","","","",""
"3872","TCFCFINQ","INE389D01013","1 x","-","-","","","","","","","","","","","","","","","","","","",""
"3873","JINDALSTEL","INE749A01030","5 x","4.35 x","-","","","","","","","","","","","","","","","","","","",""
"3874","BLBLIMITED","INE791A01024","1 x","-","-","","","","","","","","","","","","","","","","","","",""
"3875","GLENMARK","INE935A01035","5 x","4.35 x","-","","","","","","","","","","","","","","","","","","",""
"3876","WOCKPHARMA","INE049B01025","5 x","2.61 x","-","","","","","","","","","","","","","","","","","","",""
"3877","INTEGHIT","INE934A01012","1 x","-","-","","","","","","","","","","","","","","","","","","",""
"3878","KJMCCORP","INE602C01011","1 x","-","-","","","","","","","","","","","","","","","","","","",""
"3879","GVPIL","INE878A01011","5 x","2 x","-","","","","","","","","","","","","","","","","","","",""
"3880","SHREERAMA","INE879A01019","5 x","-","2 x","","","","","","","","","","","","","","","","","","",""
"3881","MAHLIFE","INE813A01018","5 x","3.33 x","-","","","","","","","","","","","","","","","","","","",""
"3882","GROARC","INE042B01012","1 x","-","-","","","","","","","","","","","","","","","","","","",""
"3883","VAARAD","INE418B01048","1 x","-","-","","","","","","","","","","","","","","","","","","",""
"3884","ZYDUSLIFE","INE010B01027","5 x","4.55 x","-","","","","","","","","","","","","","","","","","","",""
"3885","SHIVACEM","INE555C01029","2 x","-","-","","","","","","","","","","","","","","","","","","",""
"3886","CINEVISTA","INE039B01026","1 x","-","-","","","","","","","","","","","","","","","","","","",""
"3887","DANLAW","INE310B01013","1 x","-","-","","","","","","","","","","","","","","","","","","",""
"3888","AJANTPHARM","INE031B01049","5 x","3.51 x","-","","","","","","","","","","","","","","","","","","",""
"3889","HBPOR","INE638B01025","1 x","-","-","","","","","","","","","","","","","","","","","","",""
"3890","HBESD","INE640B01021","1 x","-","-","","","","","","","","","","","","","","","","","","",""
"3891","OMNIAX","INE369B01019","1 x","-","-","","","","","","","","","","","","","","","","","","",""
"3892","TVSMOTOR","INE494B01023","5 x","4.44 x","-","","","","","","","","","","","","","","","","","","",""
"3893","MADALA","INE002B01016","1 x","-","-","","","","","","","","","","","","","","","","","","",""
"3894","SUBEXLTD","INE754A01055","5 x","1 x","-","","","","","","","","","","","","","","","","","","",""
"3895","PADMALAYAT","INE243B01016","1 x","-","-","","","","","","","","","","","","","","","","","","",""
"3896","AKSHOPTFBR","INE523B01011","1 x","-","-","","","","","","","","","","","","","","","","","","",""
"3897","PICTUREHS","INE448B01029","1 x","-","-","","","","","","","","","","","","","","","","","","",""
"3898","MUKTAARTS","INE374B01019","1 x","-","-","","","","","","","","","","","","","","","","","","",""
"3899","HITKITGLO","INE309B01023","1 x","-","-","","","","","","","","","","","","","","","","","","",""
"3900","NAGPI","INE099E01016","1 x","-","-","","","","","","","","","","","","","","","","","","",""
"3901","PNBGILTS","INE859A01011","5 x","2.5 x","-","","","","","","","","","","","","","","","","","","",""
"3902","BCG","INE425B01027","5 x","-","2 x","","","","","","","","","","","","","","","","","","",""
"3903","RAMCOSYS","INE246B01019","5 x","1 x","-","","","","","","","","","","","","","","","","","","",""
"3904","TTML","INE517B01013","5 x","2.86 x","-","","","","","","","","","","","","","","","","","","",""
"3905","WEPSOLN","INE434B01029","1 x","-","-","","","","","","","","","","","","","","","","","","",""
"3906","STLTECH","INE089C01029","5 x","-","-","","","","","","","","","","","","","","","","","","",""
"3907","TIPSMUSIC","INE716B01029","5 x","3 x","-","","","","","","","","","","","","","","","","","","",""
"3908","UMIYA-MRO","INE398B01018","1 x","-","-","","","","","","","","","","","","","","","","","","",""
"3909","UNIVARTS","INE464B01018","1 x","-","-","","","","","","","","","","","","","","","","","","",""
"3910","BABA","INE893A01036","1 x","-","-","","","","","","","","","","","","","","","","","","",""
"3911","BALAJITELE","INE794B01026","5 x","2 x","-","","","","","","","","","","","","","","","","","","",""
"3912","TYCHE","INE443B01012","1 x","-","-","","","","","","","","","","","","","","","","","","",""
"3913","CALSOFT","INE526B01014","1 x","-","-","","","","","","","","","","","","","","","","","","",""
"3914","PNC","INE392B01011","1 x","-","-","","","","","","","","","","","","","","","","","","",""
"3915","IOB","INE565A01014","5 x","3.33 x","-","","","","","","","","","","","","","","","","","","",""
"3916","TAJGVK","INE586B01026","5 x","2.5 x","-","","","","","","","","","","","","","","","","","","",""
"3917","CREATIVEYE","INE230B01021","1 x","-","-","","","","","","","","","","","","","","","","","","",""
"3918","AXISCADES","INE555B01013","5 x","2 x","-","","","","","","","","","","","","","","","","","","",""
"3919","KONNDOR","INE971A01014","1 x","-","-","","","","","","","","","","","","","","","","","","",""
"3920","BSOFT","INE836A01035","5 x","3.09 x","-","","","","","","","","","","","","","","","","","","",""
"3921","USGTECH","INE718B01017","1 x","-","-","","","","","","","","","","","","","","","","","","",""
"3922","7TEC","INE856B01023","1 x","-","-","","","","","","","","","","","","","","","","","","",""
"3923","TRANSCOR","INE330E01023","1 x","-","-","","","","","","","","","","","","","","","","","","",""
"3924","NEXTMEDIA","INE747B01016","1 x","-","-","","","","","","","","","","","","","","","","","","",""
"3925","SMARTLINK","INE178C01020","1 x","-","-","","","","","","","","","","","","","","","","","","",""
"3926","GENUSPRIME","INE256D01014","1 x","-","-","","","","","","","","","","","","","","","","","","",""
"3927","SHALIWIR","INE655D01025","1 x","-","-","","","","","","","","","","","","","","","","","","",""
"3928","GULPOLY","INE255D01024","5 x","2 x","-","","","","","","","","","","","","","","","","","","",""
"3929","HAZOOR","INE550F01049","5 x","-","-","","","","","","","","","","","","","","","","","","",""
"3930","KAMAHOLD","INE411F01010","5 x","-","2 x","","","","","","","","","","","","","","","","","","",""
"3931","BLIL","INE525F01025","5 x","-","-","","","","","","","","","","","","","","","","","","",""
"3932","RAJPALAYAM","INE296E01026","1 x","-","2 x","","","","","","","","","","","","","","","","","","",""
"3933","STAR","INE939A01011","5 x","2.96 x","-","","","","","","","","","","","","","","","","","","",""
"3934","3IINFOLTD","INE748C01038","2 x","-","2 x","","","","","","","","","","","","","","","","","","",""
"3935","BEEYU","INE052B01011","1 x","-","-","","","","","","","","","","","","","","","","","","",""
"3936","KTKBANK","INE614B01018","5 x","3.26 x","-","","","","","","","","","","","","","","","","","","",""
"3937","FACORALL","INE828G01013","1 x","-","-","","","","","","","","","","","","","","","","","","",""
"3938","PBAINFRA","INE160H01019","1 x","-","-","","","","","","","","","","","","","","","","","","",""
"3939","CELLA","INE266H01014","1 x","-","-","","","","","","","","","","","","","","","","","","",""
"3940","MPDL","INE493H01014","1 x","-","-","","","","","","","","","","","","","","","","","","",""
"3941","PAUSHAKLTD","INE111F01024","5 x","2.5 x","-","","","","","","","","","","","","","","","","","","",""
"3942","GTNTEX","INE302H01017","1 x","-","-","","","","","","","","","","","","","","","","","","",""
"3943","AICHAMP","INE768E01024","1 x","-","-","","","","","","","","","","","","","","","","","","",""
"3944","ELAND","INE311H01018","1 x","-","-","","","","","","","","","","","","","","","","","","",""
"3945","JAGJANANI","INE702H01018","1 x","-","-","","","","","","","","","","","","","","","","","","",""
"3946","LEHAR","INE976H01018","1 x","-","-","","","","","","","","","","","","","","","","","","",""
"3947","CAMLINFINE","INE052I01032","5 x","2 x","-","","","","","","","","","","","","","","","","","","",""
"3948","HARYNACAP","INE928H01019","1 x","-","-","","","","","","","","","","","","","","","","","","",""
"3949","SELMC","INE105I01020","1 x","-","-","","","","","","","","","","","","","","","","","","",""
"3950","VTMLTD","INE222F01029","1 x","-","-","","","","","","","","","","","","","","","","","","",""
"3951","PARLEIND","INE272G01014","1 x","-","-","","","","","","","","","","","","","","","","","","",""
"3952","RATHIBAR","INE575I01016","1 x","-","-","","","","","","","","","","","","","","","","","","",""
"3953","PORWAL","INE386I01018","1 x","-","-","","","","","","","","","","","","","","","","","","",""
"3954","GOKAKTEX","INE642I01014","1 x","-","-","","","","","","","","","","","","","","","","","","",""
"3955","TELOGICA","INE778I01024","1 x","-","-","","","","","","","","","","","","","","","","","","",""
"3956","SENSEX1","INF174KA1JD7","5 x","-","2 x","","","","","","","","","","","","","","","","","","",""
"3957","CHLLTD","INE790D01020","1 x","-","-","","","","","","","","","","","","","","","","","","",""
"3958","SEJALLTD","INE955I01044","5 x","-","-","","","","","","","","","","","","","","","","","","",""
"3959","LGBFORGE","INE201J01017","1 x","-","-","","","","","","","","","","","","","","","","","","",""
"3960","SIMPLXMIL","INE457H01027","1 x","-","-","","","","","","","","","","","","","","","","","","",""
"3961","SIMPLXPAP","INE456H01029","1 x","-","-","","","","","","","","","","","","","","","","","","",""
"3962","VEDAVAAG","INE359B01010","1 x","-","-","","","","","","","","","","","","","","","","","","",""
"3963","MOLDTKPAC","INE893J01029","5 x","2.5 x","-","","","","","","","","","","","","","","","","","","",""
"3964","BENGALASM","INE083K01017","5 x","-","-","","","","","","","","","","","","","","","","","","",""
"3965","PEIL","INE429K01012","1 x","-","-","","","","","","","","","","","","","","","","","","",""
"3966","SURYAAMBA","INE360J01011","1 x","-","-","","","","","","","","","","","","","","","","","","",""
"3967","BTTL","INE274K01012","1 x","-","-","","","","","","","","","","","","","","","","","","",""
"3968","SPSL","INE318K01025","1 x","-","-","","","","","","","","","","","","","","","","","","",""
"3969","YUNIKM","INE143K01019","1 x","-","-","","","","","","","","","","","","","","","","","","",""
"3970","COROENGG","INE312J01012","1 x","-","-","","","","","","","","","","","","","","","","","","",""
"3971","TAMBOLIIN","INE864J01012","1 x","-","-","","","","","","","","","","","","","","","","","","",""
"3972","KCPSUGIND","INE790B01024","1 x","-","-","","","","","","","","","","","","","","","","","","",""
"3973","SATCH","INE639K01016","1 x","-","-","","","","","","","","","","","","","","","","","","",""
"3974","GKB","INE265D01015","1 x","-","-","","","","","","","","","","","","","","","","","","",""
"3975","SEATV","INE351L01016","1 x","-","-","","","","","","","","","","","","","","","","","","",""
"3976","RDBIPL","INE245L01028","1 x","-","-","","","","","","","","","","","","","","","","","","",""
"3977","KTIL","INE096L01025","1 x","-","-","","","","","","","","","","","","","","","","","","",""
"3978","INOVSYNTH","INE690J01011","1 x","-","-","","","","","","","","","","","","","","","","","","",""
"3979","FCL","INE045J01034","5 x","2.42 x","-","","","","","","","","","","","","","","","","","","",""
"3980","ZENTEC","INE251B01027","5 x","2.86 x","-","","","","","","","","","","","","","","","","","","",""
"3981","TRUEGREEN","INE672K01025","1 x","-","-","","","","","","","","","","","","","","","","","","",""
"3982","VMS","INE932K01015","1 x","-","-","","","","","","","","","","","","","","","","","","",""
"3983","ENKEIWHEL","INE130L01014","1 x","-","-","","","","","","","","","","","","","","","","","","",""
"3984","LESHAIND","INE050L01048","1 x","-","-","","","","","","","","","","","","","","","","","","",""
"3985","RDBRL","INE123M01017","1 x","-","-","","","","","","","","","","","","","","","","","","",""
"3986","FERVENTSYN","INE258M01011","1 x","-","-","","","","","","","","","","","","","","","","","","",""
"3987","PMCFIN","INE793G01035","1 x","-","-","","","","","","","","","","","","","","","","","","",""
"3988","FUTSOL","INE241F01011","1 x","-","-","","","","","","","","","","","","","","","","","","",""
"3989","AIML","INE123D01024","1 x","-","-","","","","","","","","","","","","","","","","","","",""
"3990","PYXISFIN","INE883L01018","1 x","-","-","","","","","","","","","","","","","","","","","","",""
"3991","OLPCL","INE550L01013","1 x","-","-","","","","","","","","","","","","","","","","","","",""
"3992","MAXHEIGHTS","INE393F01010","1 x","-","-","","","","","","","","","","","","","","","","","","",""
"3993","JTLIND","INE391J01032","5 x","2.45 x","-","","","","","","","","","","","","","","","","","","",""
"3994","AMTL","INE436N01029","1 x","-","-","","","","","","","","","","","","","","","","","","",""
"3995","WAAREERTL","INE299N01021","5 x","2.86 x","-","","","","","","","","","","","","","","","","","","",""
"3996","JUPITERIN","INE524N01014","1 x","-","-","","","","","","","","","","","","","","","","","","",""
"3997","VINAYAKPOL","INE581M01016","1 x","-","-","","","","","","","","","","","","","","","","","","",""
"3998","JOINTECAED","INE131N01018","1 x","-","-","","","","","","","","","","","","","","","","","","",""
"3999","COMCL","INE456N01019","1 x","-","-","","","","","","","","","","","","","","","","","","",""
"4000","SHANTIGURU","INE892L01019","1 x","-","-","","","","","","","","","","","","","","","","","","",""
"4001","AERPACE","INE175N01023","1 x","-","-","","","","","","","","","","","","","","","","","","",""
"4002","VIRTUALG","INE247C01023","1 x","-","-","","","","","","","","","","","","","","","","","","",""
"4003","EXXARO","INE0GFE01026","1 x","-","-","","","","","","","","","","","","","","","","","","",""
"4004","MUKTA","INE160O01031","1 x","-","-","","","","","","","","","","","","","","","","","","",""
"4005","MYSTICELE","INE159O01033","1 x","-","-","","","","","","","","","","","","","","","","","","",""
"4006","COMFINCAP","INE274M01026","1 x","-","-","","","","","","","","","","","","","","","","","","",""
"4007","SBISENSEX","INF200K01VT2","5 x","-","2 x","","","","","","","","","","","","","","","","","","",""
"4008","BMAL","INE583M01012","1 x","-","-","","","","","","","","","","","","","","","","","","",""
"4009","LAKHOTIA","INE191O01010","1 x","-","-","","","","","","","","","","","","","","","","","","",""
"4010","GCMSECU","INE168O01026","1 x","-","-","","","","","","","","","","","","","","","","","","",""
"4011","KIFS","INE902D01013","1 x","-","-","","","","","","","","","","","","","","","","","","",""
"4012","BINNYMILLS","INE160L01011","1 x","-","-","","","","","","","","","","","","","","","","","","",""
"4013","SVGLOBAL","INE159L01013","1 x","-","-","","","","","","","","","","","","","","","","","","",""
"4014","SDC","INE807O01011","1 x","-","-","","","","","","","","","","","","","","","","","","",""
"4015","OONE","INE860E01011","1 x","-","-","","","","","","","","","","","","","","","","","","",""
"4016","IFINSEC","INE474O01010","1 x","-","-","","","","","","","","","","","","","","","","","","",""
"4017","BRAHMINFRA","INE320I01017","1 x","-","-","","","","","","","","","","","","","","","","","","",""
"4018","AMPVOLTS","INE989J01017","1 x","-","-","","","","","","","","","","","","","","","","","","",""
"4019","KHOOBSURAT","INE731G01027","1 x","-","-","","","","","","","","","","","","","","","","","","",""
"4020","KRSNAA","INE08LI01020","5 x","2.5 x","-","","","","","","","","","","","","","","","","","","",""
"4021","MMLF","INE340O01021","1 x","-","-","","","","","","","","","","","","","","","","","","",""
"4022","ALSL","INE030P01017","1 x","-","-","","","","","","","","","","","","","","","","","","",""
"4023","GCMCOMM","INE200P01016","1 x","-","-","","","","","","","","","","","","","","","","","","",""
"4024","JULIEN","INE890N01027","1 x","-","-","","","","","","","","","","","","","","","","","","",""
"4025","TIGERLOGS","INE906O01029","5 x","-","-","","","","","","","","","","","","","","","","","","",""
"4026","JKAGRI","INE690O01011","1 x","-","-","","","","","","","","","","","","","","","","","","",""
"4027","NOVELIX","INE314I01036","1 x","-","-","","","","","","","","","","","","","","","","","","",""
"4028","WINDLAS","INE0H5O01029","5 x","2.5 x","-","","","","","","","","","","","","","","","","","","",""
"4029","PVVINFRA","INE428B01021","1 x","-","-","","","","","","","","","","","","","","","","","","",""
"4030","INDRENEW","INE138O01029","1 x","-","-","","","","","","","","","","","","","","","","","","",""
"4031","SRGFFL","INE326P01019","1 x","-","-","","","","","","","","","","","","","","","","","","",""
"4032","ACFSL","INE218P01018","1 x","-","-","","","","","","","","","","","","","","","","","","",""
"4033","STELLAR","INE325P01011","1 x","-","-","","","","","","","","","","","","","","","","","","",""
"4034","YURANUS","INE156M01017","1 x","-","-","","","","","","","","","","","","","","","","","","",""
"4035","CPL","INE536P01021","1 x","-","-","","","","","","","","","","","","","","","","","","",""
"4036","ARNOLD","INE185K01036","1 x","-","-","","","","","","","","","","","","","","","","","","",""
"4037","SUNLOC","INE671C01016","1 x","-","-","","","","","","","","","","","","","","","","","","",""
"4038","DEVYANI","INE872J01023","5 x","3.06 x","-","","","","","","","","","","","","","","","","","","",""
"4039","CHEMTECH","INE212P01011","1 x","-","-","","","","","","","","","","","","","","","","","","",""
"4040","DENISCHEM","INE051G01012","1 x","-","-","","","","","","","","","","","","","","","","","","",""
"4041","POLYMAC","INE826P01018","1 x","-","-","","","","","","","","","","","","","","","","","","",""
"4042","UNISHIRE","INE210P01015","1 x","-","-","","","","","","","","","","","","","","","","","","",""
"4043","LAXMIPATI","INE920P01019","1 x","-","-","","","","","","","","","","","","","","","","","","",""
"4044","LADDU","INE546I01025","1 x","-","-","","","","","","","","","","","","","","","","","","",""
"4045","HANSUGAR","INE101H01013","1 x","-","-","","","","","","","","","","","","","","","","","","",""
"4046","KIRANVYPAR","INE555P01013","1 x","-","-","","","","","","","","","","","","","","","","","","",""
"4047","BCP","INE905P01028","1 x","-","-","","","","","","","","","","","","","","","","","","",""
"4048","KCSL","INE576P01019","1 x","-","-","","","","","","","","","","","","","","","","","","",""
"4049","MANGIND","INE717C01025","1 x","-","-","","","","","","","","","","","","","","","","","","",""
"4050","HBGHOTELS","INE977M01024","1 x","-","-","","","","","","","","","","","","","","","","","","",""
"4051","RAUNAQ","INE523K01012","1 x","-","-","","","","","","","","","","","","","","","","","","",""
"4052","INFRONICS","INE463B01036","1 x","-","-","","","","","","","","","","","","","","","","","","",""
"4053","HARIAAPL","INE493N01012","1 x","-","-","","","","","","","","","","","","","","","","","","",""
"4054","VASUPRADA","INE574G01013","1 x","-","-","","","","","","","","","","","","","","","","","","",""
"4055","RNBDENIMS","INE012Q01039","5 x","-","1 x","","","","","","","","","","","","","","","","","","",""
"4056","EPIGRAL","INE071N01016","5 x","2.85 x","-","","","","","","","","","","","","","","","","","","",""
"4057","SHARPINV","INE909D01026","1 x","-","-","","","","","","","","","","","","","","","","","","",""
"4058","RESPONSINF","INE401B01010","1 x","-","-","","","","","","","","","","","","","","","","","","",""
"4059","GCMCAPI","INE191P01017","1 x","-","-","","","","","","","","","","","","","","","","","","",""
"4060","WESTLEIRES","INE266P01017","1 x","-","-","","","","","","","","","","","","","","","","","","",""
"4061","NAM","INE792G01011","1 x","-","-","","","","","","","","","","","","","","","","","","",""
"4062","METSL","INE318N01011","1 x","-","-","","","","","","","","","","","","","","","","","","",""
"4063","JACKSON","INE508N01025","1 x","-","-","","","","","","","","","","","","","","","","","","",""
"4064","MONEYBOXX","INE296Q01012","1 x","-","2 x","","","","","","","","","","","","","","","","","","",""
"4065","WORTH","INE114O01020","1 x","-","-","","","","","","","","","","","","","","","","","","",""
"4066","TPROJECT","INE901C01017","1 x","-","-","","","","","","","","","","","","","","","","","","",""
"4067","AMARSEC","INE745P01010","1 x","-","-","","","","","","","","","","","","","","","","","","",""
"4068","CTL","INE172D01021","1 x","-","-","","","","","","","","","","","","","","","","","","",""
"4069","TARINI","INE849M01017","1 x","-","-","","","","","","","","","","","","","","","","","","",""
"4070","AAVAS","INE216P01012","5 x","3.33 x","-","","","","","","","","","","","","","","","","","","",""
"4071","YAANENT","INE969E01010","1 x","-","-","","","","","","","","","","","","","","","","","","",""
"4072","ANVRDHI","INE075K01013","1 x","-","-","","","","","","","","","","","","","","","","","","",""
"4073","GOLDCOINHF","INE634J01027","1 x","-","-","","","","","","","","","","","","","","","","","","",""
"4074","BRPL","INE319Q01012","1 x","-","-","","","","","","","","","","","","","","","","","","",""
"4075","ARMAN","INE510P01018","1 x","-","-","","","","","","","","","","","","","","","","","","",""
"4076","SKIPPER","INE439E01022","5 x","2.78 x","-","","","","","","","","","","","","","","","","","","",""
"4077","JAMESWARREN","INE718P01017","1 x","-","-","","","","","","","","","","","","","","","","","","",""
"4078","VISTARAMAR","INE878P01019","1 x","-","-","","","","","","","","","","","","","","","","","","",""
"4079","FRUTION","INE836C01015","1 x","-","-","","","","","","","","","","","","","","","","","","",""
"4080","TRIVENIENT","INE916P01025","1 x","-","-","","","","","","","","","","","","","","","","","","",""
"4081","BHANDERI","INE336Q01016","1 x","-","-","","","","","","","","","","","","","","","","","","",""
"4082","ZINEMA","INE641Q01019","1 x","-","-","","","","","","","","","","","","","","","","","","",""
"4083","NCAPBULADD","INF204KA1RY0","1 x","-","-","","","","","","","","","","","","","","","","","","",""
"4084","NCAPBULADG","INF204KA1RX2","1 x","-","-","","","","","","","","","","","","","","","","","","",""
"4085","NCAPBUILAD","INF204KA1RW4","1 x","-","-","","","","","","","","","","","","","","","","","","",""
"4086","NCAPBUILAG","INF204KA1RV6","1 x","-","-","","","","","","","","","","","","","","","","","","",""
"4087","CEMAINFRA","INE222B01028","1 x","-","-","","","","","","","","","","","","","","","","","","",""
"4088","TTIENT","INE404F01031","1 x","-","-","","","","","","","","","","","","","","","","","","",""
"4089","TOYAMSL","INE457P01020","1 x","-","-","","","","","","","","","","","","","","","","","","",""
"4090","GAJANANSEC","INE868G01019","1 x","-","-","","","","","","","","","","","","","","","","","","",""
"4091","UNISON","INE099D01026","1 x","-","-","","","","","","","","","","","","","","","","","","",""
"4092","RTFL","INE840I01014","1 x","-","-","","","","","","","","","","","","","","","","","","",""
"4093","NCAPBULBDD","INF204KA1SW2","1 x","-","-","","","","","","","","","","","","","","","","","","",""
"4094","NCAPBULBDG","INF204KA1SV4","1 x","-","-","","","","","","","","","","","","","","","","","","",""
"4095","NCAPBUILBD","INF204KA1SU6","1 x","-","-","","","","","","","","","","","","","","","","","","",""
"4096","NCAPBUILBG","INF204KA1ST8","1 x","-","-","","","","","","","","","","","","","","","","","","",""
"4097","VRL","INE406F01010","1 x","-","-","","","","","","","","","","","","","","","","","","",""
"4098","QGO","INE837C01013","1 x","-","-","","","","","","","","","","","","","","","","","","",""
"4099","PURSHOTTAM","INE729C01020","1 x","-","-","","","","","","","","","","","","","","","","","","",""
"4100","HCLTD","INE691J01019","1 x","-","-","","","","","","","","","","","","","","","","","","",""
"4101","SIROHIA","INE785O01019","1 x","-","-","","","","","","","","","","","","","","","","","","",""
"4102","MIIL","INE898Q01015","5 x","-","2 x","","","","","","","","","","","","","","","","","","",""
"4103","CITYONLINE","INE158C01014","1 x","-","-","","","","","","","","","","","","","","","","","","",""
"4104","SENSEXBEES","INF204KA1UN7","5 x","-","2 x","","","","","","","","","","","","","","","","","","",""
"4105","ULTRACAB","INE010R01023","1 x","-","-","","","","","","","","","","","","","","","","","","",""
"4106","RCCL","INE929D01016","1 x","-","-","","","","","","","","","","","","","","","","","","",""
"4107","ETIL","INE937K01014","1 x","-","-","","","","","","","","","","","","","","","","","","",""
"4108","ATISHAY","INE011R01013","1 x","-","-","","","","","","","","","","","","","","","","","","",""
"4109","SANGAMFIN","INE475D01010","1 x","-","-","","","","","","","","","","","","","","","","","","",""
"4110","DHABRIYA","INE260R01016","1 x","-","-","","","","","","","","","","","","","","","","","","",""
"4111","ARYACAPM","INE229R01011","1 x","-","-","","","","","","","","","","","","","","","","","","",""
"4112","HANMAN","INE982Q01017","1 x","-","-","","","","","","","","","","","","","","","","","","",""
"4113","VGCL","INE761Q01015","1 x","-","-","","","","","","","","","","","","","","","","","","",""
"4114","CEINSYS","INE016Q01014","5 x","2 x","-","","","","","","","","","","","","","","","","","","",""
"4115","PANABYTE","INE516E01019","1 x","-","-","","","","","","","","","","","","","","","","","","",""
"4116","MUDUNURU","INE491C01027","1 x","-","-","","","","","","","","","","","","","","","","","","",""
"4117","JSHL","INE401Q01018","1 x","-","-","","","","","","","","","","","","","","","","","","",""
"4118","CRANEINFRA","INE176L01017","1 x","-","-","","","","","","","","","","","","","","","","","","",""
"4119","NIYOGIN","INE480D01010","1 x","-","-","","","","","","","","","","","","","","","","","","",""
"4120","ASIACAP","INE131Q01011","1 x","-","-","","","","","","","","","","","","","","","","","","",""
"4121","KALYANCAP","INE149Q01021","1 x","-","-","","","","","","","","","","","","","","","","","","",""
"4122","CITIZEN","INE473L01018","1 x","-","-","","","","","","","","","","","","","","","","","","",""
"4123","GBFL","INE997C01015","1 x","-","-","","","","","","","","","","","","","","","","","","",""
"4124","GILADAFINS","INE918C01029","1 x","-","-","","","","","","","","","","","","","","","","","","",""
"4125","JETSOLAR","INE155R01018","1 x","-","-","","","","","","","","","","","","","","","","","","",""
"4126","SAPPL","INE185C01017","1 x","-","-","","","","","","","","","","","","","","","","","","",""
"4127","CAPPIPES","INE513R01026","1 x","-","-","","","","","","","","","","","","","","","","","","",""
"4128","KAIZENAGRO","INE891N01017","1 x","-","-","","","","","","","","","","","","","","","","","","",""
"4129","JMJFIN","INE242Q01016","1 x","-","-","","","","","","","","","","","","","","","","","","",""
"4130","INTELLECT","INE306R01017","5 x","2.86 x","-","","","","","","","","","","","","","","","","","","",""
"4131","MONTECARLO","INE950M01013","5 x","2.5 x","-","","","","","","","","","","","","","","","","","","",""
"4132","JSTL","INE237B01018","1 x","-","-","","","","","","","","","","","","","","","","","","",""
"4133","ICL","INE407P01017","1 x","-","-","","","","","","","","","","","","","","","","","","",""
"4134","SCC","INE892C01018","1 x","-","-","","","","","","","","","","","","","","","","","","",""
"4135","MYMONEY","INE232L01018","1 x","-","-","","","","","","","","","","","","","","","","","","",""
"4136","AMARNATH","INE985Q01010","1 x","-","-","","","","","","","","","","","","","","","","","","",""
"4137","CSL","INE183Q01020","1 x","-","-","","","","","","","","","","","","","","","","","","",""
"4138","NEXUSSURGL","INE370Q01015","1 x","-","-","","","","","","","","","","","","","","","","","","",""
"4139","GALADAFIN","INE243E01010","1 x","-","-","","","","","","","","","","","","","","","","","","",""
"4140","EMERALD","INE030Q01015","1 x","-","-","","","","","","","","","","","","","","","","","","",""
"4141","MKEXIM","INE227F01010","1 x","-","-","","","","","","","","","","","","","","","","","","",""
"4142","OCTAL","INE513C01010","1 x","-","-","","","","","","","","","","","","","","","","","","",""
"4143","MIHIKA","INE779Q01017","1 x","-","-","","","","","","","","","","","","","","","","","","",""
"4144","KANCHI","INE081G01019","1 x","-","-","","","","","","","","","","","","","","","","","","",""
"4145","SHRINIWAS","INE201F01015","1 x","-","-","","","","","","","","","","","","","","","","","","",""
"4146","DTIL","INE341R01014","1 x","-","-","","","","","","","","","","","","","","","","","","",""
"4147","VANICOM","INE661Q01017","1 x","-","-","","","","","","","","","","","","","","","","","","",""
"4148","SKILVEN","INE055Q01012","1 x","-","-","","","","","","","","","","","","","","","","","","",""
"4149","RAFL","INE865P01016","1 x","-","-","","","","","","","","","","","","","","","","","","",""
"4150","COSYN","INE029B01019","1 x","-","-","","","","","","","","","","","","","","","","","","",""
"4151","SOFCOM","INE499Q01012","1 x","-","-","","","","","","","","","","","","","","","","","","",""
"4152","NAPL","INE223R01014","1 x","-","-","","","","","","","","","","","","","","","","","","",""
"4153","KARNAVATI","INE554R01020","1 x","-","-","","","","","","","","","","","","","","","","","","",""
"4154","ABHIFIN","INE723C01015","1 x","-","-","","","","","","","","","","","","","","","","","","",""
"4155","MERCANTILE","INE689O01013","1 x","-","-","","","","","","","","","","","","","","","","","","",""
"4156","SONAL","INE321M01017","1 x","-","-","","","","","","","","","","","","","","","","","","",""
"4157","ALFL","INE211D01027","1 x","-","-","","","","","","","","","","","","","","","","","","",""
"4158","GENUSPAPER","INE949P01018","2 x","-","-","","","","","","","","","","","","","","","","","","",""
"4159","MERCURYLAB","INE947G01011","1 x","-","-","","","","","","","","","","","","","","","","","","",""
"4160","CONCORD","INE858L01010","1 x","-","-","","","","","","","","","","","","","","","","","","",""
"4161","WARDINMOBI","INE945P01024","1 x","-","-","","","","","","","","","","","","","","","","","","",""
"4162","SHREESEC","INE397C01026","1 x","-","-","","","","","","","","","","","","","","","","","","",""
"4163","GREENLAM","INE544R01021","5 x","2 x","-","","","","","","","","","","","","","","","","","","",""
"4164","TALBROSENG","INE717E01013","1 x","-","-","","","","","","","","","","","","","","","","","","",""
"4165","SAPL","INE002E01010","1 x","-","-","","","","","","","","","","","","","","","","","","",""
"4166","PUROHITCON","INE147J01012","1 x","-","-","","","","","","","","","","","","","","","","","","",""
"4167","CHENFERRO","INE777O01016","1 x","-","-","","","","","","","","","","","","","","","","","","",""
"4168","MEGRISOFT","INE756R01013","1 x","-","-","","","","","","","","","","","","","","","","","","",""
"4169","GITARENEW","INE776O01018","1 x","-","-","","","","","","","","","","","","","","","","","","",""
"4170","KALPACOMME","INE059Q01014","1 x","-","-","","","","","","","","","","","","","","","","","","",""
"4171","NEIL","INE396C01010","1 x","-","-","","","","","","","","","","","","","","","","","","",""
"4172","STARHFL","INE526R01028","1 x","-","-","","","","","","","","","","","","","","","","","","",""
"4173","BEEKAY","INE213D01015","1 x","-","-","","","","","","","","","","","","","","","","","","",""
"4174","SSPNFIN","INE820R01017","1 x","-","-","","","","","","","","","","","","","","","","","","",""
"4175","SETFBSE100","INF200KA1572","5 x","-","2 x","","","","","","","","","","","","","","","","","","",""
"4176","FRASER","INE184Q01010","1 x","-","-","","","","","","","","","","","","","","","","","","",""
"4177","TIRUPATIIN","INE812Q01016","1 x","-","-","","","","","","","","","","","","","","","","","","",""
"4178","GANVERSE","INE369Q01017","1 x","-","-","","","","","","","","","","","","","","","","","","",""
"4179","MANAKSTEEL","INE824Q01011","1 x","-","-","","","","","","","","","","","","","","","","","","",""
"4180","MANAKALUCO","INE859Q01017","1 x","-","-","","","","","","","","","","","","","","","","","","",""
"4181","MANAKCOAT","INE830Q01018","5 x","2 x","-","","","","","","","","","","","","","","","","","","",""
"4182","IMAGICAA","INE172N01012","5 x","2.5 x","-","","","","","","","","","","","","","","","","","","",""
"4183","INOXWIND","INE066P01011","5 x","3.6 x","-","","","","","","","","","","","","","","","","","","",""
"4184","RAJPUTANA","INE751R01014","1 x","-","-","","","","","","","","","","","","","","","","","","",""
"4185","CCDL","INE187R01029","1 x","-","-","","","","","","","","","","","","","","","","","","",""
"4186","URSUGAR","INE904R01027","1 x","-","-","","","","","","","","","","","","","","","","","","",""
"4187","FILTRA","INE541R01019","1 x","-","-","","","","","","","","","","","","","","","","","","",""
"4188","ATHCON","INE291R01011","1 x","-","-","","","","","","","","","","","","","","","","","","",""
"4189","NORTHLINK","INE736P01019","1 x","-","-","","","","","","","","","","","","","","","","","","",""
"4190","SHESHAINDS","INE193R01019","1 x","-","-","","","","","","","","","","","","","","","","","","",""
"4191","SAB","INE137M01017","1 x","-","-","","","","","","","","","","","","","","","","","","",""
"4192","PML","INE291E01019","1 x","-","-","","","","","","","","","","","","","","","","","","",""
"4193","OPCHAINS","INE118Q01018","1 x","-","-","","","","","","","","","","","","","","","","","","",""
"4194","SUJALA","INE029H01016","1 x","-","-","","","","","","","","","","","","","","","","","","",""
"4195","VRLLOG","INE366I01010","5 x","3.41 x","-","","","","","","","","","","","","","","","","","","",""
"4196","JAINMARMO","INE780Q01015","1 x","-","-","","","","","","","","","","","","","","","","","","",""
"4197","GRAMEVA","INE578R01011","1 x","-","-","","","","","","","","","","","","","","","","","","",""
"4198","PALCO","INE239L01013","1 x","-","-","","","","","","","","","","","","","","","","","","",""
"4199","BODHTREE","INE104F01029","1 x","-","-","","","","","","","","","","","","","","","","","","",""
"4200","VBIND","INE334E01017","1 x","-","-","","","","","","","","","","","","","","","","","","",""
"4201","SARVOTTAM","INE822Q01015","1 x","-","-","","","","","","","","","","","","","","","","","","",""
"4202","WARDWIZFBL","INE761D01021","1 x","-","-","","","","","","","","","","","","","","","","","","",""
"4203","UFO","INE527H01019","5 x","1 x","-","","","","","","","","","","","","","","","","","","",""
"4204","PANTH","INE945O01019","1 x","-","-","","","","","","","","","","","","","","","","","","",""
"4205","SHIVALIK","INE788J01021","5 x","-","-","","","","","","","","","","","","","","","","","","",""
"4206","ICSL","INE682B01023","1 x","-","-","","","","","","","","","","","","","","","","","","",""
"4207","PNCINFRA","INE195J01029","5 x","2.81 x","-","","","","","","","","","","","","","","","","","","",""
"4208","ARFIN","INE784R01023","5 x","2 x","-","","","","","","","","","","","","","","","","","","",""
"4209","VLL","INE347L01022","1 x","-","-","","","","","","","","","","","","","","","","","","",""
"4210","HELPAGE","INE738P01015","1 x","-","-","","","","","","","","","","","","","","","","","","",""
"4211","STARBEAM","INE924N01024","1 x","-","-","","","","","","","","","","","","","","","","","","",""
"4212","HAWAENG","INE230I01018","1 x","-","-","","","","","","","","","","","","","","","","","","",""
"4213","ADHBHUTIN","INE578L01014","1 x","-","-","","","","","","","","","","","","","","","","","","",""
"4214","DFL","INE848N01017","1 x","-","-","","","","","","","","","","","","","","","","","","",""
"4215","POEL","INE035S01028","1 x","-","-","","","","","","","","","","","","","","","","","","",""
"4216","AEL","INE829P01020","1 x","-","-","","","","","","","","","","","","","","","","","","",""
"4217","SGFIN","INE618R01015","5 x","2.5 x","-","","","","","","","","","","","","","","","","","","",""
"4218","GVBL","INE574D01010","1 x","-","-","","","","","","","","","","","","","","","","","","",""
"4219","GARMNTMNTR","INE653S01028","1 x","-","-","","","","","","","","","","","","","","","","","","",""
"4220","SRESTHA","INE606K01049","1 x","-","-","","","","","","","","","","","","","","","","","","",""
"4221","SAUMYA","INE563C01015","1 x","-","-","","","","","","","","","","","","","","","","","","",""
"4222","MUL","INE150D01027","1 x","-","-","","","","","","","","","","","","","","","","","","",""
"4223","MISHKA","INE540S01019","1 x","-","-","","","","","","","","","","","","","","","","","","",""
"4224","GROWINGTON","INE451S01027","1 x","-","-","","","","","","","","","","","","","","","","","","",""
"4225","RUDRA","INE027T01023","2 x","-","-","","","","","","","","","","","","","","","","","","",""
"4226","LOYAL","INE876S01017","1 x","-","-","","","","","","","","","","","","","","","","","","",""
"4227","GGPL","INE480S01026","1 x","-","-","","","","","","","","","","","","","","","","","","",""
"4228","CHEMIESYNT","INE829R01018","1 x","-","-","","","","","","","","","","","","","","","","","","",""
"4229","SURYAINDIA","INE446E01019","1 x","-","-","","","","","","","","","","","","","","","","","","",""
"4230","STARDELTA","INE541K01014","1 x","-","-","","","","","","","","","","","","","","","","","","",""
"4231","AMRAFIN","INE990S01016","1 x","-","-","","","","","","","","","","","","","","","","","","",""
"4232","SAMSRITA","INE579N01018","1 x","-","-","","","","","","","","","","","","","","","","","","",""
"4233","PECOS","INE484S01010","1 x","-","-","","","","","","","","","","","","","","","","","","",""
"4234","MSL","INE829S01016","1 x","-","-","","","","","","","","","","","","","","","","","","",""
"4235","SYMBIOX","INE653R01012","1 x","-","-","","","","","","","","","","","","","","","","","","",""
"4236","SUNRAKSHAK","INE671K01027","1 x","-","-","","","","","","","","","","","","","","","","","","",""
"4237","THINKINK","INE365S01045","1 x","-","-","","","","","","","","","","","","","","","","","","",""
"4238","UNIAUTO","INE203T01012","1 x","-","-","","","","","","","","","","","","","","","","","","",""
"4239","VETO","INE918N01018","1 x","-","-","","","","","","","","","","","","","","","","","","",""
"4240","WAAREE","INE725P01012","1 x","-","-","","","","","","","","","","","","","","","","","","",""
"4241","PBFL","INE212Q01019","1 x","-","-","","","","","","","","","","","","","","","","","","",""
"4242","SALAUTO","INE724G01014","1 x","-","-","","","","","","","","","","","","","","","","","","",""
"4243","POLYSPIN","INE914G01029","1 x","-","-","","","","","","","","","","","","","","","","","","",""
"4244","SML","INE848R01018","1 x","-","-","","","","","","","","","","","","","","","","","","",""
"4245","MAHAVEER","INE019D01016","1 x","-","-","","","","","","","","","","","","","","","","","","",""
"4246","ACME","INE636B01011","1 x","-","-","","","","","","","","","","","","","","","","","","",""
"4247","KCL","INE926E01010","1 x","-","-","","","","","","","","","","","","","","","","","","",""
"4248","VISHALBL","INE060T01024","1 x","-","-","","","","","","","","","","","","","","","","","","",""
"4249","BELLACASA","INE344T01014","2 x","-","2 x","","","","","","","","","","","","","","","","","","",""
"4250","MOL","INE0CT101020","5 x","2.7 x","-","","","","","","","","","","","","","","","","","","",""
"4251","MALLCOM","INE389C01015","5 x","-","2 x","","","","","","","","","","","","","","","","","","",""
"4252","PJL","INE473T01011","1 x","-","-","","","","","","","","","","","","","","","","","","",""
"4253","DITCO","INE183R01010","1 x","-","-","","","","","","","","","","","","","","","","","","",""
"4254","SWAGTAM","INE150R01019","1 x","-","-","","","","","","","","","","","","","","","","","","",""
"4255","NEERAJ","INE894J01019","1 x","-","-","","","","","","","","","","","","","","","","","","",""
"4256","TEJNAKSH","INE030T01027","1 x","-","-","","","","","","","","","","","","","","","","","","",""
"4257","BRIPORT","INE661F01010","1 x","-","-","","","","","","","","","","","","","","","","","","",""
"4258","RFSL","INE201C01012","1 x","-","-","","","","","","","","","","","","","","","","","","",""
"4259","IGCIL","INE099S01016","1 x","-","-","","","","","","","","","","","","","","","","","","",""
"4260","ECOFINITY","INE360S01012","1 x","-","-","","","","","","","","","","","","","","","","","","",""
"4261","PANORAMA","INE258R01028","5 x","-","2 x","","","","","","","","","","","","","","","","","","",""
"4262","SHREEGANES","INE051N01026","1 x","-","-","","","","","","","","","","","","","","","","","","",""
"4263","GTV","INE910R01024","1 x","-","-","","","","","","","","","","","","","","","","","","",""
"4264","TFLL","INE027S01017","1 x","-","-","","","","","","","","","","","","","","","","","","",""
"4265","GARBIFIN","INE721C01019","1 x","-","-","","","","","","","","","","","","","","","","","","",""
"4266","SMARTFIN","INE766D01020","1 x","-","-","","","","","","","","","","","","","","","","","","",""
"4267","RAJKOTINV","INE176R01014","1 x","-","-","","","","","","","","","","","","","","","","","","",""
"4268","ADCON","INE805Q01028","1 x","-","-","","","","","","","","","","","","","","","","","","",""
"4269","QUINT","INE641R01017","1 x","-","-","","","","","","","","","","","","","","","","","","",""
"4270","UDAYJEW","INE551B01012","1 x","-","-","","","","","","","","","","","","","","","","","","",""
"4271","TAVEXIA","INE280E01038","1 x","-","-","","","","","","","","","","","","","","","","","","",""
"4272","NAVIGANT","INE364T01012","1 x","-","-","","","","","","","","","","","","","","","","","","",""
"4273","GROVY","INE343C01012","1 x","-","-","","","","","","","","","","","","","","","","","","",""
"4274","SCTL","INE452S01025","1 x","-","-","","","","","","","","","","","","","","","","","","",""
"4275","CREATIVE","INE146E01015","5 x","-","-","","","","","","","","","","","","","","","","","","",""
"4276","AAYUSH","INE430R01023","1 x","-","-","","","","","","","","","","","","","","","","","","",""
"4277","ELITECON","INE669R01026","1 x","-","-","","","","","","","","","","","","","","","","","","",""
"4278","VALLEY","INE834E01016","1 x","-","-","","","","","","","","","","","","","","","","","","",""
"4279","APOORVA","INE217S01014","1 x","-","-","","","","","","","","","","","","","","","","","","",""
"4280","AGRIBIO","INE679E01015","1 x","-","-","","","","","","","","","","","","","","","","","","",""
"4281","DHVIJAFIN","INE108T01021","1 x","-","-","","","","","","","","","","","","","","","","","","",""
"4282","DEEPAI","INE005G01026","1 x","-","-","","","","","","","","","","","","","","","","","","",""
"4283","MALTLAND","INE994N01019","1 x","-","-","","","","","","","","","","","","","","","","","","",""
"4284","AARNAV","INE750R01016","1 x","-","-","","","","","","","","","","","","","","","","","","",""
"4285","SHIVA","INE728Q01014","1 x","-","-","","","","","","","","","","","","","","","","","","",""
"4286","MISHTANN","INE094S01041","1 x","-","-","","","","","","","","","","","","","","","","","","",""
"4287","DELTA","INE681Q01015","1 x","-","-","","","","","","","","","","","","","","","","","","",""
"4288","AMPL","INE727C01024","1 x","-","-","","","","","","","","","","","","","","","","","","",""
"4289","KEL","INE079C01012","1 x","-","-","","","","","","","","","","","","","","","","","","",""
"4290","BLUECLOUDS","INE373T01047","5 x","-","-","","","","","","","","","","","","","","","","","","",""
"4291","KEIL","INE534E01020","1 x","-","-","","","","","","","","","","","","","","","","","","",""
"4292","KAMATS","INE564S01019","1 x","-","-","","","","","","","","","","","","","","","","","","",""
"4293","ACEMEN","INE023R01018","1 x","-","-","","","","","","","","","","","","","","","","","","",""
"4294","BFLAFL","INE948Q01018","1 x","-","-","","","","","","","","","","","","","","","","","","",""
"4295","RGF","INE684D01025","1 x","-","-","","","","","","","","","","","","","","","","","","",""
"4296","KAPILRAJ","INE332Q01023","1 x","-","-","","","","","","","","","","","","","","","","","","",""
"4297","GANGAPHARM","INE615T01017","1 x","-","-","","","","","","","","","","","","","","","","","","",""
"4298","DAL","INE874E01012","1 x","-","-","","","","","","","","","","","","","","","","","","",""
"4299","MOBAVENUE","INE622Q01027","5 x","-","-","","","","","","","","","","","","","","","","","","",""
"4300","SHIVKAMAL","INE429R01017","1 x","-","-","","","","","","","","","","","","","","","","","","",""
"4301","RGCORP","INE836D01013","1 x","-","-","","","","","","","","","","","","","","","","","","",""
"4302","IFINSER","INE064T01018","1 x","-","-","","","","","","","","","","","","","","","","","","",""
"4303","HYPERSOFT","INE039D01014","1 x","-","-","","","","","","","","","","","","","","","","","","",""
"4304","FREDUN","INE194R01017","5 x","-","2 x","","","","","","","","","","","","","","","","","","",""
"4305","RELICAB","INE773T01014","1 x","-","-","","","","","","","","","","","","","","","","","","",""
"4306","VKAL","INE427T01025","1 x","-","-","","","","","","","","","","","","","","","","","","",""
"4307","MEAPL","INE250S01015","1 x","-","-","","","","","","","","","","","","","","","","","","",""
"4308","MNIL","INE216Q01010","1 x","-","-","","","","","","","","","","","","","","","","","","",""
"4309","DARJEELING","INE830S01014","1 x","-","-","","","","","","","","","","","","","","","","","","",""
"4310","ADVIKCA","INE178T01024","1 x","-","-","","","","","","","","","","","","","","","","","","",""
"4311","KDML","INE030U01025","1 x","-","-","","","","","","","","","","","","","","","","","","",""
"4312","UMIYA","INE173U01015","1 x","-","-","","","","","","","","","","","","","","","","","","",""
"4313","CHDCHEM","INE043U01010","1 x","-","-","","","","","","","","","","","","","","","","","","",""
"4314","LELAVOIR","INE204S01012","1 x","-","-","","","","","","","","","","","","","","","","","","",""
"4315","MUDRA","INE967S01014","1 x","-","-","","","","","","","","","","","","","","","","","","",""
"4316","BALGOPAL","INE119R01014","1 x","-","-","","","","","","","","","","","","","","","","","","",""
"4317","SUPERIOR","INE574R01028","1 x","-","-","","","","","","","","","","","","","","","","","","",""
"4318","FRANKLIN","INE399S01010","1 x","-","-","","","","","","","","","","","","","","","","","","",""
"4319","LANCER","INE359U01028","1 x","-","-","","","","","","","","","","","","","","","","","","",""
"4320","HALDER","INE115S01010","1 x","-","-","","","","","","","","","","","","","","","","","","",""
"4321","BAJAJHCARE","INE411U01027","5 x","2.5 x","-","","","","","","","","","","","","","","","","","","",""
"4322","RSDFIN","INE616F01022","1 x","-","-","","","","","","","","","","","","","","","","","","",""
"4323","DARSHANORNA","INE671T01028","1 x","-","-","","","","","","","","","","","","","","","","","","",""
"4324","MADHAVIPL","INE631R01026","1 x","-","-","","","","","","","","","","","","","","","","","","",""
"4325","SPICELOUNG","INE631E01024","1 x","-","-","","","","","","","","","","","","","","","","","","",""
"4326","DIDL","INE642P01019","1 x","-","-","","","","","","","","","","","","","","","","","","",""
"4327","SNIM","INE730R01042","1 x","-","-","","","","","","","","","","","","","","","","","","",""
"4328","SEIL","INE440T01028","5 x","-","2 x","","","","","","","","","","","","","","","","","","",""
"4329","LIKHAMI","INE920T01011","1 x","-","-","","","","","","","","","","","","","","","","","","",""
"4330","MIL","INE858Q01019","1 x","-","-","","","","","","","","","","","","","","","","","","",""
"4331","YASHCHEM","INE571U01010","1 x","-","-","","","","","","","","","","","","","","","","","","",""
"4332","BAZELINTER","INE217E01014","1 x","-","-","","","","","","","","","","","","","","","","","","",""
"4333","TAALTECH","INE524T01029","5 x","-","2 x","","","","","","","","","","","","","","","","","","",""
"4334","ZEAL","INE819S01025","1 x","-","-","","","","","","","","","","","","","","","","","","",""
"4335","DIGJAMLMTD","INE731U01028","1 x","-","-","","","","","","","","","","","","","","","","","","",""
"4336","HIIL","INE799B01025","1 x","-","-","","","","","","","","","","","","","","","","","","",""
"4337","TITAANIUM","INE120V01014","1 x","-","-","","","","","","","","","","","","","","","","","","",""
"4338","CFEL","INE700F01024","1 x","-","-","","","","","","","","","","","","","","","","","","",""
"4339","KPL","INE552U01010","5 x","-","2 x","","","","","","","","","","","","","","","","","","",""
"4340","EASTWEST","INE595R01023","1 x","-","-","","","","","","","","","","","","","","","","","","",""
"4341","BSLSENETFG","INF209KB10E8","5 x","5 x","-","","","","","","","","","","","","","","","","","","",""
"4342","COLORCHIPS","INE621I01042","1 x","-","-","","","","","","","","","","","","","","","","","","",""
"4343","LAHL","INE213U01019","1 x","-","-","","","","","","","","","","","","","","","","","","",""
"4344","GOLDENCREST","INE222U01010","1 x","-","-","","","","","","","","","","","","","","","","","","",""
"4345","ECS","INE925Q01024","1 x","-","-","","","","","","","","","","","","","","","","","","",""
"4346","AMS","INE345U01019","1 x","-","-","","","","","","","","","","","","","","","","","","",""
"4347","SHIVAEXPO","INE191V01015","1 x","-","-","","","","","","","","","","","","","","","","","","",""
"4348","MITSU","INE317V01016","1 x","-","-","","","","","","","","","","","","","","","","","","",""
"4349","SPRAYKING","INE537U01037","1 x","-","-","","","","","","","","","","","","","","","","","","",""
"4350","DHATRE","INE715T01031","1 x","-","-","","","","","","","","","","","","","","","","","","",""
"4351","RSTL","INE367U01013","1 x","-","-","","","","","","","","","","","","","","","","","","",""
"4352","GAMCO","INE890S01026","1 x","-","-","","","","","","","","","","","","","","","","","","",""
"4353","NGIL","INE236Y01012","1 x","-","-","","","","","","","","","","","","","","","","","","",""
"4354","IISL","INE818R01011","1 x","-","-","","","","","","","","","","","","","","","","","","",""
"4355","ARCFIN","INE202R01026","1 x","-","-","","","","","","","","","","","","","","","","","","",""
"4356","SAGARSOFT","INE184B01012","1 x","-","-","","","","","","","","","","","","","","","","","","",""
"4357","DRA","INE746V01016","1 x","-","-","","","","","","","","","","","","","","","","","","",""
"4358","ACML","INE427V01013","1 x","-","-","","","","","","","","","","","","","","","","","","",""
"4359","SHASHIJIT","INE700V01021","1 x","-","-","","","","","","","","","","","","","","","","","","",""
"4360","BINDALEXPO","INE564V01013","1 x","-","-","","","","","","","","","","","","","","","","","","",""
"4361","MHEL","INE957U01011","1 x","-","-","","","","","","","","","","","","","","","","","","",""
"4362","DIKSAT","INE942P01013","1 x","-","-","","","","","","","","","","","","","","","","","","",""
"4363","IDFSENSEXE","INF194KA1T91","5 x","-","-","","","","","","","","","","","","","","","","","","",""
"4364","PURPLE","INE905R01016","1 x","-","-","","","","","","","","","","","","","","","","","","",""
"4365","SUPRAPFSL","INE268T01015","1 x","-","-","","","","","","","","","","","","","","","","","","",""
"4366","SOUTHERNIN","INE298B01010","1 x","-","-","","","","","","","","","","","","","","","","","","",""
"4367","REGENCY","INE964R01013","1 x","-","-","","","","","","","","","","","","","","","","","","",""
"4368","SALEM","INE894E01028","1 x","-","-","","","","","","","","","","","","","","","","","","",""
"4369","FRANKLININD","INE789R01022","1 x","-","-","","","","","","","","","","","","","","","","","","",""
"4370","LKPSEC","INE341H01023","1 x","-","-","","","","","","","","","","","","","","","","","","",""
"4371","OSIAJEE","INE186R01013","1 x","-","-","","","","","","","","","","","","","","","","","","",""
"4372","CMBL","INE850R01014","1 x","-","-","","","","","","","","","","","","","","","","","","",""
"4373","EIKO","INE666Q01016","1 x","-","-","","","","","","","","","","","","","","","","","","",""
"4374","SHASHANK","INE508R01018","1 x","-","-","","","","","","","","","","","","","","","","","","",""
"4375","NEWLIGHT","INE835U01027","1 x","-","-","","","","","","","","","","","","","","","","","","",""
"4376","VSL","INE607V01028","1 x","-","-","","","","","","","","","","","","","","","","","","",""
"4377","MTPL","INE245H01018","1 x","-","-","","","","","","","","","","","","","","","","","","",""
"4378","SHANGAR","INE118R01032","1 x","-","-","","","","","","","","","","","","","","","","","","",""
"4379","GLCL","INE804Q01013","1 x","-","-","","","","","","","","","","","","","","","","","","",""
"4380","FLORACORP","INE318U01016","1 x","-","-","","","","","","","","","","","","","","","","","","",""
"4381","TRU","INE615R01029","1 x","-","-","","","","","","","","","","","","","","","","","","",""
"4382","SKL","INE459U01018","1 x","-","-","","","","","","","","","","","","","","","","","","",""
"4383","RAIDEEPIND","INE923R01019","1 x","-","-","","","","","","","","","","","","","","","","","","",""
"4384","SUERYAAKNI","INE249U01013","1 x","-","-","","","","","","","","","","","","","","","","","","",""
"4385","TANVI","INE978V01015","1 x","-","-","","","","","","","","","","","","","","","","","","",""
"4386","RMC","INE655V01019","5 x","-","-","","","","","","","","","","","","","","","","","","",""
"4387","PARMAX","INE240T01014","1 x","-","-","","","","","","","","","","","","","","","","","","",""
"4388","LLFICL","INE715Q01029","1 x","-","-","","","","","","","","","","","","","","","","","","",""
"4389","DANUBE","INE575D01041","1 x","-","-","","","","","","","","","","","","","","","","","","",""
"4390","IFL","INE714U01024","1 x","-","-","","","","","","","","","","","","","","","","","","",""
"4391","ONTIC","INE989S01042","1 x","-","-","","","","","","","","","","","","","","","","","","",""
"4392","SMLT","INE017W01010","1 x","-","-","","","","","","","","","","","","","","","","","","",""
"4393","CHEMCRUX","INE298W01016","1 x","-","-","","","","","","","","","","","","","","","","","","",""
"4394","MAXIMUS","INE544W01021","1 x","-","-","","","","","","","","","","","","","","","","","","",""
"4395","MANAS","INE800W01019","1 x","-","-","","","","","","","","","","","","","","","","","","",""
"4396","PRIMEFRESH","INE442V01012","5 x","-","-","","","","","","","","","","","","","","","","","","",""
"4397","OCEANIC","INE711V01010","1 x","-","-","","","","","","","","","","","","","","","","","","",""
"4398","OCTAWARE","INE208U01019","1 x","-","-","","","","","","","","","","","","","","","","","","",""
"4399","ESCORP","INE953W01016","1 x","-","-","","","","","","","","","","","","","","","","","","",""
"4400","PARMSILK","INE808R01012","1 x","-","-","","","","","","","","","","","","","","","","","","",""
"4401","KMSMEDI","INE870V01014","1 x","-","-","","","","","","","","","","","","","","","","","","",""
"4402","CLFL","INE949C01016","1 x","-","-","","","","","","","","","","","","","","","","","","",""
"4403","STARLENT","INE594W01042","1 x","-","-","","","","","","","","","","","","","","","","","","",""
"4404","KANUNGO","INE453S01015","1 x","-","-","","","","","","","","","","","","","","","","","","",""
"4405","MEERA","INE343X01026","1 x","-","-","","","","","","","","","","","","","","","","","","",""
"4406","GKL","INE986W01016","1 x","-","-","","","","","","","","","","","","","","","","","","",""
"4407","YUG","INE796W01019","1 x","-","-","","","","","","","","","","","","","","","","","","",""
"4408","VARIMAN","INE717F01028","1 x","-","-","","","","","","","","","","","","","","","","","","",""
"4409","RIDDHICORP","INE325X01015","1 x","-","-","","","","","","","","","","","","","","","","","","",""
"4410","CONTAINER","INE319U01022","1 x","-","-","","","","","","","","","","","","","","","","","","",""
"4411","GEL","INE721X01023","1 x","-","-","","","","","","","","","","","","","","","","","","",""
"4412","7NR","INE413X01035","1 x","-","-","","","","","","","","","","","","","","","","","","",""
"4413","JIGAR","INE943X01015","1 x","-","-","","","","","","","","","","","","","","","","","","",""
"4414","CTCL","INE931X01010","1 x","-","-","","","","","","","","","","","","","","","","","","",""
"4415","CHOTHANI","INE344X01016","1 x","-","-","","","","","","","","","","","","","","","","","","",""
"4416","SMRUTHIORG","INE172E01011","1 x","-","-","","","","","","","","","","","","","","","","","","",""
"4417","SHISHIND","INE145Y01023","1 x","-","-","","","","","","","","","","","","","","","","","","",""
"4418","ANG","INE236W01016","1 x","-","-","","","","","","","","","","","","","","","","","","",""
"4419","KCDGROUP","INE185U01035","1 x","-","-","","","","","","","","","","","","","","","","","","",""
"4420","CARTRADE","INE290S01011","5 x","2.54 x","-","","","","","","","","","","","","","","","","","","",""
"4421","PROCLB","INE438C01010","1 x","-","-","","","","","","","","","","","","","","","","","","",""
"4422","PQIF","INE689M01025","1 x","-","-","","","","","","","","","","","","","","","","","","",""
"4423","AAYUSHBULL","INE777X01017","1 x","-","-","","","","","","","","","","","","","","","","","","",""
"4424","TTFL","INE071Y01013","1 x","-","-","","","","","","","","","","","","","","","","","","",""
"4425","POOJA","INE973X01012","1 x","-","-","","","","","","","","","","","","","","","","","","",""
"4426","SAYAJIIND","INE327G01032","1 x","-","-","","","","","","","","","","","","","","","","","","",""
"4427","VANTABIO","INE695X01011","1 x","-","-","","","","","","","","","","","","","","","","","","",""
"4428","MEHAI","INE062Y01020","1 x","-","-","","","","","","","","","","","","","","","","","","",""
"4429","IRIS","INE864K01010","1 x","-","2 x","","","","","","","","","","","","","","","","","","",""
"4430","SGRL","INE414Y01015","1 x","-","2 x","","","","","","","","","","","","","","","","","","",""
"4431","STL","INE402Y01028","1 x","-","-","","","","","","","","","","","","","","","","","","",""
"4432","KAARYAFSL","INE282Y01016","1 x","-","-","","","","","","","","","","","","","","","","","","",""
"4433","SBRANDS","INE204Y01010","1 x","-","-","","","","","","","","","","","","","","","","","","",""
"4434","SHARIKA","INE669Y01022","1 x","-","-","","","","","","","","","","","","","","","","","","",""
"4435","ASPIRA","INE500C01017","1 x","-","-","","","","","","","","","","","","","","","","","","",""
"4436","DNAMEDIA","INE016M01021","1 x","-","-","","","","","","","","","","","","","","","","","","",""
"4437","RATNABHUMI","INE821Y01011","1 x","-","-","","","","","","","","","","","","","","","","","","",""
"4438","SHALBY","INE597J01018","5 x","2.5 x","-","","","","","","","","","","","","","","","","","","",""
"4439","MRCAGRO","INE333Y01017","1 x","-","-","","","","","","","","","","","","","","","","","","",""
"4440","DML","INE158R01012","1 x","-","-","","","","","","","","","","","","","","","","","","",""
"4441","CRYSTAL","INE994R01028","1 x","-","-","","","","","","","","","","","","","","","","","","",""
"4442","ASTRON","INE646X01014","1 x","-","-","","","","","","","","","","","","","","","","","","",""
"4443","CHANDRIMA","INE371F01024","1 x","-","-","","","","","","","","","","","","","","","","","","",""
"4444","RITHWIKFMS","INE819Y01015","1 x","-","-","","","","","","","","","","","","","","","","","","",""
"4445","JFL","INE841Y01019","1 x","-","-","","","","","","","","","","","","","","","","","","",""
"4446","7SEASL","INE454F01010","1 x","-","-","","","","","","","","","","","","","","","","","","",""
"4447","TIRUFOAM","INE115G01015","1 x","-","-","","","","","","","","","","","","","","","","","","",""
"4448","SRUSTEELS","INE425C01017","1 x","-","-","","","","","","","","","","","","","","","","","","",""
"4449","GGL","INE063Z01017","1 x","-","-","","","","","","","","","","","","","","","","","","",""
"4450","MEDICO","INE630Y01024","5 x","-","2 x","","","","","","","","","","","","","","","","","","",""
"4451","GUJHYSPIN","INE578V01013","1 x","-","-","","","","","","","","","","","","","","","","","","",""
"4452","KENVI","INE923Y01023","1 x","-","-","","","","","","","","","","","","","","","","","","",""
"4453","IWP","INE586E01020","1 x","-","-","","","","","","","","","","","","","","","","","","",""
"4454","BHATIA","INE341Z01025","1 x","-","-","","","","","","","","","","","","","","","","","","",""
"4455","YSL","INE868X01014","1 x","-","-","","","","","","","","","","","","","","","","","","",""
"4456","KANCOTEA","INE398L01017","1 x","-","-","","","","","","","","","","","","","","","","","","",""
"4457","ANGEL","INE339Z01011","1 x","-","-","","","","","","","","","","","","","","","","","","",""
"4458","INFLAME","INE464Z01017","1 x","-","-","","","","","","","","","","","","","","","","","","",""
"4459","BPLPHARMA","INE365Y01019","1 x","-","-","","","","","","","","","","","","","","","","","","",""
"4460","SHREESHAY","INE452Z01012","1 x","-","-","","","","","","","","","","","","","","","","","","",""
"4461","ACTIVE","INE380Z01015","5 x","-","-","","","","","","","","","","","","","","","","","","",""
"4462","BENARA","INE495Z01011","1 x","-","-","","","","","","","","","","","","","","","","","","",""
"4463","LEX","INE860Y01019","1 x","-","-","","","","","","","","","","","","","","","","","","",""
"4464","OBCL","INE426Z01016","1 x","-","-","","","","","","","","","","","","","","","","","","",""
"4465","TRL","INE459Z01017","1 x","-","-","","","","","","","","","","","","","","","","","","",""
"4466","HARDWYN","INE626Z01029","5 x","-","2 x","","","","","","","","","","","","","","","","","","",""
"4467","DLCL","INE871Z01013","1 x","-","-","","","","","","","","","","","","","","","","","","",""
"4468","DHRUV","INE506Z01015","1 x","-","-","","","","","","","","","","","","","","","","","","",""
"4469","AKSHAR","INE256Z01025","1 x","-","-","","","","","","","","","","","","","","","","","","",""
"4470","MILEFUR","INE424Z01011","1 x","-","-","","","","","","","","","","","","","","","","","","",""
"4471","UHZAVERI","INE556Z01010","1 x","-","-","","","","","","","","","","","","","","","","","","",""
"4472","PARVATI","INE295Z01015","1 x","-","-","","","","","","","","","","","","","","","","","","",""
"4473","MEGASTAR","INE00EM01016","1 x","-","1 x","","","","","","","","","","","","","","","","","","",""
"4474","INNOVATORS","INE870Z01015","1 x","-","-","","","","","","","","","","","","","","","","","","",""
"4475","PALMJEWELS","INE838Z01012","1 x","-","-","","","","","","","","","","","","","","","","","","",""
"4476","WAA","INE799N01012","1 x","-","-","","","","","","","","","","","","","","","","","","",""
"4477","UNICK","INE250G01010","1 x","-","-","","","","","","","","","","","","","","","","","","",""
"4478","RAJNISH","INE685Z01033","1 x","-","-","","","","","","","","","","","","","","","","","","",""
"4479","GUJWIND","INE173V01013","1 x","-","-","","","","","","","","","","","","","","","","","","",""
"4480","RAWEDGE","INE960Z01014","1 x","-","-","","","","","","","","","","","","","","","","","","",""
"4481","SUPERSHAKT","INE00SY01011","1 x","-","-","","","","","","","","","","","","","","","","","","",""
"4482","RACONTEUR","INE00WY01013","1 x","-","-","","","","","","","","","","","","","","","","","","",""
"4483","VIVANTA","INE299W01022","1 x","-","-","","","","","","","","","","","","","","","","","","",""
"4484","FRATELLI","INE401Z01019","1 x","-","-","","","","","","","","","","","","","","","","","","",""
"4485","AMINTAN","INE572Z01017","1 x","-","-","","","","","","","","","","","","","","","","","","",""
"4486","DEEP","INE00IY01012","1 x","-","-","","","","","","","","","","","","","","","","","","",""
"4487","SMEL","INE266S01011","1 x","-","-","","","","","","","","","","","","","","","","","","",""
"4488","ASRL","INE01B501018","1 x","-","-","","","","","","","","","","","","","","","","","","",""
"4489","RANJEET","INE01A501027","1 x","-","-","","","","","","","","","","","","","","","","","","",""
"4490","SETFSN50","INF200KA1VQ2","5 x","-","2 x","","","","","","","","","","","","","","","","","","",""
"4491","MACH","INE004Z01011","1 x","-","-","","","","","","","","","","","","","","","","","","",""
"4492","INNOVATIVE","INE492Y01011","1 x","-","-","","","","","","","","","","","","","","","","","","",""
"4493","GRSE","INE382Z01011","5 x","2.5 x","-","","","","","","","","","","","","","","","","","","",""
"4494","A1L","INE911Z01025","1 x","-","-","","","","","","","","","","","","","","","","","","",""
"4495","DOLFIN","INE666Y01010","1 x","-","-","","","","","","","","","","","","","","","","","","",""
"4496","SHUBHAM","INE01J501010","1 x","-","-","","","","","","","","","","","","","","","","","","",""
"4497","SUNRETAIL","INE206Z01020","1 x","-","-","","","","","","","","","","","","","","","","","","",""
"4498","SMGOLD","INE00Q901014","1 x","-","-","","","","","","","","","","","","","","","","","","",""
"4499","VIVIDM","INE647Z01025","1 x","-","-","","","","","","","","","","","","","","","","","","",""
"4500","BCPL","INE00SW01015","1 x","-","-","","","","","","","","","","","","","","","","","","",""
"4501","ATGL","INE399L01023","5 x","2.76 x","-","","","","","","","","","","","","","","","","","","",""
"4502","PHOSPHATE","INE398C01016","1 x","-","-","","","","","","","","","","","","","","","","","","",""
"4503","NIFTYETF","INF769K01EG9","5 x","5 x","-","","","","","","","","","","","","","","","","","","",""
"4504","TECHNOE","INE285K01026","5 x","2.86 x","-","","","","","","","","","","","","","","","","","","",""
"4505","RONI","INE02AP01013","1 x","-","-","","","","","","","","","","","","","","","","","","",""
"4506","SKIFL","INE951Z01013","1 x","-","-","","","","","","","","","","","","","","","","","","",""
"4507","DGL","INE01GR01018","1 x","-","-","","","","","","","","","","","","","","","","","","",""
"4508","ARYAN","INE016X01010","1 x","-","-","","","","","","","","","","","","","","","","","","",""
"4509","NIVAKA","INE139E01028","1 x","-","-","","","","","","","","","","","","","","","","","","",""
"4510","DALBHARAT","INE00R701025","5 x","3.5 x","-","","","","","","","","","","","","","","","","","","",""
"4511","ABSLNN50ET","INF209KB16D7","5 x","5 x","-","","","","","","","","","","","","","","","","","","",""
"4512","NILASPACES","INE00S901012","5 x","-","2 x","","","","","","","","","","","","","","","","","","",""
"4513","TREJHARA","INE00CA01015","1 x","-","2 x","","","","","","","","","","","","","","","","","","",""
"4514","DECCAN","INE452W01019","1 x","-","-","","","","","","","","","","","","","","","","","","",""
"4515","AXITA","INE02EZ01022","1 x","-","2 x","","","","","","","","","","","","","","","","","","",""
"4516","RPSGVENT","INE425Y01011","5 x","2.74 x","-","","","","","","","","","","","","","","","","","","",""
"4517","SPENCERS","INE020801028","2 x","1.67 x","-","","","","","","","","","","","","","","","","","","",""
"4518","XELPMOC","INE01P501012","1 x","-","-","","","","","","","","","","","","","","","","","","",""
"4519","RITCO","INE01EG01016","5 x","2 x","-","","","","","","","","","","","","","","","","","","",""
"4520","CHALET","INE427F01016","5 x","3.41 x","-","","","","","","","","","","","","","","","","","","",""
"4521","JONJUA","INE793Z01027","1 x","-","-","","","","","","","","","","","","","","","","","","",""
"4522","KRANTI","INE911T01010","1 x","-","-","","","","","","","","","","","","","","","","","","",""
"4523","ANUP","INE294Z01018","5 x","2.8 x","-","","","","","","","","","","","","","","","","","","",""
"4524","GLAAMUP","INE03CM01014","1 x","-","-","","","","","","","","","","","","","","","","","","",""
"4525","ARVINDFASN","INE955V01021","5 x","3.17 x","-","","","","","","","","","","","","","","","","","","",""
"4526","SNXT50BETA","INF789F1AUU3","5 x","5 x","-","","","","","","","","","","","","","","","","","","",""
"4527","AIHL","INE342U01016","1 x","-","-","","","","","","","","","","","","","","","","","","",""
"4528","JYOTIN","INE043R01016","1 x","-","-","","","","","","","","","","","","","","","","","","",""
"4529","AGOL","INE05FR01029","1 x","-","-","","","","","","","","","","","","","","","","","","",""
"4530","HBEL","INE02PC01027","1 x","-","-","","","","","","","","","","","","","","","","","","",""
"4531","MSTCLTD","INE255X01014","5 x","2.65 x","-","","","","","","","","","","","","","","","","","","",""
"4532","ROOPSHRI","INE03WT01017","1 x","-","-","","","","","","","","","","","","","","","","","","",""
"4533","NUVOCO","INE118D01016","5 x","3.19 x","-","","","","","","","","","","","","","","","","","","",""
"4534","EMBASSY","INE041025011","2 x","-","-","","","","","","","","","","","","","","","","","","",""
"4535","NSL","INE01BL01012","1 x","-","-","","","","","","","","","","","","","","","","","","",""
"4536","RVNL","INE415G01027","5 x","3.83 x","-","","","","","","","","","","","","","","","","","","",""
"4537","METROPOLIS","INE112L01020","5 x","3.38 x","-","","","","","","","","","","","","","","","","","","",""
"4538","KPITTECH","INE04I401011","5 x","3.7 x","-","","","","","","","","","","","","","","","","","","",""
"4539","POLYCAB","INE455K01017","5 x","4.17 x","-","","","","","","","","","","","","","","","","","","",""
"4540","VRFILMS","INE06LG01010","1 x","-","-","","","","","","","","","","","","","","","","","","",""
"4541","VIKASLIFE","INE161L01027","1 x","-","-","","","","","","","","","","","","","","","","","","",""
"4542","NEOGEN","INE136S01016","5 x","2.68 x","-","","","","","","","","","","","","","","","","","","",""
"4543","GKP","INE05QJ01015","1 x","-","-","","","","","","","","","","","","","","","","","","",""
"4544","EVANS","INE06TD01010","1 x","-","-","","","","","","","","","","","","","","","","","","",""
"4545","BMW","INE374E01021","2 x","-","1 x","","","","","","","","","","","","","","","","","","",""
"4546","AEPL","INE757T01025","1 x","-","2 x","","","","","","","","","","","","","","","","","","",""
"4547","DEL","INE413F01016","1 x","-","-","","","","","","","","","","","","","","","","","","",""
"4548","HARISH","INE01K301012","1 x","-","-","","","","","","","","","","","","","","","","","","",""
"4549","PARSHVA","INE05MV01019","1 x","-","-","","","","","","","","","","","","","","","","","","",""
"4550","ARL","INE02GA01012","1 x","-","-","","","","","","","","","","","","","","","","","","",""
"4551","SBC","INE04AK01028","5 x","1 x","-","","","","","","","","","","","","","","","","","","",""
"4552","CPML","INE056001014","1 x","-","-","","","","","","","","","","","","","","","","","","",""
"4553","SKIEL","INE04ST01013","1 x","-","-","","","","","","","","","","","","","","","","","","",""
"4554","SNXT50BEES","INF204KB15D0","5 x","-","2 x","","","","","","","","","","","","","","","","","","",""
"4555","TRANSPACT","INE06YD01010","1 x","-","-","","","","","","","","","","","","","","","","","","",""
"4556","ALPHALOGIC","INE08E401029","1 x","-","-","","","","","","","","","","","","","","","","","","",""
"4557","NOVATEOR","INE08JY01013","1 x","-","-","","","","","","","","","","","","","","","","","","",""
"4558","MISQUITA","INE957W01025","1 x","-","-","","","","","","","","","","","","","","","","","","",""
"4559","GALACTICO","INE906Y01028","1 x","-","-","","","","","","","","","","","","","","","","","","",""
"4560","VEL","INE560T01015","1 x","-","-","","","","","","","","","","","","","","","","","","",""
"4561","GOBLIN","INE492Z01018","1 x","-","-","","","","","","","","","","","","","","","","","","",""
"4562","SHAHLON","INE052001026","1 x","-","-","","","","","","","","","","","","","","","","","","",""
"4563","ANUROOP","INE490Z01012","1 x","-","-","","","","","","","","","","","","","","","","","","",""
"4564","COLAB","INE317W01030","1 x","-","-","","","","","","","","","","","","","","","","","","",""
"4565","VALENCIA","INE08RT01016","1 x","-","-","","","","","","","","","","","","","","","","","","",""
"4566","ASSAMENT","INE165G01010","1 x","-","-","","","","","","","","","","","","","","","","","","",""
"4567","GIANLIFE","INE063601012","1 x","-","-","","","","","","","","","","","","","","","","","","",""
"4568","TRANWAY21","INE0BIW01023","1 x","-","-","","","","","","","","","","","","","","","","","","",""
"4569","VARDHANCFL","INE128G01018","1 x","-","-","","","","","","","","","","","","","","","","","","",""
"4570","CBPL","INE07QQ01016","1 x","-","-","","","","","","","","","","","","","","","","","","",""
"4571","OCTAVIUSPL","INE117S01016","1 x","-","-","","","","","","","","","","","","","","","","","","",""
"4572","SMAUTO","INE0C4I01011","1 x","-","-","","","","","","","","","","","","","","","","","","",""
"4573","08MPD","INF204KB11T5","1 x","-","-","","","","","","","","","","","","","","","","","","",""
"4574","08ADR","INF204KB12S5","1 x","-","-","","","","","","","","","","","","","","","","","","",""
"4575","08MPR","INF204KB12T3","1 x","-","-","","","","","","","","","","","","","","","","","","",""
"4576","08AMD","INF204KB13S3","1 x","-","-","","","","","","","","","","","","","","","","","","",""
"4577","08AMR","INF204KB14S1","1 x","-","-","","","","","","","","","","","","","","","","","","",""
"4578","08BPB","INF204KB15S8","1 x","-","-","","","","","","","","","","","","","","","","","","",""
"4579","08GPG","INF204KB16S6","1 x","-","-","","","","","","","","","","","","","","","","","","",""
"4580","08ABB","INF204KB17R6","1 x","-","-","","","","","","","","","","","","","","","","","","",""
"4581","08QPD","INF204KB17S4","1 x","-","-","","","","","","","","","","","","","","","","","","",""
"4582","08AGG","INF204KB18R4","1 x","-","-","","","","","","","","","","","","","","","","","","",""
"4583","08QPR","INF204KB18S2","1 x","-","-","","","","","","","","","","","","","","","","","","",""
"4584","08AQD","INF204KB19R2","1 x","-","-","","","","","","","","","","","","","","","","","","",""
"4585","08DPD","INF204KB19S0","1 x","-","-","","","","","","","","","","","","","","","","","","",""
"4586","08AQR","INF204KB10S9","1 x","-","-","","","","","","","","","","","","","","","","","","",""
"4587","08DPR","INF204KB10T7","1 x","-","-","","","","","","","","","","","","","","","","","","",""
"4588","08ADD","INF204KB11S7","1 x","-","-","","","","","","","","","","","","","","","","","","",""
"4589","ROJL","INE0BDU01028","1 x","-","-","","","","","","","","","","","","","","","","","","",""
"4590","COSPOWER","INE0CQB01010","1 x","-","-","","","","","","","","","","","","","","","","","","",""
"4591","11DPR","INF204KB14U7","1 x","-","-","","","","","","","","","","","","","","","","","","",""
"4592","11GPG","INF204KB10U5","1 x","-","-","","","","","","","","","","","","","","","","","","",""
"4593","11MPD","INF204KB15U4","1 x","-","-","","","","","","","","","","","","","","","","","","",""
"4594","11MPR","INF204KB16U2","1 x","-","-","","","","","","","","","","","","","","","","","","",""
"4595","11QPD","INF204KB11U3","1 x","-","-","","","","","","","","","","","","","","","","","","",""
"4596","11QPR","INF204KB12U1","1 x","-","-","","","","","","","","","","","","","","","","","","",""
"4597","11ADD","INF204KB16T4","1 x","-","-","","","","","","","","","","","","","","","","","","",""
"4598","11ADR","INF204KB17T2","1 x","-","-","","","","","","","","","","","","","","","","","","",""
"4599","11AGG","INF204KB13T1","1 x","-","-","","","","","","","","","","","","","","","","","","",""
"4600","11AMD","INF204KB18T0","1 x","-","-","","","","","","","","","","","","","","","","","","",""
"4601","11AMR","INF204KB19T8","1 x","-","-","","","","","","","","","","","","","","","","","","",""
"4602","11AQD","INF204KB14T9","1 x","-","-","","","","","","","","","","","","","","","","","","",""
"4603","11AQR","INF204KB15T6","1 x","-","-","","","","","","","","","","","","","","","","","","",""
"4604","11DPD","INF204KB13U9","1 x","-","-","","","","","","","","","","","","","","","","","","",""
"4605","NIRMITEE","INE0CPQ01010","1 x","-","-","","","","","","","","","","","","","","","","","","",""
"4606","NATURAL","INE06MM01016","1 x","-","-","","","","","","","","","","","","","","","","","","",""
"4607","REGIS","INE745R01024","1 x","-","-","","","","","","","","","","","","","","","","","","",""
"4608","BILLWIN","INE0CRS01012","1 x","-","-","","","","","","","","","","","","","","","","","","",""
"4609","BONLON","INE0B9A01018","1 x","-","-","","","","","","","","","","","","","","","","","","",""
"4610","SAMRATFORG","INE412J01010","1 x","-","-","","","","","","","","","","","","","","","","","","",""
"4611","ADVAIT","INE0ALI01010","5 x","2 x","-","","","","","","","","","","","","","","","","","","",""
"4612","GMPL","INE0E2801015","1 x","-","-","","","","","","","","","","","","","","","","","","",""
"4613","LIKHITHA","INE060901027","5 x","-","-","","","","","","","","","","","","","","","","","","",""
"4614","VGIL","INE244W01010","1 x","-","-","","","","","","","","","","","","","","","","","","",""
"4615","HEMIPROP","INE0AJG01018","5 x","2.86 x","-","","","","","","","","","","","","","","","","","","",""
"4616","EQUITASBNK","INE063P01018","5 x","3.21 x","-","","","","","","","","","","","","","","","","","","",""
"4617","SHINEFASH","INE0BLY01023","1 x","-","-","","","","","","","","","","","","","","","","","","",""
"4618","NETPIX","INE0D5F01013","1 x","-","-","","","","","","","","","","","","","","","","","","",""
"4619","RFLL","INE018S01016","1 x","-","-","","","","","","","","","","","","","","","","","","",""
"4620","MRP","INE0D7801012","1 x","-","-","","","","","","","","","","","","","","","","","","",""
"4621","NIKSTECH","INE0GX601011","1 x","-","-","","","","","","","","","","","","","","","","","","",""
"4622","EKI","INE0CPR01018","1 x","-","-","","","","","","","","","","","","","","","","","","",""
"4623","RCAN","INE0CQ101015","1 x","-","-","","","","","","","","","","","","","","","","","","",""
"4624","ARTEMISADR","INE0D9X01018","1 x","-","-","","","","","","","","","","","","","","","","","","",""
"4625","KGES","INE04CO01018","1 x","-","-","","","","","","","","","","","","","","","","","","",""
"4626","ADESHWAR","INE0H8J01015","1 x","-","-","","","","","","","","","","","","","","","","","","",""
"4627","TIMESGREEN","INE0B6101012","1 x","-","-","","","","","","","","","","","","","","","","","","",""
"4628","FOCUS","INE0DXR01010","1 x","-","-","","","","","","","","","","","","","","","","","","",""
"4629","AAPLUSTRAD","INE0C5901022","1 x","-","-","","","","","","","","","","","","","","","","","","",""
"4630","GCSL","INE199P01028","5 x","-","2 x","","","","","","","","","","","","","","","","","","",""
"4631","APTUS","INE852O01025","5 x","3.3 x","-","","","","","","","","","","","","","","","","","","",""
"4632","CHEMPLASTS","INE488A01050","5 x","2.73 x","-","","","","","","","","","","","","","","","","","","",""
"4633","SHARPLINE","INE647W01014","1 x","-","-","","","","","","","","","","","","","","","","","","",""
"4634","AASHKA","INE0EAX01014","1 x","-","-","","","","","","","","","","","","","","","","","","",""
"4635","ACUTAAS","INE00FF01025","5 x","2.75 x","-","","","","","","","","","","","","","","","","","","",""
"4636","VIJAYA","INE043W01024","5 x","3.08 x","-","","","","","","","","","","","","","","","","","","",""
"4637","NBL","INE0GOA01018","1 x","-","-","","","","","","","","","","","","","","","","","","",""
"4638","POBS","INE0DTJ01015","1 x","-","-","","","","","","","","","","","","","","","","","","",""
"4639","CONSUMAXIS","INF846K016C7","5 x","3.77 x","-","","","","","","","","","","","","","","","","","","",""
"4640","SANSERA","INE953O01021","5 x","1 x","-","","","","","","","","","","","","","","","","","","",""
"4641","PREVEST","INE0GAO01018","1 x","-","-","","","","","","","","","","","","","","","","","","",""
"4642","MARKOLINES","INE0FW001016","5 x","-","2 x","","","","","","","","","","","","","","","","","","",""
"4643","MASPTOP50","INF769K01HP3","1 x","1 x","-","","","","","","","","","","","","","","","","","","",""
"4644","SBLI","INE0DLM01024","1 x","-","-","","","","","","","","","","","","","","","","","","",""
"4645","PARAS","INE045601023","5 x","1 x","-","","","","","","","","","","","","","","","","","","",""
"4646","GETALONG","INE0H1201020","1 x","-","-","","","","","","","","","","","","","","","","","","",""
"4647","SVRL","INE0HLJ01013","1 x","-","-","","","","","","","","","","","","","","","","","","",""
"4648","ABSLAMC","INE404A01024","5 x","3.09 x","-","","","","","","","","","","","","","","","","","","",""
"4649","PROMAX","INE0I2F01015","1 x","-","-","","","","","","","","","","","","","","","","","","",""
"4650","SAMOR","INE0GD201014","1 x","-","-","","","","","","","","","","","","","","","","","","",""
"4651","ADISHAKTI","INE0CWK01019","1 x","-","-","","","","","","","","","","","","","","","","","","",""
"4652","CWD","INE0H8H01019","1 x","-","-","","","","","","","","","","","","","","","","","","",""
"4653","CONSUMIETF","INF109KC1V42","5 x","3.77 x","-","","","","","","","","","","","","","","","","","","",""
"4654","NYKAA","INE388Y01029","5 x","4.35 x","-","","","","","","","","","","","","","","","","","","",""
"4655","FINOPB","INE02NC01014","5 x","2.4 x","-","","","","","","","","","","","","","","","","","","",""
"4656","SJS","INE284S01014","5 x","3.03 x","-","","","","","","","","","","","","","","","","","","",""
"4657","EQUAL50ADD","INF740KA1QK2","5 x","5 x","-","","","","","","","","","","","","","","","","","","",""
"4658","SIGACHI","INE0D0K01022","5 x","1 x","-","","","","","","","","","","","","","","","","","","",""
"4659","POLICYBZR","INE417T01026","1x","1.66x","-","","","","","","","","","","","","","","","","","","",""
"4660","SGFRL","INE07GA01011","1 x","-","-","","","","","","","","","","","","","","","","","","",""
"4661","PAYTM","INE982J01020","5 x","3.56 x","-","","","","","","","","","","","","","","","","","","",""
"4662","SAPPHIRE","INE806T01020","5 x","2.87 x","-","","","","","","","","","","","","","","","","","","",""
"4663","LATENTVIEW","INE0I7C01011","5 x","2.92 x","-","","","","","","","","","","","","","","","","","","",""
"4664","TARSONS","INE144Z01023","5 x","2 x","-","","","","","","","","","","","","","","","","","","",""
"4665","OMNIPOTENT","INE0JFE01012","1 x","-","-","","","","","","","","","","","","","","","","","","",""
"4666","GOCOLORS","INE0BJS01011","5 x","2.5 x","-","","","","","","","","","","","","","","","","","","",""
"4667","DMR","INE07L501010","1 x","-","-","","","","","","","","","","","","","","","","","","",""
"4668","STARHEALTH","INE575P01011","5 x","3.68 x","-","","","","","","","","","","","","","","","","","","",""
"4669","TEGA","INE011K01018","5 x","2.99 x","-","","","","","","","","","","","","","","","","","","",""
"4670","MAHKTECH","INF769K01HS7","1 x","3.13 x","-","","","","","","","","","","","","","","","","","","",""
"4671","ANANDRATHI","INE463V01026","5 x","3.33 x","-","","","","","","","","","","","","","","","","","","",""
"4672","ZODIAC","INE761Y01019","1 x","-","-","","","","","","","","","","","","","","","","","","",""
"4673","RATEGAIN","INE0CLI01024","5 x","2.86 x","-","","","","","","","","","","","","","","","","","","",""
"4674","BBETF0432","INF754K01OB1","5 x","3.77 x","-","","","","","","","","","","","","","","","","","","",""
"4675","SHRIRAMPPS","INE217L01019","5 x","2.5 x","-","","","","","","","","","","","","","","","","","","",""
"4676","JETFREIGHT","INE982V01025","1 x","-","-","","","","","","","","","","","","","","","","","","",""
"4677","MAPMYINDIA","INE0BV301023","5 x","2.82 x","-","","","","","","","","","","","","","","","","","","",""
"4678","METROBRAND","INE317I01021","5 x","3.33 x","-","","","","","","","","","","","","","","","","","","",""
"4679","MEDPLUS","INE804L01022","5 x","2.04 x","-","","","","","","","","","","","","","","","","","","",""
"4680","DATAPATTNS","INE0IX101010","5 x","2.56 x","-","","","","","","","","","","","","","","","","","","",""
"4681","HPAL","INE0GSL01024","2 x","1.67 x","-","","","","","","","","","","","","","","","","","","",""
"4682","SUPRIYA","INE07RO01027","5 x","2.65 x","-","","","","","","","","","","","","","","","","","","",""
"4683","CLARA","INE0JJS01014","1 x","-","-","","","","","","","","","","","","","","","","","","",""
"4684","WITS","INE0IM001015","1 x","-","-","","","","","","","","","","","","","","","","","","",""
"4685","MONQ50","INF247L01AU3","1 x","1 x","-","","","","","","","","","","","","","","","","","","",""
"4686","MIDQ50ADD","INF740KA1ZF3","5 x","5 x","-","","","","","","","","","","","","","","","","","","",""
"4687","NIFTYADD","INF740KA1CL0","5 x","5 x","-","","","","","","","","","","","","","","","","","","",""
"4688","CMSINFO","INE925R01014","5 x","3.42 x","-","","","","","","","","","","","","","","","","","","",""
"4689","BCONCEPTS","INE977Y01011","1 x","-","-","","","","","","","","","","","","","","","","","","",""
"4690","ASCENSIVE","INE0E4I01027","1 x","-","-","","","","","","","","","","","","","","","","","","",""
"4691","FABINO","INE0DRT01018","1 x","-","-","","","","","","","","","","","","","","","","","","",""
"4692","WEL","INE02WG01024","2 x","1 x","-","","","","","","","","","","","","","","","","","","",""
"4693","AUTOIETF","INF109KC10V2","5 x","3.77 x","-","","","","","","","","","","","","","","","","","","",""
"4694","SILVERIETF","INF109KC1Y56","5 x","2.71 x","-","","","","","","","","","","","","","","","","","","",""
"4695","ALKOSIGN","INE0KA601012","1 x","-","-","","","","","","","","","","","","","","","","","","",""
"4696","MAKEINDIA","INF769K01IB1","5 x","3.77 x","-","","","","","","","","","","","","","","","","","","",""
"4697","AWL","INE699H01024","5 x","3.33 x","-","","","","","","","","","","","","","","","","","","",""
"4698","QRIL","INE0KAF01018","1 x","-","-","","","","","","","","","","","","","","","","","","",""
"4699","SSTL","INE0JNA01014","1 x","-","-","","","","","","","","","","","","","","","","","","",""
"4700","DEVIT","INE060X01034","1 x","-","-","","","","","","","","","","","","","","","","","","",""
"4701","MANYAVAR","INE825V01034","5 x","3.16 x","-","","","","","","","","","","","","","","","","","","",""
"4702","MOMOMENTUM","INF247L01BK2","5 x","5 x","-","","","","","","","","","","","","","","","","","","",""
"4703","SOFTTECH","INE728Z01015","1 x","-","-","","","","","","","","","","","","","","","","","","",""
"4704","SILVER","INF209KB19F6","5 x","2.66 x","-","","","","","","","","","","","","","","","","","","",""
"4705","TECH","INF209KB11D8","5 x","3.67 x","-","","","","","","","","","","","","","","","","","","",""
"4706","HEALTHY","INF209KB10C2","5 x","3.77 x","-","","","","","","","","","","","","","","","","","","",""
"4707","EKENNIS","INE0KCM01010","1 x","-","-","","","","","","","","","","","","","","","","","","",""
"4708","GSEC5IETF","INF109KC14A8","5 x","5 x","-","","","","","","","","","","","","","","","","","","",""
"4709","MIDCAPETF","INF769K01IC9","5 x","5 x","-","","","","","","","","","","","","","","","","","","",""
"4710","GATEWAY","INE079J01017","5 x","2.5 x","-","","","","","","","","","","","","","","","","","","",""
"4711","GMRP&UI","INE0CU601026","5 x","2.86 x","-","","","","","","","","","","","","","","","","","","",""
"4712","BCCL","INE0KQ001017","1 x","-","-","","","","","","","","","","","","","","","","","","",""
"4713","MSUMI","INE0FS801015","5 x","3.43 x","-","","","","","","","","","","","","","","","","","","",""
"4714","ACHYUT","INE0K1401020","1 x","-","-","","","","","","","","","","","","","","","","","","",""
"4715","EVOQ","INE0JVD01011","1 x","-","-","","","","","","","","","","","","","","","","","","",""
"4716","MOLOWVOL","INF247L01BL0","5 x","5 x","-","","","","","","","","","","","","","","","","","","",""
"4717","AVROIND","INE652Z01025","1 x","-","-","","","","","","","","","","","","","","","","","","",""
"4718","VERANDA","INE0IQ001011","5 x","2.04 x","-","","","","","","","","","","","","","","","","","","",""
"4719","SEML","INE0KPY01017","1 x","-","-","","","","","","","","","","","","","","","","","","",""
"4720","DHYAANITR","INE0K5F01014","1 x","-","-","","","","","","","","","","","","","","","","","","",""
"4721","HARIOMPIPE","INE00EV01017","5 x","2.65 x","-","","","","","","","","","","","","","","","","","","",""
"4722","EIGHTY","INE0KSN01014","1 x","-","-","","","","","","","","","","","","","","","","","","",""
"4723","SFSL","INE0JMN01019","1 x","-","-","","","","","","","","","","","","","","","","","","",""
"4724","GLHRL","INE0J2K01014","1 x","-","-","","","","","","","","","","","","","","","","","","",""
"4725","FONE4","INE0L3H01014","1 x","-","-","","","","","","","","","","","","","","","","","","",""
"4726","NVENTURES","INE0E5R01017","1 x","-","-","","","","","","","","","","","","","","","","","","",""
"4727","CAMPUS","INE278Y01022","5 x","3.47 x","-","","","","","","","","","","","","","","","","","","",""
"4728","RAINBOW","INE961O01016","5 x","3.63 x","-","","","","","","","","","","","","","","","","","","",""
"4729","SILVERTUC","INE625X01026","5 x","2 x","-","","","","","","","","","","","","","","","","","","",""
"4730","LICI","INE0J1Y01017","5 x","4.55 x","-","","","","","","","","","","","","","","","","","","",""
"4731","PRUDENT","INE00F201020","5 x","2.86 x","-","","","","","","","","","","","","","","","","","","",""
"4732","VENUSPIPES","INE0JA001018","5 x","2.5 x","-","","","","","","","","","","","","","","","","","","",""
"4733","DELHIVERY","INE148O01028","5 x","4.35 x","-","","","","","","","","","","","","","","","","","","",""
"4734","PARADEEP","INE088F01024","5 x","2.82 x","-","","","","","","","","","","","","","","","","","","",""
"4735","TIERRA","INE05CY01014","1 x","-","-","","","","","","","","","","","","","","","","","","",""
"4736","ETHOSLTD","INE04TZ01018","5 x","3.1 x","-","","","","","","","","","","","","","","","","","","",""
"4737","EMUDHRA","INE01QM01018","5 x","1.56 x","-","","","","","","","","","","","","","","","","","","",""
"4738","AETHER","INE0BWX01014","5 x","3.09 x","-","","","","","","","","","","","","","","","","","","",""
"4739","WEWIN","INE082W01014","1 x","-","-","","","","","","","","","","","","","","","","","","",""
"4740","SILVERPRL","INE0KXN01014","1 x","-","-","","","","","","","","","","","","","","","","","","",""
"4741","SCARNOSE","INE0IXR01019","1 x","-","-","","","","","","","","","","","","","","","","","","",""
"4742","GOEL","INE0K6L01010","1 x","-","-","","","","","","","","","","","","","","","","","","",""
"4743","MODIS","INE0L0L01012","5 x","-","2 x","","","","","","","","","","","","","","","","","","",""
"4744","PGCRL","INE0GTX01019","1 x","-","-","","","","","","","","","","","","","","","","","","",""
"4745","SAILANI","INE0KHQ01010","1 x","-","-","","","","","","","","","","","","","","","","","","",""
"4746","KESAR","INE0L1C01019","1 x","-","-","","","","","","","","","","","","","","","","","","",""
"4747","BRRL","INE0IZQ01016","1 x","-","-","","","","","","","","","","","","","","","","","","",""
"4748","JAYANT","INE0KR801019","1 x","-","-","","","","","","","","","","","","","","","","","","",""
"4749","VEERKRUPA","INE0ID001024","1 x","-","-","","","","","","","","","","","","","","","","","","",""
"4750","HEALTHYLIFE","INE0L3501015","1 x","-","-","","","","","","","","","","","","","","","","","","",""
"4751","OLATECH","INE0M3901015","1 x","-","-","","","","","","","","","","","","","","","","","","",""
"4752","RHETAN","INE0KKN01029","5 x","1.56 x","-","","","","","","","","","","","","","","","","","","",""
"4753","DPL","INE0MC401013","1 x","-","-","","","","","","","","","","","","","","","","","","",""
"4754","EPBIO","INE0D2I01014","1 x","-","-","","","","","","","","","","","","","","","","","","",""
"4755","VOEPL","INE0I0T01010","5 x","-","-","","","","","","","","","","","","","","","","","","",""
"4756","SISL","INE0LU301014","1 x","-","-","","","","","","","","","","","","","","","","","","",""
"4757","CONTAINE","INE0M8901010","1 x","-","-","","","","","","","","","","","","","","","","","","",""
"4758","MAFIA","INE0KQQ01011","1 x","-","-","","","","","","","","","","","","","","","","","","",""
"4759","SRSOLTD","INE0MNV01014","1 x","-","-","","","","","","","","","","","","","","","","","","",""
"4760","TLL","INE0MKA01014","1 x","-","-","","","","","","","","","","","","","","","","","","",""
"4761","REETECH","INE0MKO01015","1 x","-","-","","","","","","","","","","","","","","","","","","",""
"4762","CARGOTRANS","INE0M4L01013","1 x","-","-","","","","","","","","","","","","","","","","","","",""
"4763","CNCRD","INE0N0J01014","1 x","-","-","","","","","","","","","","","","","","","","","","",""
"4764","INA","INE0LGX01024","5 x","2 x","-","","","","","","","","","","","","","","","","","","",""
"4765","CARGOSOL","INE0KZM01011","1 x","-","-","","","","","","","","","","","","","","","","","","",""
"4766","STML","INE0MSK01016","1 x","-","-","","","","","","","","","","","","","","","","","","",""
"4767","VEDANTASSET","INE0NC801013","1 x","-","-","","","","","","","","","","","","","","","","","","",""
"4768","PACE","INE0N1L01018","1 x","-","-","","","","","","","","","","","","","","","","","","",""
"4769","DAPS","INE975Z01012","1 x","-","-","","","","","","","","","","","","","","","","","","",""
"4770","TECHNOPACK","INE0MXP01015","1 x","-","-","","","","","","","","","","","","","","","","","","",""
"4771","AMBOAGRI","INE0N6V01016","1 x","-","-","","","","","","","","","","","","","","","","","","",""
"4772","GARGI","INE0NT601018","1 x","-","-","","","","","","","","","","","","","","","","","","",""
"4773","DRONACHRYA","INE0MQD01015","1 x","-","-","","","","","","","","","","","","","","","","","","",""
"4774","AVEER","INE09BN01011","1 x","-","-","","","","","","","","","","","","","","","","","","",""
"4775","REXSEAL","INE0MFT01014","1 x","-","-","","","","","","","","","","","","","","","","","","",""
"4776","SVS","INE0MID01012","1 x","-","-","","","","","","","","","","","","","","","","","","",""
"4777","LOGICA","INE0BSU01018","1 x","-","-","","","","","","","","","","","","","","","","","","",""
"4778","DHARNI","INE0M9Q01011","1 x","-","-","","","","","","","","","","","","","","","","","","",""
"4779","TRANSVOY","INE0MPU01011","1 x","-","-","","","","","","","","","","","","","","","","","","",""
"4780","EARTH","INE0O4V01010","1 x","-","-","","","","","","","","","","","","","","","","","","",""
"4781","ASHIKAG","INE094B01013","5 x","-","2 x","","","","","","","","","","","","","","","","","","",""
"4782","INDONG","INE0KN201016","1 x","-","-","","","","","","","","","","","","","","","","","","",""
"4783","SEALMATIC","INE0O4601016","1 x","-","-","","","","","","","","","","","","","","","","","","",""
"4784","ROBU","INE0OLH01013","1 x","-","-","","","","","","","","","","","","","","","","","","",""
"4785","PATRON","INE0NPA01011","1 x","-","-","","","","","","","","","","","","","","","","","","",""
"4786","SVJ","INE0JZS01010","1 x","-","-","","","","","","","","","","","","","","","","","","",""
"4787","AMANAYA","INE0G1V01016","1 x","-","-","","","","","","","","","","","","","","","","","","",""
"4788","RESGEN","INE0NYN01016","1 x","-","-","","","","","","","","","","","","","","","","","","",""
"4789","ITCONS","INE0O6A01019","1 x","-","-","","","","","","","","","","","","","","","","","","",""
"4790","AIRAN","INE645W01026","1 x","-","-","","","","","","","","","","","","","","","","","","",""
"4791","PCL","INE0OKG01017","1 x","-","-","","","","","","","","","","","","","","","","","","",""
"4792","SUDARSHAN","INE00TV01023","1 x","-","-","","","","","","","","","","","","","","","","","","",""
"4793","LABELKRAFT","INE0NLJ01011","1 x","-","-","","","","","","","","","","","","","","","","","","",""
"4794","BRIGHT","INE0OMI01019","1 x","-","-","","","","","","","","","","","","","","","","","","",""
"4795","COMMAND","INE0LKQ01012","1 x","-","-","","","","","","","","","","","","","","","","","","",""
"4796","DEVLAB","INE0NIJ01025","1 x","-","-","","","","","","","","","","","","","","","","","","",""
"4797","JAFINANCE","INE825B01010","1 x","-","-","","","","","","","","","","","","","","","","","","",""
"4798","MAIDEN","INE0O1T01010","1 x","-","-","","","","","","","","","","","","","","","","","","",""
"4799","EXHICON","INE0O8901016","1 x","-","-","","","","","","","","","","","","","","","","","","",""
"4800","SANCODE","INE0P7001013","1 x","-","-","","","","","","","","","","","","","","","","","","",""
"4801","RETINA","INE0NTC01019","1 x","-","-","","","","","","","","","","","","","","","","","","",""
"4802","INNOKAIZ","INE0LDI01022","1 x","-","-","","","","","","","","","","","","","","","","","","",""
"4803","SWATIPRO","INE210F01016","1 x","-","-","","","","","","","","","","","","","","","","","","",""
"4804","HSIL","INE0GYI01028","1 x","-","-","","","","","","","","","","","","","","","","","","",""
"4805","CFF","INE0NJ001013","2 x","-","-","","","","","","","","","","","","","","","","","","",""
"4806","COMRADE","INE0NXA01015","1 x","-","-","","","","","","","","","","","","","","","","","","",""
"4807","SONALIS","INE0N5O01013","1 x","-","-","","","","","","","","","","","","","","","","","","",""
"4808","ASIAN","INE04Z101016","1 x","-","-","","","","","","","","","","","","","","","","","","",""
"4809","COSMICCRF","INE0ORA01015","2 x","-","-","","","","","","","","","","","","","","","","","","",""
"4810","VEEFIN","INE0Q0M01015","1 x","-","-","","","","","","","","","","","","","","","","","","",""
"4811","MACIND","INE01BT01015","1 x","-","-","","","","","","","","","","","","","","","","","","",""
"4812","ALPHAIND","INE0NZF01019","1 x","-","-","","","","","","","","","","","","","","","","","","",""
"4813","KAKA","INE0P3N01018","1 x","-","-","","","","","","","","","","","","","","","","","","",""
"4814","AHASOLAR","INE0NEV01011","1 x","-","-","","","","","","","","","","","","","","","","","","",""
"4815","ASARFI","INE0DN001027","1 x","-","-","","","","","","","","","","","","","","","","","","",""
"4816","KHAZANCHI","INE0OWC01011","2 x","-","-","","","","","","","","","","","","","","","","","","",""
"4817","SHELTER","INE013V01011","1 x","-","-","","","","","","","","","","","","","","","","","","",""
"4818","SHOORA","INE0OJZ01019","1 x","-","-","","","","","","","","","","","","","","","","","","",""
"4819","BONDADA","INE0Q8P01029","1 x","-","-","","","","","","","","","","","","","","","","","","",""
"4820","SHRAAITECH","INE489B01031","1 x","-","-","","","","","","","","","","","","","","","","","","",""
"4821","KAHAN","INE04T901017","1 x","-","-","","","","","","","","","","","","","","","","","","",""
"4822","QUESTFLOW","INE0OYE01013","1 x","-","-","","","","","","","","","","","","","","","","","","",""
"4823","SOUTHWEST","INE980Y01015","5 x","2 x","-","","","","","","","","","","","","","","","","","","",""
"4824","TECHKGREEN","INE0P4P01011","1 x","-","-","","","","","","","","","","","","","","","","","","",""
"4825","ARCL","INE372M01010","1 x","-","-","","","","","","","","","","","","","","","","","","",""
"4826","ORGANICREC","INE0MIO01019","1 x","-","-","","","","","","","","","","","","","","","","","","",""
"4827","CCAL","INE0M7501019","1 x","-","-","","","","","","","","","","","","","","","","","","",""
"4828","SUNITATOOL","INE0Q1S01010","1 x","-","-","","","","","","","","","","","","","","","","","","",""
"4829","VIVAA","INE0PA601017","1 x","-","-","","","","","","","","","","","","","","","","","","",""
"4830","VPL","INE0Q6901013","1 x","-","-","","","","","","","","","","","","","","","","","","",""
"4831","KKSHL","INE0OH401016","1 x","-","-","","","","","","","","","","","","","","","","","","",""
"4832","MISHDESIGN","INE0QI101019","1 x","-","-","","","","","","","","","","","","","","","","","","",""
"4833","KALYANI","INE0N6U01018","1 x","-","-","","","","","","","","","","","","","","","","","","",""
"4834","ARROWHEAD","INE0PP401015","1 x","-","-","","","","","","","","","","","","","","","","","","",""
"4835","SPL","INE0RDR01012","1 x","-","-","","","","","","","","","","","","","","","","","","",""
"4836","DEEPAKCHEM","INE0RDM01013","1 x","-","-","","","","","","","","","","","","","","","","","","",""
"4837","AMIC","INE0P9J01013","2 x","-","-","","","","","","","","","","","","","","","","","","",""
"4838","SIYARAM","INE0QSK01017","1 x","-","-","","","","","","","","","","","","","","","","","","",""
"4839","BENCHMARK","INE0Q2Z01013","1 x","-","-","","","","","","","","","","","","","","","","","","",""
"4840","SMARITIME","INE0PSJ01011","1 x","-","-","","","","","","","","","","","","","","","","","","",""
"4841","SHANTIDENM","INE0QZQ01019","1 x","-","-","","","","","","","","","","","","","","","","","","",""
"4842","AIKPIPES","INE0QFT01015","1 x","-","-","","","","","","","","","","","","","","","","","","",""
"4843","MCPL","INE0A6N01026","1 x","-","-","","","","","","","","","","","","","","","","","","",""
"4844","SBVCL","INE0RNZ01014","1 x","-","-","","","","","","","","","","","","","","","","","","",""
"4845","SHILINDORE","INE0MGS01014","1 x","-","-","","","","","","","","","","","","","","","","","","",""
"4846","SWANAGRO","INE0GEN01012","1 x","-","-","","","","","","","","","","","","","","","","","","",""
"4847","SHREE","INE0QIS01011","1 x","-","-","","","","","","","","","","","","","","","","","","",""
"4848","SHPLPUNE","INE07G501017","1 x","-","-","","","","","","","","","","","","","","","","","","",""
"4849","QLL","INE0Q1R01012","1 x","-","-","","","","","","","","","","","","","","","","","","",""
"4850","EUPHORIAIT","INE0PYT01018","1 x","-","-","","","","","","","","","","","","","","","","","","",""
"4851","BRISK","INE0Q6L01014","1 x","-","-","","","","","","","","","","","","","","","","","","",""
"4852","HARSHDEEP","INE0OLZ01015","1 x","-","-","","","","","","","","","","","","","","","","","","",""
"4853","MCFL","INE0R5Z01015","1 x","-","-","","","","","","","","","","","","","","","","","","",""
"4854","GPSL","INE0QZF01012","1 x","-","-","","","","","","","","","","","","","","","","","","",""
"4855","JGTL","INE0QXV01014","1 x","-","-","","","","","","","","","","","","","","","","","","",""
"4856","RUDRAGAS","INE0OYK01010","1 x","-","-","","","","","","","","","","","","","","","","","","",""
"4857","KOURA","INE0M8R01011","1 x","-","-","","","","","","","","","","","","","","","","","","",""
"4858","PESB","INE510U01018","1 x","-","-","","","","","","","","","","","","","","","","","","",""
"4859","ROYAL","INE0QQG01019","1 x","-","-","","","","","","","","","","","","","","","","","","",""
"4860","KPGEL","INE0QVH01025","1 x","-","-","","","","","","","","","","","","","","","","","","",""
"4861","CHATHA","INE0AH901011","1 x","-","-","","","","","","","","","","","","","","","","","","",""
"4862","GCONNECT","INE0QHY01011","1 x","-","-","","","","","","","","","","","","","","","","","","",""
"4863","VRUDDHI","INE0OMZ01013","1 x","-","-","","","","","","","","","","","","","","","","","","",""
"4864","JAYKAILASH","INE0MSS01019","1 x","-","-","","","","","","","","","","","","","","","","","","",""
"4865","DPABHUSHAN","INE266Y01019","5 x","1 x","-","","","","","","","","","","","","","","","","","","",""
"4866","GVL","INE0S0701019","1 x","-","-","","","","","","","","","","","","","","","","","","",""
"4867","FAALCON","INE0Q9W01015","1 x","-","-","","","","","","","","","","","","","","","","","","",""
"4868","SHIVAM","INE0SGR01013","1 x","-","-","","","","","","","","","","","","","","","","","","",""
"4869","EMMFORCE","INE0SDC01012","1 x","-","-","","","","","","","","","","","","","","","","","","",""
"4870","VARYAA","INE0R6801013","1 x","-","-","","","","","","","","","","","","","","","","","","",""
"4871","AMKAY","INE0QSB01016","1 x","-","-","","","","","","","","","","","","","","","","","","",""
"4872","DKUAL","INE0QXT01018","1 x","-","-","","","","","","","","","","","","","","","","","","",""
"4873","STAL","INE0RGM01016","1 x","-","-","","","","","","","","","","","","","","","","","","",""
"4874","FTL","INE0QOQ01013","1 x","-","-","","","","","","","","","","","","","","","","","","",""
"4875","TGIF","INE0SMU01015","1 x","-","-","","","","","","","","","","","","","","","","","","",""
"4876","AZTEC","INE0SCB01016","1 x","-","-","","","","","","","","","","","","","","","","","","",""
"4877","PIOTEX","INE0R4W01015","1 x","-","-","","","","","","","","","","","","","","","","","","",""
"4878","ASSOCIATED","INE0RIQ01013","1 x","-","-","","","","","","","","","","","","","","","","","","",""
"4879","ADTECH","INE257C01014","1 x","-","-","","","","","","","","","","","","","","","","","","",""
"4880","TOTEM","INE0TT901016","1 x","-","-","","","","","","","","","","","","","","","","","","",""
"4881","MAGENTA","INE0QZ901011","1 x","-","-","","","","","","","","","","","","","","","","","","",""
"4882","SATTRIX","INE0QUV01010","1 x","-","-","","","","","","","","","","","","","","","","","","",""
"4883","3CIT","INE0R7D01018","1 x","-","-","","","","","","","","","","","","","","","","","","",""
"4884","PURPLEFIN","INE0CYK01015","1 x","-","-","","","","","","","","","","","","","","","","","","",""
"4885","COTFAB","INE0S0I01011","1 x","-","-","","","","","","","","","","","","","","","","","","",""
"4886","GEMENVIRO","INE0RUJ01013","1 x","-","-","","","","","","","","","","","","","","","","","","",""
"4887","DFPL","INE0S6R01027","1 x","-","-","","","","","","","","","","","","","","","","","","",""
"4888","NPL","INE0PO601011","1 x","-","-","","","","","","","","","","","","","","","","","","",""
"4889","ACLD","INE0T3401029","1 x","-","-","","","","","","","","","","","","","","","","","","",""
"4890","THREEMPAPE","INE0UK501010","1 x","-","-","","","","","","","","","","","","","","","","","","",""
"4891","VVIPIL","INE0MNP01016","1 x","-","-","","","","","","","","","","","","","","","","","","",""
"4892","CTLLAB","INE0QMR01015","1 x","-","-","","","","","","","","","","","","","","","","","","",""
"4893","KIZI","INE0RMR01013","1 x","-","-","","","","","","","","","","","","","","","","","","",""
"4894","AFCOM","INE0OXY01013","1 x","-","-","","","","","","","","","","","","","","","","","","",""
"4895","BROACH","INE0SFZ01018","1 x","-","-","","","","","","","","","","","","","","","","","","",""
"4896","RAL","INE0SK201011","1 x","-","-","","","","","","","","","","","","","","","","","","",""
"4897","RAPID","INE0QA901010","1 x","-","-","","","","","","","","","","","","","","","","","","",""
"4898","TRAVELS","INE0SG001011","1 x","-","-","","","","","","","","","","","","","","","","","","",""
"4899","NHL","INE0N4701016","1 x","-","-","","","","","","","","","","","","","","","","","","",""
"4900","MACHLTD","INE0UYT01018","1 x","-","-","","","","","","","","","","","","","","","","","","",""
"4901","SSL","INE0LY301010","1 x","-","-","","","","","","","","","","","","","","","","","","",""
"4902","SAFE","INE0Q3401017","1 x","-","-","","","","","","","","","","","","","","","","","","",""
"4903","PFL","INE0PZB01013","1 x","-","-","","","","","","","","","","","","","","","","","","",""
"4904","NEXXUS","INE0QUL01011","1 x","-","-","","","","","","","","","","","","","","","","","","",""
"4905","SUBAM","INE0U6201010","1 x","-","-","","","","","","","","","","","","","","","","","","",""
"4906","NPFL","INE471R01019","1 x","-","-","","","","","","","","","","","","","","","","","","",""
"4907","KGVL","INE0S9501014","1 x","-","-","","","","","","","","","","","","","","","","","","",""
"4908","SHIVTEXCHEM","INE0YRO01015","1 x","-","-","","","","","","","","","","","","","","","","","","",""
"4909","MANGALCOMP","INE0RU901015","1 x","-","-","","","","","","","","","","","","","","","","","","",""
"4910","RAJESH","INE0VN801010","2 x","-","-","","","","","","","","","","","","","","","","","","",""
"4911","NISUS","INE0DQN01013","1 x","-","-","","","","","","","","","","","","","","","","","","",""
"4912","TTC","INE0XAY01012","1 x","-","-","","","","","","","","","","","","","","","","","","",""
"4913","JUNGLECAMP","INE0WCH01015","1 x","-","-","","","","","","","","","","","","","","","","","","",""
"4914","HILLTONE","INE168C01013","1 x","-","-","","","","","","","","","","","","","","","","","","",""
"4915","YASHHV","INE00GK01023","1 x","-","-","","","","","","","","","","","","","","","","","","",""
"4916","HAMPS","INE0QBD01018","1 x","-","-","","","","","","","","","","","","","","","","","","",""
"4917","NACDAC","INE0LB101011","1 x","-","-","","","","","","","","","","","","","","","","","","",""
"4918","CITICHEM","INE0A8401016","1 x","-","-","","","","","","","","","","","","","","","","","","",""
"4919","TECHNICHEM","INE0ZHT01012","1 x","-","-","","","","","","","","","","","","","","","","","","",""
"4920","VANDU","INE0RH001011","1 x","-","-","","","","","","","","","","","","","","","","","","",""
"4921","PARMESHWAR","INE0QQJ01021","1 x","-","-","","","","","","","","","","","","","","","","","","",""
"4922","DAVIN","INE0Q2L01013","1 x","-","-","","","","","","","","","","","","","","","","","","",""
"4923","FABCLEAN","INE0HSD01011","1 x","-","-","","","","","","","","","","","","","","","","","","",""
"4924","INDOBELL","INE0FK501019","1 x","-","-","","","","","","","","","","","","","","","","","","",""
"4925","BRGIL","INE00ST01011","1 x","-","-","","","","","","","","","","","","","","","","","","",""
"4926","AVAX","INE0NQ401024","1 x","-","-","","","","","","","","","","","","","","","","","","",""
"4927","RIKHAV","INE0CFH01028","1 x","-","-","","","","","","","","","","","","","","","","","","",""
"4928","LGLL","INE12QA01010","1 x","-","-","","","","","","","","","","","","","","","","","","",""
"4929","CNINFOTECH","INE0WXM01011","1 x","-","-","","","","","","","","","","","","","","","","","","",""
"4930","RRECL","INE0AK901016","1 x","-","-","","","","","","","","","","","","","","","","","","",""
"4931","CLN","INE0WDX01010","1 x","-","-","","","","","","","","","","","","","","","","","","",""
"4932","GBLOGISTIC","INE0RWU01016","1 x","-","-","","","","","","","","","","","","","","","","","","",""
"4933","HMEML","INE0DZD01015","1 x","-","-","","","","","","","","","","","","","","","","","","",""
"4934","MALPANI","INE0YON01014","1 x","-","-","","","","","","","","","","","","","","","","","","",""
"4935","AMWILL","INE0U2L01017","1 x","-","-","","","","","","","","","","","","","","","","","","",""
"4936","SOLARIUM","INE0W0H01017","1 x","-","-","","","","","","","","","","","","","","","","","","",""
"4937","COVANCE","INE0R8101016","1 x","-","-","","","","","","","","","","","","","","","","","","",""
"4938","SHANMUGA","INE0TD301017","1 x","-","-","","","","","","","","","","","","","","","","","","",""
"4939","LKMEHTA","INE0FFF01017","1 x","-","-","","","","","","","","","","","","","","","","","","",""
"4940","SWASTH","INE0TIR01017","1 x","-","-","","","","","","","","","","","","","","","","","","",""
"4941","BEEZAASAN","INE13VU01016","1 x","-","-","","","","","","","","","","","","","","","","","","",""
"4942","NUKLEUS","INE0VYX01018","1 x","-","-","","","","","","","","","","","","","","","","","","",""
"4943","VIKRAMAR","INE0NR501012","1 x","-","-","","","","","","","","","","","","","","","","","","",""
"4944","SHREENATH","INE0RXS01018","1 x","-","-","","","","","","","","","","","","","","","","","","",""
"4945","NAPSGLOBAL","INE0VNH01014","1 x","-","-","","","","","","","","","","","","","","","","","","",""
"4946","PSPL","INE0ABU01016","1 x","-","-","","","","","","","","","","","","","","","","","","",""
"4947","SUPERIRON","INE16IQ01014","1 x","-","-","","","","","","","","","","","","","","","","","","",""
"4948","PPARIVAH","INE0SMW01011","1 x","-","-","","","","","","","","","","","","","","","","","","",""
"4949","DESCO","INE0TGG01014","1 x","-","-","","","","","","","","","","","","","","","","","","",""
"4950","IDENTIXWEB","INE0PA401012","1 x","-","-","","","","","","","","","","","","","","","","","","",""
"4951","SILVER360","INF579M01BC3","1 x","2.5 x","-","","","","","","","","","","","","","","","","","","",""
"4952","ENRIN","INE1NPP01017","5 x","3.18 x","-","","","","","","","","","","","","","","","","","","",""
"4953","RETAGGIO","INE0KWJ01014","1 x","-","-","","","","","","","","","","","","","","","","","","",""
"4954","SPINAROO","INE10XX01012","1 x","-","-","","","","","","","","","","","","","","","","","","",""
"4955","INFONATIVE","INE12IB01015","1 x","-","-","","","","","","","","","","","","","","","","","","",""
"4956","EVIETF","INF109K1A153","5 x","3.77 x","-","","","","","","","","","","","","","","","","","","",""
"4957","STLNETWORK","INE1VXE01018","5 x","1.56 x","-","","","","","","","","","","","","","","","","","","",""
"4958","NPST","INE0FFK01017","5 x","2.5 x","-","","","","","","","","","","","","","","","","","","",""
"4959","ATHERENERG","INE0LEZ01016","5 x","3.33 x","-","","","","","","","","","","","","","","","","","","",""
"4960","KENRIK","INE0AOG01018","1 x","-","-","","","","","","","","","","","","","","","","","","",""
"4961","SRIGEE","INE0RJ901010","1 x","-","-","","","","","","","","","","","","","","","","","","",""
"4962","MANOJJEWEL","INE0MV001018","1 x","-","-","","","","","","","","","","","","","","","","","","",""
"4963","EQUAL50","INF769K01OO2","5 x","-","2 x","","","","","","","","","","","","","","","","","","",""
"4964","ABLBL","INE14LE01019","5 x","3.43 x","-","","","","","","","","","","","","","","","","","","",""
"4965","BORANA","INE16SF01016","5 x","2 x","-","","","","","","","","","","","","","","","","","","",""
"4966","BELRISE","INE894V01022","5 x","3.24 x","-","","","","","","","","","","","","","","","","","","",""
"4967","UNIFIED","INE1ABX01018","2 x","-","-","","","","","","","","","","","","","","","","","","",""
"4968","AEGISVOPAK","INE0INX01018","5 x","2.86 x","-","","","","","","","","","","","","","","","","","","",""
"4969","THELEELA","INE0AQ201015","5 x","2.04 x","-","","","","","","","","","","","","","","","","","","",""
"4970","ASTONEALAB","INE0TG901011","1 x","-","-","","","","","","","","","","","","","","","","","","",""
"4971","PROSTARM","INE0BX301013","5 x","2 x","-","","","","","","","","","","","","","","","","","","",""
"4972","SCODATUBES","INE090501011","5 x","2 x","-","","","","","","","","","","","","","","","","","","",""
"4973","3BFILMS","INE0TE101010","1 x","-","-","","","","","","","","","","","","","","","","","","",""
"4974","DIGITIDE","INE0U4701011","5 x","2.5 x","-","","","","","","","","","","","","","","","","","","",""
"4975","BLUSPRING","INE0U4101014","5 x","2 x","-","","","","","","","","","","","","","","","","","","",""
"4976","SNXT30BEES","INF204KC1EZ3","5 x","5 x","-","","","","","","","","","","","","","","","","","","",""
"4977","KRISHIVAL","INE0GGO01015","5 x","-","2 x","","","","","","","","","","","","","","","","","","",""
"4978","ATENPAPERS","INE0XCV01014","1 x","-","-","","","","","","","","","","","","","","","","","","",""
"4979","OSWALPUMPS","INE0BYP01024","5 x","2.97 x","-","","","","","","","","","","","","","","","","","","",""
"4980","ARIS","INE0H9P01028","5 x","2 x","-","","","","","","","","","","","","","","","","","","",""
"4981","RAYMONDREL","INE1SY401010","5 x","2.5 x","-","","","","","","","","","","","","","","","","","","",""
"4982","ELLEN","INE236E01022","5 x","2.5 x","-","","","","","","","","","","","","","","","","","","",""
"4983","ABRFL","INE0ZDY01011","1 x","-","-","","","","","","","","","","","","","","","","","","",""
"4984","KALPATARU","INE227J01012","5 x","3.23 x","-","","","","","","","","","","","","","","","","","","",""
"4985","GLOBECIVIL","INE0V3U01015","3.03030303030303 x","-","-","","","","","","","","","","","","","","","","","","",""
"4986","AJCJEWEL","INE0XRR01010","1 x","-","-","","","","","","","","","","","","","","","","","","",""
"4987","ICON","INE0Y0E01012","1 x","-","-","","","","","","","","","","","","","","","","","","",""
"4988","TOP15IETF","INF109K1A344","5 x","3.77 x","-","","","","","","","","","","","","","","","","","","",""
"4989","SEVL","INE0SC101013","1 x","-","-","","","","","","","","","","","","","","","","","","",""
"4990","HDBFS","INE756I01012","5 x","3.77 x","-","","","","","","","","","","","","","","","","","","",""
"4991","SAMBHV","INE12NJ01018","5 x","2.86 x","-","","","","","","","","","","","","","","","","","","",""
"4992","ACEALPHA","INE0S9X01011","1 x","-","-","","","","","","","","","","","","","","","","","","",""
"4993","IGCL","INE05J901018","5 x","1 x","-","","","","","","","","","","","","","","","","","","",""
"4994","VALINDIA","INE130701019","1 x","-","-","","","","","","","","","","","","","","","","","","",""
"4995","NEETUYOSHI","INE0UZO01024","2 x","-","-","","","","","","","","","","","","","","","","","","",""
"4996","ADCOUNTY","INE0W1601012","2 x","-","-","","","","","","","","","","","","","","","","","","",""
"4997","VANDAN","INE0RDJ01019","1 x","-","-","","","","","","","","","","","","","","","","","","",""
"4998","MARCLOIRE","INE0TBQ01014","1 x","-","-","","","","","","","","","","","","","","","","","","",""
"4999","INTERNET","INF769K01PB6","5 x","3.33 x","-","","","","","","","","","","","","","","","","","","",""
"5000","CRIZAC","INE0S4R01014","5 x","3.06 x","-","","","","","","","","","","","","","","","","","","",""
"5001","CRYOGENIC","INE0TL001013","1 x","-","-","","","","","","","","","","","","","","","","","","",""
"5002","METAINFO","INE162901016","2 x","-","-","","","","","","","","","","","","","","","","","","",""
"5003","CHEMKART","INE0VWL01017","1 x","-","-","","","","","","","","","","","","","","","","","","",""
"5004","TRAVELFOOD","INE103V01028","5 x","3.52 x","-","","","","","","","","","","","","","","","","","","",""
"5005","GLEN","INE0UMC01019","1 x","-","-","","","","","","","","","","","","","","","","","","",""
"5006","APL","INE0SJX01015","1 x","-","-","","","","","","","","","","","","","","","","","","",""
"5007","ADVENTHTL","INE28GN01010","5 x","2 x","-","","","","","","","","","","","","","","","","","","",""
"5008","SMARTWORKS","INE0NAZ01010","5 x","3.38 x","-","","","","","","","","","","","","","","","","","","",""
"5009","PASHUPATI","INE124Y01028","1 x","2 x","-","","","","","","","","","","","","","","","","","","",""
"5010","ANTHEM","INE0CZ201020","5 x","3.59 x","-","","","","","","","","","","","","","","","","","","",""
"5011","CHEMBONDCH","INE0TGX01019","1 x","-","-","","","","","","","","","","","","","","","","","","",""
"5012","MONIKA","INE0LCG01010","1 x","-","-","","","","","","","","","","","","","","","","","","",""
"5013","SWASTIKAAL","INE0PTF01017","1 x","-","-","","","","","","","","","","","","","","","","","","",""
"5014","MSECL","INE0V0L01028","1 x","-","-","","","","","","","","","","","","","","","","","","",""
"5015","INDIQUBE","INE06ST01018","5 x","2.86 x","-","","","","","","","","","","","","","","","","","","",""
"5016","EBGNG","INE18JU01028","5 x","2.69 x","-","","","","","","","","","","","","","","","","","","",""
"5017","RMDRIP","INE219Y01026","1 x","-","-","","","","","","","","","","","","","","","","","","",""
"5018","BRIGHOTEL","INE03NU01014","5 x","2.5 x","-","","","","","","","","","","","","","","","","","","",""
"5019","SHREEREF","INE0FMZ01045","1 x","-","-","","","","","","","","","","","","","","","","","","",""
"5020","SHANTIGOLD","INE06ZD01017","5 x","2.5 x","-","","","","","","","","","","","","","","","","","","",""
"5021","PATELCHEM","INE161701011","1 x","-","-","","","","","","","","","","","","","","","","","","",""
"5022","EUROBOND","INE505V01016","2 x","-","2 x","","","","","","","","","","","","","","","","","","",""
"5023","REPONO","INE15WN01014","1 x","-","-","","","","","","","","","","","","","","","","","","",""
"5024","UML","INE1P1A01018","1 x","-","-","","","","","","","","","","","","","","","","","","",""
"5025","LAXMIINDIA","INE06WU01026","5 x","1 x","-","","","","","","","","","","","","","","","","","","",""
"5026","CPPLUS","INE819V01029","5 x","1 x","-","","","","","","","","","","","","","","","","","","",""
"5027","NSDL","INE301O01023","5 x","-","2 x","","","","","","","","","","","","","","","","","","",""
"5028","BDI","INE1LJ801017","1 x","-","-","","","","","","","","","","","","","","","","","","",""
"5029","LOTUSDEV","INE0V9Q01010","5 x","-","-","","","","","","","","","","","","","","","","","","",""
"5030","MBEL","INE08N601015","5 x","2.5 x","-","","","","","","","","","","","","","","","","","","",""
"5031","TAKYON","INE14OX01013","1 x","-","-","","","","","","","","","","","","","","","","","","",""
"5032","MEHUL","INE1KH601014","1 x","-","-","","","","","","","","","","","","","","","","","","",""
"5033","GROWWPOWER","INF666M01LM6","5 x","3.77 x","-","","","","","","","","","","","","","","","","","","",""
"5034","BLT","INE0W4K01013","1 x","-","-","","","","","","","","","","","","","","","","","","",""
"5035","ESSEX","INE1IBY01019","1 x","-","-","","","","","","","","","","","","","","","","","","",""
"5036","JSLL","INE0J5801029","5 x","2.22 x","-","","","","","","","","","","","","","","","","","","",""
"5037","HILINFRA","INE00RL01028","5 x","-","-","","","","","","","","","","","","","","","","","","",""
"5038","SBILIQETF","INF200KB1969","5 x","5 x","-","","","","","","","","","","","","","","","","","","",""
"5039","ALLTIME","INE0GV601021","5 x","2.5 x","-","","","","","","","","","","","","","","","","","","",""
"5040","JSWCEMENT","INE718I01012","5 x","3.69 x","-","","","","","","","","","","","","","","","","","","",""
"5041","BLUESTONE","INE304W01038","5 x","1 x","-","","","","","","","","","","","","","","","","","","",""
"5042","REGAAL","INE0MHO01029","5 x","1 x","-","","","","","","","","","","","","","","","","","","",""
"5043","LTGILTCASE","INF0R8F01133","5 x","5 x","-","","","","","","","","","","","","","","","","","","",""
"5044","PATELRMART","INE0R8B01010","5 x","2 x","-","","","","","","","","","","","","","","","","","","",""
"5045","VIKRAMSOLR","INE078V01014","5 x","2.5 x","-","","","","","","","","","","","","","","","","","","",""
"5046","SHREEJISPG","INE1B6101010","5 x","1 x","-","","","","","","","","","","","","","","","","","","",""
"5047","GEMAROMA","INE06XZ01023","5 x","1 x","-","","","","","","","","","","","","","","","","","","",""
"5048","MEIL","INE0PKD01011","5 x","1 x","-","","","","","","","","","","","","","","","","","","",""
"5049","MANUFGBEES","INF204KC1GH6","1 x","3.33 x","-","","","","","","","","","","","","","","","","","","",""
"5050","VIKRAN","INE01R501028","5 x","2.5 x","-","","","","","","","","","","","","","","","","","","",""
"5051","AHCL","INE0Y8W01025","5 x","1.56 x","-","","","","","","","","","","","","","","","","","","",""
"5052","CPEDU","INE0P6P01016","1 x","-","2 x","","","","","","","","","","","","","","","","","","",""
"5053","SML100CASE","INF0R8F01141","5 x","5 x","-","","","","","","","","","","","","","","","","","","",""
"5054","SHRINGARMS","INE1B3L01017","5 x","2.5 x","-","","","","","","","","","","","","","","","","","","",""
"5055","DEVX","INE0VOV01021","1 x","1.67 x","-","","","","","","","","","","","","","","","","","","",""
"5056","URBANCO","INE0CAZ01013","5 x","3.04 x","-","","","","","","","","","","","","","","","","","","",""
"5057","BUILDPRO","INE24OJ01011","5 x","2 x","-","","","","","","","","","","","","","","","","","","",""
"5058","EUROPRATIK","INE198501012","5 x","2.5 x","-","","","","","","","","","","","","","","","","","","",""
"5059","VMSTMT","INE0SJA01013","1 x","-","-","","","","","","","","","","","","","","","","","","",""
"5060","ABCOTS","INE08PH01015","5 x","2 x","-","","","","","","","","","","","","","","","","","","",""
"5061","IVALUE","INE056801025","5 x","2 x","-","","","","","","","","","","","","","","","","","","",""
"5062","GKENERGY","INE1AG301022","5 x","2 x","-","","","","","","","","","","","","","","","","","","",""
"5063","SAATVIKGL","INE13B501022","5 x","3.17 x","-","","","","","","","","","","","","","","","","","","",""
"5064","ATLANTAELE","INE0Z4F01028","5 x","2 x","-","","","","","","","","","","","","","","","","","","",""
"5065","GANESHCP","INE652V01016","5 x","2 x","-","","","","","","","","","","","","","","","","","","",""
"5066","ARSSBL","INE549H01021","5 x","3.23 x","-","","","","","","","","","","","","","","","","","","",""
"5067","SOLARWORLD","INE0TY101024","5 x","2.5 x","-","","","","","","","","","","","","","","","","","","",""
"5068","STYL","INE04VU01023","5 x","3.04 x","-","","","","","","","","","","","","","","","","","","",""
"5069","JARO","INE00YJ01010","5 x","2 x","-","","","","","","","","","","","","","","","","","","",""
"5070","JAINREC","INE0YD401026","5 x","2.5 x","-","","","","","","","","","","","","","","","","","","",""
"5071","EPACKPEB","INE0MLS01022","5 x","2.5 x","-","","","","","","","","","","","","","","","","","","",""
"5072","BMWVENTLTD","INE965W01036","5 x","2 x","-","","","","","","","","","","","","","","","","","","",""
"5073","TRUALT","INE0MWH01014","5 x","2.86 x","-","","","","","","","","","","","","","","","","","","",""
"5074","JKIPL","INE1FF001016","5 x","-","-","","","","","","","","","","","","","","","","","","",""
"5075","PACEDIGITK","INE0S3G01027","5 x","3.12 x","-","","","","","","","","","","","","","","","","","","",""
"5076","GLOTTIS","INE0TQE01026","5 x","1 x","-","","","","","","","","","","","","","","","","","","",""
"5077","FABTECH","INE0HF201011","5 x","2 x","-","","","","","","","","","","","","","","","","","","",""
"5078","ADVANCE","INE1B0W01010","5 x","2 x","-","","","","","","","","","","","","","","","","","","",""
"5079","TMCV","INE1TAE01010","5 x","3.37 x","-","","","","","","","","","","","","","","","","","","",""
"5080","WEWORK","INE085001019","5 x","3.29 x","-","","","","","","","","","","","","","","","","","","",""
"5081","SKFINDUS","INE2J8701016","5 x","3.51 x","-","","","","","","","","","","","","","","","","","","",""
"5082","ELIQUID","INF754K01VW2","1 x","-","2 x","","","","","","","","","","","","","","","","","","",""
"5083","TATACAP","INE976I01016","5 x","3.77 x","-","","","","","","","","","","","","","","","","","","",""
"5084","LGEINDIA","INE324D01010","5 x","3.68 x","-","","","","","","","","","","","","","","","","","","",""
"5085","RUBICON","INE506V01022","5 x","1 x","-","","","","","","","","","","","","","","","","","","",""
"5086","CRAMC","INE218I01013","5 x","3.33 x","-","","","","","","","","","","","","","","","","","","",""
"5087","FLEXIADD","INF740KA1WU9","1 x","5 x","-","","","","","","","","","","","","","","","","","","",""
"5088","CANHLIFE","INE01TY01017","5 x","3.69 x","-","","","","","","","","","","","","","","","","","","",""
"5089","NIFTYCASE","INF0R8F01166","5 x","5 x","-","","","","","","","","","","","","","","","","","","",""
"5090","MIDWESTLTD","INE0XAD01024","5 x","3.04 x","-","","","","","","","","","","","","","","","","","","",""
"5091","ORKLAINDIA","INE16NZ01023","5 x","3.77 x","-","","","","","","","","","","","","","","","","","","",""
"5092","PIRAMALFIN","INE202B01038","5 x","3.59 x","-","","","","","","","","","","","","","","","","","","",""
"5093","STUDDS","INE00Q601028","5 x","2.5 x","-","","","","","","","","","","","","","","","","","","",""
"5094","LENSKART","INE956O01016","5 x","3.57 x","-","","","","","","","","","","","","","","","","","","",""
"5095","CHOICEGOLD","INF2KCX01012","1 x","3.33 x","-","","","","","","","","","","","","","","","","","","",""
"5096","AGL","INE1YPB01014","5 x","2 x","-","","","","","","","","","","","","","","","","","","",""
"5097","GROWW","INE0HOQ01053","5 x","3.06 x","-","","","","","","","","","","","","","","","","","","",""
"5098","ENERGY","INF769K01PR2","5 x","3.77 x","-","","","","","","","","","","","","","","","","","","",""
"5099","SMALL250","INF769K01PQ4","1 x","5 x","-","","","","","","","","","","","","","","","","","","",""
"5100","PINELABS","INE15B701018","5 x","2.88 x","-","","","","","","","","","","","","","","","","","","",""
"5101","EMMVEE","INE1C6T01020","5 x","2.96 x","-","","","","","","","","","","","","","","","","","","",""
"5102","PWL","INE0LP301011","5 x","2.9 x","-","","","","","","","","","","","","","","","","","","",""
"5103","TENNIND","INE19RI01016","5 x","3.46 x","-","","","","","","","","","","","","","","","","","","",""
"5104","UTLSOLAR","INE12UR01024","5 x","2 x","-","","","","","","","","","","","","","","","","","","",""
"5105","CAPILLARY","INE0ILV01024","5 x","3.08 x","-","","","","","","","","","","","","","","","","","","",""
"5106","KSR","INE1SPP01016","1 x","-","-","","","","","","","","","","","","","","","","","","",""
"5107","EXCELSOFT","INE606N01019","5 x","2 x","-","","","","","","","","","","","","","","","","","","",""
"5108","ESENSEX","INF754K01VY8","1 x","-","2 x","","","","","","","","","","","","","","","","","","",""
"5109","SUDEEPPHRM","INE0QPI01025","5 x","3.03 x","-","","","","","","","","","","","","","","","","","","",""
"5110","MSCIADD","INF740KA1WV7","1 x","5 x","-","","","","","","","","","","","","","","","","","","",""
"5111","KWIL","INE2KCE01013","5 x","2.86 x","-","","","","","","","","","","","","","","","","","","",""
"5112","MEESHO","INE0VDM01015","5 x","2.95 x","-","","","","","","","","","","","","","","","","","","",""
"5113","VIDYAWIRES","INE14UN01029","5 x","2.5 x","-","","","","","","","","","","","","","","","","","","",""
"5114","AEQUS","INE947N01017","5 x","1 x","-","","","","","","","","","","","","","","","","","","",""
"5115","GOLDBND","INF194KB1KJ7","1 x","-","2 x","","","","","","","","","","","","","","","","","","",""
"5116","SILVERBND","INF194KB1KI9","1 x","2.5 x","-","","","","","","","","","","","","","","","","","","",""
"5117","WAKEFIT","INE0E7301029","5 x","3.04 x","-","","","","","","","","","","","","","","","","","","",""
"5118","CORONA","INE02ZQ01018","5 x","3.65 x","-","","","","","","","","","","","","","","","","","","",""
"5119","PARKHOSPS","INE119201023","5 x","3.29 x","-","","","","","","","","","","","","","","","","","","",""
"5120","NEPHROPLUS","INE428V01029","5 x","3.29 x","-","","","","","","","","","","","","","","","","","","",""
"5121","TSIFDG","INF277K30047","1 x","-","-","","","","","","","","","","","","","","","","","","",""
"5122","TSIFDIR","INF277K30054","1 x","-","-","","","","","","","","","","","","","","","","","","",""
"5123","TSIFRG","INF277K30013","1 x","-","-","","","","","","","","","","","","","","","","","","",""
"5124","TSIFRIP","INF277K30039","1 x","-","-","","","","","","","","","","","","","","","","","","",""
"5125","TSIFRIR","INF277K30021","1 x","-","-","","","","","","","","","","","","","","","","","","",""
"5126","SMALLADD","INF740KA1WX3","1 x","5 x","-","","","","","","","","","","","","","","","","","","",""
"5127","MIDCAPADD","INF740KA1WW5","1 x","5 x","-","","","","","","","","","","","","","","","","","","",""
"5128","ICICIAMC","INE346A01027","5 x","3.65 x","-","","","","","","","","","","","","","","","","","","",""
"5129","TOP20","INF769K01PZ5","1 x","-","2 x","","","","","","","","","","","","","","","","","","",""
"5130","DIVIDEND","INF769K01PY8","1 x","5 x","-","","","","","","","","","","","","","","","","","","",""
"5131","SIMANDHAR","INE0VI201010","1 x","-","-","","","","","","","","","","","","","","","","","","",""
"5132","KSHINTL","INE987S01020","5 x","2.81 x","-","","","","","","","","","","","","","","","","","","",""
"5133","GKSL","INE0V0W01025","5 x","2 x","-","","","","","","","","","","","","","","","","","","",""
"5134","TWCGOLDETF","INF2F0001370","1 x","-","2 x","","","","","","","","","","","","","","","","","","",""
"5135","NEXT50ADD","INF740KA1XU7","1 x","-","2 x","","","","","","","","","","","","","","","","","","",""
"5136","BHARATCOAL","INE05XR01022","5 x","3.34 x","-","","","","","","","","","","","","","","","","","","",""
"5137","AMAGI","INE121R01077","5 x","3.11 x","-","","","","","","","","","","","","","","","","","","",""
"5138","SHADOWFAX","INE12UN01015","5 x","3.08 x","-","","","","","","","","","","","","","","","","","","",""
"5139","ARSIFHRG","INF194K30010","1 x","-","-","","","","","","","","","","","","","","","","","","",""
"5140","ARSIFHRMD","INF194K30051","1 x","-","-","","","","","","","","","","","","","","","","","","",""
"5141","ARSIFHDG","INF194K30184","1 x","-","-","","","","","","","","","","","","","","","","","","",""
"5142","ARSIFHRHD","INF194K30242","1 x","-","-","","","","","","","","","","","","","","","","","","",""
"5143","ISIFHLSG","INF109K30018","1 x","-","-","","","","","","","","","","","","","","","","","","",""
"5144","ISIFHLSDG","INF109K30026","1 x","-","-","","","","","","","","","","","","","","","","","","",""
"5145","AYE","INE501X01029","5 x","2.5 x","-","","","","","","","","","","","","","","","","","","",""
"5146","FRACTAL","INE212S01015","5 x","3.24 x","-","","","","","","","","","","","","","","","","","","",""
"5147","HEALTHCARE","INF769K01QA6","1 x","-","2 x","","","","","","","","","","","","","","","","","","",""
"5148","DCMSIL","INE0OU201013","1 x","-","-","","","","","","","","","","","","","","","","","","",""
"5149","INFRA","INF769K01QB4","1 x","-","2 x","","","","","","","","","","","","","","","","","","",""
"5150","DEFENCE","INF769K01QC2","5 x","-","2 x","","","","","","","","","","","","","","","","","","",""
"5151","ABSLMSCIN","INF209KC1662","1 x","-","2 x","","","","","","","","","","","","","","","","","","",""
"5152","GAUDIUMIVF","INE0P8B01020","1 x","-","-","","","","","","","","","","","","","","","","","","",""
"5153","SRTL","INE19GK01015","1 x","1.67 x","-","","","","","","","","","","","","","","","","","","",""
"5154","CLEANMAX","INE647U01026","5 x","3.04 x","-","","","","","","","","","","","","","","","","","","",""
"5155","PNGSREVA","INE1RDG01013","5 x","2 x","-","","","","","","","","","","","","","","","","","","",""
"5156","ABSL10BANK","INF209KC1670","1 x","-","2 x","","","","","","","","","","","","","","","","","","",""
"5157","OMNI","INE0UH301010","5 x","2.6 x","-","","","","","","","","","","","","","","","","","","",""
"5158","GROWWHOSPI","INF666M01OD9","5 x","-","2 x","","","","","","","","","","","","","","","","","","",""
"5159","SBIMIDMOM","INF200KB1AJ0","1 x","-","2 x","","","","","","","","","","","","","","","","","","",""
"5160","SEDEMAC","INE00XB01019","5 x","3.32 x","-","","","","","","","","","","","","","","","","","","",""
"5161","BANK10ADD","INF740KA1YH2","5 x","-","2 x","","","","","","","","","","","","","","","","","","",""
"5162","KOTYARK","INE0J0B01017","5 x","-","-","","","","","","","","","","","","","","","","","","",""
"5163","RSL","INE313L01016","5 x","-","2 x","","","","","","","","","","","","","","","","","","",""
"5164","INNOVISION","INE0ADB01012","5 x","-","2 x","","","","","","","","","","","","","","","","","","",""
"5165","GSPCROP","INE713R01022","5 x","-","2 x","","","","","","","","","","","","","","","","","","",""
"5166","HSBCGOLD","INF336L01RX2","1 x","-","2 x","","","","","","","","","","","","","","","","","","",""
"5167","VALUE","INF769K01QV2","1 x","-","2 x","","","","","","","","","","","","","","","","","","",""
"5168","CMPDI","INE05HV01027","5 x","3.3 x","-","","","","","","","","","","","","","","","","","","",""
"5169","SAIPARENT","INE0H9F01037","5 x","-","2 x","","","","","","","","","","","","","","","","","","",""
"5170","AEROPLANE","INE05TO01019","2 x","2 x","-","","","","","","","","","","","","","","","","","","",""
"5171","POWERICA","INE921L01032","5 x","3.29 x","-","","","","","","","","","","","","","","","","","","",""
"5172","SBINMID150","INF200KB1AK8","1 x","-","2 x","","","","","","","","","","","","","","","","","","",""
"5173","ONEPOINT","INE840Y01029","5 x","2 x","-","","","","","","","","","","","","","","","","","","",""
"5174","ARSIFHDAD","INF194K30259","1 x","-","-","","","","","","","","","","","","","","","","","","",""
"5175","OMPOWER","INE25E901019","5 x","-","2 x","","","","","","","","","","","","","","","","","","",""
"5176","KISSHT","INE12F801023","5 x","2 x","-","","","","","","","","","","","","","","","","","","",""
"5177","UNITEDPOLY","INE368U01029","1 x","-","2 x","","","","","","","","","","","","","","","","","","",""
"5178","BSHSL","INE032Z01020","2 x","-","-","","","","","","","","","","","","","","","","","","",""
"5179","FMCGADD","INF740KA1ZA4","1 x","-","-","","","","","","","","","","","","","","","","","","",""
"5180","ENEXT50","INF754K01XF3","1 x","-","-","","","","","","","","","","","","","","","","","","",""
"5181","SBIVALETF","INF200KB1AX1","1 x","-","-","","","","","","","","","","","","","","","","","","",""
"5182","SBISMLETF","INF200KB1AY9","1 x","-","-","","","","","","","","","","","","","","","","","","",""
"5183","MWL","INE0JYY01029","5 x","-","2 x","","","","","","","","","","","","","","","","","","",""
"5184","MSCI360","INF579M01BP5","1 x","-","-","","","","","","","","","","","","","","","","","","",""
"5185","VAML","INE1CDF01017","5 x","2.5 x","-","","","","","","","","","","","","","","","","","","",""
"5186","VEDPOWER","INE694L01019","5 x","2.5 x","-","","","","","","","","","","","","","","","","","","",""
"5187","VOGL","INE704J01044","5 x","2.5 x","-","","","","","","","","","","","","","","","","","","",""
"5188","E2E","INE255Z01027","5 x","-","2 x","","","","","","","","","","","","","","","","","","",""
"5189","VISL","INE1CLE01013","1 x","1 x","-","","","","","","","","","","","","","","","","","","",""
"5190","SELECTRIC","INE155D01018","1 x","-","-","","","","","","","","","","","","","","","","","","",""
"5191","PHLSRG","INF769K30019","1 x","-","-","","","","","","","","","","","","","","","","","","",""
"5192","PHLSRDI","INF769K30027","1 x","-","-","","","","","","","","","","","","","","","","","","",""
"5193","PHLSRDP","INF769K30035","1 x","-","-","","","","","","","","","","","","","","","","","","",""
"5194","PHLSDG","INF769K30043","1 x","-","-","","","","","","","","","","","","","","","","","","",""
"5195","PHLSDDI","INF769K30050","1 x","-","-","","","","","","","","","","","","","","","","","","",""
"5196","PHLSDDP","INF769K30068","1 x","-","-","","","","","","","","","","","","","","","","","","",""
"5197","SMALLIETF","INF109K1A476","1 x","-","-","","","","","","","","","","","","","","","","","","",""
"5198","TURTLEMINT","INE0OC301013","1x","-","-","","","","","","","","","","","","","","","","","","",""
"5199","CORDELIA","INE0LZF01039","5 x","2.56 x","-","","","","","","","","","","","","","","","","","","",""
"5200","RAMBHAJO","INE1SJO01012","5 x","-","-","","","","","","","","","","","","","","","","","","",""
"5201","CSM","INE0ZK601013","5 x","-","-","","","","","","","","","","","","","","","","","","",""
"5202","AASTHA","INE2FMX01012","5 x","-","-","","","","","","","","","","","","","","","","","","",""
"5203","KNACK","INE17QZ01016","5 x","2.86 x","-","","","","","","","","","","","","","","","","","","",""
"5204","INSIFHLSDG","INF174K30012","1 x","-","-","","","","","","","","","","","","","","","","","","",""
"5205","INSIFHLSDR","INF174K30038","1 x","-","-","","","","","","","","","","","","","","","","","","",""
"5206","INSIFHLSRG","INF174K30046","1 x","-","-","","","","","","","","","","","","","","","","","","",""
"5207","INSIFHLSRD","INF174K30053","1 x","-","-","","","","","","","","","","","","","","","","","","",""
"5208","INSIFHLSRR","INF174K30061","1 x","-","-","","","","","","","","","","","","","","","","","","",""
"5209","KUSUMGAR","INE0ISX01025","5 x","3.33 x","-","","","","","","","","","","","","","","","","","","",""
"5210","LASERPOWER","INE17IR01028","5 x","2 x","-","","","","","","","","","","","","","","","","","","",""
"5211","ALPINETEX","INE1JCQ01037","5 x","-","-","","","","","","","","","","","","","","","","","","",""
"5212","BANK10BETF","INF0QA701CI0","1 x","-","-","","","","","","","","","","","","","","","","","","",""
"5213","LIQUIDBETA","INF789F1AG68","1 x","-","-","","","","","","","","","","","","","","","","","","",""
"5214","SBIFUNDS","INE640G01020","5 x","3.77 x","-","","","","","","","","","","","","","","","","","","",""
"5215","MOMMIDCAP","INF769K01RC0","1 x","-","-","","","","","","","","","","","","","","","","","","",""
"5216","MEEIND","INE208H01016","1 x","-","-","","","","","","","","","","","","","","","","","","",""
"5217","CMLL","INE11XY01018","5 x","3.77 x","-","","","","","","","","","","","","","","","","","","",""
"5218","INDOMIM","INE084101034","5 x","3.58 x","-","","","","","","","","","","","","","","","","","","",""
"5219","XTRANET","INE0NG701011","1 x","-","-","","","","","","","","","","","","","","","","","","",""
"5220","LCL","INE0QJW01029","5 x","3.77 x","-","","","","","","","","","","","","","","","","","","",""
"5221","HDFCNIMEG","INF179KC1KT4","1 x","-","-","","","","","","","","","","","","","","","","","","",""
"5222","INSUREIETF","INF109K1A567","1 x","-","-","","","","","","","","","","","","","","","","","","",""
"5223","ELMDIV","INF754K01XI7","1 x","-","-","","","","","","","","","","","","","","","","","","",""
"5224","MANIPALHOS","INE459N01021","5 x","3.77 x","-","","","","","","","","","","","","","","","","","","",""
"5225","EBANK10","INF754K01XH9","1 x","-","-","","","","","","","","","","","","","","","","","","",""
"5226","MVELECTRO","INE0OWZ01020","5 x","1.56 x","-","","","","","","","","","","","","","","","","","","",""
"5227","JNPR","INE05C901015","5 x","3.77 x","-","","","","","","","","","","","","","","","","","","",""
"5228","MIDBANKADD","INF740KA1ZH9","1 x","-","-","","","","","","","","","","","","","","","","","","",""
"5229","ARDEE","INE0XNF01022","5 x","3.33 x","-","","","","","","","","","","","","","","","","","","",""
"5230","SWARAJ","INE0GMR01016","1 x","-","-","","","","","","","","","","","","","","","","","","",""
"5231","SOLEX","INE880Y01017","5 x","2 x","-","","","","","","","","","","","","","","","","","","",""
"5232","TECHNOCRAF","INE1D0W01018","5 x","3.33 x","-","","","","","","","","","","","","","","","","","","",""
"5233","LEAPIND","INE00GO01025","5 x","3.77 x","-","","","","","","","","","","","","","","","","","","",""
"5234","MOLBIO","INE869T01028","2 x","-","-","","","","","","","","","","","","","","","","","","",""
"5235","DHOOTTRANS","INE01NH01023","2 x","-","-","","","","","","","","","","","","","","","","","","",""
"5236","MILKYMIST","INE00IT01020","2 x","-","-","","","","","","","","","","","","","","","","","","",""
"5237","BLEL","INE1EEM01017","5 x","-","-","","","","","","","","","","","","","","","","","","",""
"5238","SHIPROCKET","INE0FOO01011","5 x","-","-","","","","","","","","","","","","","","","","","","",""
"5239","NIFTYJBLK","INF22M001184","1 x","-","-","","","","","","","","","","","","","","","","","","",""
"5240","LARGEMID50","INF769K01RK3","1 x","-","-","","","","","","","","","","","","","","","","","","",""
"5241","IVZSENSEX","INF205KA1CA1","1 x","-","-","","","","","","","","","","","","","","","","","","",""
"5242","LALITHAA","INE0K9O01026","5 x","-","-","","","","","","","","","","","","","","","","","","",""
"5243","HORIZONIND","INE685T01010","5 x","-","-","","","","","","","","","","","","","","","","","","",""
"5244","SUNSHINE","INE1B3O01011","2 x","-","-","","","","","","","","","","","","","","","","","","",""
"5245","SHANKESH","INE1WFC01025","5 x","-","-","","","","","","","","","","","","","","","","","","",""
"5246","GAJA","INE18UN01038","5 x","-","-","","","","","","","","","","","","","","","","","","",""
"5247","TEMPSENS","INE1KZI01025","5 x","-","-","","","","","","","","","","","","","","","","","","",""
"5248","NIF500BETA","INF789F1AG76","1 x","-","-","","","","","","","","","","","","","","","","","","",""
"5249","AUGMONT","INE16W401027","5 x","-","-","","","","","","","","","","","","","","","","","","",""
"5250","SYMBIOTEC","INE899I01028","5 x","-","-","","","","","","","","","","","","","","","","","","",""
"5251","SKYWAYS","INE0PX301025","5 x","-","-","","","","","","","","","","","","","","","","","","",""
"5252","ENERGYAXIS","INF846KA1598","1 x","-","-","","","","","","","","","","","","","","","","","","",""
"5253","LUMINO","INE185Q01025","5 x","-","-","","","","","","","","","","","","","","","","","","",""
"5254","ESDS","INE0DRI01029","1 x","-","-","","","","","","","","","","","","","","","","","","",""
"5255","PERNIASPOP","INE0I1B01016","5 x","-","-","","","","","","","","","","","","","","","","","","",""
"5256","DEEPA","INE1M2N01020","5 x","-","-","","","","","","","","","","","","","","","","","","",""
"5257","DOLLEX","INE0JHH01011","1 x","-","-","","","","","","","","","","","","","","","","","","",""
"5258","PRANAV","INE0H4201019","2 x","-","-","","","","","","","","","","","","","","","","","","",""
"5259","STEAMHOUSE","INE0FRO01022","4 x","-","-","","","","","","","","","","","","","","","","","","",""
"5260","RENTOMOJO","INE08T701025","5 x","-","-","","","","","","","","","","","","","","","","","","",""
"5261","SSRETAIL","INE1EQW01028","2.22222222222222 x","-","-","","","","","","","","","","","","","","","","","","",""
"5262","HEROMOTORS","INE012G01022","2.22222222222222 x","-","-","","","","","","","","","","","","","","","","","","",""
"5263","BANKNIFTY1","INF174KA1ZB7","5 x","3.77 x","-","","","","","","","","","","","","","","","","","","",""
"5264","GINNIFILA","INE424C01010","1 x","-","2 x","","","","","","","","","","","","","","","","","","",""
"5265","SUNDRMBRAK","INE073D01013","1 x","-","-","","","","","","","","","","","","","","","","","","",""
"5266","LAMBODHARA","INE112F01022","5 x","-","-","","","","","","","","","","","","","","","","","","",""
"5267","SETFNIFBK","INF200KA1580","5 x","3.77 x","-","","","","","","","","","","","","","","","","","","",""
"5268","MID150BEES","INF204KB1V68","5 x","5 x","-","","","","","","","","","","","","","","","","","","",""
"5269","SILVERBEES","INF204KC1402","5 x","2.67 x","-","","","","","","","","","","","","","","","","","","",""
"5270","MOGOLD","INF247L01FY4","5 x","3.68 x","-","","","","","","","","","","","","","","","","","","",""
"5271","MOSILVER","INF247L01FZ1","5 x","2.75 x","-","","","","","","","","","","","","","","","","","","",""
"5272","ALPHA","INF174KA1IA5","5 x","5 x","-","","","","","","","","","","","","","","","","","","",""
"5273","GROWWSLVR","INF666M01OF4","5 x","2.5 x","-","","","","","","","","","","","","","","","","","","",""
"5274","NETF","INF277K015R5","5 x","5 x","-","","","","","","","","","","","","","","","","","","",""
"5275","LICNETFGSC","INF767K01MV5","5 x","5 x","-","","","","","","","","","","","","","","","","","","",""
"5276","FOCUS","INE593W01028","1 x","-","2 x","","","","","","","","","","","","","","","","","","",""
"5277","SGBD29VIII","IN0020210228","1 x","-","-","","","","","","","","","","","","","","","","","","",""
"5278","SBIETFQLTY","INF200KA1WX6","5 x","5 x","-","","","","","","","","","","","","","","","","","","",""
"5279","SBIETFPB","INF200KA1S22","5 x","3.77 x","-","","","","","","","","","","","","","","","","","","",""
"5280","SETFNN50","INF200KA1598","5 x","5 x","-","","","","","","","","","","","","","","","","","","",""
"5281","SBIETFIT","INF200KA1S14","5 x","3.69 x","-","","","","","","","","","","","","","","","","","","",""
"5282","SMALLGROWW","INF666M01PG9","1 x","-","-","","","","","","","","","","","","","","","","","","",""
"5283","690GS2065","IN0020250018","1 x","-","-","","","","","","","","","","","","","","","","","","",""
"5284","GROWWMOM50","INF666M01KJ4","5 x","5 x","-","","","","","","","","","","","","","","","","","","",""
"5285","MON50EQUAL","INF247L01FC0","5 x","5 x","-","","","","","","","","","","","","","","","","","","",""
"5286","MOINFRA","INF247L01FL1","5 x","-","2 x","","","","","","","","","","","","","","","","","","",""
"5287","AONENIFTY","INF1J2R01064","5 x","5 x","-","","","","","","","","","","","","","","","","","","",""
"5288","MOMGF","INF247L01FK3","5 x","-","2 x","","","","","","","","","","","","","","","","","","",""
"5289","MONEXT50","INF247L01FD8","5 x","5 x","-","","","","","","","","","","","","","","","","","","",""
"5290","MOPSE","INF247L01FO5","5 x","-","2 x","","","","","","","","","","","","","","","","","","",""
"5291","MOTOUR","INF247L01FP2","5 x","3.77 x","-","","","","","","","","","","","","","","","","","","",""
"5292","MOALPHA50","INF247L01FR8","5 x","5 x","-","","","","","","","","","","","","","","","","","","",""
"5293","LIQGRWBEES","INF204KC1FU1","5 x","5 x","-","","","","","","","","","","","","","","","","","","",""
"5294","GROWWNET","INF666M01LI4","5 x","3.33 x","-","","","","","","","","","","","","","","","","","","",""
"5295","MOMIDMTM","INF247L01FQ0","5 x","5 x","-","","","","","","","","","","","","","","","","","","",""
"5296","QUALITY30","INF174KA1WT6","5 x","5 x","-","","","","","","","","","","","","","","","","","","",""
"5297","GROWWLOVOL","INF666M01LB9","5 x","5 x","-","","","","","","","","","","","","","","","","","","",""
"5298","GROWWNIFTY","INF666M01LL8","5 x","5 x","-","","","","","","","","","","","","","","","","","","",""
"5299","AONEGOLD","INF1J2R01114","1 x","3.33 x","-","","","","","","","","","","","","","","","","","","",""
"5300","ELM250","INF754K01VV4","1 x","5 x","-","","","","","","","","","","","","","","","","","","",""
"5301","MONIFTY100","INF247L01GG9","1 x","5 x","-","","","","","","","","","","","","","","","","","","",""
"5302","MOENERGY","INF247L01GH7","1 x","3.77 x","-","","","","","","","","","","","","","","","","","","",""
"5303","GROWWRLTY","INF666M01MN2","1 x","3.33 x","-","","","","","","","","","","","","","","","","","","",""
"5304","GROWWNXT50","INF666M01LZ8","1 x","5 x","-","","","","","","","","","","","","","","","","","","",""
"5305","MOMENTUM30","INF174KA1XS6","1 x","5 x","-","","","","","","","","","","","","","","","","","","",""
"5306","GROWWSC250","INF666M01MO0","1 x","5 x","-","","","","","","","","","","","","","","","","","","",""
"5307","GROWWMC150","INF666M01MV5","1 x","-","2 x","","","","","","","","","","","","","","","","","","",""
"5308","CHEMICAL","INF174KA1XV0","5 x","3.77 x","-","","","","","","","","","","","","","","","","","","",""
"5309","MOIPO","INF247L01GI5","1 x","-","2 x","","","","","","","","","","","","","","","","","","",""
"5310","AONETMMQ50","INF1J2R01148","1 x","5 x","-","","","","","","","","","","","","","","","","","","",""
"5311","ENIFTY","INF754K01VX0","1 x","-","2 x","","","","","","","","","","","","","","","","","","",""
"5312","MOSERVICE","INF247L01GJ3","1 x","-","2 x","","","","","","","","","","","","","","","","","","",""
"5313","GROWWCAPM","INF666M01MM4","1 x","3.33 x","-","","","","","","","","","","","","","","","","","","",""
"5314","MOMNC","INF247L01GK1","1 x","-","2 x","","","","","","","","","","","","","","","","","","",""
"5315","AONESILVER","INF1J2R01171","1 x","-","2 x","","","","","","","","","","","","","","","","","","",""
"5316","GROWWMETAL","INF666M01NI0","1 x","-","2 x","","","","","","","","","","","","","","","","","","",""
"5317","GROWWCHEM","INF666M01NP5","1 x","-","2 x","","","","","","","","","","","","","","","","","","",""
"5318","NEXT50ETF","INF174KA1YO3","1 x","-","2 x","","","","","","","","","","","","","","","","","","",""
"5319","ATLPP","IN90NN701011","1 x","-","-","","","","","","","","","","","","","","","","","","",""
"5320","GROWWPSE","INF666M01NQ3","1 x","-","2 x","","","","","","","","","","","","","","","","","","",""
"5321","GROWWPSUBK","INF666M01OG2","1 x","-","2 x","","","","","","","","","","","","","","","","","","",""
"5322","MOBANK10","INF247L01GV8","1 x","-","2 x","","","","","","","","","","","","","","","","","","",""
"5323","PVTBKGROWW","INF666M01OT5","1 x","-","-","","","","","","","","","","","","","","","","","","",""
"5324","PVTBANK","INF174KA1A94","1 x","-","-","","","","","","","","","","","","","","","","","","",""
"5325","AUTOBEES","INF204KC1337","5 x","3.77 x","-","","","","","","","","","","","","","","","","","","",""
"5326","690GOI65","IN0020250018","1 x","-","-","","","","","","","","","","","","","","","","","","",""
"5327","MIDCAP","INF174KA1ZC5","5 x","5 x","-","","","","","","","","","","","","","","","","","","",""
"5328","LOWVOL1","INF174KA1IY5","5 x","5 x","-","","","","","","","","","","","","","","","","","","",""
"5329","TNIDETF","INF277KA1364","5 x","3.77 x","-","","","","","","","","","","","","","","","","","","",""
"5330","APLABPP","IN9273A01047","1 x","-","-","","","","","","","","","","","","","","","","","","",""
"5331","GSAILPP","IN9736H01014","1 x","-","-","","","","","","","","","","","","","","","","","","",""
"5332","1025EFSL30","INE532F07HU3","1 x","-","-","","","","","","","","","","","","","","","","","","",""
"5333","925HLFL30","INE146O08324","1 x","-","-","","","","","","","","","","","","","","","","","","",""
"5334","111KFL27","INE0NES07261","1 x","-","-","","","","","","","","","","","","","","","","","","",""
"5335","NV20BEES","INF204KB18I3","5 x","3.77 x","-","","","","","","","","","","","","","","","","","","",""
"5336","PANACHE","INE895W01019","-","-","2 x","","","","","","","","","","","","","","","","","","",""
"5337","BAFNAPH","INE878I01022","-","-","2 x","","","","","","","","","","","","","","","","","","",""
"5338","WELINV","INE389K01018","-","-","2 x","","","","","","","","","","","","","","","","","","",""
"5339","KILITCH","INE729D01010","-","-","2 x","","","","","","","","","","","","","","","","","","",""
"5340","KILITCH","INE729D01010","-","-","2 x","","","","","","","","","","","","","","","","","","",""
"5341","BAFNAPH","INE878I01022","-","-","2 x","","","","","","","","","","","","","","","","","","",""
"5342","WELINV","INE389K01018","-","-","2 x","","","","","","","","","","","","","","","","","","",""
"5343","EIFFL","INE546V01010","-","-","2 x","","","","","","","","","","","","","","","","","","",""
"5344","NSE","INE721I01024","5 x","4x","-","","","","","","","","","","","","","","","","","","",""